{"id": 10079, "adj_matrix": [[0, 1, 1, 1], [0, 0, 1, 1], [0, 0, 0, 1], [0, 0, 0, 0]], "operations": ["zeros", "zeros", "zeros", "nor_conv_3x3", "nor_conv_3x3", "nor_conv_3x3"], "init_channel": 16, "blck_len": 5, "params": 0.802426, "flops": 113.95137, "latency": 0.019073978850716038, "train_per_time": 20.486429731051068, "train_time_200": 4097.285946210213, "train_accuracy_200": 0.99775, "test_accuracy_200": 0.9183000000000001, "train_time_12": 245.8371567726135, "train_accuracy_12": 0.8527800000000001, "test_accuracy_12": 0.8344, "valtest_accuracy_200": 0.6716, "valtest_accuracy_12": 0.47659999999999997, "proxy_losses": [2.2054028511047363, 1.952956199645996, 1.8326208591461182, 1.757939100265503, 1.7031171321868896, 1.6538941860198975, 1.6153016090393066, 1.5770281553268433, 1.5461746454238892, 1.5120024681091309, 1.4842569828033447, 1.4564341306686401, 1.4261071681976318, 1.3985990285873413, 1.3717082738876343, 1.3445543050765991, 1.320449948310852, 1.2980082035064697, 1.2735412120819092, 1.2523564100265503, 1.2318328619003296, 1.2072405815124512, 1.1926321983337402, 1.1757218837738037, 1.1578270196914673, 1.1352406740188599, 1.1128199100494385, 1.092179775238037, 1.0763250589370728, 1.0594723224639893, 1.0401933193206787, 1.026564121246338, 1.0115283727645874, 1.0009409189224243, 0.9849433302879333, 0.9721086621284485, 0.9544798731803894, 0.9441452026367188, 0.9304089546203613, 0.9184997081756592, 0.9191343784332275, 0.9015646576881409, 0.8967355489730835, 0.8797593712806702, 0.8712348341941833, 0.8656395673751831, 0.8537302613258362, 0.8485557436943054, 0.8394168019294739, 0.8370448350906372], "landscape_losses": [2.2863054275512695, 2.0360827445983887, 1.8555742502212524, 1.6889103651046753, 1.532124638557434, 1.3699824810028076, 1.2249860763549805, 1.0940052270889282, 0.9818179607391357, 0.8812416195869446, 0.8251330256462097], "proxy_train_time": 9.47013100516051, "proxy_train_epochs": 50, "dirty_bit": 1, "landscape_term": 8.537780605324407, "speed_term": 7.772548363252893, "mote": 7.075444655834388}