{"id": 10134, "adj_matrix": [[0, 1, 1, 1], [0, 0, 1, 1], [0, 0, 0, 1], [0, 0, 0, 0]], "operations": ["zeros", "skip_connect", "skip_connect", "skip_connect", "nor_conv_3x3", "zeros"], "init_channel": 16, "blck_len": 5, "params": 0.316346, "flops": 43.17249, "latency": 0.012604559722699617, "train_per_time": 10.462097406387329, "train_time_200": 2092.419481277466, "train_accuracy_200": 0.89858, "test_accuracy_200": 0.86505, "train_time_12": 125.54516887664795, "train_accuracy_12": 0.80066, "test_accuracy_12": 0.7872, "valtest_accuracy_200": 0.5786, "valtest_accuracy_12": 0.4389, "proxy_losses": [2.330728530883789, 2.234365701675415, 2.161458969116211, 2.104292154312134, 2.0568487644195557, 2.0180065631866455, 1.9884133338928223, 1.9642187356948853, 1.9441827535629272, 1.925606608390808, 1.9074267148971558, 1.89247465133667, 1.8788083791732788, 1.8650116920471191, 1.8531280755996704, 1.8427623510360718, 1.8305644989013672, 1.820276141166687, 1.8112560510635376, 1.802756428718567, 1.7937818765640259, 1.7859736680984497, 1.7791242599487305, 1.7723480463027954, 1.765621304512024, 1.7599574327468872, 1.7543978691101074, 1.7477020025253296, 1.7424068450927734, 1.7376443147659302, 1.7332528829574585, 1.7274349927902222, 1.72282075881958, 1.7175177335739136, 1.7135951519012451, 1.71023690700531, 1.706727147102356, 1.7011427879333496, 1.696661353111267, 1.6940679550170898, 1.6893702745437622, 1.684774398803711, 1.6818777322769165, 1.678314208984375, 1.6745914220809937, 1.6709505319595337, 1.667725920677185, 1.6640636920928955, 1.661444902420044, 1.6573693752288818], "landscape_losses": [2.3477864265441895, 2.231396198272705, 2.1285698413848877, 2.030707836151123, 1.9449214935302734, 1.8657954931259155, 1.7989612817764282, 1.7427064180374146, 1.7026046514511108, 1.6741092205047607, 1.6541900634765625], "proxy_train_time": 5.801042637787759, "proxy_train_epochs": 50, "dirty_bit": 1, "landscape_term": 5.805335062730902, "speed_term": 3.19703038650347, "mote": 4.321867956493623}