{"id": 1017, "adj_matrix": [[0, 1, 1, 1], [0, 0, 1, 1], [0, 0, 0, 1], [0, 0, 0, 0]], "operations": ["avg_pool_3x3", "zeros", "zeros", "zeros", "skip_connect", "nor_conv_1x1"], "init_channel": 16, "blck_len": 5, "params": 0.101306, "flops": 11.71521, "latency": 0.013259837501927427, "train_per_time": 11.756376902262378, "train_time_200": 2351.2753804524755, "train_accuracy_200": 0.8072733333333333, "test_accuracy_200": 0.7589, "train_time_12": 141.07652282714844, "train_accuracy_12": 0.61522, "test_accuracy_12": 0.6052000000000001, "valtest_accuracy_200": 0.46893333333333337, "valtest_accuracy_12": 0.30829999999999996, "proxy_losses": [2.3020145893096924, 2.1799678802490234, 2.1025497913360596, 2.052832841873169, 2.016786813735962, 1.990747094154358, 1.969154715538025, 1.9508349895477295, 1.9347116947174072, 1.919181227684021, 1.9050745964050293, 1.8922975063323975, 1.8792849779129028, 1.8670133352279663, 1.8543912172317505, 1.8416531085968018, 1.831738829612732, 1.8214603662490845, 1.8134092092514038, 1.8040339946746826, 1.795531988143921, 1.7881104946136475, 1.7806938886642456, 1.7741109132766724, 1.7683132886886597, 1.7625398635864258, 1.7562485933303833, 1.7504916191101074, 1.7468833923339844, 1.7418314218521118, 1.7364422082901, 1.7326425313949585, 1.7290363311767578, 1.7245047092437744, 1.7200175523757935, 1.717415452003479, 1.7129006385803223, 1.7103830575942993, 1.7069554328918457, 1.7031570672988892, 1.7007921934127808, 1.6969168186187744, 1.693701148033142, 1.6898398399353027, 1.687354326248169, 1.6849220991134644, 1.6814320087432861, 1.6792206764221191, 1.6751960515975952, 1.6727383136749268], "landscape_losses": [2.320357084274292, 2.186157703399658, 2.082242965698242, 1.9922493696212769, 1.9110914468765259, 1.8427605628967285, 1.784685730934143, 1.7423043251037598, 1.709456443786621, 1.6854976415634155, 1.6707210540771484], "proxy_train_time": 6.103940878994763, "proxy_train_epochs": 50, "dirty_bit": 1, "landscape_term": 5.847610641357705, "speed_term": 3.3667827128787606, "mote": 4.390971872252876}