{"id": 1022, "adj_matrix": [[0, 1, 1, 1], [0, 0, 1, 1], [0, 0, 0, 1], [0, 0, 0, 0]], "operations": ["zeros", "nor_conv_1x1", "zeros", "zeros", "avg_pool_3x3", "nor_conv_3x3"], "init_channel": 16, "blck_len": 5, "params": 0.344346, "flops": 47.10465, "latency": 0.016525830093183015, "train_per_time": 16.893927574157715, "train_time_200": 3378.785514831543, "train_accuracy_200": 0.99152, "test_accuracy_200": 0.9113666666666667, "train_time_12": 202.72713088989258, "train_accuracy_12": 0.7951999999999999, "test_accuracy_12": 0.7881999999999999, "valtest_accuracy_200": 0.6485000000000001, "valtest_accuracy_12": 0.3713, "proxy_losses": [2.2141451835632324, 1.9536212682724, 1.8487316370010376, 1.7751412391662598, 1.7202377319335938, 1.6736304759979248, 1.6313289403915405, 1.5960272550582886, 1.5632411241531372, 1.5320556163787842, 1.5023982524871826, 1.4723454713821411, 1.4455509185791016, 1.4189865589141846, 1.3955577611923218, 1.3691002130508423, 1.3385987281799316, 1.3113967180252075, 1.2942023277282715, 1.2594425678253174, 1.235255479812622, 1.2146810293197632, 1.1911920309066772, 1.1656255722045898, 1.1443133354187012, 1.125857949256897, 1.1004154682159424, 1.08260977268219, 1.0661886930465698, 1.0409209728240967, 1.0280653238296509, 1.0106070041656494, 0.9920773506164551, 0.9754857420921326, 0.957994818687439, 0.9467364549636841, 0.9289286136627197, 0.9237531423568726, 0.9051951169967651, 0.8928337097167969, 0.8811748027801514, 0.8739845752716064, 0.8625913858413696, 0.8531661033630371, 0.8430745005607605, 0.8248721957206726, 0.8154094815254211, 0.8077139854431152, 0.7985862493515015, 0.7963420748710632], "landscape_losses": [2.297480583190918, 2.0420618057250977, 1.852212905883789, 1.688062310218811, 1.5349849462509155, 1.3967499732971191, 1.2273616790771484, 1.0890306234359741, 0.9519287943840027, 0.8495171666145325, 0.7982558608055115], "proxy_train_time": 7.849010561592877, "proxy_train_epochs": 50, "dirty_bit": 1, "landscape_term": 8.638043150089532, "speed_term": 6.475932468528027, "mote": 6.918393570509481}