{"id": 10227, "adj_matrix": [[0, 1, 1, 1], [0, 0, 1, 1], [0, 0, 0, 1], [0, 0, 0, 0]], "operations": ["nor_conv_3x3", "skip_connect", "avg_pool_3x3", "skip_connect", "avg_pool_3x3", "skip_connect"], "init_channel": 16, "blck_len": 5, "params": 0.316346, "flops": 43.17249, "latency": 0.01225646546012477, "train_per_time": 13.645730177561427, "train_time_200": 2729.1460355122854, "train_accuracy_200": 0.9220500000000001, "test_accuracy_200": 0.8759, "train_time_12": 163.7487621307373, "train_accuracy_12": 0.7343600000000001, "test_accuracy_12": 0.7258, "valtest_accuracy_200": 0.57945, "valtest_accuracy_12": 0.3309, "proxy_losses": [5.602423667907715, 3.033665657043457, 2.18234920501709, 1.9202855825424194, 1.769446849822998, 1.6753915548324585, 1.618994951248169, 1.5725281238555908, 1.5353354215621948, 1.5035173892974854, 1.47359299659729, 1.445724368095398, 1.4190806150436401, 1.3977333307266235, 1.3721110820770264, 1.3495124578475952, 1.329039216041565, 1.3146735429763794, 1.2908862829208374, 1.277429461479187, 1.2602955102920532, 1.2430347204208374, 1.229956030845642, 1.2133264541625977, 1.2037843465805054, 1.1908363103866577, 1.175999402999878, 1.163039207458496, 1.1508991718292236, 1.1350462436676025, 1.1279027462005615, 1.1139800548553467, 1.0976277589797974, 1.0881595611572266, 1.082395315170288, 1.072737216949463, 1.065310001373291, 1.0516740083694458, 1.0443308353424072, 1.04063081741333, 1.0348836183547974, 1.014503836631775, 1.0069571733474731, 1.0067055225372314, 1.001278281211853, 0.9937999844551086, 0.9811728596687317, 0.9785262942314148, 0.9688295125961304, 0.960688591003418], "landscape_losses": [5.79823112487793, 3.7877893447875977, 2.80305814743042, 2.231764316558838, 1.8241585493087769, 1.5382417440414429, 1.3310513496398926, 1.1978046894073486, 1.0719385147094727, 0.9956733584403992, 0.962144136428833], "proxy_train_time": 4.679865472950041, "proxy_train_epochs": 50, "dirty_bit": 1, "landscape_term": 7.002319214632762, "speed_term": 3.4019534309601434, "mote": 5.1995995008324725}