{"id": 10267, "adj_matrix": [[0, 1, 1, 1], [0, 0, 1, 1], [0, 0, 0, 1], [0, 0, 0, 0]], "operations": ["nor_conv_3x3", "nor_conv_1x1", "skip_connect", "nor_conv_3x3", "avg_pool_3x3", "skip_connect"], "init_channel": 16, "blck_len": 5, "params": 0.587386, "flops": 82.49409, "latency": 0.015646225527713175, "train_per_time": 20.70635461807251, "train_time_200": 4141.270923614502, "train_accuracy_200": 0.99753, "test_accuracy_200": 0.9225999999999999, "train_time_12": 248.47625541687012, "train_accuracy_12": 0.8586199999999999, "test_accuracy_12": 0.8428, "valtest_accuracy_200": 0.67805, "valtest_accuracy_12": 0.4732, "proxy_losses": [2.2590508460998535, 1.8142400979995728, 1.680019497871399, 1.5853495597839355, 1.5076042413711548, 1.4416885375976562, 1.3909618854522705, 1.347844123840332, 1.3115806579589844, 1.281693458557129, 1.2517635822296143, 1.225814700126648, 1.2029842138290405, 1.179353952407837, 1.1566733121871948, 1.1392314434051514, 1.1192114353179932, 1.100408911705017, 1.0845144987106323, 1.069074034690857, 1.060438871383667, 1.0413075685501099, 1.02809739112854, 1.013127326965332, 0.9952958226203918, 0.9776949286460876, 0.9749432802200317, 0.958280086517334, 0.941866397857666, 0.9337052702903748, 0.9208690524101257, 0.917366623878479, 0.9079693555831909, 0.8931029438972473, 0.8851945400238037, 0.8723083138465881, 0.8627752065658569, 0.8571775555610657, 0.8468117117881775, 0.8443548083305359, 0.8364161849021912, 0.8320209980010986, 0.8195984363555908, 0.8170817494392395, 0.7941955327987671, 0.7873363494873047, 0.7918961048126221, 0.7735927700996399, 0.7762092351913452, 0.7750874757766724], "landscape_losses": [2.366917848587036, 1.971091628074646, 1.7279707193374634, 1.544711709022522, 1.3807017803192139, 1.24711275100708, 1.131122350692749, 1.0460196733474731, 0.9417511820793152, 0.8440110087394714, 0.7789768576622009], "proxy_train_time": 7.525233713909984, "proxy_train_epochs": 50, "dirty_bit": 1, "landscape_term": 9.05251651341306, "speed_term": 6.982655557459607, "mote": 7.282447692413295}