{"id": 10293, "adj_matrix": [[0, 1, 1, 1], [0, 0, 1, 1], [0, 0, 0, 1], [0, 0, 0, 0]], "operations": ["skip_connect", "zeros", "avg_pool_3x3", "skip_connect", "zeros", "zeros"], "init_channel": 16, "blck_len": 5, "params": 0.073306, "flops": 7.78305, "latency": 0.00959307164476629, "train_per_time": 8.195320288340268, "train_time_200": 1639.0640576680537, "train_accuracy_200": 0.89802, "test_accuracy_200": 0.8651333333333332, "train_time_12": 98.34384346008302, "train_accuracy_12": 0.79522, "test_accuracy_12": 0.7851, "valtest_accuracy_200": 0.5821999999999999, "valtest_accuracy_12": 0.44179999999999997, "proxy_losses": [2.470792770385742, 2.357661247253418, 2.2779250144958496, 2.212184190750122, 2.155493974685669, 2.103750705718994, 2.0617847442626953, 2.0262417793273926, 1.998064398765564, 1.9752659797668457, 1.9539693593978882, 1.9376333951950073, 1.9229398965835571, 1.9093693494796753, 1.896916389465332, 1.88628089427948, 1.8754191398620605, 1.8648345470428467, 1.8551185131072998, 1.8471318483352661, 1.8392163515090942, 1.8323019742965698, 1.8246009349822998, 1.8188751935958862, 1.812208652496338, 1.8069370985031128, 1.8018765449523926, 1.7952027320861816, 1.7909917831420898, 1.7874364852905273, 1.781884789466858, 1.7769912481307983, 1.7724701166152954, 1.7685996294021606, 1.7642230987548828, 1.7608462572097778, 1.7576087713241577, 1.7522358894348145, 1.7497966289520264, 1.7466200590133667, 1.7427021265029907, 1.7392667531967163, 1.7356541156768799, 1.732712745666504, 1.7298765182495117, 1.726035714149475, 1.7241816520690918, 1.7212183475494385, 1.718355655670166, 1.71528959274292], "landscape_losses": [2.491044521331787, 2.364978313446045, 2.2469747066497803, 2.134507894515991, 2.0269405841827393, 1.9275110960006714, 1.8529541492462158, 1.7944414615631104, 1.7562718391418457, 1.7294756174087524, 1.713599443435669], "proxy_train_time": 4.850839577615261, "proxy_train_epochs": 50, "dirty_bit": 1, "landscape_term": 5.578087974617782, "speed_term": 2.590845380372908, "mote": 4.013889623723665}