{"id": 10405, "adj_matrix": [[0, 1, 1, 1], [0, 0, 1, 1], [0, 0, 0, 1], [0, 0, 0, 0]], "operations": ["nor_conv_1x1", "zeros", "avg_pool_3x3", "nor_conv_1x1", "zeros", "nor_conv_1x1"], "init_channel": 16, "blck_len": 5, "params": 0.157306, "flops": 19.57953, "latency": 0.01822493264549657, "train_per_time": 19.198433121045483, "train_time_200": 3839.686624209097, "train_accuracy_200": 0.98399, "test_accuracy_200": 0.9024500000000001, "train_time_12": 230.3811974525452, "train_accuracy_12": 0.8305, "test_accuracy_12": 0.8127, "valtest_accuracy_200": 0.6424000000000001, "valtest_accuracy_12": 0.39880000000000004, "proxy_losses": [2.42681884765625, 2.115574836730957, 1.9524565935134888, 1.848710298538208, 1.775118350982666, 1.7186665534973145, 1.6714540719985962, 1.6318234205245972, 1.5980852842330933, 1.565545678138733, 1.5378472805023193, 1.5114771127700806, 1.483537197113037, 1.4610775709152222, 1.4373369216918945, 1.4202051162719727, 1.3971774578094482, 1.3762576580047607, 1.3564969301223755, 1.3351799249649048, 1.3172249794006348, 1.296791672706604, 1.2824500799179077, 1.2646965980529785, 1.250657320022583, 1.2380530834197998, 1.2217837572097778, 1.2076494693756104, 1.1876342296600342, 1.1756430864334106, 1.1621723175048828, 1.149075984954834, 1.1379958391189575, 1.1280577182769775, 1.1191706657409668, 1.1023423671722412, 1.0961229801177979, 1.0847605466842651, 1.073663592338562, 1.0611010789871216, 1.0585248470306396, 1.0464409589767456, 1.0347025394439697, 1.0264842510223389, 1.0230909585952759, 1.0124894380569458, 1.0007007122039795, 0.9908150434494019, 0.9891342520713806, 0.9791609644889832], "landscape_losses": [2.4959824085235596, 2.21749210357666, 2.0172033309936523, 1.834068775177002, 1.6579314470291138, 1.4939146041870117, 1.3457878828048706, 1.2054204940795898, 1.0934638977050781, 1.0242152214050293, 0.9663323163986206], "proxy_train_time": 8.34229248482734, "proxy_train_epochs": 50, "dirty_bit": 1, "landscape_term": 7.663487057344949, "speed_term": 6.28758147581524, "mote": 6.23106311089332}