{"id": 1040, "adj_matrix": [[0, 1, 1, 1], [0, 0, 1, 1], [0, 0, 0, 1], [0, 0, 0, 0]], "operations": ["nor_conv_3x3", "zeros", "nor_conv_1x1", "nor_conv_1x1", "nor_conv_1x1", "nor_conv_1x1"], "init_channel": 16, "blck_len": 5, "params": 0.42834600000000006, "flops": 58.90113, "latency": 0.021508323518853442, "train_per_time": 26.032314618428533, "train_time_200": 5206.462923685706, "train_accuracy_200": 0.9982133333333333, "test_accuracy_200": 0.9284000000000002, "train_time_12": 312.3877754211426, "train_accuracy_12": 0.8540399999999999, "test_accuracy_12": 0.8365, "valtest_accuracy_200": 0.6874333333333333, "valtest_accuracy_12": 0.4472, "proxy_losses": [2.381004571914673, 1.9928447008132935, 1.8282673358917236, 1.7076791524887085, 1.6105620861053467, 1.538259506225586, 1.4737962484359741, 1.4206455945968628, 1.3716402053833008, 1.3248273134231567, 1.2866482734680176, 1.2498650550842285, 1.213567852973938, 1.1872793436050415, 1.1560006141662598, 1.1257445812225342, 1.0980792045593262, 1.0704764127731323, 1.0438027381896973, 1.0204998254776, 0.996487021446228, 0.9732058644294739, 0.9544458985328674, 0.9333611130714417, 0.9145934581756592, 0.8943544626235962, 0.8812361359596252, 0.8644718527793884, 0.8553183674812317, 0.843327522277832, 0.8221692442893982, 0.8059406280517578, 0.7995110154151917, 0.7853443622589111, 0.7725083231925964, 0.7588621377944946, 0.7568553686141968, 0.7599766850471497, 0.7463701367378235, 0.7292973399162292, 0.717829704284668, 0.7116490006446838, 0.6929645538330078, 0.6837908029556274, 0.6721977591514587, 0.6715571880340576, 0.655330240726471, 0.64384925365448, 0.6382240056991577, 0.6395668387413025], "landscape_losses": [2.508190155029297, 2.1402790546417236, 1.8846105337142944, 1.6664268970489502, 1.4487404823303223, 1.2479496002197266, 1.0824311971664429, 0.9084696173667908, 0.7697747945785522, 0.6694664359092712, 0.6304823756217957], "proxy_train_time": 10.27203475870192, "proxy_train_epochs": 50, "dirty_bit": 1, "landscape_term": 9.891685545069606, "speed_term": 9.938866673534292, "mote": 8.3120285103642}