{"id": 10446, "adj_matrix": [[0, 1, 1, 1], [0, 0, 1, 1], [0, 0, 0, 1], [0, 0, 0, 0]], "operations": ["nor_conv_3x3", "nor_conv_1x1", "zeros", "skip_connect", "skip_connect", "nor_conv_1x1"], "init_channel": 16, "blck_len": 5, "params": 0.372346, "flops": 51.03681, "latency": 0.01754686706944516, "train_per_time": 17.734839876492867, "train_time_200": 3546.967975298573, "train_accuracy_200": 0.99835, "test_accuracy_200": 0.9206, "train_time_12": 212.81807851791385, "train_accuracy_12": 0.89062, "test_accuracy_12": 0.8654000000000001, "valtest_accuracy_200": 0.6867, "valtest_accuracy_12": 0.5609000000000001, "proxy_losses": [2.4413154125213623, 1.9215296506881714, 1.7244420051574707, 1.6282516717910767, 1.5645638704299927, 1.509294867515564, 1.4652435779571533, 1.426827073097229, 1.3912732601165771, 1.3599506616592407, 1.3360644578933716, 1.3086007833480835, 1.2823052406311035, 1.2616058588027954, 1.241991639137268, 1.2292380332946777, 1.2069878578186035, 1.194859266281128, 1.1763226985931396, 1.1633635759353638, 1.157672643661499, 1.150637149810791, 1.1267881393432617, 1.1137464046478271, 1.1033340692520142, 1.0936143398284912, 1.0826795101165771, 1.0683645009994507, 1.056673526763916, 1.043627381324768, 1.038716435432434, 1.02463960647583, 1.013236403465271, 1.0069537162780762, 0.9973750114440918, 0.987922728061676, 0.9789628982543945, 0.969375491142273, 0.9620892405509949, 0.9562045931816101, 0.9454630613327026, 0.9374891519546509, 0.9267302751541138, 0.9189282059669495, 0.9156368970870972, 0.9121607542037964, 0.9056994915008545, 0.8964719772338867, 0.8917780518531799, 0.8875126838684082], "landscape_losses": [2.5391788482666016, 2.0920779705047607, 1.8466978073120117, 1.6472079753875732, 1.4737468957901, 1.3197704553604126, 1.1817151308059692, 1.0721298456192017, 0.9956519603729248, 0.9077463746070862, 0.8720672130584717], "proxy_train_time": 7.750707138329744, "proxy_train_epochs": 50, "dirty_bit": 1, "landscape_term": 8.48831425453007, "speed_term": 6.579043247099732, "mote": 6.837088545789428}