{"id": 10474, "adj_matrix": [[0, 1, 1, 1], [0, 0, 1, 1], [0, 0, 0, 1], [0, 0, 0, 0]], "operations": ["nor_conv_1x1", "nor_conv_1x1", "skip_connect", "nor_conv_3x3", "avg_pool_3x3", "zeros"], "init_channel": 16, "blck_len": 5, "params": 0.372346, "flops": 51.03681, "latency": 0.018627678093157317, "train_per_time": 19.87824062506352, "train_time_200": 3975.648125012704, "train_accuracy_200": 0.99729, "test_accuracy_200": 0.91985, "train_time_12": 238.5388875007629, "train_accuracy_12": 0.8142400000000001, "test_accuracy_12": 0.8017, "valtest_accuracy_200": 0.67295, "valtest_accuracy_12": 0.4372, "proxy_losses": [2.3527402877807617, 1.9818949699401855, 1.8530445098876953, 1.771122694015503, 1.7078720331192017, 1.6530119180679321, 1.6073414087295532, 1.567457914352417, 1.52955961227417, 1.4947277307510376, 1.4641835689544678, 1.4328641891479492, 1.4051525592803955, 1.3762962818145752, 1.350555419921875, 1.3229916095733643, 1.2993435859680176, 1.2750613689422607, 1.254002332687378, 1.2314966917037964, 1.2140871286392212, 1.1970324516296387, 1.1783596277236938, 1.1602165699005127, 1.1437026262283325, 1.1217678785324097, 1.1063345670700073, 1.09048330783844, 1.0782837867736816, 1.0671944618225098, 1.0521584749221802, 1.0556952953338623, 1.0457394123077393, 1.0323272943496704, 1.0160784721374512, 0.996563196182251, 0.9879674911499023, 0.9805342555046082, 0.9761321544647217, 0.9663575887680054, 0.9548121094703674, 0.9417529106140137, 0.9323877096176147, 0.9243057370185852, 0.9163827300071716, 0.9045178890228271, 0.8965098857879639, 0.8871597647666931, 0.8778068423271179, 0.8748784065246582], "landscape_losses": [2.4542524814605713, 2.1444828510284424, 1.9449775218963623, 1.7626668214797974, 1.576825737953186, 1.396257996559143, 1.2282373905181885, 1.0936444997787476, 0.975063681602478, 0.9092913269996643, 0.8659923076629639], "proxy_train_time": 7.874680146574974, "proxy_train_epochs": 50, "dirty_bit": 1, "landscape_term": 8.314246410699512, "speed_term": 6.401320193020892, "mote": 6.689113869157416}