{"id": 10502, "adj_matrix": [[0, 1, 1, 1], [0, 0, 1, 1], [0, 0, 0, 1], [0, 0, 0, 0]], "operations": ["skip_connect", "zeros", "nor_conv_1x1", "nor_conv_1x1", "zeros", "skip_connect"], "init_channel": 16, "blck_len": 5, "params": 0.129306, "flops": 15.64737, "latency": 0.014680093840548867, "train_per_time": 13.392674922943115, "train_time_200": 2678.534984588623, "train_accuracy_200": 0.9509933333333334, "test_accuracy_200": 0.8887333333333334, "train_time_12": 160.71209907531738, "train_accuracy_12": 0.81624, "test_accuracy_12": 0.7986, "valtest_accuracy_200": 0.6205666666666666, "valtest_accuracy_12": 0.4004, "proxy_losses": [2.3612987995147705, 2.1273906230926514, 1.9994021654129028, 1.9094029664993286, 1.8445343971252441, 1.7907501459121704, 1.7456029653549194, 1.704003930091858, 1.6700363159179688, 1.6400505304336548, 1.6084107160568237, 1.581606388092041, 1.5569058656692505, 1.5360304117202759, 1.5155631303787231, 1.497552752494812, 1.4797743558883667, 1.462826132774353, 1.4468953609466553, 1.4335832595825195, 1.4196733236312866, 1.4060946702957153, 1.393504023551941, 1.3821990489959717, 1.3684602975845337, 1.3577088117599487, 1.3508996963500977, 1.3382306098937988, 1.3269577026367188, 1.3146800994873047, 1.3057187795639038, 1.295286774635315, 1.2845948934555054, 1.2722856998443604, 1.263138771057129, 1.2572193145751953, 1.2483144998550415, 1.2408008575439453, 1.2328768968582153, 1.2262598276138306, 1.2186670303344727, 1.219620943069458, 1.2045700550079346, 1.1980215311050415, 1.1907470226287842, 1.1831161975860596, 1.1739698648452759, 1.1668853759765625, 1.1579601764678955, 1.154309868812561], "landscape_losses": [2.4140968322753906, 2.1880340576171875, 2.020923376083374, 1.866468906402588, 1.7267816066741943, 1.5982506275177002, 1.4818850755691528, 1.3744689226150513, 1.2762254476547241, 1.209007978439331, 1.152046799659729], "proxy_train_time": 6.195509027689695, "proxy_train_epochs": 50, "dirty_bit": 1, "landscape_term": 6.987730563641094, "speed_term": 4.298592338249396, "mote": 5.38557734608688}