{"id": 10559, "adj_matrix": [[0, 1, 1, 1], [0, 0, 1, 1], [0, 0, 0, 1], [0, 0, 0, 0]], "operations": ["zeros", "nor_conv_1x1", "zeros", "nor_conv_1x1", "nor_conv_1x1", "nor_conv_1x1"], "init_channel": 16, "blck_len": 5, "params": 0.185306, "flops": 23.51169, "latency": 0.01941646557105215, "train_per_time": 20.941685597101795, "train_time_200": 4188.337119420359, "train_accuracy_200": 0.9623900000000001, "test_accuracy_200": 0.8939499999999999, "train_time_12": 251.30022716522214, "train_accuracy_12": 0.78278, "test_accuracy_12": 0.7704000000000001, "valtest_accuracy_200": 0.64655, "valtest_accuracy_12": 0.3724, "proxy_losses": [2.5217795372009277, 2.1938271522521973, 2.027017593383789, 1.9180400371551514, 1.843875765800476, 1.788987159729004, 1.742835521697998, 1.6984939575195312, 1.6664148569107056, 1.6334689855575562, 1.6045950651168823, 1.5779473781585693, 1.5534751415252686, 1.5277916193008423, 1.5067564249038696, 1.482893705368042, 1.4666515588760376, 1.4449228048324585, 1.4282537698745728, 1.4091858863830566, 1.3934272527694702, 1.3783140182495117, 1.3615201711654663, 1.3522661924362183, 1.337599515914917, 1.3239896297454834, 1.3135658502578735, 1.3002268075942993, 1.2883117198944092, 1.2745274305343628, 1.262139081954956, 1.254238486289978, 1.2413665056228638, 1.231168508529663, 1.222919225692749, 1.2082992792129517, 1.2022486925125122, 1.1939319372177124, 1.1822160482406616, 1.1755878925323486, 1.1633883714675903, 1.1579781770706177, 1.153496503829956, 1.137406349182129, 1.1340572834014893, 1.1192268133163452, 1.111396312713623, 1.104973316192627, 1.092108964920044, 1.0870325565338135], "landscape_losses": [2.5826826095581055, 2.2882447242736816, 2.071789026260376, 1.8814926147460938, 1.7036070823669434, 1.5398041009902954, 1.3969734907150269, 1.2795186042785645, 1.1931270360946655, 1.1259276866912842, 1.0807956457138062], "proxy_train_time": 9.158976138569415, "proxy_train_epochs": 50, "dirty_bit": 1, "landscape_term": 7.223712763232792, "speed_term": 6.468555894565736, "mote": 5.965004682380079}