{"id": 10602, "adj_matrix": [[0, 1, 1, 1], [0, 0, 1, 1], [0, 0, 0, 1], [0, 0, 0, 0]], "operations": ["avg_pool_3x3", "avg_pool_3x3", "nor_conv_3x3", "avg_pool_3x3", "zeros", "zeros"], "init_channel": 16, "blck_len": 5, "params": 0.316346, "flops": 43.17249, "latency": 0.01359926085723074, "train_per_time": 16.84129504362738, "train_time_200": 3368.259008725476, "train_accuracy_200": 0.80813, "test_accuracy_200": 0.75815, "train_time_12": 202.09554052352902, "train_accuracy_12": 0.61608, "test_accuracy_12": 0.6015999999999999, "valtest_accuracy_200": 0.46869999999999995, "valtest_accuracy_12": 0.2952, "proxy_losses": [2.336496591567993, 2.2443647384643555, 2.1720850467681885, 2.1159119606018066, 2.071530342102051, 2.0332326889038086, 2.0008723735809326, 1.9745357036590576, 1.9502568244934082, 1.9281556606292725, 1.9099109172821045, 1.8929535150527954, 1.878875732421875, 1.866102695465088, 1.854492425918579, 1.843580722808838, 1.835054874420166, 1.8272197246551514, 1.817853569984436, 1.8107668161392212, 1.804569125175476, 1.7990316152572632, 1.7916375398635864, 1.7877402305603027, 1.7812551259994507, 1.7762879133224487, 1.7731410264968872, 1.767330288887024, 1.7624248266220093, 1.7573755979537964, 1.7533117532730103, 1.748481273651123, 1.7436208724975586, 1.740562915802002, 1.736784815788269, 1.7332185506820679, 1.729728102684021, 1.7263277769088745, 1.7231898307800293, 1.7205390930175781, 1.717217206954956, 1.7148462533950806, 1.7124972343444824, 1.7103192806243896, 1.7079769372940063, 1.703687071800232, 1.7016414403915405, 1.6985220909118652, 1.6960819959640503, 1.6934022903442383], "landscape_losses": [2.3523812294006348, 2.243436813354492, 2.1400701999664307, 2.0464580059051514, 1.957915186882019, 1.8824955224990845, 1.8205385208129883, 1.7701107263565063, 1.731874942779541, 1.7071983814239502, 1.6914939880371094], "proxy_train_time": 6.690494496375322, "proxy_train_epochs": 50, "dirty_bit": 1, "landscape_term": 5.737308194491229, "speed_term": 3.652933748125074, "mote": 4.37812812139673}