{"id": 10616, "adj_matrix": [[0, 1, 1, 1], [0, 0, 1, 1], [0, 0, 0, 1], [0, 0, 0, 0]], "operations": ["nor_conv_1x1", "skip_connect", "nor_conv_3x3", "zeros", "zeros", "nor_conv_3x3"], "init_channel": 16, "blck_len": 5, "params": 0.587386, "flops": 82.49409, "latency": 0.01702292341935007, "train_per_time": 18.980968475341797, "train_time_200": 3796.1936950683594, "train_accuracy_200": 0.99872, "test_accuracy_200": 0.92605, "train_time_12": 227.77162170410156, "train_accuracy_12": 0.80314, "test_accuracy_12": 0.7934, "valtest_accuracy_200": 0.68375, "valtest_accuracy_12": 0.3786, "proxy_losses": [2.288156509399414, 1.9667085409164429, 1.8173136711120605, 1.7195566892623901, 1.642804741859436, 1.5741020441055298, 1.5159655809402466, 1.4667680263519287, 1.4244787693023682, 1.3708974123001099, 1.3338042497634888, 1.289535403251648, 1.248953938484192, 1.2090297937393188, 1.1736317873001099, 1.1398496627807617, 1.1103203296661377, 1.0748885869979858, 1.0398496389389038, 1.014816164970398, 0.9866577386856079, 0.9629426598548889, 0.9415274262428284, 0.9254438281059265, 0.8947314620018005, 0.8783694505691528, 0.854642391204834, 0.8378227353096008, 0.8209127187728882, 0.803885281085968, 0.7875475287437439, 0.7665976285934448, 0.753714919090271, 0.740564227104187, 0.7306420207023621, 0.7191426753997803, 0.6978942155838013, 0.6857509016990662, 0.6833832263946533, 0.6701230406761169, 0.6522786617279053, 0.6447344422340393, 0.6326006650924683, 0.6288585066795349, 0.6155548095703125, 0.6108858585357666, 0.5947437286376953, 0.584217369556427, 0.5768743753433228, 0.5673466920852661], "landscape_losses": [2.4037864208221436, 2.1007277965545654, 1.8484505414962769, 1.6342599391937256, 1.4175373315811157, 1.2044270038604736, 1.019689679145813, 0.8513597846031189, 0.7094306349754333, 0.6037901043891907, 0.5526715517044067], "proxy_train_time": 8.569903763011098, "proxy_train_epochs": 50, "dirty_bit": 1, "landscape_term": 10.611107121049987, "speed_term": 8.456281323476999, "mote": 8.54714414471575}