{"id": 10675, "adj_matrix": [[0, 1, 1, 1], [0, 0, 1, 1], [0, 0, 0, 1], [0, 0, 0, 0]], "operations": ["nor_conv_1x1", "nor_conv_1x1", "avg_pool_3x3", "avg_pool_3x3", "zeros", "zeros"], "init_channel": 16, "blck_len": 5, "params": 0.129306, "flops": 15.64737, "latency": 0.015158148188340036, "train_per_time": 17.033645033836365, "train_time_200": 3406.729006767273, "train_accuracy_200": 0.8085800000000001, "test_accuracy_200": 0.75815, "train_time_12": 204.40374040603638, "train_accuracy_12": 0.6150800000000001, "test_accuracy_12": 0.6052000000000001, "valtest_accuracy_200": 0.4689, "valtest_accuracy_12": 0.3025, "proxy_losses": [2.3579084873199463, 2.275136947631836, 2.2089483737945557, 2.1545543670654297, 2.107882499694824, 2.071167469024658, 2.0389883518218994, 2.0106184482574463, 1.9850691556930542, 1.9617301225662231, 1.9406566619873047, 1.9223308563232422, 1.9053493738174438, 1.888984203338623, 1.8727216720581055, 1.857247233390808, 1.8436154127120972, 1.8312040567398071, 1.8200851678848267, 1.8115681409835815, 1.803636074066162, 1.7956658601760864, 1.7896019220352173, 1.7831051349639893, 1.7768113613128662, 1.771254539489746, 1.7661179304122925, 1.7618693113327026, 1.7576264142990112, 1.7526791095733643, 1.7488117218017578, 1.7431035041809082, 1.7395007610321045, 1.7350943088531494, 1.7338659763336182, 1.7283697128295898, 1.7251261472702026, 1.7207552194595337, 1.7182687520980835, 1.7149579524993896, 1.7115588188171387, 1.7086848020553589, 1.7049496173858643, 1.7024755477905273, 1.6990902423858643, 1.6967393159866333, 1.6938201189041138, 1.6926523447036743, 1.6887906789779663, 1.6858386993408203], "landscape_losses": [2.3725106716156006, 2.269566297531128, 2.167804718017578, 2.0622212886810303, 1.9603400230407715, 1.8738126754760742, 1.8091211318969727, 1.7582613229751587, 1.7228866815567017, 1.701134204864502, 1.6830534934997559], "proxy_train_time": 7.498178502544761, "proxy_train_epochs": 50, "dirty_bit": 1, "landscape_term": 5.736025029929969, "speed_term": 4.0787950206140575, "mote": 4.470070396892041}