{"id": 10750, "adj_matrix": [[0, 1, 1, 1], [0, 0, 1, 1], [0, 0, 0, 1], [0, 0, 0, 0]], "operations": ["nor_conv_3x3", "avg_pool_3x3", "skip_connect", "skip_connect", "nor_conv_3x3", "zeros"], "init_channel": 16, "blck_len": 5, "params": 0.559386, "flops": 78.56193, "latency": 0.015267748581735711, "train_per_time": 17.107866287231445, "train_time_200": 3421.573257446289, "train_accuracy_200": 0.99967, "test_accuracy_200": 0.93745, "train_time_12": 205.29439544677734, "train_accuracy_12": 0.9161199999999999, "test_accuracy_12": 0.8801000000000001, "valtest_accuracy_200": 0.7066499999999999, "valtest_accuracy_12": 0.5895, "proxy_losses": [2.5293655395507812, 2.034817695617676, 1.8483284711837769, 1.7211177349090576, 1.6227073669433594, 1.5422931909561157, 1.4738426208496094, 1.414426326751709, 1.3630539178848267, 1.318537950515747, 1.277885913848877, 1.2439801692962646, 1.2138086557388306, 1.1818561553955078, 1.1588181257247925, 1.1281818151474, 1.1071982383728027, 1.086868405342102, 1.0574957132339478, 1.036699891090393, 1.019066333770752, 1.0015407800674438, 0.9772904515266418, 0.9645587205886841, 0.9456111192703247, 0.9327248930931091, 0.9126833081245422, 0.9016277194023132, 0.8931132555007935, 0.8818989396095276, 0.8542644381523132, 0.8443179726600647, 0.8314878940582275, 0.8194572329521179, 0.8106436133384705, 0.8040935397148132, 0.7912022471427917, 0.7843450903892517, 0.7772557139396667, 0.7667286992073059, 0.7590346336364746, 0.7540230751037598, 0.7459637522697449, 0.7357457280158997, 0.7215027213096619, 0.7138986587524414, 0.698963463306427, 0.6996039748191833, 0.6891839504241943, 0.6787629127502441], "landscape_losses": [2.6772148609161377, 2.21247935295105, 1.9310890436172485, 1.687218189239502, 1.471687912940979, 1.2681273221969604, 1.1096690893173218, 0.9350149631500244, 0.8099067211151123, 0.7122275233268738, 0.6651696562767029], "proxy_train_time": 7.264117465354502, "proxy_train_epochs": 50, "dirty_bit": 1, "landscape_term": 9.51689725893296, "speed_term": 6.843659616931094, "mote": 7.563918504301666}