{"id": 10784, "adj_matrix": [[0, 1, 1, 1], [0, 0, 1, 1], [0, 0, 0, 1], [0, 0, 0, 0]], "operations": ["nor_conv_1x1", "avg_pool_3x3", "avg_pool_3x3", "avg_pool_3x3", "nor_conv_1x1", "nor_conv_1x1"], "init_channel": 16, "blck_len": 5, "params": 0.157306, "flops": 19.57953, "latency": 0.016186118125915527, "train_per_time": 22.57156268755592, "train_time_200": 4514.312537511184, "train_accuracy_200": 0.9946200000000001, "test_accuracy_200": 0.8911, "train_time_12": 270.85875225067133, "train_accuracy_12": 0.7989, "test_accuracy_12": 0.779, "valtest_accuracy_200": 0.6453, "valtest_accuracy_12": 0.4374, "proxy_losses": [2.731236219406128, 2.3387815952301025, 2.121633291244507, 1.9746571779251099, 1.870602011680603, 1.7986247539520264, 1.7396864891052246, 1.6907011270523071, 1.6479957103729248, 1.6075682640075684, 1.5704469680786133, 1.5388396978378296, 1.5073355436325073, 1.4768859148025513, 1.451665997505188, 1.424054741859436, 1.3982633352279663, 1.3846752643585205, 1.3591575622558594, 1.3343175649642944, 1.317807674407959, 1.297145128250122, 1.2799571752548218, 1.2689276933670044, 1.244044303894043, 1.2306861877441406, 1.216225504875183, 1.1975834369659424, 1.1899765729904175, 1.1741585731506348, 1.1610032320022583, 1.145780324935913, 1.1319327354431152, 1.1218677759170532, 1.1075761318206787, 1.1022154092788696, 1.090830683708191, 1.0856661796569824, 1.069234013557434, 1.061545729637146, 1.0494194030761719, 1.046526312828064, 1.0368505716323853, 1.0310498476028442, 1.026627779006958, 1.0158394575119019, 1.0073477029800415, 0.996410071849823, 0.9941952228546143, 0.97762531042099], "landscape_losses": [2.8243579864501953, 2.4883012771606445, 2.255927801132202, 2.0453200340270996, 1.8372821807861328, 1.6429635286331177, 1.4567928314208984, 1.2864261865615845, 1.1463863849639893, 1.0458837747573853, 0.976978600025177], "proxy_train_time": 7.760221251286566, "proxy_train_epochs": 50, "dirty_bit": 1, "landscape_term": 7.156865506371465, "speed_term": 5.736144157036781, "mote": 5.785320490660916}