{"id": 10829, "adj_matrix": [[0, 1, 1, 1], [0, 0, 1, 1], [0, 0, 0, 1], [0, 0, 0, 0]], "operations": ["nor_conv_3x3", "zeros", "nor_conv_1x1", "nor_conv_1x1", "zeros", "nor_conv_1x1"], "init_channel": 16, "blck_len": 5, "params": 0.400346, "flops": 54.96897, "latency": 0.01893552353507594, "train_per_time": 21.84024214744568, "train_time_200": 4368.048429489136, "train_accuracy_200": 0.99713, "test_accuracy_200": 0.9259000000000001, "train_time_12": 262.08290576934814, "train_accuracy_12": 0.85574, "test_accuracy_12": 0.8340000000000001, "valtest_accuracy_200": 0.67235, "valtest_accuracy_12": 0.45890000000000003, "proxy_losses": [2.3140408992767334, 1.9798287153244019, 1.8340954780578613, 1.739123821258545, 1.6665171384811401, 1.6120872497558594, 1.5632257461547852, 1.5176054239273071, 1.47650146484375, 1.438167929649353, 1.3984956741333008, 1.3588941097259521, 1.3264540433883667, 1.2916321754455566, 1.259619951248169, 1.2288284301757812, 1.201813817024231, 1.173902153968811, 1.1545954942703247, 1.130220651626587, 1.1083085536956787, 1.08688485622406, 1.061643123626709, 1.0415935516357422, 1.0257147550582886, 1.0040291547775269, 0.9808710813522339, 0.9605789184570312, 0.9435612559318542, 0.9318997859954834, 0.9211246371269226, 0.90597003698349, 0.8864495158195496, 0.864890456199646, 0.8553115129470825, 0.8449264764785767, 0.8318132758140564, 0.8284104466438293, 0.821226179599762, 0.8034621477127075, 0.7838518619537354, 0.7721667289733887, 0.7641457319259644, 0.7540638446807861, 0.7462798953056335, 0.7303356528282166, 0.7179118990898132, 0.7140583395957947, 0.7067956328392029, 0.697208821773529], "landscape_losses": [2.413565158843994, 2.1091222763061523, 1.882385492324829, 1.662973403930664, 1.4580754041671753, 1.2657257318496704, 1.0812299251556396, 0.9356300830841064, 0.8175812363624573, 0.7316528558731079, 0.690925121307373], "proxy_train_time": 9.508994190953672, "proxy_train_epochs": 50, "dirty_bit": 1, "landscape_term": 9.527819636924157, "speed_term": 8.526542361721317, "mote": 7.85331506880117}