{"id": 10877, "adj_matrix": [[0, 1, 1, 1], [0, 0, 1, 1], [0, 0, 0, 1], [0, 0, 0, 0]], "operations": ["zeros", "avg_pool_3x3", "avg_pool_3x3", "nor_conv_1x1", "skip_connect", "skip_connect"], "init_channel": 16, "blck_len": 5, "params": 0.101306, "flops": 11.71521, "latency": 0.012725413891307095, "train_per_time": 12.856784860293065, "train_time_200": 2571.356972058613, "train_accuracy_200": 0.9790533333333333, "test_accuracy_200": 0.8890333333333335, "train_time_12": 154.28141832351676, "train_accuracy_12": 0.8050400000000001, "test_accuracy_12": 0.7879999999999999, "valtest_accuracy_200": 0.6347666666666667, "valtest_accuracy_12": 0.4156, "proxy_losses": [2.7938485145568848, 2.4727180004119873, 2.2686729431152344, 2.1463782787323, 2.0565311908721924, 1.9870089292526245, 1.9298946857452393, 1.8813562393188477, 1.8388720750808716, 1.802062749862671, 1.7710824012756348, 1.7425105571746826, 1.718308925628662, 1.697037696838379, 1.6782515048980713, 1.6619664430618286, 1.644484043121338, 1.6312857866287231, 1.6162821054458618, 1.6017271280288696, 1.5890485048294067, 1.5773520469665527, 1.564164400100708, 1.554405927658081, 1.541704535484314, 1.5308150053024292, 1.5178139209747314, 1.507344365119934, 1.497259259223938, 1.4859561920166016, 1.4763884544372559, 1.4667307138442993, 1.45482337474823, 1.4459731578826904, 1.4361348152160645, 1.425657033920288, 1.4169806241989136, 1.4072612524032593, 1.3968335390090942, 1.3891013860702515, 1.3802212476730347, 1.3749024868011475, 1.366647481918335, 1.3672291040420532, 1.3529696464538574, 1.3433711528778076, 1.3314998149871826, 1.3263278007507324, 1.314121127128601, 1.3094861507415771], "landscape_losses": [2.859963893890381, 2.5549983978271484, 2.331820249557495, 2.1360394954681396, 1.9483520984649658, 1.7897535562515259, 1.6488484144210815, 1.526871681213379, 1.4233120679855347, 1.352782964706421, 1.3050925731658936], "proxy_train_time": 5.562076843343675, "proxy_train_epochs": 50, "dirty_bit": 1, "landscape_term": 6.179490929467797, "speed_term": 3.4296206871120316, "mote": 4.637550943292045}