{"id": 10916, "adj_matrix": [[0, 1, 1, 1], [0, 0, 1, 1], [0, 0, 0, 1], [0, 0, 0, 0]], "operations": ["nor_conv_3x3", "nor_conv_1x1", "skip_connect", "nor_conv_1x1", "nor_conv_1x1", "zeros"], "init_channel": 16, "blck_len": 5, "params": 0.400346, "flops": 54.96897, "latency": 0.019287874824122378, "train_per_time": 21.522547801335694, "train_time_200": 4304.509560267139, "train_accuracy_200": 0.99749, "test_accuracy_200": 0.9253999999999999, "train_time_12": 258.2705736160279, "train_accuracy_12": 0.87568, "test_accuracy_12": 0.853, "valtest_accuracy_200": 0.69, "valtest_accuracy_12": 0.4689, "proxy_losses": [2.2255287170410156, 1.9146382808685303, 1.789894938468933, 1.7128931283950806, 1.6517175436019897, 1.5965020656585693, 1.54542875289917, 1.5018526315689087, 1.4595130681991577, 1.4168847799301147, 1.3801270723342896, 1.3446189165115356, 1.3109548091888428, 1.2824424505233765, 1.252809762954712, 1.2263003587722778, 1.2049798965454102, 1.177754521369934, 1.1530046463012695, 1.1322826147079468, 1.1075702905654907, 1.0897653102874756, 1.0719634294509888, 1.0478343963623047, 1.031313180923462, 1.0121818780899048, 0.9949882626533508, 0.9818273186683655, 0.9632751941680908, 0.9507703185081482, 0.939221203327179, 0.9260743260383606, 0.9187213182449341, 0.8986436724662781, 0.8858039975166321, 0.8733887672424316, 0.8619230389595032, 0.8556268811225891, 0.8473018407821655, 0.8370538353919983, 0.8251888751983643, 0.8185379505157471, 0.8055028915405273, 0.7945268750190735, 0.7902174592018127, 0.7819194793701172, 0.7698258757591248, 0.7637619376182556, 0.749987006187439, 0.7408766746520996], "landscape_losses": [2.324974298477173, 2.040069580078125, 1.842928171157837, 1.6530132293701172, 1.4858686923980713, 1.2989565134048462, 1.1380555629730225, 0.998012125492096, 0.878596305847168, 0.7880353331565857, 0.7407019138336182], "proxy_train_time": 8.802678387612104, "proxy_train_epochs": 50, "dirty_bit": 1, "landscape_term": 9.14863002094619, "speed_term": 7.829374065898858, "mote": 7.489815147501604}