{"id": 10925, "adj_matrix": [[0, 1, 1, 1], [0, 0, 1, 1], [0, 0, 0, 1], [0, 0, 0, 0]], "operations": ["zeros", "skip_connect", "nor_conv_1x1", "avg_pool_3x3", "nor_conv_3x3", "nor_conv_3x3"], "init_channel": 16, "blck_len": 5, "params": 0.587386, "flops": 82.49409, "latency": 0.01654319491302758, "train_per_time": 20.459712306658368, "train_time_200": 4091.9424613316733, "train_accuracy_200": 0.9957933333333334, "test_accuracy_200": 0.9089, "train_time_12": 245.5165476799011, "train_accuracy_12": 0.8119799999999999, "test_accuracy_12": 0.7989, "valtest_accuracy_200": 0.6576000000000001, "valtest_accuracy_12": 0.4468, "proxy_losses": [2.5802199840545654, 2.1174569129943848, 1.912455439567566, 1.8032218217849731, 1.7395702600479126, 1.6926918029785156, 1.654381275177002, 1.6227082014083862, 1.5908970832824707, 1.5606361627578735, 1.5302037000656128, 1.504757285118103, 1.4779263734817505, 1.4529718160629272, 1.4287444353103638, 1.405349612236023, 1.3836482763290405, 1.364825963973999, 1.3447765111923218, 1.3223289251327515, 1.3021129369735718, 1.281752109527588, 1.2606281042099, 1.243306040763855, 1.2267851829528809, 1.2104185819625854, 1.1940804719924927, 1.1834086179733276, 1.1649349927902222, 1.1511634588241577, 1.1349765062332153, 1.132900357246399, 1.1298269033432007, 1.1161141395568848, 1.1038968563079834, 1.089799165725708, 1.0740236043930054, 1.0634368658065796, 1.0534754991531372, 1.0414314270019531, 1.0325387716293335, 1.0187852382659912, 1.0086476802825928, 0.9968564510345459, 0.9916696548461914, 0.98117995262146, 0.9832667708396912, 0.9688308835029602, 0.9650793075561523, 0.9536691308021545], "landscape_losses": [2.675680160522461, 2.294522762298584, 2.0363128185272217, 1.8186638355255127, 1.6351548433303833, 1.4728094339370728, 1.3289850950241089, 1.1999857425689697, 1.0911123752593994, 0.9984720945358276, 0.9475994110107422], "proxy_train_time": 8.355842744931579, "proxy_train_epochs": 50, "dirty_bit": 1, "landscape_term": 7.7001539754181225, "speed_term": 6.373760379269931, "mote": 6.271401411400131}