{"id": 10965, "adj_matrix": [[0, 1, 1, 1], [0, 0, 1, 1], [0, 0, 0, 1], [0, 0, 0, 0]], "operations": ["nor_conv_1x1", "skip_connect", "nor_conv_1x1", "skip_connect", "nor_conv_3x3", "skip_connect"], "init_channel": 16, "blck_len": 5, "params": 0.372346, "flops": 51.03681, "latency": 0.01716595260720504, "train_per_time": 17.49846784273779, "train_time_200": 3499.693568547558, "train_accuracy_200": 0.9685900000000001, "test_accuracy_200": 0.8964, "train_time_12": 209.98161411285398, "train_accuracy_12": 0.76122, "test_accuracy_12": 0.7484999999999999, "valtest_accuracy_200": 0.6600499999999999, "valtest_accuracy_12": 0.35600000000000004, "proxy_losses": [3.532597541809082, 2.382312774658203, 2.0435476303100586, 1.8437145948410034, 1.7069875001907349, 1.6126619577407837, 1.5369843244552612, 1.488893747329712, 1.4486308097839355, 1.4108747243881226, 1.3817836046218872, 1.3517826795578003, 1.3263214826583862, 1.3041396141052246, 1.286333441734314, 1.267984390258789, 1.2494316101074219, 1.2350999116897583, 1.217851161956787, 1.2031359672546387, 1.192824363708496, 1.1783791780471802, 1.1660791635513306, 1.1546876430511475, 1.1474753618240356, 1.1343327760696411, 1.1196660995483398, 1.1085610389709473, 1.0986686944961548, 1.088118314743042, 1.0807416439056396, 1.0650668144226074, 1.0613605976104736, 1.049441933631897, 1.0377827882766724, 1.0318342447280884, 1.018338918685913, 1.00814688205719, 0.9988541007041931, 0.9870519638061523, 0.973471462726593, 0.967394232749939, 0.9549912214279175, 0.9500046968460083, 0.9464554786682129, 0.9376266598701477, 0.9255784153938293, 0.9230881929397583, 0.9155014753341675, 0.9034855365753174], "landscape_losses": [3.5968875885009766, 2.676440954208374, 2.219698190689087, 1.8781615495681763, 1.6096638441085815, 1.4136842489242554, 1.2480968236923218, 1.1210383176803589, 1.0193828344345093, 0.9405737519264221, 0.8976977467536926], "proxy_train_time": 6.855192558839917, "proxy_train_epochs": 50, "dirty_bit": 1, "landscape_term": 7.814592484843356, "speed_term": 5.444424611659651, "mote": 6.176388633837496}