{"id": 1097, "adj_matrix": [[0, 1, 1, 1], [0, 0, 1, 1], [0, 0, 0, 1], [0, 0, 0, 0]], "operations": ["skip_connect", "skip_connect", "skip_connect", "avg_pool_3x3", "skip_connect", "nor_conv_1x1"], "init_channel": 16, "blck_len": 5, "params": 0.101306, "flops": 11.71521, "latency": 0.01199818494027121, "train_per_time": 10.844589829444885, "train_time_200": 2168.917965888977, "train_accuracy_200": 0.9181533333333334, "test_accuracy_200": 0.8710333333333334, "train_time_12": 130.13507795333862, "train_accuracy_12": 0.7240800000000001, "test_accuracy_12": 0.7047, "valtest_accuracy_200": 0.5623666666666667, "valtest_accuracy_12": 0.3186, "proxy_losses": [4.773065090179443, 3.8711750507354736, 3.3076090812683105, 2.9466445446014404, 2.6729419231414795, 2.4588661193847656, 2.2854506969451904, 2.169381618499756, 2.0792529582977295, 2.002304792404175, 1.9425029754638672, 1.898133635520935, 1.8579201698303223, 1.823469877243042, 1.7935972213745117, 1.7666585445404053, 1.7403558492660522, 1.7159351110458374, 1.6934105157852173, 1.6727876663208008, 1.6532734632492065, 1.6374272108078003, 1.6209250688552856, 1.6062575578689575, 1.5924527645111084, 1.5802230834960938, 1.567266821861267, 1.5560712814331055, 1.5455173254013062, 1.5354249477386475, 1.5257885456085205, 1.5182757377624512, 1.5078965425491333, 1.4982779026031494, 1.4898024797439575, 1.4804338216781616, 1.4719105958938599, 1.4660906791687012, 1.4595590829849243, 1.4517117738723755, 1.4451005458831787, 1.4380512237548828, 1.4305131435394287, 1.4255633354187012, 1.4192663431167603, 1.4115430116653442, 1.4065070152282715, 1.3980401754379272, 1.3960936069488525, 1.3890936374664307], "landscape_losses": [4.86647891998291, 3.938817262649536, 3.3622422218322754, 2.9058334827423096, 2.507509469985962, 2.1688201427459717, 1.8870980739593506, 1.664046287536621, 1.506480097770691, 1.4185302257537842, 1.3871947526931763], "proxy_train_time": 4.288504554890096, "proxy_train_epochs": 50, "dirty_bit": 1, "landscape_term": 5.181301211477577, "speed_term": 2.3461162956855186, "mote": 3.668569411741043}