{"id": 10976, "adj_matrix": [[0, 1, 1, 1], [0, 0, 1, 1], [0, 0, 0, 1], [0, 0, 0, 0]], "operations": ["avg_pool_3x3", "zeros", "nor_conv_1x1", "skip_connect", "nor_conv_3x3", "skip_connect"], "init_channel": 16, "blck_len": 5, "params": 0.344346, "flops": 47.10465, "latency": 0.015240570432261416, "train_per_time": 16.235299030939704, "train_time_200": 3247.0598061879405, "train_accuracy_200": 0.9874299999999999, "test_accuracy_200": 0.8988499999999999, "train_time_12": 194.82358837127683, "train_accuracy_12": 0.84736, "test_accuracy_12": 0.8321, "valtest_accuracy_200": 0.64045, "valtest_accuracy_12": 0.4829, "proxy_losses": [2.562947988510132, 1.9420816898345947, 1.774411678314209, 1.6863068342208862, 1.6271159648895264, 1.5829893350601196, 1.5421993732452393, 1.504546046257019, 1.4668383598327637, 1.434401035308838, 1.405290961265564, 1.3729393482208252, 1.3500021696090698, 1.3225464820861816, 1.3042484521865845, 1.2833435535430908, 1.2680559158325195, 1.2503740787506104, 1.2306525707244873, 1.2159316539764404, 1.2041385173797607, 1.1904423236846924, 1.177558183670044, 1.1711175441741943, 1.1562684774398804, 1.1457549333572388, 1.132153034210205, 1.128716230392456, 1.1200979948043823, 1.1114592552185059, 1.0986833572387695, 1.087041974067688, 1.0813349485397339, 1.0696251392364502, 1.0648326873779297, 1.0535805225372314, 1.0543972253799438, 1.0319658517837524, 1.018695592880249, 1.0136661529541016, 1.0073223114013672, 1.0058929920196533, 0.9993742108345032, 0.9823704957962036, 0.974311113357544, 0.9675095677375793, 0.9599632024765015, 0.9580755829811096, 0.960827648639679, 0.9561744332313538], "landscape_losses": [2.6791250705718994, 2.2157883644104004, 1.9555476903915405, 1.7713252305984497, 1.591304063796997, 1.436281681060791, 1.2900149822235107, 1.1527268886566162, 1.0465607643127441, 0.9759180545806885, 0.9414134621620178], "proxy_train_time": 7.244007112458348, "proxy_train_epochs": 50, "dirty_bit": 1, "landscape_term": 7.910247634841189, "speed_term": 5.840944962105701, "mote": 6.31562469233186}