{"id": 10997, "adj_matrix": [[0, 1, 1, 1], [0, 0, 1, 1], [0, 0, 0, 1], [0, 0, 0, 0]], "operations": ["avg_pool_3x3", "avg_pool_3x3", "skip_connect", "nor_conv_1x1", "zeros", "nor_conv_1x1"], "init_channel": 16, "blck_len": 5, "params": 0.129306, "flops": 15.64737, "latency": 0.015272005608207302, "train_per_time": 17.412052512168884, "train_time_200": 3482.410502433777, "train_accuracy_200": 0.97988, "test_accuracy_200": 0.8985, "train_time_12": 208.9446301460266, "train_accuracy_12": 0.80246, "test_accuracy_12": 0.7833, "valtest_accuracy_200": 0.6477, "valtest_accuracy_12": 0.39299999999999996, "proxy_losses": [2.4845683574676514, 2.158864736557007, 2.010887622833252, 1.919617772102356, 1.8525652885437012, 1.7988569736480713, 1.7604005336761475, 1.7314413785934448, 1.7042940855026245, 1.6786693334579468, 1.6538617610931396, 1.6312423944473267, 1.610123634338379, 1.5892525911331177, 1.569571614265442, 1.550115704536438, 1.5346786975860596, 1.514618992805481, 1.497860312461853, 1.4805446863174438, 1.466143012046814, 1.4502390623092651, 1.435305118560791, 1.4244091510772705, 1.4117622375488281, 1.3973251581192017, 1.38551664352417, 1.3697121143341064, 1.3604485988616943, 1.3486571311950684, 1.3352912664413452, 1.3242037296295166, 1.31117582321167, 1.3024653196334839, 1.2965351343154907, 1.290642261505127, 1.2781907320022583, 1.267724871635437, 1.252205729484558, 1.2437734603881836, 1.2338258028030396, 1.2221970558166504, 1.2130918502807617, 1.202561616897583, 1.1934055089950562, 1.1862242221832275, 1.1772959232330322, 1.1648939847946167, 1.1591869592666626, 1.149898648262024], "landscape_losses": [2.5518040657043457, 2.2538604736328125, 2.0456700325012207, 1.8830314874649048, 1.7321569919586182, 1.5960133075714111, 1.4704071283340454, 1.3559786081314087, 1.25831937789917, 1.1905417442321777, 1.1451164484024048], "proxy_train_time": 6.656501251272857, "proxy_train_epochs": 50, "dirty_bit": 1, "landscape_term": 6.984831524161134, "speed_term": 4.522918815631616, "mote": 5.430080335861457}