{"id": 11070, "adj_matrix": [[0, 1, 1, 1], [0, 0, 1, 1], [0, 0, 0, 1], [0, 0, 0, 0]], "operations": ["nor_conv_1x1", "nor_conv_3x3", "zeros", "zeros", "nor_conv_1x1", "skip_connect"], "init_channel": 16, "blck_len": 5, "params": 0.372346, "flops": 51.03681, "latency": 0.017061004513188413, "train_per_time": 17.990969737370857, "train_time_200": 3598.1939474741716, "train_accuracy_200": 0.99845, "test_accuracy_200": 0.9218500000000001, "train_time_12": 215.89163684844974, "train_accuracy_12": 0.87046, "test_accuracy_12": 0.8469, "valtest_accuracy_200": 0.69155, "valtest_accuracy_12": 0.48460000000000003, "proxy_losses": [2.29542875289917, 1.9430773258209229, 1.810799241065979, 1.727286696434021, 1.6644994020462036, 1.6123440265655518, 1.5686087608337402, 1.521536111831665, 1.4826914072036743, 1.4437381029129028, 1.4079874753952026, 1.3749241828918457, 1.342138648033142, 1.3133752346038818, 1.2871564626693726, 1.2602812051773071, 1.2428851127624512, 1.218990683555603, 1.1978732347488403, 1.1757652759552002, 1.157524585723877, 1.1447046995162964, 1.1259071826934814, 1.1142995357513428, 1.0956206321716309, 1.0823320150375366, 1.0600132942199707, 1.047000765800476, 1.0329338312149048, 1.0194299221038818, 1.004480004310608, 0.9985530376434326, 0.9916422963142395, 0.9758291840553284, 0.9621407985687256, 0.9514749050140381, 0.9423269629478455, 0.9306196570396423, 0.9249944090843201, 0.9101108312606812, 0.8989722728729248, 0.8916918039321899, 0.885668158531189, 0.8719663023948669, 0.8661173582077026, 0.8577246069908142, 0.854483425617218, 0.8506064414978027, 0.8454083800315857, 0.83157879114151], "landscape_losses": [2.390732765197754, 2.0798745155334473, 1.8570302724838257, 1.6626183986663818, 1.4757567644119263, 1.3026444911956787, 1.163620948791504, 1.0356773138046265, 0.940711498260498, 0.8634384870529175, 0.82773756980896], "proxy_train_time": 8.09222061559558, "proxy_train_epochs": 50, "dirty_bit": 1, "landscape_term": 8.738558474845306, "speed_term": 6.855775541127718, "mote": 7.052387258237331}