{"id": 11145, "adj_matrix": [[0, 1, 1, 1], [0, 0, 1, 1], [0, 0, 0, 1], [0, 0, 0, 0]], "operations": ["nor_conv_3x3", "nor_conv_3x3", "nor_conv_3x3", "skip_connect", "zeros", "skip_connect"], "init_channel": 16, "blck_len": 5, "params": 0.802426, "flops": 113.95137, "latency": 0.017639404849002234, "train_per_time": 19.87640865643825, "train_time_200": 3975.28173128765, "train_accuracy_200": 0.9997399999999999, "test_accuracy_200": 0.938, "train_time_12": 238.51690387725833, "train_accuracy_12": 0.91804, "test_accuracy_12": 0.8812000000000001, "valtest_accuracy_200": 0.7060500000000001, "valtest_accuracy_12": 0.5927, "proxy_losses": [2.2682957649230957, 1.745773434638977, 1.5825186967849731, 1.4811155796051025, 1.407865285873413, 1.3491934537887573, 1.2976466417312622, 1.2533873319625854, 1.2157618999481201, 1.1807104349136353, 1.149741530418396, 1.1156657934188843, 1.0838156938552856, 1.05641508102417, 1.0326647758483887, 1.0205612182617188, 0.9942312240600586, 0.9624925851821899, 0.9487607479095459, 0.9306738972663879, 0.9162750244140625, 0.8972998261451721, 0.8829485177993774, 0.8711633086204529, 0.8423925042152405, 0.8266456127166748, 0.8174750208854675, 0.7947232723236084, 0.7793477773666382, 0.7748401165008545, 0.7600575089454651, 0.7481730580329895, 0.7427428960800171, 0.7323451042175293, 0.7179350852966309, 0.7099359035491943, 0.7127832770347595, 0.7069330811500549, 0.6936196684837341, 0.6696422100067139, 0.6735121011734009, 0.6622969508171082, 0.6551424264907837, 0.6533305048942566, 0.654137134552002, 0.6371585130691528, 0.6385301947593689, 0.6322530508041382, 0.6146838665008545, 0.6011878848075867], "landscape_losses": [2.392749309539795, 1.9332222938537598, 1.6619055271148682, 1.4412513971328735, 1.2600810527801514, 1.0920008420944214, 0.9471120834350586, 0.8331073522567749, 0.7235680222511292, 0.6592400670051575, 0.6039893627166748], "proxy_train_time": 8.397802013903856, "proxy_train_epochs": 50, "dirty_bit": 1, "landscape_term": 10.750873926049634, "speed_term": 8.91546938744519, "mote": 8.710778020611114}