{"id": 11174, "adj_matrix": [[0, 1, 1, 1], [0, 0, 1, 1], [0, 0, 0, 1], [0, 0, 0, 0]], "operations": ["nor_conv_3x3", "avg_pool_3x3", "avg_pool_3x3", "skip_connect", "nor_conv_3x3", "zeros"], "init_channel": 16, "blck_len": 5, "params": 0.559386, "flops": 78.56193, "latency": 0.014724364406184146, "train_per_time": 19.50717043876648, "train_time_200": 3901.434087753296, "train_accuracy_200": 0.99969, "test_accuracy_200": 0.9377500000000001, "train_time_12": 234.08604526519775, "train_accuracy_12": 0.91372, "test_accuracy_12": 0.8795000000000001, "valtest_accuracy_200": 0.7040500000000001, "valtest_accuracy_12": 0.5865, "proxy_losses": [2.3404815196990967, 1.9455612897872925, 1.796897292137146, 1.6923911571502686, 1.608575701713562, 1.539282202720642, 1.4812895059585571, 1.4215723276138306, 1.3671051263809204, 1.319245457649231, 1.2751914262771606, 1.2361735105514526, 1.1984812021255493, 1.1713014841079712, 1.1389540433883667, 1.1161538362503052, 1.0845701694488525, 1.060600757598877, 1.0428247451782227, 1.022376537322998, 1.0010906457901, 0.988990068435669, 0.9741408228874207, 0.9602339863777161, 0.9393226504325867, 0.9251392483711243, 0.9069146513938904, 0.8921452164649963, 0.8774675726890564, 0.8644362092018127, 0.8543598651885986, 0.8478653430938721, 0.8288600444793701, 0.8216726779937744, 0.8197428584098816, 0.8100239038467407, 0.7914835810661316, 0.778171956539154, 0.7645702362060547, 0.7544538974761963, 0.754280686378479, 0.751142680644989, 0.7483986020088196, 0.7309713959693909, 0.7139270901679993, 0.7146923542022705, 0.709272563457489, 0.6950156092643738, 0.6883310675621033, 0.684159517288208], "landscape_losses": [2.4705231189727783, 2.086940288543701, 1.847338318824768, 1.624108910560608, 1.4041335582733154, 1.2163801193237305, 1.0390046834945679, 0.8997172117233276, 0.7956497073173523, 0.7112990617752075, 0.6799619793891907], "proxy_train_time": 7.795503006316721, "proxy_train_epochs": 50, "dirty_bit": 1, "landscape_term": 9.782582270009241, "speed_term": 7.431322671665142, "mote": 7.839178706316196}