{"id": 11236, "adj_matrix": [[0, 1, 1, 1], [0, 0, 1, 1], [0, 0, 0, 1], [0, 0, 0, 0]], "operations": ["skip_connect", "zeros", "avg_pool_3x3", "zeros", "nor_conv_3x3", "nor_conv_3x3"], "init_channel": 16, "blck_len": 5, "params": 0.559386, "flops": 78.56193, "latency": 0.01566465695699056, "train_per_time": 17.405655185381526, "train_time_200": 3481.1310370763053, "train_accuracy_200": 0.9973399999999999, "test_accuracy_200": 0.9225666666666666, "train_time_12": 208.86786222457883, "train_accuracy_12": 0.7777, "test_accuracy_12": 0.7629, "valtest_accuracy_200": 0.6748999999999999, "valtest_accuracy_12": 0.3836, "proxy_losses": [2.149277925491333, 1.791094183921814, 1.688646674156189, 1.624517560005188, 1.5776607990264893, 1.539764404296875, 1.501400351524353, 1.4674569368362427, 1.4348552227020264, 1.3979847431182861, 1.3639721870422363, 1.3262660503387451, 1.2953563928604126, 1.2617582082748413, 1.2382475137710571, 1.2069439888000488, 1.1843549013137817, 1.160116195678711, 1.1369966268539429, 1.1094896793365479, 1.0960203409194946, 1.0718493461608887, 1.0539672374725342, 1.0401935577392578, 1.0237354040145874, 1.0066847801208496, 0.9922058582305908, 0.970867395401001, 0.9611048698425293, 0.9505494236946106, 0.9396142363548279, 0.9250101447105408, 0.9180626273155212, 0.8984532952308655, 0.8880782127380371, 0.8785560727119446, 0.8691383600234985, 0.8616877198219299, 0.8582197427749634, 0.8503925800323486, 0.8514416217803955, 0.8422855734825134, 0.822133481502533, 0.8264686465263367, 0.809246301651001, 0.8016594052314758, 0.8049400448799133, 0.7996569275856018, 0.7792330384254456, 0.7698525786399841], "landscape_losses": [2.28303861618042, 1.9535459280014038, 1.767852783203125, 1.607923150062561, 1.430883765220642, 1.2682769298553467, 1.1228934526443481, 0.9912941455841064, 0.8901636004447937, 0.8100944757461548, 0.7673988342285156], "proxy_train_time": 7.60313871037215, "proxy_train_epochs": 50, "dirty_bit": 1, "landscape_term": 9.185075810991245, "speed_term": 6.835207351616178, "mote": 7.344205800518696}