{"id": 11301, "adj_matrix": [[0, 1, 1, 1], [0, 0, 1, 1], [0, 0, 0, 1], [0, 0, 0, 0]], "operations": ["nor_conv_1x1", "zeros", "nor_conv_1x1", "skip_connect", "nor_conv_1x1", "nor_conv_1x1"], "init_channel": 16, "blck_len": 5, "params": 0.185306, "flops": 23.51169, "latency": 0.01889688717691522, "train_per_time": 20.59404877821599, "train_time_200": 4118.809755643198, "train_accuracy_200": 0.991, "test_accuracy_200": 0.90815, "train_time_12": 247.1285853385925, "train_accuracy_12": 0.8564799999999999, "test_accuracy_12": 0.8323999999999999, "valtest_accuracy_200": 0.6804499999999999, "valtest_accuracy_12": 0.4927, "proxy_losses": [2.54386830329895, 2.092949390411377, 1.9140585660934448, 1.809935212135315, 1.7405314445495605, 1.6887381076812744, 1.6435097455978394, 1.6026111841201782, 1.5659981966018677, 1.5313475131988525, 1.5016881227493286, 1.4747085571289062, 1.4504311084747314, 1.4286068677902222, 1.4083373546600342, 1.3873251676559448, 1.369472861289978, 1.351548671722412, 1.3325666189193726, 1.316698670387268, 1.3053499460220337, 1.2875034809112549, 1.27019202709198, 1.2574533224105835, 1.246930718421936, 1.2332701683044434, 1.221560001373291, 1.2074857950210571, 1.1945425271987915, 1.1817466020584106, 1.1743155717849731, 1.163974642753601, 1.1525499820709229, 1.1421468257904053, 1.129332184791565, 1.1194509267807007, 1.1081966161727905, 1.098931074142456, 1.0890390872955322, 1.081486701965332, 1.069393515586853, 1.0601760149002075, 1.0493299961090088, 1.0426017045974731, 1.0366181135177612, 1.038535475730896, 1.028335690498352, 1.0208359956741333, 1.0128151178359985, 1.0086365938186646], "landscape_losses": [2.6563055515289307, 2.2823994159698486, 2.0129401683807373, 1.7975969314575195, 1.6161211729049683, 1.450798511505127, 1.3100351095199585, 1.1882039308547974, 1.0996226072311401, 1.0308233499526978, 1.0010912418365479], "proxy_train_time": 8.55099132657051, "proxy_train_epochs": 50, "dirty_bit": 1, "landscape_term": 7.659079058148688, "speed_term": 6.459655985746772, "mote": 6.259051784233858}