{"id": 11336, "adj_matrix": [[0, 1, 1, 1], [0, 0, 1, 1], [0, 0, 0, 1], [0, 0, 0, 0]], "operations": ["nor_conv_3x3", "nor_conv_1x1", "zeros", "skip_connect", "skip_connect", "skip_connect"], "init_channel": 16, "blck_len": 5, "params": 0.344346, "flops": 47.10465, "latency": 0.013587823039606997, "train_per_time": 14.016269763310767, "train_time_200": 2803.2539526621536, "train_accuracy_200": 0.9977333333333332, "test_accuracy_200": 0.9196999999999999, "train_time_12": 168.195237159729, "train_accuracy_12": 0.8869400000000001, "test_accuracy_12": 0.8583, "valtest_accuracy_200": 0.6721666666666666, "valtest_accuracy_12": 0.5347999999999999, "proxy_losses": [2.7444586753845215, 2.1405603885650635, 1.9192396402359009, 1.811821460723877, 1.7468687295913696, 1.6949502229690552, 1.6490297317504883, 1.6091195344924927, 1.5719457864761353, 1.5387378931045532, 1.5084558725357056, 1.4770702123641968, 1.44915771484375, 1.4240339994430542, 1.4035592079162598, 1.3794713020324707, 1.3607604503631592, 1.344249963760376, 1.3248612880706787, 1.3079849481582642, 1.2920658588409424, 1.276477575302124, 1.262451410293579, 1.2431083917617798, 1.23297119140625, 1.221828579902649, 1.2083104848861694, 1.1962770223617554, 1.185666561126709, 1.1762826442718506, 1.159256100654602, 1.1522316932678223, 1.1381536722183228, 1.1288365125656128, 1.1238799095153809, 1.10905122756958, 1.1059232950210571, 1.0929601192474365, 1.0800211429595947, 1.0712904930114746, 1.0670466423034668, 1.0514527559280396, 1.0537549257278442, 1.045412302017212, 1.0348832607269287, 1.0278527736663818, 1.0155469179153442, 1.0048466920852661, 1.0012602806091309, 1.0031698942184448], "landscape_losses": [2.8421573638916016, 2.3347249031066895, 2.049830675125122, 1.8368099927902222, 1.6422410011291504, 1.4746736288070679, 1.3319886922836304, 1.213504672050476, 1.1157000064849854, 1.037514328956604, 0.9998753070831299], "proxy_train_time": 6.106096935458481, "proxy_train_epochs": 50, "dirty_bit": 1, "landscape_term": 7.534550540308025, "speed_term": 4.614043713188572, "mote": 5.823304246966266}