{"id": 11384, "adj_matrix": [[0, 1, 1, 1], [0, 0, 1, 1], [0, 0, 0, 1], [0, 0, 0, 0]], "operations": ["nor_conv_1x1", "nor_conv_3x3", "nor_conv_1x1", "nor_conv_3x3", "skip_connect", "avg_pool_3x3"], "init_channel": 16, "blck_len": 5, "params": 0.615386, "flops": 86.42625, "latency": 0.018860583242617156, "train_per_time": 24.169951796531677, "train_time_200": 4833.990359306335, "train_accuracy_200": 0.99762, "test_accuracy_200": 0.92425, "train_time_12": 290.0394215583801, "train_accuracy_12": 0.8344799999999999, "test_accuracy_12": 0.8209000000000001, "valtest_accuracy_200": 0.6879499999999998, "valtest_accuracy_12": 0.44170000000000004, "proxy_losses": [2.3177523612976074, 1.8284024000167847, 1.714193344116211, 1.617879867553711, 1.547136902809143, 1.4822132587432861, 1.4329829216003418, 1.3901240825653076, 1.3536080121994019, 1.318841814994812, 1.285347819328308, 1.2577152252197266, 1.2301427125930786, 1.207088828086853, 1.1845884323120117, 1.1620334386825562, 1.1447659730911255, 1.1225441694259644, 1.1017115116119385, 1.0833940505981445, 1.0713114738464355, 1.0559391975402832, 1.0427634716033936, 1.027943730354309, 1.021877646446228, 1.0, 0.9885660409927368, 0.9744417071342468, 0.9565308690071106, 0.9453307390213013, 0.9296489357948303, 0.9145936369895935, 0.911750078201294, 0.8973091840744019, 0.8903738260269165, 0.8722635507583618, 0.8613117337226868, 0.8487842082977295, 0.8464978337287903, 0.8367276191711426, 0.8216094970703125, 0.8133519291877747, 0.8155807256698608, 0.8025194406509399, 0.7911519408226013, 0.783886194229126, 0.7711544036865234, 0.7635260224342346, 0.7516810894012451, 0.7512938976287842], "landscape_losses": [2.4175546169281006, 1.9907758235931396, 1.7690867185592651, 1.5865603685379028, 1.408414363861084, 1.2578517198562622, 1.133621335029602, 1.0070030689239502, 0.8891636729240417, 0.7907846570014954, 0.7633305788040161], "proxy_train_time": 9.34059165045619, "proxy_train_epochs": 50, "dirty_bit": 1, "landscape_term": 9.190982086409909, "speed_term": 8.562721844979574, "mote": 7.637631804199203}