{"id": 114, "adj_matrix": [[0, 1, 1, 1], [0, 0, 1, 1], [0, 0, 0, 1], [0, 0, 0, 0]], "operations": ["avg_pool_3x3", "zeros", "nor_conv_3x3", "skip_connect", "nor_conv_3x3", "zeros"], "init_channel": 16, "blck_len": 5, "params": 0.559386, "flops": 78.56193, "latency": 0.015512196641219287, "train_per_time": 17.878825545310974, "train_time_200": 3575.765109062195, "train_accuracy_200": 0.9878533333333333, "test_accuracy_200": 0.9023333333333334, "train_time_12": 214.5459065437317, "train_accuracy_12": 0.8519199999999999, "test_accuracy_12": 0.8351999999999999, "valtest_accuracy_200": 0.6421333333333332, "valtest_accuracy_12": 0.48869999999999997, "proxy_losses": [2.3226733207702637, 1.9235427379608154, 1.8036742210388184, 1.7369797229766846, 1.6906185150146484, 1.6484332084655762, 1.6115362644195557, 1.575337290763855, 1.5400245189666748, 1.5041427612304688, 1.472182273864746, 1.4434376955032349, 1.4131839275360107, 1.3870974779129028, 1.3593498468399048, 1.3329954147338867, 1.3121000528335571, 1.2902321815490723, 1.2726693153381348, 1.2593905925750732, 1.2407574653625488, 1.2319777011871338, 1.2224842309951782, 1.2066566944122314, 1.1957175731658936, 1.1877244710922241, 1.171028971672058, 1.1584503650665283, 1.1468876600265503, 1.136438012123108, 1.1301182508468628, 1.1278992891311646, 1.1118664741516113, 1.1019257307052612, 1.0954405069351196, 1.0838888883590698, 1.07664155960083, 1.0742721557617188, 1.0677146911621094, 1.0602941513061523, 1.0435729026794434, 1.0387141704559326, 1.0302886962890625, 1.0326707363128662, 1.0246978998184204, 1.0139579772949219, 1.0094085931777954, 1.0057404041290283, 0.9874333739280701, 0.9752322435379028], "landscape_losses": [2.4260051250457764, 2.1095786094665527, 1.907590627670288, 1.751526951789856, 1.5992830991744995, 1.463657021522522, 1.3533724546432495, 1.226714849472046, 1.1184449195861816, 1.0294229984283447, 0.9733003973960876], "proxy_train_time": 7.863028747960925, "proxy_train_epochs": 50, "dirty_bit": 1, "landscape_term": 7.736909668370923, "speed_term": 6.1536155052632155, "mote": 6.256346050918861}