{"id": 11462, "adj_matrix": [[0, 1, 1, 1], [0, 0, 1, 1], [0, 0, 0, 1], [0, 0, 0, 0]], "operations": ["nor_conv_3x3", "nor_conv_3x3", "skip_connect", "nor_conv_3x3", "avg_pool_3x3", "skip_connect"], "init_channel": 16, "blck_len": 5, "params": 0.802426, "flops": 113.95137, "latency": 0.017225519606941624, "train_per_time": 21.832907795906067, "train_time_200": 4366.581559181213, "train_accuracy_200": 0.99696, "test_accuracy_200": 0.9217, "train_time_12": 261.9948935508728, "train_accuracy_12": 0.83138, "test_accuracy_12": 0.8184, "valtest_accuracy_200": 0.6707, "valtest_accuracy_12": 0.446, "proxy_losses": [2.4659106731414795, 1.8410437107086182, 1.659682035446167, 1.5574898719787598, 1.4843955039978027, 1.4194337129592896, 1.3693169355392456, 1.3259491920471191, 1.289506196975708, 1.2581404447555542, 1.231339693069458, 1.2069019079208374, 1.1854939460754395, 1.163284420967102, 1.1463475227355957, 1.1314464807510376, 1.1190886497497559, 1.0950483083724976, 1.079391360282898, 1.0579074621200562, 1.0490230321884155, 1.0432745218276978, 1.0263035297393799, 1.0140372514724731, 1.0009456872940063, 0.9890681505203247, 0.9712485074996948, 0.9590347409248352, 0.9495165944099426, 0.9372311234474182, 0.9314480423927307, 0.9148457050323486, 0.9026016592979431, 0.89058917760849, 0.8860347867012024, 0.8811607360839844, 0.8664020299911499, 0.8626303672790527, 0.8486660122871399, 0.8433465957641602, 0.8327040076255798, 0.8291589617729187, 0.8164451122283936, 0.8209426999092102, 0.8029064536094666, 0.7909569144248962, 0.7874730229377747, 0.7799637913703918, 0.7738052010536194, 0.7669469118118286], "landscape_losses": [2.5640950202941895, 2.0511882305145264, 1.8008906841278076, 1.6038097143173218, 1.407184362411499, 1.2452276945114136, 1.1065930128097534, 0.9898804426193237, 0.8808407187461853, 0.7936208844184875, 0.7572001218795776], "proxy_train_time": 8.09212095476687, "proxy_train_epochs": 50, "dirty_bit": 1, "landscape_term": 9.199903481250832, "speed_term": 7.512762361303854, "mote": 7.470545780290721}