{"id": 11494, "adj_matrix": [[0, 1, 1, 1], [0, 0, 1, 1], [0, 0, 0, 1], [0, 0, 0, 0]], "operations": ["nor_conv_3x3", "nor_conv_3x3", "skip_connect", "nor_conv_1x1", "zeros", "avg_pool_3x3"], "init_channel": 16, "blck_len": 5, "params": 0.587386, "flops": 82.49409, "latency": 0.01875503125943636, "train_per_time": 20.91908792654668, "train_time_200": 4183.817585309336, "train_accuracy_200": 0.9913599999999999, "test_accuracy_200": 0.91435, "train_time_12": 251.02905511856076, "train_accuracy_12": 0.76464, "test_accuracy_12": 0.7465, "valtest_accuracy_200": 0.67285, "valtest_accuracy_12": 0.41479999999999995, "proxy_losses": [2.496356725692749, 1.9759494066238403, 1.8470765352249146, 1.7588129043579102, 1.6887102127075195, 1.6293219327926636, 1.5811662673950195, 1.538688063621521, 1.4992055892944336, 1.4581632614135742, 1.4251058101654053, 1.3917707204818726, 1.3645919561386108, 1.336210012435913, 1.3125388622283936, 1.2907596826553345, 1.2654050588607788, 1.246306300163269, 1.2249575853347778, 1.212310791015625, 1.1928071975708008, 1.1809773445129395, 1.1602293252944946, 1.143668532371521, 1.1321735382080078, 1.119113802909851, 1.1082124710083008, 1.08717942237854, 1.0688679218292236, 1.0625041723251343, 1.0432116985321045, 1.0306357145309448, 1.0197702646255493, 1.0044773817062378, 1.0013370513916016, 0.9874559640884399, 0.9712191224098206, 0.9746330976486206, 0.9627414345741272, 0.9488499760627747, 0.9436368942260742, 0.9386749863624573, 0.9187180399894714, 0.9202420115470886, 0.900336742401123, 0.8953037858009338, 0.8878833055496216, 0.8736558556556702, 0.8708587884902954, 0.861594021320343], "landscape_losses": [2.604743003845215, 2.1788387298583984, 1.9340343475341797, 1.7200872898101807, 1.5480566024780273, 1.366978645324707, 1.2313276529312134, 1.1012160778045654, 1.0029083490371704, 0.9014610648155212, 0.8527567386627197], "proxy_train_time": 8.32847461849451, "proxy_train_epochs": 50, "dirty_bit": 1, "landscape_term": 8.318102615089977, "speed_term": 6.854217716635242, "mote": 6.771999224849902}