{"id": 11492, "adj_matrix": [[0, 1, 1, 1], [0, 0, 1, 1], [0, 0, 0, 1], [0, 0, 0, 0]], "operations": ["zeros", "nor_conv_1x1", "nor_conv_1x1", "skip_connect", "skip_connect", "nor_conv_1x1"], "init_channel": 16, "blck_len": 5, "params": 0.157306, "flops": 19.57953, "latency": 0.01609995490626285, "train_per_time": 17.075042446454407, "train_time_200": 3415.0084892908817, "train_accuracy_200": 0.98646, "test_accuracy_200": 0.9050999999999999, "train_time_12": 204.90050935745242, "train_accuracy_12": 0.8558, "test_accuracy_12": 0.8354, "valtest_accuracy_200": 0.67205, "valtest_accuracy_12": 0.4974, "proxy_losses": [2.5870907306671143, 2.2874648571014404, 2.130202293395996, 2.023444175720215, 1.9389629364013672, 1.8774101734161377, 1.8267357349395752, 1.7801942825317383, 1.7384843826293945, 1.7037701606750488, 1.67048978805542, 1.6414457559585571, 1.614320158958435, 1.5908702611923218, 1.5682774782180786, 1.5488516092300415, 1.528456211090088, 1.510717749595642, 1.4932777881622314, 1.477147102355957, 1.4629089832305908, 1.4443649053573608, 1.4311853647232056, 1.415181279182434, 1.405860185623169, 1.3908138275146484, 1.3795065879821777, 1.3643474578857422, 1.3525840044021606, 1.3400334119796753, 1.3272101879119873, 1.3170621395111084, 1.3069087266921997, 1.2986162900924683, 1.286163568496704, 1.2761125564575195, 1.265343427658081, 1.2584476470947266, 1.247572422027588, 1.236950397491455, 1.23103666305542, 1.2200300693511963, 1.2126431465148926, 1.2016384601593018, 1.1942951679229736, 1.1851248741149902, 1.1763055324554443, 1.1662896871566772, 1.1603904962539673, 1.1522668600082397], "landscape_losses": [2.655198335647583, 2.387820243835449, 2.18682861328125, 1.9934966564178467, 1.811763882637024, 1.6421306133270264, 1.488447904586792, 1.3589783906936646, 1.2559715509414673, 1.1841180324554443, 1.1444587707519531], "proxy_train_time": 7.3713125213980675, "proxy_train_epochs": 50, "dirty_bit": 1, "landscape_term": 6.837409206570035, "speed_term": 4.964193944382031, "mote": 5.417880553375894}