{"id": 11532, "adj_matrix": [[0, 1, 1, 1], [0, 0, 1, 1], [0, 0, 0, 1], [0, 0, 0, 0]], "operations": ["nor_conv_3x3", "zeros", "nor_conv_3x3", "avg_pool_3x3", "nor_conv_1x1", "zeros"], "init_channel": 16, "blck_len": 5, "params": 0.587386, "flops": 82.49409, "latency": 0.01722183353022525, "train_per_time": 20.769286314646347, "train_time_200": 4153.857262929269, "train_accuracy_200": 0.99842, "test_accuracy_200": 0.9196000000000001, "train_time_12": 249.2314357757568, "train_accuracy_12": 0.85348, "test_accuracy_12": 0.8293, "valtest_accuracy_200": 0.6746500000000001, "valtest_accuracy_12": 0.5022, "proxy_losses": [2.489471673965454, 2.0428659915924072, 1.8615450859069824, 1.749754548072815, 1.670626163482666, 1.612215280532837, 1.562361717224121, 1.519362449645996, 1.4862643480300903, 1.4530750513076782, 1.425499439239502, 1.3907359838485718, 1.3669843673706055, 1.342017412185669, 1.3171800374984741, 1.2956527471542358, 1.2743641138076782, 1.2540606260299683, 1.2346757650375366, 1.2151743173599243, 1.2049872875213623, 1.1824947595596313, 1.1671603918075562, 1.1458015441894531, 1.1342684030532837, 1.1220072507858276, 1.106353759765625, 1.0932159423828125, 1.0762450695037842, 1.0650690793991089, 1.0436668395996094, 1.0319621562957764, 1.015055537223816, 1.0081324577331543, 0.9984811544418335, 0.9873345494270325, 0.9729936718940735, 0.9615504145622253, 0.9469218850135803, 0.9382039308547974, 0.9238328337669373, 0.9178414344787598, 0.9112486243247986, 0.9016168117523193, 0.8877159953117371, 0.8736362457275391, 0.8656729459762573, 0.8574214577674866, 0.8484561443328857, 0.8359696269035339], "landscape_losses": [2.6095240116119385, 2.222259283065796, 1.9568332433700562, 1.7279995679855347, 1.5248253345489502, 1.3476234674453735, 1.1963304281234741, 1.0569243431091309, 0.9510700106620789, 0.877324104309082, 0.8340303897857666], "proxy_train_time": 9.09326212387532, "proxy_train_epochs": 50, "dirty_bit": 1, "landscape_term": 8.49310257776742, "speed_term": 7.5040282135668335, "mote": 7.000581981850679}