{"id": 11538, "adj_matrix": [[0, 1, 1, 1], [0, 0, 1, 1], [0, 0, 0, 1], [0, 0, 0, 0]], "operations": ["skip_connect", "nor_conv_1x1", "avg_pool_3x3", "skip_connect", "skip_connect", "skip_connect"], "init_channel": 16, "blck_len": 5, "params": 0.101306, "flops": 11.71521, "latency": 0.0108697163431268, "train_per_time": 10.681244770685856, "train_time_200": 2136.248954137171, "train_accuracy_200": 0.8132799999999999, "test_accuracy_200": 0.7931666666666668, "train_time_12": 128.17493724823, "train_accuracy_12": 0.60158, "test_accuracy_12": 0.5834, "valtest_accuracy_200": 0.4525333333333333, "valtest_accuracy_12": 0.2379, "proxy_losses": [5.062107563018799, 3.7395265102386475, 2.987140655517578, 2.6366004943847656, 2.345123291015625, 2.1598825454711914, 2.0181121826171875, 1.891722321510315, 1.8101216554641724, 1.7585090398788452, 1.7243767976760864, 1.6920818090438843, 1.668014407157898, 1.6474266052246094, 1.6268315315246582, 1.6100318431854248, 1.595512866973877, 1.5810467004776, 1.5675008296966553, 1.554730772972107, 1.5419011116027832, 1.5330109596252441, 1.5209040641784668, 1.5122424364089966, 1.5053629875183105, 1.49531888961792, 1.48887038230896, 1.480420708656311, 1.4745526313781738, 1.4658818244934082, 1.460418701171875, 1.4517583847045898, 1.4438695907592773, 1.4404023885726929, 1.4320111274719238, 1.4228053092956543, 1.4183411598205566, 1.408791184425354, 1.4031976461410522, 1.398715853691101, 1.3902398347854614, 1.3863049745559692, 1.377363920211792, 1.3751248121261597, 1.3715075254440308, 1.3666744232177734, 1.3611279726028442, 1.3552569150924683, 1.3489933013916016, 1.3500570058822632], "landscape_losses": [5.184895038604736, 4.153842926025391, 3.5079782009124756, 3.0244972705841064, 2.6018292903900146, 2.2253825664520264, 1.892364501953125, 1.6383967399597168, 1.4891663789749146, 1.3949090242385864, 1.34725821018219], "proxy_train_time": 4.24884142819792, "proxy_train_epochs": 50, "dirty_bit": 1, "landscape_term": 5.152462397355202, "speed_term": 2.4801244119023975, "mote": 3.682949062352742}