{"id": 11632, "adj_matrix": [[0, 1, 1, 1], [0, 0, 1, 1], [0, 0, 0, 1], [0, 0, 0, 0]], "operations": ["avg_pool_3x3", "nor_conv_1x1", "skip_connect", "avg_pool_3x3", "nor_conv_1x1", "nor_conv_3x3"], "init_channel": 16, "blck_len": 5, "params": 0.372346, "flops": 51.03681, "latency": 0.017423937195225767, "train_per_time": 21.524712959925292, "train_time_200": 4304.942591985058, "train_accuracy_200": 0.99422, "test_accuracy_200": 0.90105, "train_time_12": 258.29655551910395, "train_accuracy_12": 0.7963, "test_accuracy_12": 0.7847, "valtest_accuracy_200": 0.6365999999999999, "valtest_accuracy_12": 0.40549999999999997, "proxy_losses": [2.6524641513824463, 2.019033670425415, 1.818029522895813, 1.7093729972839355, 1.6354308128356934, 1.5737954378128052, 1.5222303867340088, 1.4756414890289307, 1.4396661520004272, 1.4023267030715942, 1.3714340925216675, 1.3413872718811035, 1.315043330192566, 1.2921005487442017, 1.2708427906036377, 1.2494876384735107, 1.2274690866470337, 1.2125095129013062, 1.193229079246521, 1.184370756149292, 1.164536952972412, 1.1460227966308594, 1.129746675491333, 1.113858938217163, 1.0975916385650635, 1.0816055536270142, 1.0713796615600586, 1.0513346195220947, 1.0436161756515503, 1.0372263193130493, 1.0252045392990112, 1.0143086910247803, 0.9963352680206299, 0.985450267791748, 0.975293755531311, 0.9655807614326477, 0.9510442614555359, 0.9399914145469666, 0.9302234649658203, 0.9190826416015625, 0.911148726940155, 0.9026775360107422, 0.9050880670547485, 0.892611026763916, 0.8851627111434937, 0.8752601742744446, 0.8682824373245239, 0.8673334717750549, 0.8545475602149963, 0.8406955003738403], "landscape_losses": [2.784456491470337, 2.247127056121826, 1.953841209411621, 1.734206199645996, 1.5414437055587769, 1.3609589338302612, 1.2121503353118896, 1.077043890953064, 0.9679860472679138, 0.8745478391647339, 0.8296051621437073], "proxy_train_time": 7.82104274071753, "proxy_train_epochs": 50, "dirty_bit": 1, "landscape_term": 8.411473604471439, "speed_term": 6.589125694822634, "mote": 6.787622594648212}