{"id": 11642, "adj_matrix": [[0, 1, 1, 1], [0, 0, 1, 1], [0, 0, 0, 1], [0, 0, 0, 0]], "operations": ["nor_conv_1x1", "avg_pool_3x3", "avg_pool_3x3", "zeros", "zeros", "nor_conv_3x3"], "init_channel": 16, "blck_len": 5, "params": 0.344346, "flops": 47.10465, "latency": 0.01596447041160182, "train_per_time": 18.90343987941742, "train_time_200": 3780.687975883484, "train_accuracy_200": 0.9632, "test_accuracy_200": 0.8854500000000001, "train_time_12": 226.84127855300903, "train_accuracy_12": 0.6444, "test_accuracy_12": 0.6476000000000001, "valtest_accuracy_200": 0.61125, "valtest_accuracy_12": 0.2325, "proxy_losses": [2.1522018909454346, 1.9049476385116577, 1.8189343214035034, 1.755615472793579, 1.707651138305664, 1.6671044826507568, 1.6308681964874268, 1.595171332359314, 1.5625371932983398, 1.5305551290512085, 1.4959275722503662, 1.4607079029083252, 1.4299348592758179, 1.3990657329559326, 1.3655809164047241, 1.3361057043075562, 1.2996939420700073, 1.2725775241851807, 1.245793104171753, 1.2175936698913574, 1.1937949657440186, 1.172448754310608, 1.1433180570602417, 1.1304936408996582, 1.107445478439331, 1.078209400177002, 1.066348671913147, 1.0497175455093384, 1.032570242881775, 1.0144997835159302, 0.9931458830833435, 0.9806183576583862, 0.9613824486732483, 0.950850784778595, 0.9372885823249817, 0.9205273389816284, 0.9215322136878967, 0.913703203201294, 0.8913002014160156, 0.8827350735664368, 0.8712054491043091, 0.8607684373855591, 0.8691351413726807, 0.8490277528762817, 0.8319548964500427, 0.8214409351348877, 0.8138824105262756, 0.8008288741111755, 0.7924805283546448, 0.7878382802009583], "landscape_losses": [2.2496256828308105, 2.005415201187134, 1.852434515953064, 1.7044742107391357, 1.5577958822250366, 1.4251588582992554, 1.2662874460220337, 1.1198959350585938, 0.9842943549156189, 0.8760172128677368, 0.7841271162033081], "proxy_train_time": 7.660835792310536, "proxy_train_epochs": 50, "dirty_bit": 1, "landscape_term": 8.528738356700721, "speed_term": 6.438860906627137, "mote": 6.839000699400323}