{"id": 11659, "adj_matrix": [[0, 1, 1, 1], [0, 0, 1, 1], [0, 0, 0, 1], [0, 0, 0, 0]], "operations": ["nor_conv_1x1", "nor_conv_1x1", "skip_connect", "nor_conv_3x3", "skip_connect", "nor_conv_1x1"], "init_channel": 16, "blck_len": 5, "params": 0.400346, "flops": 54.96897, "latency": 0.017551792295355546, "train_per_time": 21.247328599294075, "train_time_200": 4249.465719858815, "train_accuracy_200": 0.99832, "test_accuracy_200": 0.9243000000000001, "train_time_12": 254.96794319152835, "train_accuracy_12": 0.87458, "test_accuracy_12": 0.845, "valtest_accuracy_200": 0.6912999999999999, "valtest_accuracy_12": 0.4988, "proxy_losses": [2.2574121952056885, 1.8441187143325806, 1.706388235092163, 1.62401282787323, 1.5715123414993286, 1.5230686664581299, 1.4803718328475952, 1.443819522857666, 1.4061753749847412, 1.3734073638916016, 1.3435968160629272, 1.3133728504180908, 1.2888264656066895, 1.2628298997879028, 1.239277720451355, 1.217207670211792, 1.1970254182815552, 1.179930567741394, 1.160880446434021, 1.1389451026916504, 1.1232430934906006, 1.1096731424331665, 1.090478777885437, 1.082026481628418, 1.0683246850967407, 1.0509889125823975, 1.0382436513900757, 1.0287154912948608, 1.013447642326355, 1.000159740447998, 0.9839886426925659, 0.9723829030990601, 0.9661392569541931, 0.9488975405693054, 0.9422483444213867, 0.9426916241645813, 0.9337152242660522, 0.9187870025634766, 0.8995183706283569, 0.8970503211021423, 0.8842368125915527, 0.8827058672904968, 0.8717706799507141, 0.864460825920105, 0.8580222725868225, 0.8416495323181152, 0.8343359231948853, 0.8248855471611023, 0.819625973701477, 0.8151572346687317], "landscape_losses": [2.3506662845611572, 2.011915922164917, 1.8190820217132568, 1.648295521736145, 1.4799565076828003, 1.346100091934204, 1.2032036781311035, 1.0990853309631348, 0.9524441361427307, 0.8491460680961609, 0.8064966201782227], "proxy_train_time": 8.207236709073186, "proxy_train_epochs": 50, "dirty_bit": 1, "landscape_term": 8.70592422865522, "speed_term": 7.189271577083142, "mote": 7.088550516423082}