{"id": 11679, "adj_matrix": [[0, 1, 1, 1], [0, 0, 1, 1], [0, 0, 0, 1], [0, 0, 0, 0]], "operations": ["skip_connect", "zeros", "avg_pool_3x3", "nor_conv_3x3", "avg_pool_3x3", "nor_conv_1x1"], "init_channel": 16, "blck_len": 5, "params": 0.344346, "flops": 47.10465, "latency": 0.014757331003222551, "train_per_time": 18.019041180610657, "train_time_200": 3603.8082361221313, "train_accuracy_200": 0.9960133333333333, "test_accuracy_200": 0.9110333333333334, "train_time_12": 216.22849416732788, "train_accuracy_12": 0.7977200000000001, "test_accuracy_12": 0.7853, "valtest_accuracy_200": 0.6529, "valtest_accuracy_12": 0.41200000000000003, "proxy_losses": [3.054377555847168, 2.2539684772491455, 1.9746021032333374, 1.846441388130188, 1.7789294719696045, 1.7306241989135742, 1.6887668371200562, 1.647824764251709, 1.6112128496170044, 1.570104956626892, 1.5318313837051392, 1.4983069896697998, 1.46614408493042, 1.4368419647216797, 1.4106534719467163, 1.3873071670532227, 1.3653346300125122, 1.3443316221237183, 1.3255829811096191, 1.3083610534667969, 1.2860510349273682, 1.271365761756897, 1.2541812658309937, 1.2397106885910034, 1.225297212600708, 1.2131469249725342, 1.2055035829544067, 1.1976908445358276, 1.179065227508545, 1.1657843589782715, 1.1565333604812622, 1.1433393955230713, 1.1297435760498047, 1.1195937395095825, 1.1046960353851318, 1.0921852588653564, 1.0815595388412476, 1.0727897882461548, 1.0658882856369019, 1.0546224117279053, 1.0430338382720947, 1.033257246017456, 1.0265554189682007, 1.0156720876693726, 1.0040946006774902, 1.0000392198562622, 0.9951473474502563, 0.9861815571784973, 0.9799330234527588, 0.9684423804283142], "landscape_losses": [3.160993814468384, 2.4933958053588867, 2.1510422229766846, 1.9221971035003662, 1.693056583404541, 1.5244145393371582, 1.360370397567749, 1.225614070892334, 1.1072510480880737, 1.0044480562210083, 0.9605302810668945], "proxy_train_time": 7.782544870860875, "proxy_train_epochs": 50, "dirty_bit": 1, "landscape_term": 7.4399940887718925, "speed_term": 5.847786738381205, "mote": 5.9989456819157425}