{"id": 117, "adj_matrix": [[0, 1, 1, 1], [0, 0, 1, 1], [0, 0, 0, 1], [0, 0, 0, 0]], "operations": ["nor_conv_3x3", "nor_conv_1x1", "nor_conv_3x3", "avg_pool_3x3", "nor_conv_3x3", "avg_pool_3x3"], "init_channel": 16, "blck_len": 5, "params": 0.830426, "flops": 117.88353, "latency": 0.018845162893596445, "train_per_time": 27.684329191843702, "train_time_200": 5536.865838368741, "train_accuracy_200": 0.9991199999999999, "test_accuracy_200": 0.9232666666666666, "train_time_12": 332.2119503021242, "train_accuracy_12": 0.8348, "test_accuracy_12": 0.818, "valtest_accuracy_200": 0.6828666666666666, "valtest_accuracy_12": 0.4919, "proxy_losses": [2.3835437297821045, 1.8214519023895264, 1.647506594657898, 1.5428613424301147, 1.4610235691070557, 1.3925279378890991, 1.329237937927246, 1.2808337211608887, 1.2293025255203247, 1.1835739612579346, 1.1456689834594727, 1.1154022216796875, 1.077378749847412, 1.0457704067230225, 1.0198782682418823, 0.9973515868186951, 0.9658971428871155, 0.9490647315979004, 0.9232195019721985, 0.8974903225898743, 0.8792080283164978, 0.8604401350021362, 0.8436257839202881, 0.8315198421478271, 0.81354159116745, 0.8003962635993958, 0.7887633442878723, 0.7802304029464722, 0.7643908858299255, 0.7646855711936951, 0.7503408193588257, 0.7428576946258545, 0.7343191504478455, 0.7093093395233154, 0.691868007183075, 0.6839806437492371, 0.6733688712120056, 0.6726189255714417, 0.6688714623451233, 0.647892951965332, 0.6320821046829224, 0.614509642124176, 0.6155142188072205, 0.5970691442489624, 0.5936314463615417, 0.5883653163909912, 0.5922533273696899, 0.5874320864677429, 0.580942690372467, 0.5682078003883362], "landscape_losses": [2.5270299911499023, 2.0138368606567383, 1.6991328001022339, 1.464000940322876, 1.2531839609146118, 1.0769702196121216, 0.9138347506523132, 0.7793877720832825, 0.6748191118240356, 0.5855548977851868, 0.5607813000679016], "proxy_train_time": 9.864051321521401, "proxy_train_epochs": 50, "dirty_bit": 1, "landscape_term": 11.240614307990556, "speed_term": 10.610791587968079, "mote": 9.28495989430434}