{"id": 11760, "adj_matrix": [[0, 1, 1, 1], [0, 0, 1, 1], [0, 0, 0, 1], [0, 0, 0, 0]], "operations": ["avg_pool_3x3", "zeros", "skip_connect", "skip_connect", "nor_conv_1x1", "nor_conv_3x3"], "init_channel": 16, "blck_len": 5, "params": 0.344346, "flops": 47.10465, "latency": 0.015054456497493544, "train_per_time": 16.31855396429694, "train_time_200": 3263.7107928593878, "train_accuracy_200": 0.9887299999999999, "test_accuracy_200": 0.90125, "train_time_12": 195.8226475715637, "train_accuracy_12": 0.85274, "test_accuracy_12": 0.8297, "valtest_accuracy_200": 0.6383, "valtest_accuracy_12": 0.4707, "proxy_losses": [2.985521078109741, 2.16866397857666, 1.9218719005584717, 1.796532392501831, 1.7190085649490356, 1.6617051362991333, 1.6114095449447632, 1.5639386177062988, 1.5210129022598267, 1.4807779788970947, 1.4465818405151367, 1.4143859148025513, 1.3864938020706177, 1.3618159294128418, 1.3352298736572266, 1.3178468942642212, 1.2964280843734741, 1.275995135307312, 1.259093165397644, 1.246274471282959, 1.2297853231430054, 1.216630458831787, 1.202068567276001, 1.1892033815383911, 1.1743640899658203, 1.167232871055603, 1.1530091762542725, 1.1411139965057373, 1.1373913288116455, 1.1273109912872314, 1.1212682723999023, 1.1144530773162842, 1.1099964380264282, 1.0995465517044067, 1.0880061388015747, 1.0732288360595703, 1.0654269456863403, 1.0535680055618286, 1.0517910718917847, 1.039211630821228, 1.0245912075042725, 1.0179027318954468, 1.0099711418151855, 1.0074952840805054, 0.9895778298377991, 0.9815590977668762, 0.9770967960357666, 0.9720206260681152, 0.9747790098190308, 0.9621071219444275], "landscape_losses": [3.142987012863159, 2.4620838165283203, 2.1067051887512207, 1.852530837059021, 1.6542998552322388, 1.458085536956787, 1.3085955381393433, 1.1791945695877075, 1.0798133611679077, 1.001531958580017, 0.969558596611023], "proxy_train_time": 6.79538893699646, "proxy_train_epochs": 50, "dirty_bit": 1, "landscape_term": 7.597289843450723, "speed_term": 5.288874654345191, "mote": 5.999647713570038}