{"id": 118, "adj_matrix": [[0, 1, 1, 1], [0, 0, 1, 1], [0, 0, 0, 1], [0, 0, 0, 0]], "operations": ["skip_connect", "zeros", "avg_pool_3x3", "zeros", "skip_connect", "avg_pool_3x3"], "init_channel": 16, "blck_len": 5, "params": 0.073306, "flops": 7.78305, "latency": 0.009548131833996689, "train_per_time": 9.476917306582159, "train_time_200": 1895.383461316432, "train_accuracy_200": 0.8117266666666667, "test_accuracy_200": 0.7955, "train_time_12": 113.72300767898561, "train_accuracy_12": 0.56404, "test_accuracy_12": 0.5518, "valtest_accuracy_200": 0.4943, "valtest_accuracy_12": 0.22870000000000001, "proxy_losses": [5.079876899719238, 4.153107643127441, 3.4263792037963867, 2.97711181640625, 2.675530195236206, 2.443338394165039, 2.268376588821411, 2.1453561782836914, 2.051912307739258, 1.9778798818588257, 1.9252318143844604, 1.8910460472106934, 1.8622398376464844, 1.8388603925704956, 1.8207992315292358, 1.805547833442688, 1.7927769422531128, 1.782448410987854, 1.7726714611053467, 1.7648115158081055, 1.7559105157852173, 1.7494345903396606, 1.7409563064575195, 1.736495852470398, 1.729108452796936, 1.7227256298065186, 1.716284155845642, 1.7117398977279663, 1.7052723169326782, 1.6997284889221191, 1.694162130355835, 1.6891061067581177, 1.6835625171661377, 1.6776294708251953, 1.6721733808517456, 1.6671359539031982, 1.6605288982391357, 1.6572234630584717, 1.6506552696228027, 1.6463148593902588, 1.6415822505950928, 1.6372283697128296, 1.6321789026260376, 1.629805564880371, 1.6255900859832764, 1.622169017791748, 1.6166996955871582, 1.6141667366027832, 1.6106816530227661, 1.6079156398773193], "landscape_losses": [5.211543560028076, 4.324171543121338, 3.6351749897003174, 3.09283447265625, 2.6414196491241455, 2.2753124237060547, 1.9889130592346191, 1.8018792867660522, 1.6875416040420532, 1.626663088798523, 1.6079055070877075], "proxy_train_time": 4.513197190128267, "proxy_train_epochs": 50, "dirty_bit": 1, "landscape_term": 4.7266660549874615, "speed_term": 2.310680800832607, "mote": 3.332358804891314}