{"id": 11830, "adj_matrix": [[0, 1, 1, 1], [0, 0, 1, 1], [0, 0, 0, 1], [0, 0, 0, 0]], "operations": ["nor_conv_3x3", "nor_conv_1x1", "zeros", "avg_pool_3x3", "nor_conv_1x1", "nor_conv_3x3"], "init_channel": 16, "blck_len": 5, "params": 0.615386, "flops": 86.42625, "latency": 0.019450824511678594, "train_per_time": 24.263058503468834, "train_time_200": 4852.611700693767, "train_accuracy_200": 0.99934, "test_accuracy_200": 0.93125, "train_time_12": 291.156702041626, "train_accuracy_12": 0.8573000000000001, "test_accuracy_12": 0.8301000000000001, "valtest_accuracy_200": 0.6934, "valtest_accuracy_12": 0.5153, "proxy_losses": [2.3195433616638184, 1.8738154172897339, 1.7198615074157715, 1.6248986721038818, 1.5418425798416138, 1.4745782613754272, 1.4169023036956787, 1.3644671440124512, 1.32221257686615, 1.281105875968933, 1.2461055517196655, 1.2103323936462402, 1.1845641136169434, 1.1536598205566406, 1.1340655088424683, 1.1040397882461548, 1.0821900367736816, 1.0611501932144165, 1.0390865802764893, 1.0221344232559204, 1.0044636726379395, 0.9916239976882935, 0.9723958969116211, 0.9576270580291748, 0.9406446218490601, 0.9253683686256409, 0.9116812348365784, 0.898496687412262, 0.8810119032859802, 0.866080641746521, 0.8571481704711914, 0.8491570353507996, 0.8422931432723999, 0.8243091702461243, 0.8145873546600342, 0.8034010529518127, 0.7900854349136353, 0.7807961702346802, 0.7739866971969604, 0.7742524743080139, 0.7570558786392212, 0.7521618604660034, 0.7485862374305725, 0.7380567789077759, 0.7437763214111328, 0.7241098880767822, 0.712257981300354, 0.7040196657180786, 0.6940731406211853, 0.6796392202377319], "landscape_losses": [2.4247853755950928, 2.04217529296875, 1.7822222709655762, 1.5600972175598145, 1.3558757305145264, 1.1745257377624512, 1.011860966682434, 0.8797047138214111, 0.787459671497345, 0.7177044153213501, 0.6922677755355835], "proxy_train_time": 9.794871880672872, "proxy_train_epochs": 50, "dirty_bit": 1, "landscape_term": 9.925891138485543, "speed_term": 9.43816513700497, "mote": 8.257578159033987}