{"id": 11897, "adj_matrix": [[0, 1, 1, 1], [0, 0, 1, 1], [0, 0, 0, 1], [0, 0, 0, 0]], "operations": ["zeros", "nor_conv_1x1", "zeros", "nor_conv_1x1", "avg_pool_3x3", "skip_connect"], "init_channel": 16, "blck_len": 5, "params": 0.129306, "flops": 15.64737, "latency": 0.015004932880401611, "train_per_time": 15.463961680730215, "train_time_200": 3092.792336146043, "train_accuracy_200": 0.9512100000000001, "test_accuracy_200": 0.89205, "train_time_12": 185.5675401687623, "train_accuracy_12": 0.80574, "test_accuracy_12": 0.7893000000000001, "valtest_accuracy_200": 0.62925, "valtest_accuracy_12": 0.41609999999999997, "proxy_losses": [2.243699312210083, 2.0502307415008545, 1.9620310068130493, 1.9051275253295898, 1.8609132766723633, 1.8225681781768799, 1.7837945222854614, 1.7482619285583496, 1.7178449630737305, 1.6874144077301025, 1.6584702730178833, 1.6327728033065796, 1.6103180646896362, 1.5861601829528809, 1.5662628412246704, 1.5456626415252686, 1.526856780052185, 1.511367917060852, 1.4930555820465088, 1.4776477813720703, 1.4621670246124268, 1.4497461318969727, 1.4341665506362915, 1.42232084274292, 1.411635398864746, 1.3962668180465698, 1.383750319480896, 1.372739315032959, 1.3627409934997559, 1.3499655723571777, 1.3373594284057617, 1.3251690864562988, 1.3146038055419922, 1.3030927181243896, 1.2942404747009277, 1.284562349319458, 1.2700436115264893, 1.258488416671753, 1.2495033740997314, 1.2373439073562622, 1.230136752128601, 1.219639539718628, 1.2117310762405396, 1.2063401937484741, 1.194625735282898, 1.186801791191101, 1.1769704818725586, 1.1677324771881104, 1.1563094854354858, 1.1512718200683594], "landscape_losses": [2.2919204235076904, 2.115142822265625, 1.9795258045196533, 1.8473341464996338, 1.708428144454956, 1.572161078453064, 1.450302004814148, 1.3453788757324219, 1.2449687719345093, 1.1836718320846558, 1.146639347076416], "proxy_train_time": 6.997926422394812, "proxy_train_epochs": 50, "dirty_bit": 1, "landscape_term": 7.129961380747137, "speed_term": 4.77922572422806, "mote": 5.581412850562974}