{"id": 11923, "adj_matrix": [[0, 1, 1, 1], [0, 0, 1, 1], [0, 0, 0, 1], [0, 0, 0, 0]], "operations": ["avg_pool_3x3", "avg_pool_3x3", "nor_conv_1x1", "nor_conv_1x1", "skip_connect", "nor_conv_1x1"], "init_channel": 16, "blck_len": 5, "params": 0.157306, "flops": 19.57953, "latency": 0.01742205494328549, "train_per_time": 20.424951672554016, "train_time_200": 4084.990334510803, "train_accuracy_200": 0.99342, "test_accuracy_200": 0.8923000000000001, "train_time_12": 245.0994200706482, "train_accuracy_12": 0.78956, "test_accuracy_12": 0.767, "valtest_accuracy_200": 0.631, "valtest_accuracy_12": 0.4008, "proxy_losses": [2.7624220848083496, 2.282496213912964, 2.0485432147979736, 1.895877480506897, 1.8018391132354736, 1.741330623626709, 1.6936150789260864, 1.6479597091674805, 1.6114482879638672, 1.5801929235458374, 1.549619197845459, 1.5277292728424072, 1.5021638870239258, 1.480924367904663, 1.4622689485549927, 1.443559169769287, 1.4261302947998047, 1.4112422466278076, 1.392422080039978, 1.3769044876098633, 1.360430121421814, 1.3461741209030151, 1.3307695388793945, 1.3177841901779175, 1.302248477935791, 1.2884116172790527, 1.2770880460739136, 1.2669110298156738, 1.2541559934616089, 1.2459038496017456, 1.2336418628692627, 1.2208542823791504, 1.2106478214263916, 1.200514316558838, 1.19061279296875, 1.179181694984436, 1.1634042263031006, 1.1557904481887817, 1.1548289060592651, 1.1431790590286255, 1.1342241764068604, 1.12479567527771, 1.1132701635360718, 1.106711506843567, 1.0984822511672974, 1.086982011795044, 1.076828956604004, 1.068010687828064, 1.062578797340393, 1.0577489137649536], "landscape_losses": [2.8719542026519775, 2.451789140701294, 2.1808598041534424, 1.943729281425476, 1.731611967086792, 1.5529613494873047, 1.400183916091919, 1.2683292627334595, 1.1613332033157349, 1.0900793075561523, 1.045133352279663], "proxy_train_time": 7.150750271975994, "proxy_train_epochs": 50, "dirty_bit": 1, "landscape_term": 7.188387836675286, "speed_term": 5.151031745893261, "mote": 5.694943907343814}