{"id": 11953, "adj_matrix": [[0, 1, 1, 1], [0, 0, 1, 1], [0, 0, 0, 1], [0, 0, 0, 0]], "operations": ["nor_conv_1x1", "zeros", "avg_pool_3x3", "avg_pool_3x3", "zeros", "avg_pool_3x3"], "init_channel": 16, "blck_len": 5, "params": 0.101306, "flops": 11.71521, "latency": 0.012819851699628328, "train_per_time": 14.859463969866407, "train_time_200": 2971.8927939732816, "train_accuracy_200": 0.9675100000000001, "test_accuracy_200": 0.86115, "train_time_12": 178.3135676383972, "train_accuracy_12": 0.7538800000000001, "test_accuracy_12": 0.7391, "valtest_accuracy_200": 0.59935, "valtest_accuracy_12": 0.3674, "proxy_losses": [2.7337489128112793, 2.380808115005493, 2.2150533199310303, 2.101335287094116, 2.012523889541626, 1.944307565689087, 1.8889952898025513, 1.8402066230773926, 1.800688624382019, 1.7661992311477661, 1.735183596611023, 1.7058913707733154, 1.680479645729065, 1.657999038696289, 1.6375869512557983, 1.61754310131073, 1.6007388830184937, 1.5839165449142456, 1.5663193464279175, 1.5520285367965698, 1.537439227104187, 1.5232422351837158, 1.5096482038497925, 1.496167778968811, 1.4838371276855469, 1.4757338762283325, 1.461680293083191, 1.4485290050506592, 1.4363832473754883, 1.4269496202468872, 1.4184777736663818, 1.4049450159072876, 1.3965150117874146, 1.388411283493042, 1.3782556056976318, 1.3676317930221558, 1.3601616621017456, 1.3501707315444946, 1.3437918424606323, 1.3357505798339844, 1.3315496444702148, 1.3248984813690186, 1.3177833557128906, 1.3118655681610107, 1.3022907972335815, 1.2966012954711914, 1.289572834968567, 1.2881590127944946, 1.2799546718597412, 1.2693376541137695], "landscape_losses": [2.8016374111175537, 2.4673147201538086, 2.2406258583068848, 2.0457406044006348, 1.8680636882781982, 1.716092586517334, 1.5682886838912964, 1.4546165466308594, 1.3614407777786255, 1.2962881326675415, 1.2711126804351807], "proxy_train_time": 6.540898841805756, "proxy_train_epochs": 50, "dirty_bit": 1, "landscape_term": 6.43315607276066, "speed_term": 4.1620797283488615, "mote": 4.974742163107367}