{"id": 11978, "adj_matrix": [[0, 1, 1, 1], [0, 0, 1, 1], [0, 0, 0, 1], [0, 0, 0, 0]], "operations": ["avg_pool_3x3", "avg_pool_3x3", "nor_conv_1x1", "avg_pool_3x3", "nor_conv_1x1", "skip_connect"], "init_channel": 16, "blck_len": 5, "params": 0.129306, "flops": 15.64737, "latency": 0.014541541275225188, "train_per_time": 18.476255416870117, "train_time_200": 3695.2510833740234, "train_accuracy_200": 0.8452, "test_accuracy_200": 0.8041499999999999, "train_time_12": 221.7150650024414, "train_accuracy_12": 0.61934, "test_accuracy_12": 0.6079, "valtest_accuracy_200": 0.4818, "valtest_accuracy_12": 0.2582, "proxy_losses": [4.253371715545654, 2.877075672149658, 2.440096855163574, 2.140432119369507, 1.9580447673797607, 1.885635495185852, 1.8162099123001099, 1.7736437320709229, 1.7320106029510498, 1.698288083076477, 1.6658011674880981, 1.6400210857391357, 1.6160800457000732, 1.5943200588226318, 1.574906587600708, 1.5584560632705688, 1.5425022840499878, 1.5273598432540894, 1.5131380558013916, 1.5018399953842163, 1.4867407083511353, 1.4757722616195679, 1.4654113054275513, 1.450930118560791, 1.4394519329071045, 1.4268202781677246, 1.4165101051330566, 1.4062957763671875, 1.3961325883865356, 1.38533353805542, 1.375602126121521, 1.3658093214035034, 1.3612220287322998, 1.35172700881958, 1.338139295578003, 1.32938814163208, 1.3189700841903687, 1.3117176294326782, 1.3059648275375366, 1.2982107400894165, 1.291536569595337, 1.2822327613830566, 1.2741833925247192, 1.2675470113754272, 1.2617523670196533, 1.2564269304275513, 1.2503931522369385, 1.2420125007629395, 1.239987850189209, 1.2343920469284058], "landscape_losses": [4.411935329437256, 3.3524813652038574, 2.840165138244629, 2.439901113510132, 2.1234469413757324, 1.8556954860687256, 1.6415048837661743, 1.4525953531265259, 1.3427631855010986, 1.261240839958191, 1.229764461517334], "proxy_train_time": 5.792554913088679, "proxy_train_epochs": 50, "dirty_bit": 1, "landscape_term": 5.94509007569086, "speed_term": 3.684088527040821, "mote": 4.5310155231569995}