{"id": 12094, "adj_matrix": [[0, 1, 1, 1], [0, 0, 1, 1], [0, 0, 0, 1], [0, 0, 0, 0]], "operations": ["zeros", "zeros", "nor_conv_3x3", "avg_pool_3x3", "zeros", "avg_pool_3x3"], "init_channel": 16, "blck_len": 5, "params": 0.316346, "flops": 43.17249, "latency": 0.01321213810067428, "train_per_time": 14.496596733729023, "train_time_200": 2899.3193467458045, "train_accuracy_200": 0.80184, "test_accuracy_200": 0.7538333333333334, "train_time_12": 173.9591608047485, "train_accuracy_12": 0.61914, "test_accuracy_12": 0.6043, "valtest_accuracy_200": 0.4654666666666666, "valtest_accuracy_12": 0.3024, "proxy_losses": [2.2997655868530273, 2.210822820663452, 2.14601469039917, 2.097094774246216, 2.0551018714904785, 2.0175182819366455, 1.9839938879013062, 1.9540646076202393, 1.9308879375457764, 1.9101927280426025, 1.8930072784423828, 1.8763041496276855, 1.8617898225784302, 1.8482353687286377, 1.8358378410339355, 1.823894739151001, 1.8146171569824219, 1.8055847883224487, 1.7963875532150269, 1.7885148525238037, 1.7807577848434448, 1.7751837968826294, 1.7672816514968872, 1.7627460956573486, 1.7567074298858643, 1.7509568929672241, 1.7471544742584229, 1.7415242195129395, 1.7381972074508667, 1.7334091663360596, 1.729567527770996, 1.724850058555603, 1.7208136320114136, 1.7169800996780396, 1.714600920677185, 1.7106921672821045, 1.7073280811309814, 1.7041363716125488, 1.70110023021698, 1.697851538658142, 1.6940158605575562, 1.6928848028182983, 1.6880977153778076, 1.6858036518096924, 1.6820380687713623, 1.6798380613327026, 1.6776888370513916, 1.6738364696502686, 1.6730397939682007, 1.668656826019287], "landscape_losses": [2.31911301612854, 2.2266604900360107, 2.132460832595825, 2.030386209487915, 1.9315515756607056, 1.8499691486358643, 1.786624789237976, 1.737257480621338, 1.702752947807312, 1.681688666343689, 1.6673849821090698], "proxy_train_time": 6.953578003682196, "proxy_train_epochs": 50, "dirty_bit": 1, "landscape_term": 5.81703005701014, "speed_term": 3.843991257287911, "mote": 4.47635615113425}