{"id": 12105, "adj_matrix": [[0, 1, 1, 1], [0, 0, 1, 1], [0, 0, 0, 1], [0, 0, 0, 0]], "operations": ["avg_pool_3x3", "skip_connect", "skip_connect", "zeros", "avg_pool_3x3", "avg_pool_3x3"], "init_channel": 16, "blck_len": 5, "params": 0.073306, "flops": 7.78305, "latency": 0.009274641149922422, "train_per_time": 11.03032855192822, "train_time_200": 2206.065710385644, "train_accuracy_200": 0.56195, "test_accuracy_200": 0.55125, "train_time_12": 132.36394262313846, "train_accuracy_12": 0.42408, "test_accuracy_12": 0.3868, "valtest_accuracy_200": 0.29359999999999997, "valtest_accuracy_12": 0.1067, "proxy_losses": [5.832307815551758, 4.382280349731445, 3.7658042907714844, 3.2674691677093506, 2.8884785175323486, 2.5643529891967773, 2.329101800918579, 2.197284460067749, 2.075329303741455, 2.001147747039795, 1.9553371667861938, 1.914178729057312, 1.879845142364502, 1.848947286605835, 1.82639741897583, 1.8063260316848755, 1.7886836528778076, 1.7749550342559814, 1.7613418102264404, 1.7494784593582153, 1.7372545003890991, 1.7242164611816406, 1.7156412601470947, 1.704683542251587, 1.6942312717437744, 1.6827579736709595, 1.6759636402130127, 1.6661242246627808, 1.6580473184585571, 1.651973009109497, 1.646976351737976, 1.6408376693725586, 1.635107159614563, 1.6312052011489868, 1.6251318454742432, 1.621341586112976, 1.6182048320770264, 1.6146583557128906, 1.610193133354187, 1.6053963899612427, 1.601820945739746, 1.5955168008804321, 1.594506025314331, 1.5917236804962158, 1.588392972946167, 1.5840811729431152, 1.5843843221664429, 1.5797063112258911, 1.5753061771392822, 1.572085976600647], "landscape_losses": [5.983222007751465, 4.783571720123291, 4.089969158172607, 3.5249245166778564, 2.9759042263031006, 2.5247652530670166, 2.195171356201172, 1.934942364692688, 1.7226070165634155, 1.6223502159118652, 1.5776751041412354], "proxy_train_time": 4.576970558613539, "proxy_train_epochs": 50, "dirty_bit": 1, "landscape_term": 4.439592036174999, "speed_term": 2.3201197104965203, "mote": 3.1262341998894527}