{"id": 12114, "adj_matrix": [[0, 1, 1, 1], [0, 0, 1, 1], [0, 0, 0, 1], [0, 0, 0, 0]], "operations": ["avg_pool_3x3", "zeros", "nor_conv_1x1", "skip_connect", "nor_conv_1x1", "skip_connect"], "init_channel": 16, "blck_len": 5, "params": 0.129306, "flops": 15.64737, "latency": 0.015050916295302542, "train_per_time": 15.171199202537538, "train_time_200": 3034.239840507508, "train_accuracy_200": 0.96173, "test_accuracy_200": 0.8889, "train_time_12": 182.05439043045047, "train_accuracy_12": 0.8306999999999999, "test_accuracy_12": 0.8207, "valtest_accuracy_200": 0.6261, "valtest_accuracy_12": 0.4495, "proxy_losses": [3.2881839275360107, 2.7261571884155273, 2.417069911956787, 2.2267110347747803, 2.0705819129943848, 1.9537971019744873, 1.8680437803268433, 1.8043371438980103, 1.7535268068313599, 1.711655855178833, 1.6757402420043945, 1.648375391960144, 1.622673749923706, 1.6001092195510864, 1.5808641910552979, 1.564484715461731, 1.5481988191604614, 1.5319314002990723, 1.5158742666244507, 1.5018160343170166, 1.487252950668335, 1.474098801612854, 1.4610651731491089, 1.4485939741134644, 1.4362313747406006, 1.4228712320327759, 1.4072041511535645, 1.3949189186096191, 1.3827728033065796, 1.3702154159545898, 1.3594189882278442, 1.3478037118911743, 1.3315609693527222, 1.3205208778381348, 1.3106050491333008, 1.303175449371338, 1.2914053201675415, 1.2784757614135742, 1.2694478034973145, 1.2619138956069946, 1.2574065923690796, 1.2427115440368652, 1.233095645904541, 1.2267248630523682, 1.2208316326141357, 1.220563530921936, 1.2127679586410522, 1.1975009441375732, 1.1901589632034302, 1.1829423904418945], "landscape_losses": [3.372541904449463, 2.8641819953918457, 2.499485731124878, 2.2157082557678223, 1.9631036520004272, 1.7681398391723633, 1.5957914590835571, 1.444584608078003, 1.3408076763153076, 1.2450324296951294, 1.1833460330963135], "proxy_train_time": 6.313945543952286, "proxy_train_epochs": 50, "dirty_bit": 1, "landscape_term": 6.2849821325674995, "speed_term": 4.091760426448083, "mote": 4.8569382554241844}