{"id": 12119, "adj_matrix": [[0, 1, 1, 1], [0, 0, 1, 1], [0, 0, 0, 1], [0, 0, 0, 0]], "operations": ["avg_pool_3x3", "avg_pool_3x3", "avg_pool_3x3", "avg_pool_3x3", "zeros", "nor_conv_3x3"], "init_channel": 16, "blck_len": 5, "params": 0.316346, "flops": 43.17249, "latency": 0.013026866473649677, "train_per_time": 19.014777143796337, "train_time_200": 3802.9554287592678, "train_accuracy_200": 0.94345, "test_accuracy_200": 0.8319, "train_time_12": 228.17732572555545, "train_accuracy_12": 0.6729999999999999, "test_accuracy_12": 0.6624, "valtest_accuracy_200": 0.5599500000000001, "valtest_accuracy_12": 0.3431, "proxy_losses": [2.3805956840515137, 1.9304217100143433, 1.8166042566299438, 1.758667230606079, 1.7144949436187744, 1.6800411939620972, 1.6462748050689697, 1.6142070293426514, 1.5868991613388062, 1.5577601194381714, 1.5289942026138306, 1.5026146173477173, 1.4768706560134888, 1.449217438697815, 1.4232299327850342, 1.400147795677185, 1.374574065208435, 1.349484920501709, 1.3344048261642456, 1.308443546295166, 1.2928924560546875, 1.2712111473083496, 1.2489664554595947, 1.2345160245895386, 1.2194081544876099, 1.192827820777893, 1.1806308031082153, 1.1721792221069336, 1.156708836555481, 1.1379154920578003, 1.1308377981185913, 1.1198439598083496, 1.1149109601974487, 1.1125309467315674, 1.1021595001220703, 1.0814203023910522, 1.0886485576629639, 1.065079927444458, 1.0607935190200806, 1.0458978414535522, 1.040921926498413, 1.0343371629714966, 1.0256032943725586, 1.01869535446167, 1.023744821548462, 1.002078890800476, 0.9965896606445312, 0.994436502456665, 0.9832637906074524, 0.9769173860549927], "landscape_losses": [2.5067882537841797, 2.130481719970703, 1.9316694736480713, 1.7686387300491333, 1.6252830028533936, 1.494092345237732, 1.3497334718704224, 1.2223310470581055, 1.1199638843536377, 1.0141847133636475, 0.9766666293144226], "proxy_train_time": 6.499942014925182, "proxy_train_epochs": 50, "dirty_bit": 1, "landscape_term": 7.697754297268371, "speed_term": 5.003040605656483, "mote": 6.011767227013906}