{"id": 1222, "adj_matrix": [[0, 1, 1, 1], [0, 0, 1, 1], [0, 0, 0, 1], [0, 0, 0, 0]], "operations": ["avg_pool_3x3", "avg_pool_3x3", "nor_conv_3x3", "skip_connect", "nor_conv_3x3", "avg_pool_3x3"], "init_channel": 16, "blck_len": 5, "params": 0.559386, "flops": 78.56193, "latency": 0.015329484353985701, "train_per_time": 20.61102044582367, "train_time_200": 4122.204089164734, "train_accuracy_200": 0.89678, "test_accuracy_200": 0.8523333333333334, "train_time_12": 247.33224534988403, "train_accuracy_12": 0.64622, "test_accuracy_12": 0.6386, "valtest_accuracy_200": 0.5452333333333333, "valtest_accuracy_12": 0.2616, "proxy_losses": [4.967607498168945, 2.6441800594329834, 2.179080009460449, 1.9442753791809082, 1.8043814897537231, 1.721131682395935, 1.6543641090393066, 1.6075185537338257, 1.570185899734497, 1.5376884937286377, 1.5070706605911255, 1.4803882837295532, 1.4540435075759888, 1.4284064769744873, 1.4070950746536255, 1.3858205080032349, 1.3645211458206177, 1.3458610773086548, 1.3258638381958008, 1.3081729412078857, 1.287598729133606, 1.2725721597671509, 1.2585340738296509, 1.2401437759399414, 1.2251530885696411, 1.2112635374069214, 1.2019320726394653, 1.1919429302215576, 1.1835603713989258, 1.168481469154358, 1.156665563583374, 1.1485408544540405, 1.1406522989273071, 1.1346397399902344, 1.1228886842727661, 1.1131021976470947, 1.1068593263626099, 1.1015753746032715, 1.0852491855621338, 1.0815757513046265, 1.0780513286590576, 1.0692375898361206, 1.0639212131500244, 1.0536272525787354, 1.0420405864715576, 1.0421451330184937, 1.0385160446166992, 1.0246155261993408, 1.0183652639389038, 1.0002470016479492], "landscape_losses": [5.210039138793945, 3.448375701904297, 2.6821765899658203, 2.112063407897949, 1.745982050895691, 1.4813930988311768, 1.2941194772720337, 1.163116455078125, 1.079040288925171, 1.0214929580688477, 0.9976006150245667], "proxy_train_time": 7.257252115756273, "proxy_train_epochs": 50, "dirty_bit": 1, "landscape_term": 7.116613948052815, "speed_term": 5.220942911992494, "mote": 5.6595515893345985}