{"id": 12248, "adj_matrix": [[0, 1, 1, 1], [0, 0, 1, 1], [0, 0, 0, 1], [0, 0, 0, 0]], "operations": ["skip_connect", "zeros", "nor_conv_1x1", "nor_conv_1x1", "nor_conv_3x3", "skip_connect"], "init_channel": 16, "blck_len": 5, "params": 0.372346, "flops": 51.03681, "latency": 0.017206421023920962, "train_per_time": 17.677276492118835, "train_time_200": 3535.455298423767, "train_accuracy_200": 0.9979133333333334, "test_accuracy_200": 0.9222666666666668, "train_time_12": 212.12731790542603, "train_accuracy_12": 0.87336, "test_accuracy_12": 0.8471, "valtest_accuracy_200": 0.6808333333333333, "valtest_accuracy_12": 0.5065, "proxy_losses": [2.508291482925415, 2.03541898727417, 1.8591969013214111, 1.7608450651168823, 1.6876893043518066, 1.6291837692260742, 1.5814355611801147, 1.5417211055755615, 1.505905032157898, 1.4752355813980103, 1.449497103691101, 1.4225188493728638, 1.395339846611023, 1.3725389242172241, 1.3516517877578735, 1.3281375169754028, 1.308076024055481, 1.2878469228744507, 1.2691746950149536, 1.2499685287475586, 1.2305995225906372, 1.2176095247268677, 1.1971087455749512, 1.1882719993591309, 1.173288106918335, 1.160962700843811, 1.1455243825912476, 1.1302719116210938, 1.1219522953033447, 1.1114740371704102, 1.0978150367736816, 1.0839173793792725, 1.0741667747497559, 1.0636065006256104, 1.0512546300888062, 1.048211693763733, 1.0346159934997559, 1.0184106826782227, 1.0120959281921387, 0.9973811507225037, 0.9922308325767517, 0.9854859113693237, 0.9851531386375427, 0.9879616498947144, 0.9845940470695496, 0.9686422944068909, 0.9488970637321472, 0.9389861226081848, 0.9273724555969238, 0.9199507832527161], "landscape_losses": [2.6192843914031982, 2.202202320098877, 1.9589871168136597, 1.748701810836792, 1.5467884540557861, 1.3881455659866333, 1.2472050189971924, 1.1043486595153809, 1.0193082094192505, 0.9447446465492249, 0.9154335856437683], "proxy_train_time": 7.411805962212384, "proxy_train_epochs": 50, "dirty_bit": 1, "landscape_term": 8.124308651924865, "speed_term": 5.899476722491016, "mote": 6.470345087477539}