{"id": 12277, "adj_matrix": [[0, 1, 1, 1], [0, 0, 1, 1], [0, 0, 0, 1], [0, 0, 0, 0]], "operations": ["skip_connect", "avg_pool_3x3", "nor_conv_1x1", "avg_pool_3x3", "nor_conv_1x1", "zeros"], "init_channel": 16, "blck_len": 5, "params": 0.129306, "flops": 15.64737, "latency": 0.015485835702795733, "train_per_time": 16.834131995836852, "train_time_200": 3366.8263991673707, "train_accuracy_200": 0.9776466666666666, "test_accuracy_200": 0.8894, "train_time_12": 202.0095839500427, "train_accuracy_12": 0.797, "test_accuracy_12": 0.7798999999999999, "valtest_accuracy_200": 0.6330333333333333, "valtest_accuracy_12": 0.4218, "proxy_losses": [2.428541898727417, 2.2194418907165527, 2.084367513656616, 1.9947339296340942, 1.9284297227859497, 1.8760169744491577, 1.8324837684631348, 1.792410135269165, 1.7578603029251099, 1.726564645767212, 1.6993130445480347, 1.6734312772750854, 1.6509926319122314, 1.63427734375, 1.6137211322784424, 1.5999394655227661, 1.5831669569015503, 1.5707930326461792, 1.557086706161499, 1.5442664623260498, 1.5304535627365112, 1.5212270021438599, 1.508901596069336, 1.498788833618164, 1.4883674383163452, 1.4784692525863647, 1.468442678451538, 1.458086371421814, 1.4490106105804443, 1.438872218132019, 1.4337795972824097, 1.4218719005584717, 1.4138127565383911, 1.4043577909469604, 1.3961656093597412, 1.3875888586044312, 1.3806146383285522, 1.3713163137435913, 1.3625365495681763, 1.358388900756836, 1.3515037298202515, 1.341660737991333, 1.3375797271728516, 1.327195167541504, 1.3222347497940063, 1.3145725727081299, 1.310821533203125, 1.3008207082748413, 1.292057991027832, 1.2880327701568604], "landscape_losses": [2.479388952255249, 2.284870147705078, 2.1187384128570557, 1.9548566341400146, 1.8190863132476807, 1.6833655834197998, 1.5672377347946167, 1.4615600109100342, 1.381291389465332, 1.3174583911895752, 1.285036325454712], "proxy_train_time": 6.623746033757925, "proxy_train_epochs": 50, "dirty_bit": 1, "landscape_term": 6.55173812083255, "speed_term": 4.260993513616938, "mote": 5.077681481416849}