{"id": 12284, "adj_matrix": [[0, 1, 1, 1], [0, 0, 1, 1], [0, 0, 0, 1], [0, 0, 0, 0]], "operations": ["avg_pool_3x3", "skip_connect", "skip_connect", "nor_conv_1x1", "skip_connect", "nor_conv_3x3"], "init_channel": 16, "blck_len": 5, "params": 0.344346, "flops": 47.10465, "latency": 0.014890358113405994, "train_per_time": 15.455018162727356, "train_time_200": 3091.003632545471, "train_accuracy_200": 0.9942866666666668, "test_accuracy_200": 0.9104333333333333, "train_time_12": 185.46021795272827, "train_accuracy_12": 0.8186599999999999, "test_accuracy_12": 0.8031999999999999, "valtest_accuracy_200": 0.6466000000000001, "valtest_accuracy_12": 0.4168, "proxy_losses": [2.504917621612549, 2.005283832550049, 1.8114527463912964, 1.7201961278915405, 1.6600382328033447, 1.6120113134384155, 1.568422794342041, 1.5322818756103516, 1.5005978345870972, 1.4704113006591797, 1.4422416687011719, 1.415590763092041, 1.393767237663269, 1.3685564994812012, 1.34614896774292, 1.324652075767517, 1.3047722578048706, 1.2856124639511108, 1.2700108289718628, 1.2531943321228027, 1.2419040203094482, 1.2216124534606934, 1.2078973054885864, 1.1919115781784058, 1.1768434047698975, 1.1655360460281372, 1.1528923511505127, 1.1389292478561401, 1.1278800964355469, 1.113173484802246, 1.1032084226608276, 1.0914866924285889, 1.0815789699554443, 1.0690654516220093, 1.06058669090271, 1.057914137840271, 1.0483206510543823, 1.043216347694397, 1.0471025705337524, 1.021208643913269, 1.0140068531036377, 1.00408935546875, 0.9960530996322632, 0.9925693273544312, 0.9804563522338867, 0.9794390797615051, 0.9729348421096802, 0.9593132734298706, 0.9569582939147949, 0.9468896389007568], "landscape_losses": [2.592956066131592, 2.1995294094085693, 1.977065086364746, 1.7693878412246704, 1.5896084308624268, 1.4486960172653198, 1.2989476919174194, 1.1907681226730347, 1.084128737449646, 0.9958909153938293, 0.9383559823036194], "proxy_train_time": 6.261198907159269, "proxy_train_epochs": 50, "dirty_bit": 1, "landscape_term": 7.832499419562777, "speed_term": 4.97274643583192, "mote": 6.096732651551689}