{"id": 12286, "adj_matrix": [[0, 1, 1, 1], [0, 0, 1, 1], [0, 0, 0, 1], [0, 0, 0, 0]], "operations": ["zeros", "zeros", "zeros", "skip_connect", "skip_connect", "zeros"], "init_channel": 16, "blck_len": 5, "params": 0.073306, "flops": 7.78305, "latency": 0.010138994769046181, "train_per_time": 6.534556309382125, "train_time_200": 1306.911261876425, "train_accuracy_200": 0.90203, "test_accuracy_200": 0.86655, "train_time_12": 78.41467571258545, "train_accuracy_12": 0.8010200000000001, "test_accuracy_12": 0.7902, "valtest_accuracy_200": 0.5766, "valtest_accuracy_12": 0.44689999999999996, "proxy_losses": [2.3727781772613525, 2.2849597930908203, 2.21916127204895, 2.166670560836792, 2.1242470741271973, 2.087905168533325, 2.0546772480010986, 2.0267868041992188, 2.0011322498321533, 1.9774718284606934, 1.9575021266937256, 1.9384263753890991, 1.9218257665634155, 1.9060419797897339, 1.8925362825393677, 1.8803108930587769, 1.8677418231964111, 1.8566937446594238, 1.8458888530731201, 1.8370400667190552, 1.8278493881225586, 1.8181449174880981, 1.8113478422164917, 1.804208755493164, 1.7981040477752686, 1.791991949081421, 1.786967396736145, 1.7814161777496338, 1.7767255306243896, 1.771660327911377, 1.767359972000122, 1.762787938117981, 1.7587007284164429, 1.7541630268096924, 1.750998854637146, 1.7473722696304321, 1.7441327571868896, 1.7413982152938843, 1.7378095388412476, 1.7339023351669312, 1.731269121170044, 1.727831244468689, 1.7241878509521484, 1.722161889076233, 1.7193174362182617, 1.715585708618164, 1.712568998336792, 1.7098404169082642, 1.7079120874404907, 1.7048590183258057], "landscape_losses": [2.3871946334838867, 2.2834997177124023, 2.1879162788391113, 2.0928940773010254, 2.003296375274658, 1.9219396114349365, 1.8460025787353516, 1.7875086069107056, 1.748008370399475, 1.7198630571365356, 1.7026640176773071], "proxy_train_time": 5.117936394177377, "proxy_train_epochs": 50, "dirty_bit": 1, "landscape_term": 5.653159291510994, "speed_term": 2.755656668656726, "mote": 4.108292858081979}