{"id": 12292, "adj_matrix": [[0, 1, 1, 1], [0, 0, 1, 1], [0, 0, 0, 1], [0, 0, 0, 0]], "operations": ["avg_pool_3x3", "skip_connect", "avg_pool_3x3", "nor_conv_1x1", "skip_connect", "skip_connect"], "init_channel": 16, "blck_len": 5, "params": 0.101306, "flops": 11.71521, "latency": 0.012823198970995452, "train_per_time": 12.55081935723623, "train_time_200": 2510.163871447246, "train_accuracy_200": 0.7967500000000001, "test_accuracy_200": 0.77735, "train_time_12": 150.60983228683472, "train_accuracy_12": 0.5843200000000001, "test_accuracy_12": 0.5737, "valtest_accuracy_200": 0.44065, "valtest_accuracy_12": 0.23170000000000002, "proxy_losses": [5.702829837799072, 4.247686862945557, 3.333186388015747, 2.7900161743164062, 2.384561061859131, 2.128939151763916, 1.978283405303955, 1.8811742067337036, 1.8230913877487183, 1.775943398475647, 1.7399626970291138, 1.7107616662979126, 1.6868153810501099, 1.6663120985031128, 1.6445887088775635, 1.6284127235412598, 1.611510992050171, 1.5955406427383423, 1.5842905044555664, 1.5697846412658691, 1.5555720329284668, 1.5416473150253296, 1.530009150505066, 1.5233784914016724, 1.5092283487319946, 1.4984463453292847, 1.4889756441116333, 1.4804023504257202, 1.472826361656189, 1.468756079673767, 1.4603831768035889, 1.451636552810669, 1.4463070631027222, 1.43968665599823, 1.4328540563583374, 1.4303332567214966, 1.420377492904663, 1.4141744375228882, 1.4099793434143066, 1.4052363634109497, 1.4040855169296265, 1.3981622457504272, 1.3919198513031006, 1.385027527809143, 1.3794671297073364, 1.3732322454452515, 1.372248888015747, 1.3685693740844727, 1.366836667060852, 1.3577154874801636], "landscape_losses": [5.848575592041016, 4.623581409454346, 3.820786714553833, 3.1893105506896973, 2.6668176651000977, 2.2503597736358643, 1.9290688037872314, 1.6671032905578613, 1.49713134765625, 1.4001235961914062, 1.3569122552871704], "proxy_train_time": 4.898779039271176, "proxy_train_epochs": 50, "dirty_bit": 1, "landscape_term": 5.019251847857976, "speed_term": 2.7941557165541178, "mote": 3.6668120713206416}