{"id": 12311, "adj_matrix": [[0, 1, 1, 1], [0, 0, 1, 1], [0, 0, 0, 1], [0, 0, 0, 0]], "operations": ["avg_pool_3x3", "nor_conv_1x1", "avg_pool_3x3", "skip_connect", "nor_conv_3x3", "nor_conv_3x3"], "init_channel": 16, "blck_len": 5, "params": 0.587386, "flops": 82.49409, "latency": 0.016414861930044072, "train_per_time": 22.922426263491293, "train_time_200": 4584.485252698259, "train_accuracy_200": 0.9984000000000001, "test_accuracy_200": 0.9207, "train_time_12": 275.0691151618957, "train_accuracy_12": 0.84654, "test_accuracy_12": 0.8233, "valtest_accuracy_200": 0.67375, "valtest_accuracy_12": 0.4829, "proxy_losses": [2.1524271965026855, 1.7432283163070679, 1.6160969734191895, 1.5213491916656494, 1.4519537687301636, 1.3977314233779907, 1.3541333675384521, 1.3137311935424805, 1.2773597240447998, 1.2429980039596558, 1.2120332717895508, 1.1850389242172241, 1.1623973846435547, 1.139553427696228, 1.1190509796142578, 1.1004811525344849, 1.0799649953842163, 1.060930609703064, 1.0470746755599976, 1.0274015665054321, 1.0112972259521484, 0.9977537393569946, 0.9874451160430908, 0.976771891117096, 0.9640236496925354, 0.9485516548156738, 0.9306983351707458, 0.9201101660728455, 0.905112087726593, 0.8962873816490173, 0.8940584063529968, 0.8847635984420776, 0.8746556639671326, 0.862202525138855, 0.8500216007232666, 0.846139132976532, 0.8422704935073853, 0.8261102437973022, 0.816780149936676, 0.8206560611724854, 0.8170886039733887, 0.8081890344619751, 0.7977439165115356, 0.7851210236549377, 0.7642955780029297, 0.7620235085487366, 0.7466006278991699, 0.744044840335846, 0.7416531443595886, 0.750336766242981], "landscape_losses": [2.255821466445923, 1.9048625230789185, 1.6965947151184082, 1.50856351852417, 1.3281149864196777, 1.1805366277694702, 1.0503439903259277, 0.9355243444442749, 0.8448725342750549, 0.7726984024047852, 0.7385544776916504], "proxy_train_time": 8.209660943597555, "proxy_train_epochs": 50, "dirty_bit": 1, "landscape_term": 9.673348312285478, "speed_term": 7.897285047462346, "mote": 7.845884396625845}