{"id": 12327, "adj_matrix": [[0, 1, 1, 1], [0, 0, 1, 1], [0, 0, 0, 1], [0, 0, 0, 0]], "operations": ["nor_conv_1x1", "nor_conv_1x1", "nor_conv_3x3", "avg_pool_3x3", "nor_conv_3x3", "nor_conv_3x3"], "init_channel": 16, "blck_len": 5, "params": 0.858426, "flops": 121.81569, "latency": 0.021895590581391986, "train_per_time": 29.023253440856934, "train_time_200": 5804.650688171387, "train_accuracy_200": 0.9994200000000001, "test_accuracy_200": 0.9269, "train_time_12": 348.2790412902832, "train_accuracy_12": 0.85626, "test_accuracy_12": 0.835, "valtest_accuracy_200": 0.7003999999999999, "valtest_accuracy_12": 0.5172, "proxy_losses": [2.306166648864746, 1.7850033044815063, 1.633166790008545, 1.5315546989440918, 1.4578825235366821, 1.3941552639007568, 1.339673399925232, 1.2873592376708984, 1.2421385049819946, 1.2055985927581787, 1.1729658842086792, 1.1373991966247559, 1.1134295463562012, 1.0853816270828247, 1.0510380268096924, 1.0332809686660767, 1.0117799043655396, 0.9880727529525757, 0.9639970660209656, 0.9375876784324646, 0.9244699478149414, 0.8972405195236206, 0.8802883625030518, 0.8590891361236572, 0.8356311321258545, 0.8213972449302673, 0.8042086362838745, 0.7876144647598267, 0.7728566527366638, 0.7681121826171875, 0.7539241909980774, 0.7428833246231079, 0.736047089099884, 0.7114807963371277, 0.6983248591423035, 0.6953504085540771, 0.6833502650260925, 0.6689611673355103, 0.6603058576583862, 0.6331995129585266, 0.6271358728408813, 0.6235468983650208, 0.6132030487060547, 0.5989840626716614, 0.5880300998687744, 0.5772264003753662, 0.5700462460517883, 0.563362717628479, 0.552095890045166, 0.5448659062385559], "landscape_losses": [2.4455904960632324, 1.9962749481201172, 1.7014238834381104, 1.4671311378479004, 1.2723387479782104, 1.0996150970458984, 0.9424501061439514, 0.792498767375946, 0.6740293502807617, 0.5839923024177551, 0.5395024418830872], "proxy_train_time": 10.794733325950801, "proxy_train_epochs": 50, "dirty_bit": 1, "landscape_term": 11.246962608202168, "speed_term": 11.515398146245236, "mote": 9.420858201684858}