{"id": 12339, "adj_matrix": [[0, 1, 1, 1], [0, 0, 1, 1], [0, 0, 0, 1], [0, 0, 0, 0]], "operations": ["skip_connect", "nor_conv_3x3", "zeros", "skip_connect", "skip_connect", "nor_conv_1x1"], "init_channel": 16, "blck_len": 5, "params": 0.344346, "flops": 47.10465, "latency": 0.014945422348223235, "train_per_time": 13.978581587473535, "train_time_200": 2795.716317494707, "train_accuracy_200": 0.9704599999999999, "test_accuracy_200": 0.8992, "train_time_12": 167.74297904968262, "train_accuracy_12": 0.7698, "test_accuracy_12": 0.7505, "valtest_accuracy_200": 0.6725, "valtest_accuracy_12": 0.38159999999999994, "proxy_losses": [4.298083782196045, 2.6896722316741943, 2.167182207107544, 1.935774564743042, 1.8121378421783447, 1.7349179983139038, 1.6704248189926147, 1.6192504167556763, 1.5764046907424927, 1.540952205657959, 1.5095633268356323, 1.480659008026123, 1.4555399417877197, 1.4268381595611572, 1.4038687944412231, 1.3837451934814453, 1.355090856552124, 1.335365653038025, 1.3145402669906616, 1.296818733215332, 1.278564691543579, 1.2643736600875854, 1.2439769506454468, 1.227613925933838, 1.2100797891616821, 1.1948649883270264, 1.1798068284988403, 1.1657212972640991, 1.1534672975540161, 1.145189881324768, 1.1281580924987793, 1.114475965499878, 1.1037838459014893, 1.0970947742462158, 1.0848796367645264, 1.0704288482666016, 1.0669684410095215, 1.0495975017547607, 1.0399750471115112, 1.0270731449127197, 1.0141537189483643, 1.0083842277526855, 0.9964780211448669, 0.9910035133361816, 0.9792249798774719, 0.9706707000732422, 0.9582447409629822, 0.9540274143218994, 0.9398093819618225, 0.933641791343689], "landscape_losses": [4.422670841217041, 3.1478734016418457, 2.547027349472046, 2.102327585220337, 1.771493911743164, 1.5036474466323853, 1.3096339702606201, 1.1496204137802124, 1.0394443273544312, 0.9708088040351868, 0.9355072379112244], "proxy_train_time": 6.359918997623026, "proxy_train_epochs": 50, "dirty_bit": 1, "landscape_term": 7.336089843822786, "speed_term": 4.704182042498977, "mote": 5.706815747116977}