{"id": 12396, "adj_matrix": [[0, 1, 1, 1], [0, 0, 1, 1], [0, 0, 0, 1], [0, 0, 0, 0]], "operations": ["nor_conv_1x1", "avg_pool_3x3", "skip_connect", "nor_conv_1x1", "nor_conv_1x1", "nor_conv_3x3"], "init_channel": 16, "blck_len": 5, "params": 0.400346, "flops": 54.96897, "latency": 0.0191805080363625, "train_per_time": 23.36703586578369, "train_time_200": 4673.407173156738, "train_accuracy_200": 0.99762, "test_accuracy_200": 0.9227500000000001, "train_time_12": 280.4044303894043, "train_accuracy_12": 0.8563200000000001, "test_accuracy_12": 0.833, "valtest_accuracy_200": 0.6905, "valtest_accuracy_12": 0.46590000000000004, "proxy_losses": [2.3716647624969482, 1.9535022974014282, 1.8221124410629272, 1.7390263080596924, 1.674332618713379, 1.618934988975525, 1.568048357963562, 1.523377537727356, 1.481697678565979, 1.4473210573196411, 1.4120362997055054, 1.3808971643447876, 1.347551941871643, 1.3175008296966553, 1.2926687002182007, 1.2676728963851929, 1.241499662399292, 1.215134620666504, 1.1957013607025146, 1.1769206523895264, 1.1577523946762085, 1.1353570222854614, 1.1175023317337036, 1.1066322326660156, 1.084417700767517, 1.0672016143798828, 1.0522117614746094, 1.042983055114746, 1.0245282649993896, 1.0128719806671143, 0.9997006058692932, 0.9868437647819519, 0.9778570532798767, 0.9572902321815491, 0.9566352367401123, 0.9513283371925354, 0.9325524568557739, 0.9216639399528503, 0.9139774441719055, 0.9012845754623413, 0.8930506110191345, 0.8866893649101257, 0.8727751970291138, 0.8662458062171936, 0.8598023653030396, 0.8463782072067261, 0.8370832204818726, 0.8370748162269592, 0.8250762820243835, 0.8169107437133789], "landscape_losses": [2.4639768600463867, 2.1205503940582275, 1.9049423933029175, 1.6888980865478516, 1.5007236003875732, 1.3298587799072266, 1.1770068407058716, 1.0352929830551147, 0.9338210225105286, 0.8624270558357239, 0.8167991638183594], "proxy_train_time": 8.77656183950603, "proxy_train_epochs": 50, "dirty_bit": 1, "landscape_term": 8.682982129500735, "speed_term": 7.451748196672293, "mote": 7.1181074714422365}