{"id": 12523, "adj_matrix": [[0, 1, 1, 1], [0, 0, 1, 1], [0, 0, 0, 1], [0, 0, 0, 0]], "operations": ["zeros", "zeros", "zeros", "nor_conv_3x3", "nor_conv_3x3", "nor_conv_1x1"], "init_channel": 16, "blck_len": 5, "params": 0.587386, "flops": 82.49409, "latency": 0.017758093382182875, "train_per_time": 19.227529764175415, "train_time_200": 3845.505952835083, "train_accuracy_200": 0.9975, "test_accuracy_200": 0.9203, "train_time_12": 230.73035717010498, "train_accuracy_12": 0.856, "test_accuracy_12": 0.8364, "valtest_accuracy_200": 0.6703999999999999, "valtest_accuracy_12": 0.4629, "proxy_losses": [2.374694347381592, 2.0465710163116455, 1.9074921607971191, 1.8246302604675293, 1.7674986124038696, 1.721671462059021, 1.6813796758651733, 1.6445585489273071, 1.6113886833190918, 1.578508973121643, 1.5465431213378906, 1.5146000385284424, 1.4859236478805542, 1.456449270248413, 1.430453896522522, 1.403141975402832, 1.3779075145721436, 1.3577370643615723, 1.3349984884262085, 1.3140441179275513, 1.2912441492080688, 1.2700724601745605, 1.2490161657333374, 1.2299634218215942, 1.2057924270629883, 1.191152811050415, 1.1772831678390503, 1.1618365049362183, 1.1447787284851074, 1.129683256149292, 1.1174616813659668, 1.1056662797927856, 1.0917723178863525, 1.0718190670013428, 1.0551196336746216, 1.0448375940322876, 1.0294556617736816, 1.0222643613815308, 1.0126197338104248, 0.9992126226425171, 0.994996190071106, 0.9858566522598267, 0.9751388430595398, 0.9624038934707642, 0.9456519484519958, 0.9454998970031738, 0.9410276412963867, 0.9235261678695679, 0.9109790921211243, 0.913923442363739], "landscape_losses": [2.4694156646728516, 2.1780688762664795, 1.9440046548843384, 1.7634409666061401, 1.5916879177093506, 1.4264633655548096, 1.2673656940460205, 1.1421781778335571, 1.0400618314743042, 0.9527756571769714, 0.9062752723693848], "proxy_train_time": 9.995092400349677, "proxy_train_epochs": 50, "dirty_bit": 1, "landscape_term": 8.053872147785105, "speed_term": 7.750507018402521, "mote": 6.748125332867144}