{"id": 12548, "adj_matrix": [[0, 1, 1, 1], [0, 0, 1, 1], [0, 0, 0, 1], [0, 0, 0, 0]], "operations": ["zeros", "nor_conv_3x3", "zeros", "nor_conv_1x1", "avg_pool_3x3", "skip_connect"], "init_channel": 16, "blck_len": 5, "params": 0.344346, "flops": 47.10465, "latency": 0.014331428628218802, "train_per_time": 16.52259627978003, "train_time_200": 3304.519255956006, "train_accuracy_200": 0.99784, "test_accuracy_200": 0.9255, "train_time_12": 198.2711553573608, "train_accuracy_12": 0.88024, "test_accuracy_12": 0.8586, "valtest_accuracy_200": 0.6793, "valtest_accuracy_12": 0.516, "proxy_losses": [2.3026766777038574, 1.9728726148605347, 1.8392480611801147, 1.7585902214050293, 1.6984710693359375, 1.645633339881897, 1.5987334251403809, 1.557286262512207, 1.5141189098358154, 1.476128339767456, 1.4433484077453613, 1.4107788801193237, 1.386233925819397, 1.3584790229797363, 1.335091233253479, 1.3132915496826172, 1.2947536706924438, 1.272337555885315, 1.2533406019210815, 1.2334140539169312, 1.2206417322158813, 1.2057268619537354, 1.1928356885910034, 1.1791871786117554, 1.1703046560287476, 1.1545387506484985, 1.1362069845199585, 1.1285455226898193, 1.1135344505310059, 1.1108494997024536, 1.0949342250823975, 1.0827736854553223, 1.0744895935058594, 1.0561254024505615, 1.0478142499923706, 1.0349231958389282, 1.0218919515609741, 1.0052165985107422, 0.995506763458252, 0.9971703290939331, 0.9880218505859375, 0.9767775535583496, 0.9665313363075256, 0.9580763578414917, 0.9491783380508423, 0.9337647557258606, 0.9282615184783936, 0.9136716723442078, 0.9003860354423523, 0.9021871089935303], "landscape_losses": [2.4038760662078857, 2.1276462078094482, 1.9274638891220093, 1.7717827558517456, 1.5972014665603638, 1.450713038444519, 1.3106666803359985, 1.1741889715194702, 1.0567935705184937, 0.9694351553916931, 0.8999238014221191], "proxy_train_time": 7.326853038743138, "proxy_train_epochs": 50, "dirty_bit": 1, "landscape_term": 7.9882432719453496, "speed_term": 5.89877195000544, "mote": 6.378840957758344}