{"id": 12647, "adj_matrix": [[0, 1, 1, 1], [0, 0, 1, 1], [0, 0, 0, 1], [0, 0, 0, 0]], "operations": ["nor_conv_1x1", "nor_conv_3x3", "avg_pool_3x3", "avg_pool_3x3", "avg_pool_3x3", "skip_connect"], "init_channel": 16, "blck_len": 5, "params": 0.344346, "flops": 47.10465, "latency": 0.01399178567685579, "train_per_time": 18.96405553817749, "train_time_200": 3792.811107635498, "train_accuracy_200": 0.99503, "test_accuracy_200": 0.9081999999999999, "train_time_12": 227.56866645812988, "train_accuracy_12": 0.7977599999999999, "test_accuracy_12": 0.7825, "valtest_accuracy_200": 0.6510499999999999, "valtest_accuracy_12": 0.4054, "proxy_losses": [3.5602848529815674, 2.3730337619781494, 1.9762500524520874, 1.7693779468536377, 1.6732749938964844, 1.5977941751480103, 1.543031930923462, 1.5029213428497314, 1.467375636100769, 1.4364795684814453, 1.4104353189468384, 1.3866896629333496, 1.3636656999588013, 1.343308925628662, 1.3234261274337769, 1.3059635162353516, 1.2888201475143433, 1.2703670263290405, 1.2504174709320068, 1.236025333404541, 1.2224351167678833, 1.2059475183486938, 1.1927303075790405, 1.1817258596420288, 1.1696827411651611, 1.1570578813552856, 1.1448496580123901, 1.133734941482544, 1.1238141059875488, 1.1107796430587769, 1.098780632019043, 1.0917118787765503, 1.0805392265319824, 1.0712112188339233, 1.0639127492904663, 1.0542405843734741, 1.0426676273345947, 1.0355732440948486, 1.03017258644104, 1.024385690689087, 1.0116770267486572, 1.0048311948776245, 0.9968639612197876, 0.9929603338241577, 0.9929607510566711, 0.9840352535247803, 0.9657242894172668, 0.9628221392631531, 0.9587419033050537, 0.9498652219772339], "landscape_losses": [3.707298517227173, 2.7999460697174072, 2.329434871673584, 1.9966765642166138, 1.7154088020324707, 1.5156443119049072, 1.3418861627578735, 1.2137328386306763, 1.0991483926773071, 1.0022207498550415, 0.9458438754081726], "proxy_train_time": 6.401129586622119, "proxy_train_epochs": 50, "dirty_bit": 1, "landscape_term": 7.333706282431793, "speed_term": 4.990326484841607, "mote": 5.762390180309048}