{"id": 12645, "adj_matrix": [[0, 1, 1, 1], [0, 0, 1, 1], [0, 0, 0, 1], [0, 0, 0, 0]], "operations": ["nor_conv_3x3", "nor_conv_3x3", "zeros", "skip_connect", "zeros", "nor_conv_3x3"], "init_channel": 16, "blck_len": 5, "params": 0.802426, "flops": 113.95137, "latency": 0.01680643307535272, "train_per_time": 20.222190260887146, "train_time_200": 4044.438052177429, "train_accuracy_200": 0.99971, "test_accuracy_200": 0.93695, "train_time_12": 242.66628313064575, "train_accuracy_12": 0.9201600000000001, "test_accuracy_12": 0.8787, "valtest_accuracy_200": 0.7049500000000001, "valtest_accuracy_12": 0.5903, "proxy_losses": [2.298502206802368, 1.860732078552246, 1.7176783084869385, 1.631058931350708, 1.5591845512390137, 1.4931325912475586, 1.4381941556930542, 1.387204647064209, 1.349522352218628, 1.3138301372528076, 1.2821840047836304, 1.2542893886566162, 1.2212681770324707, 1.1960375308990479, 1.164696216583252, 1.1418380737304688, 1.1220101118087769, 1.1029784679412842, 1.0780181884765625, 1.0529536008834839, 1.0325936079025269, 1.0170074701309204, 0.9931405186653137, 0.977738082408905, 0.9511547684669495, 0.9323248863220215, 0.9178487062454224, 0.9023991227149963, 0.8843307495117188, 0.8632943630218506, 0.85611891746521, 0.8618853688240051, 0.8395492434501648, 0.8281006813049316, 0.8211219906806946, 0.8055652379989624, 0.7854089140892029, 0.7721719145774841, 0.7683520317077637, 0.7547507882118225, 0.7438923120498657, 0.7322510480880737, 0.7172712683677673, 0.7126989960670471, 0.6966529488563538, 0.6956103444099426, 0.6866291165351868, 0.6791290044784546, 0.6655188202857971, 0.6654719114303589], "landscape_losses": [2.4335882663726807, 2.027257204055786, 1.7705858945846558, 1.5571478605270386, 1.3778715133666992, 1.198303461074829, 1.0288556814193726, 0.8902766704559326, 0.7773179411888123, 0.6917560696601868, 0.6547306776046753], "proxy_train_time": 8.770636012777686, "proxy_train_epochs": 50, "dirty_bit": 1, "landscape_term": 10.026064638502334, "speed_term": 8.396923082250087, "mote": 8.158037125913754}