{"id": 12659, "adj_matrix": [[0, 1, 1, 1], [0, 0, 1, 1], [0, 0, 0, 1], [0, 0, 0, 0]], "operations": ["nor_conv_1x1", "nor_conv_3x3", "avg_pool_3x3", "avg_pool_3x3", "zeros", "nor_conv_3x3"], "init_channel": 16, "blck_len": 5, "params": 0.587386, "flops": 82.49409, "latency": 0.016756346351221987, "train_per_time": 22.858617862065657, "train_time_200": 4571.7235724131315, "train_accuracy_200": 0.99895, "test_accuracy_200": 0.92025, "train_time_12": 274.30341434478765, "train_accuracy_12": 0.8325199999999999, "test_accuracy_12": 0.8093, "valtest_accuracy_200": 0.67375, "valtest_accuracy_12": 0.467, "proxy_losses": [2.390404462814331, 1.9456006288528442, 1.7879220247268677, 1.6857573986053467, 1.6165249347686768, 1.5597715377807617, 1.5001894235610962, 1.453427791595459, 1.4072613716125488, 1.3578561544418335, 1.3144985437393188, 1.2689049243927002, 1.2337669134140015, 1.2044559717178345, 1.1682742834091187, 1.1378737688064575, 1.1058082580566406, 1.0859853029251099, 1.0664328336715698, 1.0372788906097412, 1.0158171653747559, 0.9949862360954285, 0.9732097387313843, 0.9618973731994629, 0.9376996159553528, 0.926794707775116, 0.9139721393585205, 0.9017270803451538, 0.8856906294822693, 0.8624415993690491, 0.8536399602890015, 0.8488954901695251, 0.8278825879096985, 0.8207493424415588, 0.8194188475608826, 0.8021813631057739, 0.7943341135978699, 0.778262197971344, 0.7666594982147217, 0.7467553615570068, 0.7439697980880737, 0.7260504961013794, 0.7137983441352844, 0.7047790288925171, 0.6925206780433655, 0.6803603768348694, 0.6706647276878357, 0.6633093953132629, 0.6559529900550842, 0.653042733669281], "landscape_losses": [2.5273029804229736, 2.1014139652252197, 1.851824402809143, 1.6254606246948242, 1.4107317924499512, 1.209754467010498, 1.0431853532791138, 0.8958530426025391, 0.7835150361061096, 0.703868567943573, 0.6609264016151428], "proxy_train_time": 8.846783116459846, "proxy_train_epochs": 50, "dirty_bit": 1, "landscape_term": 9.847137167907105, "speed_term": 8.399037318058506, "mote": 8.041699834557011}