{"id": 12691, "adj_matrix": [[0, 1, 1, 1], [0, 0, 1, 1], [0, 0, 0, 1], [0, 0, 0, 0]], "operations": ["avg_pool_3x3", "zeros", "skip_connect", "avg_pool_3x3", "avg_pool_3x3", "nor_conv_3x3"], "init_channel": 16, "blck_len": 5, "params": 0.316346, "flops": 43.17249, "latency": 0.012545359762091386, "train_per_time": 15.730632106463082, "train_time_200": 3146.126421292616, "train_accuracy_200": 0.8641800000000001, "test_accuracy_200": 0.8234, "train_time_12": 188.76758527755734, "train_accuracy_12": 0.64366, "test_accuracy_12": 0.64, "valtest_accuracy_200": 0.49829999999999997, "valtest_accuracy_12": 0.278, "proxy_losses": [3.3787055015563965, 2.3036117553710938, 2.007070302963257, 1.8610472679138184, 1.7566876411437988, 1.6867296695709229, 1.6389224529266357, 1.5999642610549927, 1.5684003829956055, 1.5398205518722534, 1.5155192613601685, 1.4906456470489502, 1.469408392906189, 1.452779769897461, 1.4363101720809937, 1.4252196550369263, 1.408385992050171, 1.3969606161117554, 1.3796006441116333, 1.3683481216430664, 1.3569445610046387, 1.3456884622573853, 1.3349342346191406, 1.3170063495635986, 1.3074147701263428, 1.2915023565292358, 1.2861835956573486, 1.2738277912139893, 1.259062647819519, 1.2505595684051514, 1.2399234771728516, 1.2291138172149658, 1.2202491760253906, 1.2080243825912476, 1.194410800933838, 1.1797866821289062, 1.1740446090698242, 1.1685099601745605, 1.1594150066375732, 1.1493165493011475, 1.1430816650390625, 1.1329505443572998, 1.1274657249450684, 1.1202133893966675, 1.116016149520874, 1.1013281345367432, 1.1030515432357788, 1.0985417366027832, 1.104399561882019, 1.0846081972122192], "landscape_losses": [3.4845945835113525, 2.67253041267395, 2.2966244220733643, 2.0266647338867188, 1.7867995500564575, 1.5883806943893433, 1.399729609489441, 1.2571691274642944, 1.1554346084594727, 1.096564531326294, 1.0734628438949585], "proxy_train_time": 6.198825750499964, "proxy_train_epochs": 50, "dirty_bit": 1, "landscape_term": 6.9980701551848865, "speed_term": 4.442856574956568, "mote": 5.4226604335132675}