{"id": 12783, "adj_matrix": [[0, 1, 1, 1], [0, 0, 1, 1], [0, 0, 0, 1], [0, 0, 0, 0]], "operations": ["avg_pool_3x3", "skip_connect", "nor_conv_1x1", "nor_conv_3x3", "skip_connect", "nor_conv_3x3"], "init_channel": 16, "blck_len": 5, "params": 0.587386, "flops": 82.49409, "latency": 0.016932252206300437, "train_per_time": 20.44829038778935, "train_time_200": 4089.6580775578695, "train_accuracy_200": 0.99886, "test_accuracy_200": 0.9193000000000001, "train_time_12": 245.37948465347287, "train_accuracy_12": 0.82694, "test_accuracy_12": 0.8103, "valtest_accuracy_200": 0.6681999999999999, "valtest_accuracy_12": 0.4643, "proxy_losses": [2.3328206539154053, 1.8202776908874512, 1.6586439609527588, 1.5651507377624512, 1.4888981580734253, 1.4329819679260254, 1.3795465230941772, 1.335862159729004, 1.2984055280685425, 1.261987328529358, 1.2305657863616943, 1.2071305513381958, 1.1768317222595215, 1.1509804725646973, 1.1319693326950073, 1.115338921546936, 1.0914305448532104, 1.075855016708374, 1.0580931901931763, 1.0451198816299438, 1.0317288637161255, 1.0097124576568604, 0.9986838102340698, 0.9787523150444031, 0.9655163884162903, 0.9489812254905701, 0.932625949382782, 0.9191681742668152, 0.9148420095443726, 0.8946505784988403, 0.8825143575668335, 0.886066198348999, 0.8748388886451721, 0.8622559309005737, 0.8479156494140625, 0.8392794728279114, 0.8329502940177917, 0.8316399455070496, 0.827092170715332, 0.8136902451515198, 0.8005864024162292, 0.7884417176246643, 0.7795830368995667, 0.7720044851303101, 0.7739143371582031, 0.7587751746177673, 0.7563055753707886, 0.7535145878791809, 0.7521371245384216, 0.7431672811508179], "landscape_losses": [2.4625601768493652, 2.016523838043213, 1.7667713165283203, 1.5695433616638184, 1.3901355266571045, 1.2267098426818848, 1.089415192604065, 0.9503510594367981, 0.8560473918914795, 0.7666512727737427, 0.7230795621871948], "proxy_train_time": 8.00365239661187, "proxy_train_epochs": 50, "dirty_bit": 1, "landscape_term": 9.465333283721606, "speed_term": 7.603809889363893, "mote": 7.6605116273004095}