{"id": 12800, "adj_matrix": [[0, 1, 1, 1], [0, 0, 1, 1], [0, 0, 0, 1], [0, 0, 0, 0]], "operations": ["avg_pool_3x3", "zeros", "zeros", "avg_pool_3x3", "nor_conv_3x3", "skip_connect"], "init_channel": 16, "blck_len": 5, "params": 0.316346, "flops": 43.17249, "latency": 0.013282556282846553, "train_per_time": 14.732894460360185, "train_time_200": 2946.578892072037, "train_accuracy_200": 0.9575499999999999, "test_accuracy_200": 0.84555, "train_time_12": 176.79473352432248, "train_accuracy_12": 0.72418, "test_accuracy_12": 0.7166, "valtest_accuracy_200": 0.5748000000000001, "valtest_accuracy_12": 0.34850000000000003, "proxy_losses": [2.4189810752868652, 1.9661951065063477, 1.8304290771484375, 1.7447246313095093, 1.6893967390060425, 1.6413638591766357, 1.6005915403366089, 1.5635991096496582, 1.5277820825576782, 1.4925678968429565, 1.4637075662612915, 1.4329149723052979, 1.4044557809829712, 1.377587914466858, 1.3542468547821045, 1.3302658796310425, 1.3101285696029663, 1.291448712348938, 1.2716636657714844, 1.2568800449371338, 1.2424347400665283, 1.2269705533981323, 1.212154507637024, 1.1979517936706543, 1.1813654899597168, 1.1708544492721558, 1.1586610078811646, 1.1415376663208008, 1.1283681392669678, 1.1201789379119873, 1.1113146543502808, 1.0978695154190063, 1.0990064144134521, 1.0840235948562622, 1.0737504959106445, 1.0647286176681519, 1.0617207288742065, 1.0561039447784424, 1.0521912574768066, 1.0456217527389526, 1.0304996967315674, 1.0285643339157104, 1.0167726278305054, 1.005445122718811, 1.0039799213409424, 0.9964914917945862, 0.9830836057662964, 0.98624187707901, 0.9778636693954468, 0.9805466532707214], "landscape_losses": [2.5331225395202637, 2.1450700759887695, 1.9310541152954102, 1.7579679489135742, 1.5912262201309204, 1.444396734237671, 1.3038171529769897, 1.1833527088165283, 1.0948898792266846, 1.018316626548767, 0.973402738571167], "proxy_train_time": 6.31146011967212, "proxy_train_epochs": 50, "dirty_bit": 1, "landscape_term": 7.803128104558619, "speed_term": 4.9692444894608245, "mote": 6.076232291811891}