{"id": 12884, "adj_matrix": [[0, 1, 1, 1], [0, 0, 1, 1], [0, 0, 0, 1], [0, 0, 0, 0]], "operations": ["skip_connect", "nor_conv_3x3", "nor_conv_1x1", "zeros", "zeros", "avg_pool_3x3"], "init_channel": 16, "blck_len": 5, "params": 0.344346, "flops": 47.10465, "latency": 0.015075451449344033, "train_per_time": 16.412301778793335, "train_time_200": 3282.460355758667, "train_accuracy_200": 0.9765599999999999, "test_accuracy_200": 0.8863, "train_time_12": 196.94762134552002, "train_accuracy_12": 0.73516, "test_accuracy_12": 0.7238, "valtest_accuracy_200": 0.6113666666666666, "valtest_accuracy_12": 0.31739999999999996, "proxy_losses": [2.2921202182769775, 1.9666653871536255, 1.8499339818954468, 1.7752728462219238, 1.7133394479751587, 1.6605597734451294, 1.6162660121917725, 1.5748227834701538, 1.5358730554580688, 1.4974967241287231, 1.4623730182647705, 1.4315800666809082, 1.4003455638885498, 1.3732162714004517, 1.3506536483764648, 1.3284293413162231, 1.3051971197128296, 1.2840784788131714, 1.2631406784057617, 1.245072841644287, 1.2263356447219849, 1.212015986442566, 1.1949586868286133, 1.1770390272140503, 1.1615065336227417, 1.146147608757019, 1.1320387125015259, 1.1200592517852783, 1.1035624742507935, 1.0923813581466675, 1.088966965675354, 1.0728709697723389, 1.0542882680892944, 1.0396159887313843, 1.0304416418075562, 1.016662359237671, 1.0113836526870728, 1.0036158561706543, 0.9985396265983582, 0.9951044917106628, 0.9802266359329224, 0.9628929495811462, 0.9628046154975891, 0.9464797973632812, 0.9326122999191284, 0.9168078303337097, 0.9139248132705688, 0.9092375040054321, 0.8994309306144714, 0.8910066485404968], "landscape_losses": [2.3825292587280273, 2.105621814727783, 1.9280755519866943, 1.7630771398544312, 1.5993099212646484, 1.4430217742919922, 1.3090229034423828, 1.1700966358184814, 1.043673038482666, 0.9519729614257812, 0.8933438658714294], "proxy_train_time": 6.595377205871046, "proxy_train_epochs": 50, "dirty_bit": 1, "landscape_term": 8.045296174420162, "speed_term": 5.3086295016613905, "mote": 6.30557372521281}