{"id": 12891, "adj_matrix": [[0, 1, 1, 1], [0, 0, 1, 1], [0, 0, 0, 1], [0, 0, 0, 0]], "operations": ["skip_connect", "zeros", "skip_connect", "avg_pool_3x3", "avg_pool_3x3", "nor_conv_3x3"], "init_channel": 16, "blck_len": 5, "params": 0.316346, "flops": 43.17249, "latency": 0.012425253265782407, "train_per_time": 13.999767541885376, "train_time_200": 2799.953508377075, "train_accuracy_200": 0.9282499999999999, "test_accuracy_200": 0.8706499999999999, "train_time_12": 167.9972105026245, "train_accuracy_12": 0.7332, "test_accuracy_12": 0.7219, "valtest_accuracy_200": 0.57395, "valtest_accuracy_12": 0.33640000000000003, "proxy_losses": [3.6798014640808105, 2.4889183044433594, 2.0961837768554688, 1.9417822360992432, 1.831667184829712, 1.7659339904785156, 1.7206801176071167, 1.675684928894043, 1.6340196132659912, 1.6023545265197754, 1.5733764171600342, 1.5488085746765137, 1.525350570678711, 1.5012637376785278, 1.4783142805099487, 1.458983302116394, 1.4366414546966553, 1.4173330068588257, 1.3992433547973633, 1.38567316532135, 1.3705068826675415, 1.355387806892395, 1.3376132249832153, 1.3263123035430908, 1.3099064826965332, 1.3000013828277588, 1.286607265472412, 1.2719879150390625, 1.2662612199783325, 1.254159927368164, 1.242143154144287, 1.2314687967300415, 1.2247111797332764, 1.213694453239441, 1.2030291557312012, 1.1917203664779663, 1.1805578470230103, 1.1687517166137695, 1.1581538915634155, 1.1473196744918823, 1.1410701274871826, 1.1332732439041138, 1.1204646825790405, 1.1165162324905396, 1.1083803176879883, 1.096632957458496, 1.0889097452163696, 1.085352897644043, 1.0758308172225952, 1.0616341829299927], "landscape_losses": [3.801062822341919, 2.8834388256073, 2.452183485031128, 2.1285738945007324, 1.8709089756011963, 1.65780508518219, 1.478838324546814, 1.3308733701705933, 1.2174630165100098, 1.1068857908248901, 1.0598887205123901], "proxy_train_time": 5.300535975955427, "proxy_train_epochs": 50, "dirty_bit": 1, "landscape_term": 6.721100906325214, "speed_term": 3.7206992528339264, "mote": 5.078161480338266}