{"id": 12892, "adj_matrix": [[0, 1, 1, 1], [0, 0, 1, 1], [0, 0, 0, 1], [0, 0, 0, 0]], "operations": ["zeros", "skip_connect", "skip_connect", "nor_conv_1x1", "avg_pool_3x3", "zeros"], "init_channel": 16, "blck_len": 5, "params": 0.101306, "flops": 11.71521, "latency": 0.01288686143724542, "train_per_time": 11.66659414768219, "train_time_200": 2333.318829536438, "train_accuracy_200": 0.95028, "test_accuracy_200": 0.8915500000000001, "train_time_12": 139.99912977218628, "train_accuracy_12": 0.81244, "test_accuracy_12": 0.7970999999999999, "valtest_accuracy_200": 0.62525, "valtest_accuracy_12": 0.4071, "proxy_losses": [2.4453628063201904, 2.2610063552856445, 2.1494157314300537, 2.0740368366241455, 2.014190673828125, 1.9619064331054688, 1.9181554317474365, 1.8809330463409424, 1.8494261503219604, 1.822398066520691, 1.7972607612609863, 1.7744851112365723, 1.7539958953857422, 1.7353380918502808, 1.7174690961837769, 1.7030117511749268, 1.6865900754928589, 1.6718339920043945, 1.6591405868530273, 1.6437174081802368, 1.6316114664077759, 1.6186072826385498, 1.6052621603012085, 1.5941648483276367, 1.5800726413726807, 1.5695147514343262, 1.5579599142074585, 1.5462028980255127, 1.536669135093689, 1.5252848863601685, 1.5158742666244507, 1.5047392845153809, 1.4946707487106323, 1.4849565029144287, 1.4764832258224487, 1.4660817384719849, 1.457659125328064, 1.44486403465271, 1.4338711500167847, 1.4242255687713623, 1.4154995679855347, 1.404922366142273, 1.3959288597106934, 1.385754108428955, 1.3782517910003662, 1.3660589456558228, 1.3583530187606812, 1.3497189283370972, 1.3406120538711548, 1.329924464225769], "landscape_losses": [2.4839935302734375, 2.301318645477295, 2.1567888259887695, 2.019731283187866, 1.8911257982254028, 1.7536273002624512, 1.6291241645812988, 1.5166552066802979, 1.4310634136199951, 1.3615981340408325, 1.3247345685958862], "proxy_train_time": 5.977758907712996, "proxy_train_epochs": 50, "dirty_bit": 1, "landscape_term": 6.356163530094622, "speed_term": 3.657755944346047, "mote": 4.811852200322938}