{"id": 12935, "adj_matrix": [[0, 1, 1, 1], [0, 0, 1, 1], [0, 0, 0, 1], [0, 0, 0, 0]], "operations": ["skip_connect", "avg_pool_3x3", "avg_pool_3x3", "zeros", "skip_connect", "avg_pool_3x3"], "init_channel": 16, "blck_len": 5, "params": 0.073306, "flops": 7.78305, "latency": 0.009478648503621418, "train_per_time": 10.937071243921935, "train_time_200": 2187.414248784387, "train_accuracy_200": 0.5765866666666667, "test_accuracy_200": 0.5729, "train_time_12": 131.24485492706302, "train_accuracy_12": 0.42312, "test_accuracy_12": 0.41590000000000005, "valtest_accuracy_200": 0.3076333333333333, "valtest_accuracy_12": 0.10550000000000001, "proxy_losses": [4.47610330581665, 3.0676679611206055, 2.590473175048828, 2.4288594722747803, 2.2473440170288086, 2.1015729904174805, 2.012298345565796, 1.9560155868530273, 1.9107173681259155, 1.871328353881836, 1.8405812978744507, 1.817328691482544, 1.7977226972579956, 1.7781617641448975, 1.759202480316162, 1.7462081909179688, 1.731109380722046, 1.719018578529358, 1.7073246240615845, 1.6980750560760498, 1.6859430074691772, 1.6777417659759521, 1.6680771112442017, 1.6599619388580322, 1.6526681184768677, 1.6442608833312988, 1.6386526823043823, 1.6298264265060425, 1.6231181621551514, 1.6167211532592773, 1.6108514070510864, 1.6045289039611816, 1.5989786386489868, 1.5935508012771606, 1.5864008665084839, 1.5828503370285034, 1.5759385824203491, 1.5708292722702026, 1.5662227869033813, 1.5598013401031494, 1.558792233467102, 1.551890254020691, 1.5467593669891357, 1.5430339574813843, 1.5410635471343994, 1.540143609046936, 1.5322335958480835, 1.5272107124328613, 1.5227980613708496, 1.517982006072998], "landscape_losses": [4.54429817199707, 3.5863335132598877, 3.1119637489318848, 2.748255968093872, 2.4226205348968506, 2.1544508934020996, 1.921334981918335, 1.757706880569458, 1.6141716241836548, 1.5498900413513184, 1.5210950374603271], "proxy_train_time": 4.0404115822166204, "proxy_train_epochs": 50, "dirty_bit": 1, "landscape_term": 5.072566985272199, "speed_term": 2.2450237024139508, "mote": 3.5638768417619064}