{"id": 12980, "adj_matrix": [[0, 1, 1, 1], [0, 0, 1, 1], [0, 0, 0, 1], [0, 0, 0, 0]], "operations": ["nor_conv_1x1", "nor_conv_1x1", "skip_connect", "nor_conv_1x1", "avg_pool_3x3", "avg_pool_3x3"], "init_channel": 16, "blck_len": 5, "params": 0.157306, "flops": 19.57953, "latency": 0.017060201419027227, "train_per_time": 20.584794123967544, "train_time_200": 4116.958824793509, "train_accuracy_200": 0.9766800000000001, "test_accuracy_200": 0.90235, "train_time_12": 247.0175294876099, "train_accuracy_12": 0.76688, "test_accuracy_12": 0.7565000000000001, "valtest_accuracy_200": 0.6435499999999998, "valtest_accuracy_12": 0.33659999999999995, "proxy_losses": [3.2067196369171143, 2.4926929473876953, 2.18986177444458, 2.0318453311920166, 1.918886661529541, 1.8373264074325562, 1.7800923585891724, 1.7348761558532715, 1.698590874671936, 1.6658397912979126, 1.6398377418518066, 1.6169520616531372, 1.595844030380249, 1.5767717361450195, 1.5573108196258545, 1.540650486946106, 1.524208426475525, 1.5082486867904663, 1.494015097618103, 1.4783309698104858, 1.4637587070465088, 1.4525715112686157, 1.4396214485168457, 1.4263733625411987, 1.4127686023712158, 1.3992074728012085, 1.3871110677719116, 1.3772929906845093, 1.3665162324905396, 1.3549463748931885, 1.3411155939102173, 1.331581473350525, 1.318769931793213, 1.308808445930481, 1.2926331758499146, 1.2860952615737915, 1.2744767665863037, 1.2632697820663452, 1.2518812417984009, 1.2415294647216797, 1.232607126235962, 1.223175048828125, 1.2149423360824585, 1.208991289138794, 1.1991597414016724, 1.185896635055542, 1.180751919746399, 1.1719850301742554, 1.1616181135177612, 1.1520068645477295], "landscape_losses": [3.284541368484497, 2.690574884414673, 2.3522167205810547, 2.0869319438934326, 1.8662140369415283, 1.6767808198928833, 1.503492832183838, 1.3660258054733276, 1.2579172849655151, 1.184610366821289, 1.1543686389923096], "proxy_train_time": 7.353440708480775, "proxy_train_epochs": 50, "dirty_bit": 1, "landscape_term": 6.615219726118415, "speed_term": 4.901616401658827, "mote": 5.252429636344755}