{"id": 13004, "adj_matrix": [[0, 1, 1, 1], [0, 0, 1, 1], [0, 0, 0, 1], [0, 0, 0, 0]], "operations": ["avg_pool_3x3", "avg_pool_3x3", "nor_conv_1x1", "nor_conv_3x3", "avg_pool_3x3", "avg_pool_3x3"], "init_channel": 16, "blck_len": 5, "params": 0.344346, "flops": 47.10465, "latency": 0.015592361751355623, "train_per_time": 20.804924289385422, "train_time_200": 4160.984857877084, "train_accuracy_200": 0.9227799999999999, "test_accuracy_200": 0.8694999999999999, "train_time_12": 249.6590914726257, "train_accuracy_12": 0.7171, "test_accuracy_12": 0.7109000000000001, "valtest_accuracy_200": 0.5661, "valtest_accuracy_12": 0.3072, "proxy_losses": [3.8616886138916016, 2.45556640625, 2.0741186141967773, 1.8861312866210938, 1.7789437770843506, 1.7028086185455322, 1.6483193635940552, 1.6046868562698364, 1.5744372606277466, 1.540761947631836, 1.5153968334197998, 1.4912599325180054, 1.4691540002822876, 1.4492968320846558, 1.4298768043518066, 1.4096866846084595, 1.3921232223510742, 1.375185251235962, 1.3612041473388672, 1.3451982736587524, 1.3293179273605347, 1.3131380081176758, 1.3047969341278076, 1.290175437927246, 1.277197241783142, 1.2657678127288818, 1.2553484439849854, 1.2446351051330566, 1.2335034608840942, 1.2262338399887085, 1.2179239988327026, 1.2077218294143677, 1.1970854997634888, 1.184859037399292, 1.1782888174057007, 1.1684108972549438, 1.1602253913879395, 1.1491076946258545, 1.142896056175232, 1.1414662599563599, 1.1324405670166016, 1.11629056930542, 1.1103367805480957, 1.097856879234314, 1.0946810245513916, 1.088075876235962, 1.0769699811935425, 1.0734423398971558, 1.0653737783432007, 1.0592246055603027], "landscape_losses": [3.9968101978302, 2.9264228343963623, 2.451488971710205, 2.0939767360687256, 1.8212400674819946, 1.6039928197860718, 1.4334347248077393, 1.301993489265442, 1.1874994039535522, 1.0948810577392578, 1.0434015989303589], "proxy_train_time": 7.264942701905966, "proxy_train_epochs": 50, "dirty_bit": 1, "landscape_term": 6.829438558310483, "speed_term": 5.206453094653401, "mote": 5.459944952144963}