{"id": 13092, "adj_matrix": [[0, 1, 1, 1], [0, 0, 1, 1], [0, 0, 0, 1], [0, 0, 0, 0]], "operations": ["nor_conv_3x3", "zeros", "nor_conv_1x1", "avg_pool_3x3", "nor_conv_1x1", "nor_conv_1x1"], "init_channel": 16, "blck_len": 5, "params": 0.400346, "flops": 54.96897, "latency": 0.019511988288477847, "train_per_time": 23.13323454062142, "train_time_200": 4626.646908124284, "train_accuracy_200": 0.99887, "test_accuracy_200": 0.92455, "train_time_12": 277.5988144874572, "train_accuracy_12": 0.86786, "test_accuracy_12": 0.8426, "valtest_accuracy_200": 0.6895, "valtest_accuracy_12": 0.4975, "proxy_losses": [2.4904356002807617, 1.9489134550094604, 1.7870396375656128, 1.681809425354004, 1.6011804342269897, 1.535265326499939, 1.4804813861846924, 1.4340693950653076, 1.3937731981277466, 1.3538479804992676, 1.3209034204483032, 1.2904878854751587, 1.260820746421814, 1.230934500694275, 1.2014803886413574, 1.172330379486084, 1.1493933200836182, 1.1274123191833496, 1.1035462617874146, 1.0858715772628784, 1.0602883100509644, 1.0421937704086304, 1.0242890119552612, 1.0053691864013672, 0.9828011989593506, 0.9715101718902588, 0.9600774645805359, 0.9452583193778992, 0.9383860230445862, 0.9184134602546692, 0.9089410305023193, 0.8932589888572693, 0.8855271339416504, 0.8720976710319519, 0.8597840070724487, 0.8545913100242615, 0.8420494198799133, 0.8375943303108215, 0.827461838722229, 0.8112478256225586, 0.8006859421730042, 0.7874554395675659, 0.7830687761306763, 0.7676728963851929, 0.7604110240936279, 0.7443878054618835, 0.7418555021286011, 0.7216179370880127, 0.7129967212677002, 0.709209680557251], "landscape_losses": [2.623128652572632, 2.1080100536346436, 1.8345435857772827, 1.6196647882461548, 1.4260293245315552, 1.2491509914398193, 1.0876283645629883, 0.9481594562530518, 0.8336989283561707, 0.7472590804100037, 0.7057475447654724], "proxy_train_time": 9.156200747005641, "proxy_train_epochs": 50, "dirty_bit": 1, "landscape_term": 9.448644814974601, "speed_term": 8.381652440131198, "mote": 7.777947154069691}