{"id": 13107, "adj_matrix": [[0, 1, 1, 1], [0, 0, 1, 1], [0, 0, 0, 1], [0, 0, 0, 0]], "operations": ["avg_pool_3x3", "nor_conv_3x3", "skip_connect", "nor_conv_1x1", "nor_conv_1x1", "nor_conv_3x3"], "init_channel": 16, "blck_len": 5, "params": 0.615386, "flops": 86.42625, "latency": 0.019797638842934055, "train_per_time": 24.264752626419067, "train_time_200": 4852.9505252838135, "train_accuracy_200": 0.9987, "test_accuracy_200": 0.92525, "train_time_12": 291.1770315170288, "train_accuracy_12": 0.84288, "test_accuracy_12": 0.8281000000000001, "valtest_accuracy_200": 0.6916, "valtest_accuracy_12": 0.4512, "proxy_losses": [2.0958452224731445, 1.8149300813674927, 1.6906805038452148, 1.5941945314407349, 1.5251978635787964, 1.4685499668121338, 1.416401982307434, 1.3734091520309448, 1.328222393989563, 1.2913988828659058, 1.2502062320709229, 1.2182470560073853, 1.1828227043151855, 1.1497398614883423, 1.120119571685791, 1.0894775390625, 1.0584101676940918, 1.029304027557373, 1.0130523443222046, 0.9826043248176575, 0.9589017629623413, 0.9338945150375366, 0.9245409965515137, 0.9007005095481873, 0.8764898180961609, 0.8614535331726074, 0.8421014547348022, 0.8314926028251648, 0.816896378993988, 0.8040307760238647, 0.789472758769989, 0.7792202234268188, 0.7684190273284912, 0.7539994716644287, 0.7475787401199341, 0.7409993410110474, 0.7224705219268799, 0.7142674922943115, 0.7026541233062744, 0.6960029006004333, 0.6982972025871277, 0.6902564764022827, 0.6858747005462646, 0.6702840924263, 0.6499354839324951, 0.6445612907409668, 0.6298938393592834, 0.6233254671096802, 0.6272099614143372, 0.6156166791915894], "landscape_losses": [2.190074920654297, 1.9369624853134155, 1.7542226314544678, 1.5726991891860962, 1.381270170211792, 1.1909457445144653, 1.0238107442855835, 0.8752434849739075, 0.738173246383667, 0.6656015515327454, 0.6227834224700928], "proxy_train_time": 9.15920988842845, "proxy_train_epochs": 50, "dirty_bit": 1, "landscape_term": 10.32449310629658, "speed_term": 9.271645923617735, "mote": 8.490954292288311}