{"id": 13112, "adj_matrix": [[0, 1, 1, 1], [0, 0, 1, 1], [0, 0, 0, 1], [0, 0, 0, 0]], "operations": ["skip_connect", "nor_conv_3x3", "nor_conv_1x1", "skip_connect", "nor_conv_1x1", "nor_conv_3x3"], "init_channel": 16, "blck_len": 5, "params": 0.615386, "flops": 86.42625, "latency": 0.019581563640059085, "train_per_time": 22.05236530303955, "train_time_200": 4410.47306060791, "train_accuracy_200": 0.9996200000000001, "test_accuracy_200": 0.9371666666666666, "train_time_12": 264.6283836364746, "train_accuracy_12": 0.91554, "test_accuracy_12": 0.8793000000000001, "valtest_accuracy_200": 0.7079333333333334, "valtest_accuracy_12": 0.5911, "proxy_losses": [2.560210943222046, 1.879958987236023, 1.7059117555618286, 1.621610403060913, 1.5615390539169312, 1.5100667476654053, 1.4702528715133667, 1.4326366186141968, 1.4012556076049805, 1.3727331161499023, 1.3400062322616577, 1.3074957132339478, 1.2784043550491333, 1.2516300678253174, 1.2257171869277954, 1.2031055688858032, 1.1745246648788452, 1.156656265258789, 1.1377043724060059, 1.1192046403884888, 1.0949218273162842, 1.0758928060531616, 1.0584731101989746, 1.0381309986114502, 1.0175514221191406, 0.9974617958068848, 0.9832465052604675, 0.9674679636955261, 0.9548832774162292, 0.9370601773262024, 0.9188660383224487, 0.905829906463623, 0.8946179747581482, 0.8806637525558472, 0.8650281429290771, 0.8500610589981079, 0.8428515791893005, 0.8269289135932922, 0.8225680589675903, 0.8119443655014038, 0.7949814200401306, 0.7892351746559143, 0.7751309275627136, 0.7652094960212708, 0.7560723423957825, 0.742256760597229, 0.7467179894447327, 0.737575113773346, 0.7269191145896912, 0.7113951444625854], "landscape_losses": [2.7068889141082764, 2.112464666366577, 1.8349279165267944, 1.6105810403823853, 1.4385168552398682, 1.2543590068817139, 1.1013989448547363, 0.9612341523170471, 0.8501941561698914, 0.7604439854621887, 0.7061194181442261], "proxy_train_time": 9.199251064099371, "proxy_train_epochs": 50, "dirty_bit": 1, "landscape_term": 9.356743017968968, "speed_term": 8.362869096966667, "mote": 7.714507155239199}