{"id": 13124, "adj_matrix": [[0, 1, 1, 1], [0, 0, 1, 1], [0, 0, 0, 1], [0, 0, 0, 0]], "operations": ["nor_conv_3x3", "zeros", "skip_connect", "zeros", "skip_connect", "skip_connect"], "init_channel": 16, "blck_len": 5, "params": 0.316346, "flops": 43.17249, "latency": 0.012840939195532548, "train_per_time": 10.517162322998047, "train_time_200": 2103.4324645996094, "train_accuracy_200": 0.99787, "test_accuracy_200": 0.9190999999999999, "train_time_12": 126.20594787597656, "train_accuracy_12": 0.85964, "test_accuracy_12": 0.838, "valtest_accuracy_200": 0.6708500000000001, "valtest_accuracy_12": 0.4763, "proxy_losses": [2.1098108291625977, 1.8154734373092651, 1.7154620885849, 1.6371911764144897, 1.5725650787353516, 1.5199604034423828, 1.4730337858200073, 1.4341456890106201, 1.3930094242095947, 1.3576990365982056, 1.3248472213745117, 1.2927310466766357, 1.2601982355117798, 1.234825611114502, 1.2085288763046265, 1.182366132736206, 1.1586679220199585, 1.1384562253952026, 1.114076018333435, 1.0888782739639282, 1.073401689529419, 1.0567808151245117, 1.040873408317566, 1.0244172811508179, 1.0115182399749756, 0.9973886013031006, 0.9747942090034485, 0.9702492356300354, 0.9516571164131165, 0.9400205016136169, 0.9229407906532288, 0.9184535145759583, 0.8995818495750427, 0.8933201432228088, 0.8871994018554688, 0.8766459822654724, 0.8684329390525818, 0.8618021607398987, 0.8584029078483582, 0.8412395715713501, 0.8295741081237793, 0.8227340579032898, 0.821093738079071, 0.8102884292602539, 0.8096119165420532, 0.7994791269302368, 0.7898310422897339, 0.7847366333007812, 0.7798179984092712, 0.7770839929580688], "landscape_losses": [2.187044620513916, 1.916298270225525, 1.7652689218521118, 1.6102179288864136, 1.4795125722885132, 1.3552615642547607, 1.2211052179336548, 1.1002135276794434, 0.9707654118537903, 0.8605484366416931, 0.7744779586791992], "proxy_train_time": 4.904556495137513, "proxy_train_epochs": 50, "dirty_bit": 1, "landscape_term": 8.791562251820242, "speed_term": 4.464751836798459, "mote": 6.635416756766829}