{"id": 13142, "adj_matrix": [[0, 1, 1, 1], [0, 0, 1, 1], [0, 0, 0, 1], [0, 0, 0, 0]], "operations": ["zeros", "zeros", "nor_conv_3x3", "nor_conv_3x3", "skip_connect", "nor_conv_1x1"], "init_channel": 16, "blck_len": 5, "params": 0.587386, "flops": 82.49409, "latency": 0.018843045360163638, "train_per_time": 18.96163078149165, "train_time_200": 3792.3261562983303, "train_accuracy_200": 0.99751, "test_accuracy_200": 0.9195, "train_time_12": 227.5395693778992, "train_accuracy_12": 0.8529800000000001, "test_accuracy_12": 0.8336, "valtest_accuracy_200": 0.67345, "valtest_accuracy_12": 0.47729999999999995, "proxy_losses": [2.17535400390625, 1.9082070589065552, 1.7974321842193604, 1.7281023263931274, 1.6788880825042725, 1.6357746124267578, 1.5987038612365723, 1.561765193939209, 1.526330590248108, 1.4944206476211548, 1.4660674333572388, 1.4366109371185303, 1.408767580986023, 1.379911184310913, 1.3568779230117798, 1.3386399745941162, 1.3106492757797241, 1.2913132905960083, 1.2757494449615479, 1.2512540817260742, 1.228580355644226, 1.2103267908096313, 1.1960700750350952, 1.17805814743042, 1.170827031135559, 1.1527950763702393, 1.136428952217102, 1.119445562362671, 1.1058759689331055, 1.1014831066131592, 1.0835087299346924, 1.0701581239700317, 1.0511385202407837, 1.042815089225769, 1.030683159828186, 1.0166267156600952, 1.0055031776428223, 1.0022552013397217, 0.9874619841575623, 0.9737761616706848, 0.9626339077949524, 0.9501890540122986, 0.9396931529045105, 0.9304996132850647, 0.9256382584571838, 0.9183233380317688, 0.9030230641365051, 0.8939412236213684, 0.889692485332489, 0.8869773149490356], "landscape_losses": [2.2418174743652344, 2.0164318084716797, 1.8467072248458862, 1.6918857097625732, 1.5402367115020752, 1.3951846361160278, 1.2535396814346313, 1.1222548484802246, 1.0067297220230103, 0.9300205111503601, 0.8938348889350891], "proxy_train_time": 8.545594772323966, "proxy_train_epochs": 50, "dirty_bit": 1, "landscape_term": 8.316694287712144, "speed_term": 6.92677334259132, "mote": 6.78373175669803}