{"id": 13289, "adj_matrix": [[0, 1, 1, 1], [0, 0, 1, 1], [0, 0, 0, 1], [0, 0, 0, 0]], "operations": ["nor_conv_1x1", "nor_conv_1x1", "nor_conv_1x1", "avg_pool_3x3", "nor_conv_1x1", "skip_connect"], "init_channel": 16, "blck_len": 5, "params": 0.185306, "flops": 23.51169, "latency": 0.019717870574248467, "train_per_time": 21.862514535586, "train_time_200": 4372.5029071172, "train_accuracy_200": 0.99461, "test_accuracy_200": 0.8978, "train_time_12": 262.3501744270324, "train_accuracy_12": 0.82316, "test_accuracy_12": 0.7997, "valtest_accuracy_200": 0.65955, "valtest_accuracy_12": 0.4524, "proxy_losses": [3.344930410385132, 2.6174774169921875, 2.2063357830047607, 1.966833233833313, 1.8216252326965332, 1.735964059829712, 1.6794925928115845, 1.6346721649169922, 1.595658540725708, 1.563442587852478, 1.5379047393798828, 1.5134472846984863, 1.4930962324142456, 1.4730535745620728, 1.455200433731079, 1.437139868736267, 1.422956109046936, 1.4075202941894531, 1.3903919458389282, 1.376764178276062, 1.3648831844329834, 1.3491010665893555, 1.3364596366882324, 1.3246177434921265, 1.313333511352539, 1.3003973960876465, 1.2887507677078247, 1.2752963304519653, 1.264712929725647, 1.255859375, 1.242356300354004, 1.2343226671218872, 1.2209826707839966, 1.2071747779846191, 1.199933648109436, 1.190083384513855, 1.1741423606872559, 1.1678546667099, 1.1543965339660645, 1.1476491689682007, 1.1342657804489136, 1.1250699758529663, 1.1149020195007324, 1.1037334203720093, 1.0975128412246704, 1.0890636444091797, 1.077928066253662, 1.0669726133346558, 1.0639926195144653, 1.0502517223358154], "landscape_losses": [3.467212438583374, 2.8420705795288086, 2.4041800498962402, 2.0964598655700684, 1.811875581741333, 1.5738322734832764, 1.4060113430023193, 1.2643790245056152, 1.1494815349578857, 1.0790774822235107, 1.0411123037338257], "proxy_train_time": 8.197246193885803, "proxy_train_epochs": 50, "dirty_bit": 1, "landscape_term": 6.9798350940265586, "speed_term": 5.8046005746212685, "mote": 5.677038358367509}