{"id": 13307, "adj_matrix": [[0, 1, 1, 1], [0, 0, 1, 1], [0, 0, 0, 1], [0, 0, 0, 0]], "operations": ["avg_pool_3x3", "nor_conv_1x1", "skip_connect", "nor_conv_1x1", "nor_conv_1x1", "nor_conv_1x1"], "init_channel": 16, "blck_len": 5, "params": 0.185306, "flops": 23.51169, "latency": 0.01970847029435007, "train_per_time": 22.402361075083387, "train_time_200": 4480.472215016677, "train_accuracy_200": 0.98775, "test_accuracy_200": 0.9009, "train_time_12": 268.8283329010009, "train_accuracy_12": 0.7927200000000001, "test_accuracy_12": 0.7753, "valtest_accuracy_200": 0.6609, "valtest_accuracy_12": 0.3725, "proxy_losses": [2.341723680496216, 2.029505491256714, 1.8781037330627441, 1.7948662042617798, 1.7373661994934082, 1.6876952648162842, 1.6440417766571045, 1.6038442850112915, 1.5691816806793213, 1.5347466468811035, 1.5068765878677368, 1.4799641370773315, 1.4568591117858887, 1.4346394538879395, 1.4149333238601685, 1.392464280128479, 1.3766651153564453, 1.3580352067947388, 1.3395204544067383, 1.324642539024353, 1.307201862335205, 1.288741946220398, 1.2701220512390137, 1.258516788482666, 1.2441679239273071, 1.2271091938018799, 1.210189700126648, 1.198433756828308, 1.185276985168457, 1.1769468784332275, 1.1622817516326904, 1.1480762958526611, 1.1352906227111816, 1.1284301280975342, 1.116639494895935, 1.1053825616836548, 1.097746729850769, 1.085418939590454, 1.0730869770050049, 1.0659568309783936, 1.0570355653762817, 1.0614910125732422, 1.0534995794296265, 1.0398081541061401, 1.0295524597167969, 1.0154025554656982, 1.011414885520935, 0.998062014579773, 0.9904226660728455, 0.986020028591156], "landscape_losses": [2.416494607925415, 2.136650323867798, 1.9474455118179321, 1.7843966484069824, 1.6279023885726929, 1.4737893342971802, 1.330678105354309, 1.2258886098861694, 1.1177228689193726, 1.0418968200683594, 0.9877306818962097], "proxy_train_time": 8.904195034876466, "proxy_train_epochs": 50, "dirty_bit": 1, "landscape_term": 7.682679204991297, "speed_term": 6.783280181737413, "mote": 6.332412031077669}