{"id": 13300, "adj_matrix": [[0, 1, 1, 1], [0, 0, 1, 1], [0, 0, 0, 1], [0, 0, 0, 0]], "operations": ["nor_conv_3x3", "avg_pool_3x3", "zeros", "avg_pool_3x3", "nor_conv_1x1", "nor_conv_3x3"], "init_channel": 16, "blck_len": 5, "params": 0.587386, "flops": 82.49409, "latency": 0.017392658873608236, "train_per_time": 22.916051785151144, "train_time_200": 4583.210357030229, "train_accuracy_200": 0.99883, "test_accuracy_200": 0.9198500000000002, "train_time_12": 274.9926214218139, "train_accuracy_12": 0.82272, "test_accuracy_12": 0.8035, "valtest_accuracy_200": 0.67535, "valtest_accuracy_12": 0.466, "proxy_losses": [2.8128087520599365, 2.1226162910461426, 1.9111007452011108, 1.782776117324829, 1.6899001598358154, 1.6102651357650757, 1.544814109802246, 1.4840457439422607, 1.4317997694015503, 1.385962963104248, 1.348435401916504, 1.3113681077957153, 1.2770642042160034, 1.2491029500961304, 1.2161388397216797, 1.1905958652496338, 1.1650841236114502, 1.1416770219802856, 1.1250510215759277, 1.1011155843734741, 1.0826317071914673, 1.0587700605392456, 1.0471420288085938, 1.028120517730713, 1.0099084377288818, 0.9968457221984863, 0.9803957939147949, 0.9594008922576904, 0.9495444297790527, 0.9371867179870605, 0.9253249764442444, 0.915503740310669, 0.9002978801727295, 0.8843364119529724, 0.8750196099281311, 0.8669621348381042, 0.8520206212997437, 0.848200798034668, 0.8370345830917358, 0.8228164911270142, 0.8135940432548523, 0.8073526620864868, 0.7957878708839417, 0.7888149619102478, 0.782367467880249, 0.7804306149482727, 0.7759271264076233, 0.7707962989807129, 0.7542016506195068, 0.747242271900177], "landscape_losses": [2.946820020675659, 2.3487279415130615, 1.991026520729065, 1.715957760810852, 1.4716404676437378, 1.2581994533538818, 1.089905023574829, 0.9391737580299377, 0.8362579941749573, 0.7711710929870605, 0.7439079880714417], "proxy_train_time": 8.761234800331295, "proxy_train_epochs": 50, "dirty_bit": 1, "landscape_term": 9.143491411117813, "speed_term": 7.753895055928477, "mote": 7.473846670784588}