{"id": 13318, "adj_matrix": [[0, 1, 1, 1], [0, 0, 1, 1], [0, 0, 0, 1], [0, 0, 0, 0]], "operations": ["nor_conv_3x3", "nor_conv_3x3", "nor_conv_3x3", "avg_pool_3x3", "zeros", "avg_pool_3x3"], "init_channel": 16, "blck_len": 5, "params": 0.802426, "flops": 113.95137, "latency": 0.017666979839927273, "train_per_time": 23.74859364827475, "train_time_200": 4749.71872965495, "train_accuracy_200": 0.99859, "test_accuracy_200": 0.9113499999999999, "train_time_12": 284.9831237792969, "train_accuracy_12": 0.81658, "test_accuracy_12": 0.799, "valtest_accuracy_200": 0.6593000000000001, "valtest_accuracy_12": 0.46950000000000003, "proxy_losses": [2.277103900909424, 1.7797043323516846, 1.6302598714828491, 1.5426872968673706, 1.4740351438522339, 1.4043608903884888, 1.3476811647415161, 1.2903023958206177, 1.2454701662063599, 1.2084617614746094, 1.1695305109024048, 1.1321457624435425, 1.1040725708007812, 1.0706559419631958, 1.038823127746582, 1.0148712396621704, 0.9954153299331665, 0.970772922039032, 0.9571965932846069, 0.9357700943946838, 0.926321804523468, 0.8987805843353271, 0.8901495933532715, 0.8725616931915283, 0.8585762977600098, 0.841691792011261, 0.8198162317276001, 0.8139545917510986, 0.7959843277931213, 0.7826868891716003, 0.7677263617515564, 0.7649915218353271, 0.7499606609344482, 0.7416397333145142, 0.7321587204933167, 0.716563880443573, 0.706755518913269, 0.6919707655906677, 0.6945350766181946, 0.6827022433280945, 0.6714662909507751, 0.6636505126953125, 0.6624922156333923, 0.652828574180603, 0.6393027901649475, 0.6302450299263, 0.6180313229560852, 0.6182281970977783, 0.6059221625328064, 0.6028422117233276], "landscape_losses": [2.395003080368042, 1.947493553161621, 1.6743619441986084, 1.4352816343307495, 1.243181586265564, 1.0885504484176636, 0.9350001811981201, 0.8335750102996826, 0.730162501335144, 0.6653986573219299, 0.6131840944290161], "proxy_train_time": 9.777540947310627, "proxy_train_epochs": 50, "dirty_bit": 1, "landscape_term": 10.720445714743034, "speed_term": 10.248165694973489, "mote": 8.896414919700863}