{"id": 13399, "adj_matrix": [[0, 1, 1, 1], [0, 0, 1, 1], [0, 0, 0, 1], [0, 0, 0, 0]], "operations": ["nor_conv_3x3", "nor_conv_1x1", "zeros", "nor_conv_1x1", "nor_conv_1x1", "avg_pool_3x3"], "init_channel": 16, "blck_len": 5, "params": 0.400346, "flops": 54.96897, "latency": 0.021065119065736472, "train_per_time": 23.43761531511941, "train_time_200": 4687.523063023882, "train_accuracy_200": 0.99839, "test_accuracy_200": 0.9255500000000001, "train_time_12": 281.2513837814331, "train_accuracy_12": 0.86028, "test_accuracy_12": 0.8320000000000001, "valtest_accuracy_200": 0.70075, "valtest_accuracy_12": 0.4828, "proxy_losses": [2.4967570304870605, 2.035207509994507, 1.8762105703353882, 1.7720351219177246, 1.6932461261749268, 1.6246092319488525, 1.5718872547149658, 1.5230118036270142, 1.4757778644561768, 1.4352030754089355, 1.399235725402832, 1.363554835319519, 1.3285540342330933, 1.2951313257217407, 1.2657136917114258, 1.2378230094909668, 1.2061824798583984, 1.186448097229004, 1.1627496480941772, 1.1347757577896118, 1.1143556833267212, 1.0989233255386353, 1.0735160112380981, 1.0559461116790771, 1.0378612279891968, 1.0178142786026, 1.0034152269363403, 0.9907052516937256, 0.9727138876914978, 0.9533674120903015, 0.9370250701904297, 0.9236010909080505, 0.9143357276916504, 0.9092678427696228, 0.8955739140510559, 0.8863811492919922, 0.863211452960968, 0.8561509847640991, 0.8414268493652344, 0.830795407295227, 0.8224643468856812, 0.8070096969604492, 0.7992079257965088, 0.7899619936943054, 0.7865242958068848, 0.7811525464057922, 0.7663801908493042, 0.7600641846656799, 0.7459800243377686, 0.7441582083702087], "landscape_losses": [2.610870838165283, 2.2317636013031006, 1.9977868795394897, 1.7778053283691406, 1.5789988040924072, 1.3816018104553223, 1.220700740814209, 1.047764539718628, 0.8923757076263428, 0.7899254560470581, 0.7885016798973083], "proxy_train_time": 9.395464847795665, "proxy_train_epochs": 50, "dirty_bit": 1, "landscape_term": 8.679634623260032, "speed_term": 8.2324782084111, "mote": 7.245696960422879}