{"id": 13395, "adj_matrix": [[0, 1, 1, 1], [0, 0, 1, 1], [0, 0, 0, 1], [0, 0, 0, 0]], "operations": ["zeros", "nor_conv_3x3", "zeros", "avg_pool_3x3", "nor_conv_3x3", "avg_pool_3x3"], "init_channel": 16, "blck_len": 5, "params": 0.559386, "flops": 78.56193, "latency": 0.014448906245984529, "train_per_time": 19.021395802497864, "train_time_200": 3804.2791604995728, "train_accuracy_200": 0.98315, "test_accuracy_200": 0.8834000000000001, "train_time_12": 228.25674962997437, "train_accuracy_12": 0.7746, "test_accuracy_12": 0.7637, "valtest_accuracy_200": 0.62275, "valtest_accuracy_12": 0.39659999999999995, "proxy_losses": [2.824326276779175, 2.2090299129486084, 2.0026509761810303, 1.9055482149124146, 1.8382091522216797, 1.7841815948486328, 1.734550952911377, 1.6875468492507935, 1.6486259698867798, 1.6121766567230225, 1.5801647901535034, 1.5500577688217163, 1.5225778818130493, 1.4957797527313232, 1.472397804260254, 1.4472324848175049, 1.421477198600769, 1.397843360900879, 1.3748584985733032, 1.3528985977172852, 1.330733299255371, 1.3084763288497925, 1.2860758304595947, 1.265692114830017, 1.2431551218032837, 1.2287163734436035, 1.216658353805542, 1.1965878009796143, 1.182613730430603, 1.1639065742492676, 1.1560804843902588, 1.1414748430252075, 1.1230628490447998, 1.111733078956604, 1.0982792377471924, 1.0840662717819214, 1.069409728050232, 1.0607913732528687, 1.0479602813720703, 1.0435620546340942, 1.0299097299575806, 1.0202159881591797, 1.0100642442703247, 0.99944669008255, 0.9941964745521545, 0.9913172125816345, 0.9740198254585266, 0.9646160006523132, 0.9556165933609009, 0.9503791928291321], "landscape_losses": [2.9451560974121094, 2.433004379272461, 2.130051374435425, 1.8912380933761597, 1.6905704736709595, 1.5138628482818604, 1.3569366931915283, 1.2263861894607544, 1.099802017211914, 1.016978144645691, 0.9458303451538086], "proxy_train_time": 8.339040623046458, "proxy_train_epochs": 50, "dirty_bit": 1, "landscape_term": 7.503049383626466, "speed_term": 6.212876086277015, "mote": 6.108859737598888}