{"id": 13419, "adj_matrix": [[0, 1, 1, 1], [0, 0, 1, 1], [0, 0, 0, 1], [0, 0, 0, 0]], "operations": ["avg_pool_3x3", "nor_conv_1x1", "nor_conv_1x1", "nor_conv_3x3", "avg_pool_3x3", "avg_pool_3x3"], "init_channel": 16, "blck_len": 5, "params": 0.372346, "flops": 51.03681, "latency": 0.017119413927981726, "train_per_time": 22.74470806121826, "train_time_200": 4548.941612243652, "train_accuracy_200": 0.9894, "test_accuracy_200": 0.90145, "train_time_12": 272.93649673461914, "train_accuracy_12": 0.7691800000000001, "test_accuracy_12": 0.7523000000000001, "valtest_accuracy_200": 0.63605, "valtest_accuracy_12": 0.3757, "proxy_losses": [3.021507978439331, 2.170854091644287, 1.9116363525390625, 1.7923269271850586, 1.7166386842727661, 1.6574440002441406, 1.6058300733566284, 1.5661461353302002, 1.5293866395950317, 1.4966312646865845, 1.4674562215805054, 1.4398305416107178, 1.4205548763275146, 1.3903650045394897, 1.3684431314468384, 1.3477164506912231, 1.3306156396865845, 1.3083781003952026, 1.2914296388626099, 1.2755541801452637, 1.2588504552841187, 1.2398022413253784, 1.226192593574524, 1.206622838973999, 1.1915615797042847, 1.1800708770751953, 1.172183632850647, 1.1484929323196411, 1.138779640197754, 1.1263346672058105, 1.1092816591262817, 1.0957567691802979, 1.0829685926437378, 1.0720100402832031, 1.0626426935195923, 1.056071400642395, 1.0530542135238647, 1.0317343473434448, 1.0199764966964722, 1.0048179626464844, 0.994666576385498, 0.9939047694206238, 0.9834904074668884, 0.9720169901847839, 0.961294949054718, 0.9560871124267578, 0.9450218677520752, 0.9370335936546326, 0.9248764514923096, 0.9179176688194275], "landscape_losses": [3.1294360160827637, 2.469956159591675, 2.1460838317871094, 1.8939728736877441, 1.6858824491500854, 1.4794832468032837, 1.3155062198638916, 1.1558427810668945, 1.0463905334472656, 0.9624708294868469, 0.9121997952461243], "proxy_train_time": 8.911012263968587, "proxy_train_epochs": 50, "dirty_bit": 1, "landscape_term": 7.703683356899556, "speed_term": 6.94304049189189, "mote": 6.3745583383287014}