{"id": 13412, "adj_matrix": [[0, 1, 1, 1], [0, 0, 1, 1], [0, 0, 0, 1], [0, 0, 0, 0]], "operations": ["avg_pool_3x3", "nor_conv_3x3", "avg_pool_3x3", "skip_connect", "avg_pool_3x3", "avg_pool_3x3"], "init_channel": 16, "blck_len": 5, "params": 0.316346, "flops": 43.17249, "latency": 0.012089879889237253, "train_per_time": 17.569532593091374, "train_time_200": 3513.9065186182747, "train_accuracy_200": 0.81036, "test_accuracy_200": 0.79815, "train_time_12": 210.83439111709598, "train_accuracy_12": 0.6236200000000001, "test_accuracy_12": 0.6138, "valtest_accuracy_200": 0.41, "valtest_accuracy_12": 0.2546, "proxy_losses": [9.308786392211914, 5.0497331619262695, 3.5671770572662354, 2.796776294708252, 2.4127461910247803, 2.2037875652313232, 2.024526357650757, 1.8939297199249268, 1.8114726543426514, 1.740566372871399, 1.6839535236358643, 1.6397138833999634, 1.6060525178909302, 1.5822172164916992, 1.560642123222351, 1.5427013635635376, 1.5235317945480347, 1.5086601972579956, 1.4943903684616089, 1.4816755056381226, 1.4680789709091187, 1.4566861391067505, 1.4425357580184937, 1.4347344636917114, 1.4240140914916992, 1.412428617477417, 1.4016774892807007, 1.3920769691467285, 1.3842284679412842, 1.3767797946929932, 1.3680429458618164, 1.360306739807129, 1.3515146970748901, 1.342516303062439, 1.335295557975769, 1.331162452697754, 1.3202929496765137, 1.310856819152832, 1.3029961585998535, 1.302554726600647, 1.2912405729293823, 1.2827916145324707, 1.2735339403152466, 1.2662681341171265, 1.2616745233535767, 1.2543044090270996, 1.2489862442016602, 1.245297908782959, 1.2408509254455566, 1.233167290687561], "landscape_losses": [9.517377853393555, 6.194770812988281, 4.646078586578369, 3.5403430461883545, 2.766739845275879, 2.2063491344451904, 1.8029711246490479, 1.5281461477279663, 1.3489553928375244, 1.2588486671447754, 1.2304420471191406], "proxy_train_time": 5.975352597422898, "proxy_train_epochs": 50, "dirty_bit": 1, "landscape_term": 5.136299648032454, "speed_term": 3.374001649012492, "mote": 3.8885765656513693}