{"id": 13485, "adj_matrix": [[0, 1, 1, 1], [0, 0, 1, 1], [0, 0, 0, 1], [0, 0, 0, 0]], "operations": ["skip_connect", "avg_pool_3x3", "zeros", "nor_conv_3x3", "zeros", "skip_connect"], "init_channel": 16, "blck_len": 5, "params": 0.316346, "flops": 43.17249, "latency": 0.012759395858697724, "train_per_time": 12.438715974489845, "train_time_200": 2487.7431948979693, "train_accuracy_200": 0.9964533333333334, "test_accuracy_200": 0.91, "train_time_12": 149.26459169387812, "train_accuracy_12": 0.82428, "test_accuracy_12": 0.8070999999999999, "valtest_accuracy_200": 0.6570666666666667, "valtest_accuracy_12": 0.4362, "proxy_losses": [2.693650484085083, 2.112401247024536, 1.9076496362686157, 1.808323860168457, 1.7476683855056763, 1.6941401958465576, 1.6495769023895264, 1.608494520187378, 1.5731098651885986, 1.5384258031845093, 1.508908987045288, 1.4799343347549438, 1.4516228437423706, 1.4246611595153809, 1.3983296155929565, 1.3792773485183716, 1.3566869497299194, 1.3395460844039917, 1.3203784227371216, 1.3013092279434204, 1.2864949703216553, 1.2713496685028076, 1.2590352296829224, 1.242039442062378, 1.2271735668182373, 1.220141887664795, 1.203339695930481, 1.1935654878616333, 1.1785074472427368, 1.167392373085022, 1.1556992530822754, 1.1470067501068115, 1.1434136629104614, 1.1235673427581787, 1.114277958869934, 1.1067581176757812, 1.1009756326675415, 1.090476393699646, 1.0870774984359741, 1.082642674446106, 1.0720908641815186, 1.064073085784912, 1.0535250902175903, 1.0481338500976562, 1.039402723312378, 1.026566982269287, 1.0237833261489868, 1.0193661451339722, 1.008001685142517, 0.9975754022598267], "landscape_losses": [2.7885899543762207, 2.3169360160827637, 2.027623414993286, 1.8001757860183716, 1.6054943799972534, 1.4429560899734497, 1.3047579526901245, 1.2076395750045776, 1.1108134984970093, 1.047932505607605, 0.9983154535293579], "proxy_train_time": 5.633798234164715, "proxy_train_epochs": 50, "dirty_bit": 1, "landscape_term": 7.605456852530146, "speed_term": 4.264956252845527, "mote": 5.799167251646062}