{"id": 1349, "adj_matrix": [[0, 1, 1, 1], [0, 0, 1, 1], [0, 0, 0, 1], [0, 0, 0, 0]], "operations": ["skip_connect", "avg_pool_3x3", "nor_conv_1x1", "nor_conv_3x3", "skip_connect", "zeros"], "init_channel": 16, "blck_len": 5, "params": 0.344346, "flops": 47.10465, "latency": 0.015311524533388904, "train_per_time": 15.955602208773259, "train_time_200": 3191.120441754652, "train_accuracy_200": 0.9976999999999999, "test_accuracy_200": 0.9177333333333333, "train_time_12": 191.4672265052795, "train_accuracy_12": 0.8895399999999999, "test_accuracy_12": 0.8595999999999999, "valtest_accuracy_200": 0.6715333333333335, "valtest_accuracy_12": 0.5254, "proxy_losses": [2.512829303741455, 2.0513291358947754, 1.8804705142974854, 1.7913707494735718, 1.731419324874878, 1.6861003637313843, 1.6435152292251587, 1.6037817001342773, 1.5671745538711548, 1.5352349281311035, 1.504728078842163, 1.475479245185852, 1.4462515115737915, 1.4205044507980347, 1.397289514541626, 1.3738468885421753, 1.3510315418243408, 1.3268635272979736, 1.3099539279937744, 1.2902181148529053, 1.2720942497253418, 1.2508718967437744, 1.2306779623031616, 1.2124106884002686, 1.200136661529541, 1.180389404296875, 1.1697694063186646, 1.1558476686477661, 1.1398727893829346, 1.1281746625900269, 1.1168849468231201, 1.1030151844024658, 1.0921480655670166, 1.0780754089355469, 1.0719740390777588, 1.0631043910980225, 1.0530123710632324, 1.0403623580932617, 1.0316386222839355, 1.0263078212738037, 1.0115445852279663, 0.9971691370010376, 0.9916344881057739, 0.9833742380142212, 0.9711509943008423, 0.96356201171875, 0.9557470679283142, 0.9450158476829529, 0.9448023438453674, 0.943371593952179], "landscape_losses": [2.5967867374420166, 2.2111713886260986, 1.9957847595214844, 1.801883339881897, 1.6302200555801392, 1.4780924320220947, 1.3522188663482666, 1.2452093362808228, 1.1231988668441772, 1.011812448501587, 0.9371626973152161], "proxy_train_time": 6.771026231348515, "proxy_train_epochs": 50, "dirty_bit": 1, "landscape_term": 7.671626401473953, "speed_term": 5.2714525822311975, "mote": 6.046575043851305}