{"id": 13492, "adj_matrix": [[0, 1, 1, 1], [0, 0, 1, 1], [0, 0, 0, 1], [0, 0, 0, 0]], "operations": ["skip_connect", "nor_conv_1x1", "avg_pool_3x3", "nor_conv_3x3", "nor_conv_1x1", "nor_conv_1x1"], "init_channel": 16, "blck_len": 5, "params": 0.400346, "flops": 54.96897, "latency": 0.019042996983779103, "train_per_time": 23.267000595728536, "train_time_200": 4653.400119145707, "train_accuracy_200": 0.9981333333333334, "test_accuracy_200": 0.9224333333333334, "train_time_12": 279.2040071487426, "train_accuracy_12": 0.8610800000000001, "test_accuracy_12": 0.8406, "valtest_accuracy_200": 0.6860666666666667, "valtest_accuracy_12": 0.48350000000000004, "proxy_losses": [2.171748161315918, 1.8637168407440186, 1.7232598066329956, 1.6267753839492798, 1.5589977502822876, 1.5048015117645264, 1.456831693649292, 1.4185594320297241, 1.3823003768920898, 1.3542755842208862, 1.327316164970398, 1.3031905889511108, 1.2790610790252686, 1.2595510482788086, 1.2400031089782715, 1.2178763151168823, 1.2021541595458984, 1.1845040321350098, 1.1704946756362915, 1.1527925729751587, 1.1351901292800903, 1.1153005361557007, 1.1035267114639282, 1.0874168872833252, 1.0692458152770996, 1.054023265838623, 1.0412163734436035, 1.0256859064102173, 1.0111281871795654, 0.9959456920623779, 0.9806162118911743, 0.9683237075805664, 0.9608047604560852, 0.9552843570709229, 0.938025176525116, 0.9238783121109009, 0.9094441533088684, 0.9056317210197449, 0.896691083908081, 0.8845521211624146, 0.8720170855522156, 0.8689590692520142, 0.8613390922546387, 0.8567711710929871, 0.8440486192703247, 0.8334847688674927, 0.8292666077613831, 0.8118657469749451, 0.8027026057243347, 0.807178795337677], "landscape_losses": [2.248908042907715, 1.9823695421218872, 1.787007451057434, 1.5946552753448486, 1.4203184843063354, 1.2709559202194214, 1.1208930015563965, 0.9929922819137573, 0.9047746062278748, 0.8281991481781006, 0.7966321110725403], "proxy_train_time": 9.056093064136803, "proxy_train_epochs": 50, "dirty_bit": 1, "landscape_term": 9.09384764726827, "speed_term": 7.979249469024945, "mote": 7.478500176744971}