{"id": 13616, "adj_matrix": [[0, 1, 1, 1], [0, 0, 1, 1], [0, 0, 0, 1], [0, 0, 0, 0]], "operations": ["nor_conv_1x1", "avg_pool_3x3", "zeros", "nor_conv_3x3", "zeros", "skip_connect"], "init_channel": 16, "blck_len": 5, "params": 0.344346, "flops": 47.10465, "latency": 0.015473905362580951, "train_per_time": 16.01009829839074, "train_time_200": 3202.0196596781484, "train_accuracy_200": 0.9964500000000001, "test_accuracy_200": 0.91095, "train_time_12": 192.1211795806885, "train_accuracy_12": 0.8183799999999999, "test_accuracy_12": 0.8007, "valtest_accuracy_200": 0.6516, "valtest_accuracy_12": 0.431, "proxy_losses": [2.2276716232299805, 1.8650305271148682, 1.7714976072311401, 1.714551568031311, 1.666599988937378, 1.619035005569458, 1.5769217014312744, 1.538573980331421, 1.5020933151245117, 1.4728195667266846, 1.445641279220581, 1.418439507484436, 1.395548939704895, 1.374619722366333, 1.353475570678711, 1.3299046754837036, 1.3095310926437378, 1.294260859489441, 1.2753502130508423, 1.2588648796081543, 1.2458692789077759, 1.231577754020691, 1.2154829502105713, 1.2033674716949463, 1.1911495923995972, 1.175913691520691, 1.1675474643707275, 1.1621354818344116, 1.1554701328277588, 1.1371349096298218, 1.1278923749923706, 1.1159782409667969, 1.1035212278366089, 1.0912997722625732, 1.0774290561676025, 1.07150399684906, 1.0635944604873657, 1.0516810417175293, 1.0478036403656006, 1.032581090927124, 1.024093747138977, 1.0128673315048218, 1.0025728940963745, 0.9997252821922302, 0.9925872087478638, 0.9791759848594666, 0.9728367924690247, 0.9623514413833618, 0.9520761966705322, 0.9457252025604248], "landscape_losses": [2.32037615776062, 2.0435523986816406, 1.8628560304641724, 1.7081189155578613, 1.5370097160339355, 1.4100908041000366, 1.2681633234024048, 1.1784448623657227, 1.0630253553390503, 0.9832276105880737, 0.9346411228179932], "proxy_train_time": 6.946031657978892, "proxy_train_epochs": 50, "dirty_bit": 1, "landscape_term": 8.067163348814306, "speed_term": 5.51943645760682, "mote": 6.360646629921677}