{"id": 13624, "adj_matrix": [[0, 1, 1, 1], [0, 0, 1, 1], [0, 0, 0, 1], [0, 0, 0, 0]], "operations": ["zeros", "skip_connect", "skip_connect", "nor_conv_1x1", "skip_connect", "skip_connect"], "init_channel": 16, "blck_len": 5, "params": 0.101306, "flops": 11.71521, "latency": 0.011604065434974538, "train_per_time": 9.180050770441715, "train_time_200": 1836.0101540883431, "train_accuracy_200": 0.9644933333333334, "test_accuracy_200": 0.8933, "train_time_12": 110.16060924530031, "train_accuracy_12": 0.84866, "test_accuracy_12": 0.8291, "valtest_accuracy_200": 0.6372666666666666, "valtest_accuracy_12": 0.47740000000000005, "proxy_losses": [2.9173173904418945, 2.5652012825012207, 2.3305859565734863, 2.1752729415893555, 2.067189931869507, 1.990403652191162, 1.927480697631836, 1.8797683715820312, 1.842421054840088, 1.8083710670471191, 1.7831673622131348, 1.7581557035446167, 1.7366605997085571, 1.715988039970398, 1.6977903842926025, 1.679919958114624, 1.6640419960021973, 1.6491447687149048, 1.6339107751846313, 1.6233506202697754, 1.6081117391586304, 1.596058964729309, 1.5842746496200562, 1.5728135108947754, 1.5621782541275024, 1.5510963201522827, 1.5388023853302002, 1.5284420251846313, 1.5192792415618896, 1.507891058921814, 1.4977012872695923, 1.4879745244979858, 1.4791254997253418, 1.4701356887817383, 1.4598559141159058, 1.4518734216690063, 1.4412224292755127, 1.4298146963119507, 1.4217629432678223, 1.4146517515182495, 1.4075945615768433, 1.39696204662323, 1.388586401939392, 1.383241891860962, 1.3753867149353027, 1.3660682439804077, 1.358096718788147, 1.3504767417907715, 1.343616247177124, 1.336490273475647], "landscape_losses": [2.9691972732543945, 2.6416802406311035, 2.3967738151550293, 2.170562505722046, 1.9771382808685303, 1.80782151222229, 1.663108229637146, 1.537442684173584, 1.438454031944275, 1.3716968297958374, 1.3294652700424194], "proxy_train_time": 4.66560691781342, "proxy_train_epochs": 50, "dirty_bit": 1, "landscape_term": 6.080320880564807, "speed_term": 2.8353482803422994, "mote": 4.427849344223161}