{"id": 13622, "adj_matrix": [[0, 1, 1, 1], [0, 0, 1, 1], [0, 0, 0, 1], [0, 0, 0, 0]], "operations": ["nor_conv_3x3", "zeros", "nor_conv_3x3", "zeros", "nor_conv_1x1", "nor_conv_1x1"], "init_channel": 16, "blck_len": 5, "params": 0.615386, "flops": 86.42625, "latency": 0.0204740794081437, "train_per_time": 22.746663292249067, "train_time_200": 4549.332658449814, "train_accuracy_200": 0.99641, "test_accuracy_200": 0.9138499999999999, "train_time_12": 272.9599595069886, "train_accuracy_12": 0.7398399999999999, "test_accuracy_12": 0.7332, "valtest_accuracy_200": 0.6463, "valtest_accuracy_12": 0.3208, "proxy_losses": [2.1771132946014404, 1.8341532945632935, 1.6995177268981934, 1.6065946817398071, 1.5252296924591064, 1.4503802061080933, 1.3861453533172607, 1.3271313905715942, 1.2727919816970825, 1.219557285308838, 1.1682300567626953, 1.123112678527832, 1.0862361192703247, 1.045405387878418, 1.020398497581482, 0.9926003217697144, 0.9594274163246155, 0.9319886565208435, 0.9112224578857422, 0.8894652128219604, 0.8670209050178528, 0.8426028490066528, 0.8269491195678711, 0.8150590658187866, 0.7942965030670166, 0.7731384038925171, 0.75917649269104, 0.7471602559089661, 0.7276323437690735, 0.7302360534667969, 0.7103875279426575, 0.7000104188919067, 0.6837648749351501, 0.6627486944198608, 0.6551336050033569, 0.6552730202674866, 0.6347638368606567, 0.6289268732070923, 0.6154648065567017, 0.602466881275177, 0.59635329246521, 0.5895887613296509, 0.591246485710144, 0.5722959041595459, 0.565237283706665, 0.5621024370193481, 0.5407586097717285, 0.5291417241096497, 0.5179390907287598, 0.516845703125], "landscape_losses": [2.286978006362915, 1.9719361066818237, 1.7402032613754272, 1.522918701171875, 1.3181287050247192, 1.1371572017669678, 0.9699999094009399, 0.8273289203643799, 0.6773940920829773, 0.5877361297607422, 0.5230705738067627], "proxy_train_time": 9.756573602557182, "proxy_train_epochs": 50, "dirty_bit": 1, "landscape_term": 11.142804895403449, "speed_term": 10.688522198744687, "mote": 9.233723817358161}