{"id": 13682, "adj_matrix": [[0, 1, 1, 1], [0, 0, 1, 1], [0, 0, 0, 1], [0, 0, 0, 0]], "operations": ["zeros", "nor_conv_3x3", "avg_pool_3x3", "avg_pool_3x3", "avg_pool_3x3", "avg_pool_3x3"], "init_channel": 16, "blck_len": 5, "params": 0.316346, "flops": 43.17249, "latency": 0.012870760340439645, "train_per_time": 17.85299054781591, "train_time_200": 3570.598109563182, "train_accuracy_200": 0.9841933333333334, "test_accuracy_200": 0.8879, "train_time_12": 214.23588657379148, "train_accuracy_12": 0.7644, "test_accuracy_12": 0.7506999999999999, "valtest_accuracy_200": 0.618, "valtest_accuracy_12": 0.39990000000000003, "proxy_losses": [2.333115577697754, 1.9363902807235718, 1.7921956777572632, 1.7099900245666504, 1.6490000486373901, 1.5992295742034912, 1.5600709915161133, 1.5253281593322754, 1.4946503639221191, 1.4664496183395386, 1.4413527250289917, 1.416674256324768, 1.3939523696899414, 1.369189739227295, 1.3461227416992188, 1.325334906578064, 1.3099277019500732, 1.2888966798782349, 1.2710472345352173, 1.2499630451202393, 1.2373206615447998, 1.2173525094985962, 1.2054835557937622, 1.1814931631088257, 1.1703635454177856, 1.1605619192123413, 1.1430126428604126, 1.1271605491638184, 1.1114929914474487, 1.0973787307739258, 1.0868165493011475, 1.0768191814422607, 1.0653470754623413, 1.0514227151870728, 1.0440832376480103, 1.029154658317566, 1.0176361799240112, 1.003999948501587, 0.9974172711372375, 0.9863510727882385, 0.9724681377410889, 0.9615010023117065, 0.9508886933326721, 0.9354265332221985, 0.9351309537887573, 0.9211278557777405, 0.9128800630569458, 0.9023724794387817, 0.8949857354164124, 0.8955695033073425], "landscape_losses": [2.4313361644744873, 2.1031856536865234, 1.8912476301193237, 1.7079426050186157, 1.5401970148086548, 1.3961259126663208, 1.2590378522872925, 1.123937964439392, 1.0223841667175293, 0.9305124878883362, 0.8924459218978882], "proxy_train_time": 6.701093312352896, "proxy_train_epochs": 50, "dirty_bit": 1, "landscape_term": 8.223837004205967, "speed_term": 5.42406273890365, "mote": 6.447499378093885}