{"id": 13686, "adj_matrix": [[0, 1, 1, 1], [0, 0, 1, 1], [0, 0, 0, 1], [0, 0, 0, 0]], "operations": ["nor_conv_3x3", "nor_conv_3x3", "nor_conv_1x1", "avg_pool_3x3", "skip_connect", "zeros"], "init_channel": 16, "blck_len": 5, "params": 0.587386, "flops": 82.49409, "latency": 0.01757522319492541, "train_per_time": 20.587792913118943, "train_time_200": 4117.558582623788, "train_accuracy_200": 0.9965133333333334, "test_accuracy_200": 0.9127, "train_time_12": 247.05351495742795, "train_accuracy_12": 0.82824, "test_accuracy_12": 0.8097, "valtest_accuracy_200": 0.6568, "valtest_accuracy_12": 0.43170000000000003, "proxy_losses": [2.385326862335205, 1.9796847105026245, 1.8329081535339355, 1.7339160442352295, 1.6713519096374512, 1.6259758472442627, 1.5832500457763672, 1.5490169525146484, 1.5139565467834473, 1.4818300008773804, 1.4541866779327393, 1.4272366762161255, 1.4041701555252075, 1.3799500465393066, 1.3579837083816528, 1.3348078727722168, 1.3110445737838745, 1.2949200868606567, 1.2765909433364868, 1.2583355903625488, 1.2424384355545044, 1.2229845523834229, 1.209212303161621, 1.191962480545044, 1.1714109182357788, 1.1596112251281738, 1.145205020904541, 1.129780650138855, 1.1166759729385376, 1.1028633117675781, 1.091239094734192, 1.0765310525894165, 1.0780625343322754, 1.062637209892273, 1.0520180463790894, 1.0372059345245361, 1.0353147983551025, 1.0167948007583618, 1.0107359886169434, 0.9988992214202881, 0.9991456270217896, 0.9863437414169312, 0.9788370132446289, 0.9741947054862976, 0.9716792106628418, 0.9547910094261169, 0.9448176026344299, 0.9265043139457703, 0.9241548776626587, 0.9130815267562866], "landscape_losses": [2.497352361679077, 2.145803213119507, 1.9273933172225952, 1.7523661851882935, 1.5822964906692505, 1.4362070560455322, 1.2954450845718384, 1.185014009475708, 1.063042402267456, 0.9699838161468506, 0.914344072341919], "proxy_train_time": 8.490976766683161, "proxy_train_epochs": 50, "dirty_bit": 1, "landscape_term": 7.965342532354155, "speed_term": 6.7839268598850815, "mote": 6.523125976731484}