{"id": 13714, "adj_matrix": [[0, 1, 1, 1], [0, 0, 1, 1], [0, 0, 0, 1], [0, 0, 0, 0]], "operations": ["nor_conv_3x3", "nor_conv_3x3", "nor_conv_3x3", "skip_connect", "nor_conv_1x1", "nor_conv_3x3"], "init_channel": 16, "blck_len": 5, "params": 1.073466, "flops": 153.27297, "latency": 0.020342801746569182, "train_per_time": 28.06014247735338, "train_time_200": 5612.028495470676, "train_accuracy_200": 0.9998599999999999, "test_accuracy_200": 0.9437333333333333, "train_time_12": 336.72170972824097, "train_accuracy_12": 0.9289400000000001, "test_accuracy_12": 0.8903, "valtest_accuracy_200": 0.732, "valtest_accuracy_12": 0.6098, "proxy_losses": [2.26761531829834, 1.7238620519638062, 1.5577173233032227, 1.4572021961212158, 1.3663358688354492, 1.2937737703323364, 1.2302943468093872, 1.1795005798339844, 1.1316943168640137, 1.088475227355957, 1.0538679361343384, 1.0238628387451172, 0.9898092746734619, 0.9614958763122559, 0.935740053653717, 0.9141154289245605, 0.8841170072555542, 0.8616501688957214, 0.853492259979248, 0.821555495262146, 0.8028247356414795, 0.7900047898292542, 0.7791604399681091, 0.7585126161575317, 0.7424337863922119, 0.7254614233970642, 0.7126299142837524, 0.702755868434906, 0.6978133320808411, 0.6794044375419617, 0.6829617023468018, 0.6536566615104675, 0.6438105702400208, 0.6311999559402466, 0.6206638813018799, 0.5984059572219849, 0.5989381074905396, 0.5844110250473022, 0.5724306702613831, 0.5470782518386841, 0.5342078804969788, 0.5240758061408997, 0.5221719145774841, 0.5099841952323914, 0.5052288770675659, 0.491695374250412, 0.4904645085334778, 0.48442959785461426, 0.4785088002681732, 0.4624912142753601], "landscape_losses": [2.4257028102874756, 1.9234915971755981, 1.6416326761245728, 1.410208821296692, 1.2112785577774048, 1.0240867137908936, 0.866965651512146, 0.7039744853973389, 0.5979421138763428, 0.5001055002212524, 0.45527148246765137], "proxy_train_time": 10.991569955833256, "proxy_train_epochs": 50, "dirty_bit": 1, "landscape_term": 12.494884468844681, "speed_term": 13.046685519691835, "mote": 10.429126379993011}