{"id": 13747, "adj_matrix": [[0, 1, 1, 1], [0, 0, 1, 1], [0, 0, 0, 1], [0, 0, 0, 0]], "operations": ["zeros", "zeros", "avg_pool_3x3", "zeros", "nor_conv_1x1", "skip_connect"], "init_channel": 16, "blck_len": 5, "params": 0.101306, "flops": 11.71521, "latency": 0.012937876216152257, "train_per_time": 11.914218227068588, "train_time_200": 2382.8436454137177, "train_accuracy_200": 0.1, "test_accuracy_200": 0.1, "train_time_12": 142.970618724823, "train_accuracy_12": 0.09789999999999999, "test_accuracy_12": 0.1, "valtest_accuracy_200": 0.01, "valtest_accuracy_12": 0.01, "proxy_losses": [2.302624225616455, 2.3026106357574463, 2.3025922775268555, 2.3025941848754883, 2.302591323852539, 2.302593231201172, 2.3025941848754883, 2.3025941848754883, 2.3025941848754883, 2.3025951385498047, 2.302591323852539, 2.302589178085327, 2.30259370803833, 2.3025963306427, 2.3025901317596436, 2.3025922775268555, 2.3025927543640137, 2.3025901317596436, 2.3025922775268555, 2.3025918006896973, 2.3025929927825928, 2.302593231201172, 2.302591562271118, 2.30259108543396, 2.3025901317596436, 2.30259108543396, 2.302593469619751, 2.302596092224121, 2.3025901317596436, 2.3025918006896973, 2.3025922775268555, 2.3025941848754883, 2.3025901317596436, 2.3025896549224854, 2.30259370803833, 2.302591323852539, 2.3025922775268555, 2.302593469619751, 2.3025944232940674, 2.302591562271118, 2.302591323852539, 2.3025941848754883, 2.3025925159454346, 2.302591562271118, 2.3025920391082764, 2.30259108543396, 2.3025898933410645, 2.3025901317596436, 2.30259370803833, 2.302593469619751], "landscape_losses": [2.302590847015381, 2.3025941848754883, 2.30259108543396, 2.30259370803833, 2.3025965690612793, 2.302589178085327, 2.30259370803833, 2.30259108543396, 2.3025920391082764, 2.3025951385498047, 2.3025925159454346], "proxy_train_time": 5.882643225602806, "proxy_train_epochs": 50, "dirty_bit": 1, "landscape_term": 4.7772234506968125, "speed_term": 2.554790319441244, "mote": 3.432462193635506}