{"id": 13773, "adj_matrix": [[0, 1, 1, 1], [0, 0, 1, 1], [0, 0, 0, 1], [0, 0, 0, 0]], "operations": ["zeros", "nor_conv_1x1", "nor_conv_3x3", "avg_pool_3x3", "avg_pool_3x3", "skip_connect"], "init_channel": 16, "blck_len": 5, "params": 0.344346, "flops": 47.10465, "latency": 0.01480901555011147, "train_per_time": 17.423896829287166, "train_time_200": 3484.7793658574333, "train_accuracy_200": 0.9774266666666667, "test_accuracy_200": 0.8874333333333334, "train_time_12": 209.0867619514465, "train_accuracy_12": 0.8112, "test_accuracy_12": 0.7976000000000001, "valtest_accuracy_200": 0.6337, "valtest_accuracy_12": 0.4182, "proxy_losses": [2.8827590942382812, 2.6075551509857178, 2.4360668659210205, 2.3220934867858887, 2.234734296798706, 2.1593408584594727, 2.09207820892334, 2.032836675643921, 1.979227900505066, 1.929659366607666, 1.8870917558670044, 1.852643370628357, 1.8223053216934204, 1.7951834201812744, 1.7709853649139404, 1.7477765083312988, 1.72769296169281, 1.7072545289993286, 1.6899676322937012, 1.671647071838379, 1.6544311046600342, 1.638993501663208, 1.6218490600585938, 1.6062651872634888, 1.5891613960266113, 1.5760576725006104, 1.5600029230117798, 1.5460054874420166, 1.5321723222732544, 1.5201722383499146, 1.5076020956039429, 1.4952560663223267, 1.4825798273086548, 1.4699474573135376, 1.4598886966705322, 1.4517252445220947, 1.4404386281967163, 1.429689645767212, 1.422290563583374, 1.411302089691162, 1.4007856845855713, 1.3905781507492065, 1.385308027267456, 1.3747808933258057, 1.3659842014312744, 1.3633960485458374, 1.3529196977615356, 1.3426905870437622, 1.3352184295654297, 1.3288222551345825], "landscape_losses": [2.942167043685913, 2.6854801177978516, 2.4704229831695557, 2.25968599319458, 2.0463168621063232, 1.8696513175964355, 1.7009146213531494, 1.5627213716506958, 1.4561161994934082, 1.3776744604110718, 1.324209451675415], "proxy_train_time": 7.1502347104251385, "proxy_train_epochs": 50, "dirty_bit": 1, "landscape_term": 5.978743855477724, "speed_term": 4.235659318154514, "mote": 4.673758930017884}