{"id": 1381, "adj_matrix": [[0, 1, 1, 1], [0, 0, 1, 1], [0, 0, 0, 1], [0, 0, 0, 0]], "operations": ["avg_pool_3x3", "zeros", "avg_pool_3x3", "avg_pool_3x3", "avg_pool_3x3", "avg_pool_3x3"], "init_channel": 16, "blck_len": 5, "params": 0.073306, "flops": 7.78305, "latency": 0.009887190241562694, "train_per_time": 14.725118160247803, "train_time_200": 2945.0236320495605, "train_accuracy_200": 0.52906, "test_accuracy_200": 0.5323666666666668, "train_time_12": 176.70141792297363, "train_accuracy_12": 0.39502000000000004, "test_accuracy_12": 0.38530000000000003, "valtest_accuracy_200": 0.2808666666666667, "valtest_accuracy_12": 0.1032, "proxy_losses": [9.3388090133667, 7.171379566192627, 5.6716108322143555, 4.738514423370361, 3.9736242294311523, 3.4813315868377686, 3.1029508113861084, 2.7970798015594482, 2.56606125831604, 2.3845407962799072, 2.2411763668060303, 2.133815050125122, 2.0594019889831543, 1.9966254234313965, 1.9468095302581787, 1.9076759815216064, 1.879644751548767, 1.855501413345337, 1.8371652364730835, 1.8223121166229248, 1.8083229064941406, 1.7977304458618164, 1.7877734899520874, 1.7809332609176636, 1.7727378606796265, 1.7651877403259277, 1.7579792737960815, 1.7508128881454468, 1.7457958459854126, 1.7387845516204834, 1.732055425643921, 1.7264997959136963, 1.7175589799880981, 1.7118666172027588, 1.706062912940979, 1.700943112373352, 1.6946310997009277, 1.6898655891418457, 1.68446683883667, 1.6789621114730835, 1.6738404035568237, 1.6680867671966553, 1.6620848178863525, 1.6576977968215942, 1.6531734466552734, 1.6482136249542236, 1.643466830253601, 1.6396870613098145, 1.6339808702468872, 1.62880277633667], "landscape_losses": [9.616244316101074, 7.6903157234191895, 6.306856155395508, 5.189323902130127, 4.236819744110107, 3.4367141723632812, 2.755603790283203, 2.2179136276245117, 1.8771400451660156, 1.6924878358840942, 1.647344946861267], "proxy_train_time": 5.1331300009042025, "proxy_train_epochs": 50, "dirty_bit": 1, "landscape_term": 3.6566669718709544, "speed_term": 2.2094316828575122, "mote": 2.5175374481239396}