{"id": 13888, "adj_matrix": [[0, 1, 1, 1], [0, 0, 1, 1], [0, 0, 0, 1], [0, 0, 0, 0]], "operations": ["nor_conv_3x3", "skip_connect", "avg_pool_3x3", "zeros", "nor_conv_1x1", "zeros"], "init_channel": 16, "blck_len": 5, "params": 0.344346, "flops": 47.10465, "latency": 0.015477806852574933, "train_per_time": 16.60115667184198, "train_time_200": 3320.231334368396, "train_accuracy_200": 0.99092, "test_accuracy_200": 0.9120666666666666, "train_time_12": 199.2138800621033, "train_accuracy_12": 0.7827, "test_accuracy_12": 0.7748999999999999, "valtest_accuracy_200": 0.6415666666666668, "valtest_accuracy_12": 0.365, "proxy_losses": [2.224529266357422, 1.9956910610198975, 1.8887828588485718, 1.814415454864502, 1.7535687685012817, 1.7026513814926147, 1.6577396392822266, 1.613139033317566, 1.5727088451385498, 1.5350937843322754, 1.5017380714416504, 1.4698166847229004, 1.4323042631149292, 1.4002312421798706, 1.364280104637146, 1.336998701095581, 1.3023161888122559, 1.270530343055725, 1.2447876930236816, 1.2152620553970337, 1.1924489736557007, 1.1685599088668823, 1.1457011699676514, 1.1234849691390991, 1.096529483795166, 1.0902488231658936, 1.0697457790374756, 1.0563884973526, 1.0290614366531372, 1.0141708850860596, 0.9970932602882385, 0.9828306436538696, 0.9644444584846497, 0.950768232345581, 0.9379277229309082, 0.9199333190917969, 0.9097156524658203, 0.9033342599868774, 0.883441686630249, 0.877288281917572, 0.8736549019813538, 0.8693481683731079, 0.8567724823951721, 0.8417475819587708, 0.8269569277763367, 0.8216584920883179, 0.8067036271095276, 0.8028064370155334, 0.786159336566925, 0.7839127779006958], "landscape_losses": [2.3074185848236084, 2.105717658996582, 1.9058213233947754, 1.710935354232788, 1.5186045169830322, 1.3132191896438599, 1.1595287322998047, 1.0154261589050293, 0.8998271226882935, 0.8232025504112244, 0.7768354415893555], "proxy_train_time": 7.6208924213424325, "proxy_train_epochs": 50, "dirty_bit": 1, "landscape_term": 8.898046670883652, "speed_term": 6.363531878596157, "mote": 7.0707662201635415}