{"id": 13973, "adj_matrix": [[0, 1, 1, 1], [0, 0, 1, 1], [0, 0, 0, 1], [0, 0, 0, 0]], "operations": ["skip_connect", "skip_connect", "nor_conv_1x1", "avg_pool_3x3", "skip_connect", "zeros"], "init_channel": 16, "blck_len": 5, "params": 0.101306, "flops": 11.71521, "latency": 0.012218063337761062, "train_per_time": 11.021815657615662, "train_time_200": 2204.3631315231323, "train_accuracy_200": 0.8247333333333333, "test_accuracy_200": 0.8007333333333334, "train_time_12": 132.26178789138794, "train_accuracy_12": 0.62232, "test_accuracy_12": 0.6181, "valtest_accuracy_200": 0.5025999999999999, "valtest_accuracy_12": 0.2641, "proxy_losses": [5.303554058074951, 4.325374126434326, 3.7113192081451416, 3.2588253021240234, 2.9309680461883545, 2.6931850910186768, 2.520852565765381, 2.3743233680725098, 2.254045248031616, 2.1521565914154053, 2.0695860385894775, 2.005479335784912, 1.9560191631317139, 1.9177781343460083, 1.8863445520401, 1.8610289096832275, 1.841963529586792, 1.8237800598144531, 1.8086585998535156, 1.793898105621338, 1.7823857069015503, 1.7697453498840332, 1.759489893913269, 1.750390648841858, 1.740644097328186, 1.7334312200546265, 1.7269214391708374, 1.718380093574524, 1.7114986181259155, 1.7051377296447754, 1.6984152793884277, 1.6934854984283447, 1.6868170499801636, 1.6824302673339844, 1.6770650148391724, 1.6734497547149658, 1.6691277027130127, 1.6643213033676147, 1.6582738161087036, 1.6551592350006104, 1.6520253419876099, 1.6479994058609009, 1.6431995630264282, 1.6394957304000854, 1.635852575302124, 1.6326066255569458, 1.6288434267044067, 1.6250183582305908, 1.621256709098816, 1.6185790300369263], "landscape_losses": [5.428982257843018, 4.393060207366943, 3.7007813453674316, 3.1505191326141357, 2.68070387840271, 2.3075737953186035, 2.0281949043273926, 1.8294004201889038, 1.7094374895095825, 1.6437853574752808, 1.6185835599899292], "proxy_train_time": 5.16768981795758, "proxy_train_epochs": 50, "dirty_bit": 1, "landscape_term": 4.656681774677879, "speed_term": 2.558500745499186, "mote": 3.346161393957814}