{"id": 13970, "adj_matrix": [[0, 1, 1, 1], [0, 0, 1, 1], [0, 0, 0, 1], [0, 0, 0, 0]], "operations": ["nor_conv_3x3", "skip_connect", "skip_connect", "nor_conv_1x1", "skip_connect", "zeros"], "init_channel": 16, "blck_len": 5, "params": 0.344346, "flops": 47.10465, "latency": 0.014985855211291395, "train_per_time": 14.026636719703674, "train_time_200": 2805.327343940735, "train_accuracy_200": 0.9980066666666668, "test_accuracy_200": 0.9216666666666667, "train_time_12": 168.3196406364441, "train_accuracy_12": 0.88024, "test_accuracy_12": 0.8586, "valtest_accuracy_200": 0.6803666666666666, "valtest_accuracy_12": 0.516, "proxy_losses": [2.3743226528167725, 1.9217404127120972, 1.7760670185089111, 1.6978050470352173, 1.6428691148757935, 1.59592866897583, 1.5564087629318237, 1.5213322639465332, 1.485842227935791, 1.4563798904418945, 1.4287389516830444, 1.4023953676223755, 1.3770455121994019, 1.3521296977996826, 1.3304258584976196, 1.3104411363601685, 1.2882479429244995, 1.2736960649490356, 1.253587245941162, 1.2339950799942017, 1.2134333848953247, 1.199459195137024, 1.1793136596679688, 1.1627397537231445, 1.1491138935089111, 1.1326600313186646, 1.1138311624526978, 1.0978784561157227, 1.086266040802002, 1.0722166299819946, 1.0544217824935913, 1.0432969331741333, 1.0318063497543335, 1.0172874927520752, 1.004035472869873, 0.995114266872406, 0.9789412021636963, 0.9737553000450134, 0.959117591381073, 0.9399622082710266, 0.9297080039978027, 0.9195243120193481, 0.9130926728248596, 0.9083042740821838, 0.8963184356689453, 0.8943836092948914, 0.896262526512146, 0.8821943402290344, 0.8802540898323059, 0.8731998801231384], "landscape_losses": [2.475525140762329, 2.1027915477752686, 1.873487949371338, 1.7051527500152588, 1.5437278747558594, 1.3923901319503784, 1.2458308935165405, 1.1093274354934692, 0.9909799098968506, 0.9008631110191345, 0.8552850484848022], "proxy_train_time": 6.667876662686467, "proxy_train_epochs": 50, "dirty_bit": 1, "landscape_term": 8.358180444106907, "speed_term": 5.494540426226828, "mote": 6.550813795253528}