{"id": 1403, "adj_matrix": [[0, 1, 1, 1], [0, 0, 1, 1], [0, 0, 0, 1], [0, 0, 0, 0]], "operations": ["zeros", "avg_pool_3x3", "avg_pool_3x3", "skip_connect", "skip_connect", "nor_conv_1x1"], "init_channel": 16, "blck_len": 5, "params": 0.101306, "flops": 11.71521, "latency": 0.012796881951783834, "train_per_time": 13.597472588221217, "train_time_200": 2719.4945176442434, "train_accuracy_200": 0.9643400000000001, "test_accuracy_200": 0.8881333333333333, "train_time_12": 163.16967105865479, "train_accuracy_12": 0.83488, "test_accuracy_12": 0.8212999999999999, "valtest_accuracy_200": 0.6263, "valtest_accuracy_12": 0.4693, "proxy_losses": [2.7786686420440674, 2.418287992477417, 2.188427448272705, 2.0442538261413574, 1.9506019353866577, 1.8877431154251099, 1.8389911651611328, 1.8013404607772827, 1.7724695205688477, 1.7444713115692139, 1.7204201221466064, 1.7009552717208862, 1.6796386241912842, 1.6600574254989624, 1.6421177387237549, 1.6237897872924805, 1.6048506498336792, 1.5902396440505981, 1.5769916772842407, 1.5607167482376099, 1.5462619066238403, 1.5334078073501587, 1.5203523635864258, 1.5077838897705078, 1.4949408769607544, 1.480409026145935, 1.47050142288208, 1.4597976207733154, 1.443731427192688, 1.4362622499465942, 1.4238804578781128, 1.4125524759292603, 1.4048364162445068, 1.393584132194519, 1.381397008895874, 1.3709168434143066, 1.3636128902435303, 1.3544245958328247, 1.3481261730194092, 1.3362956047058105, 1.3294949531555176, 1.3215734958648682, 1.309507966041565, 1.3025294542312622, 1.2973273992538452, 1.290283203125, 1.2791324853897095, 1.2665654420852661, 1.2585206031799316, 1.2495882511138916], "landscape_losses": [2.8442487716674805, 2.5460574626922607, 2.3064379692077637, 2.1055502891540527, 1.921038031578064, 1.749455451965332, 1.6068614721298218, 1.475139856338501, 1.3633736371994019, 1.2910021543502808, 1.2502844333648682], "proxy_train_time": 5.697629613801837, "proxy_train_epochs": 50, "dirty_bit": 1, "landscape_term": 6.35313106754864, "speed_term": 3.634961274828992, "mote": 4.804666164651957}