{"id": 14209, "adj_matrix": [[0, 1, 1, 1], [0, 0, 1, 1], [0, 0, 0, 1], [0, 0, 0, 0]], "operations": ["nor_conv_3x3", "nor_conv_3x3", "avg_pool_3x3", "skip_connect", "skip_connect", "avg_pool_3x3"], "init_channel": 16, "blck_len": 5, "params": 0.559386, "flops": 78.56193, "latency": 0.01500412978624043, "train_per_time": 18.48499627908076, "train_time_200": 3696.999255816152, "train_accuracy_200": 0.9962533333333333, "test_accuracy_200": 0.9184666666666668, "train_time_12": 221.81995534896853, "train_accuracy_12": 0.86866, "test_accuracy_12": 0.846, "valtest_accuracy_200": 0.6719333333333333, "valtest_accuracy_12": 0.4988, "proxy_losses": [2.62402081489563, 1.8861922025680542, 1.7015318870544434, 1.590013027191162, 1.4960299730300903, 1.4383783340454102, 1.385558843612671, 1.3498650789260864, 1.317701816558838, 1.286269187927246, 1.2554970979690552, 1.2337315082550049, 1.2130331993103027, 1.1940596103668213, 1.1774349212646484, 1.1564587354660034, 1.1466318368911743, 1.1333391666412354, 1.1142218112945557, 1.0995264053344727, 1.083920955657959, 1.0694481134414673, 1.0585826635360718, 1.0493850708007812, 1.0304341316223145, 1.0246332883834839, 1.013698697090149, 1.0102245807647705, 1.0000426769256592, 0.9900203347206116, 0.9737120866775513, 0.9722345471382141, 0.9762461185455322, 0.962003231048584, 0.9481365084648132, 0.9399433732032776, 0.9233661890029907, 0.9142520427703857, 0.8983920812606812, 0.886979877948761, 0.8916223645210266, 0.8866599798202515, 0.8825786113739014, 0.8708019256591797, 0.8642638921737671, 0.8657643795013428, 0.8467786312103271, 0.8412346839904785, 0.8336553573608398, 0.823947548866272], "landscape_losses": [2.770294189453125, 2.139991283416748, 1.8257744312286377, 1.6119376420974731, 1.4419820308685303, 1.291770577430725, 1.1775740385055542, 1.0615562200546265, 0.9680516719818115, 0.8739404082298279, 0.818184494972229], "proxy_train_time": 7.021805887110531, "proxy_train_epochs": 50, "dirty_bit": 1, "landscape_term": 8.65464992528036, "speed_term": 6.254675068495032, "mote": 6.889593931871958}