{"id": 14238, "adj_matrix": [[0, 1, 1, 1], [0, 0, 1, 1], [0, 0, 0, 1], [0, 0, 0, 0]], "operations": ["nor_conv_1x1", "avg_pool_3x3", "avg_pool_3x3", "nor_conv_3x3", "avg_pool_3x3", "skip_connect"], "init_channel": 16, "blck_len": 5, "params": 0.344346, "flops": 47.10465, "latency": 0.01514378503749245, "train_per_time": 19.066477179527283, "train_time_200": 3813.2954359054565, "train_accuracy_200": 0.99476, "test_accuracy_200": 0.9078499999999999, "train_time_12": 228.7977261543274, "train_accuracy_12": 0.7977599999999999, "test_accuracy_12": 0.7825, "valtest_accuracy_200": 0.6519999999999999, "valtest_accuracy_12": 0.4054, "proxy_losses": [3.0626797676086426, 2.104124069213867, 1.8779996633529663, 1.7673715353012085, 1.6827564239501953, 1.6270848512649536, 1.5791765451431274, 1.54047429561615, 1.506775140762329, 1.4788362979888916, 1.4548455476760864, 1.429976224899292, 1.4087097644805908, 1.3865480422973633, 1.3689981698989868, 1.3497087955474854, 1.32938814163208, 1.312246561050415, 1.2983685731887817, 1.285082221031189, 1.2677383422851562, 1.2524305582046509, 1.238801121711731, 1.2265220880508423, 1.2164796590805054, 1.2001609802246094, 1.1851766109466553, 1.1726711988449097, 1.159940481185913, 1.1497410535812378, 1.139539361000061, 1.1273177862167358, 1.1160967350006104, 1.1054567098617554, 1.0946072340011597, 1.0831645727157593, 1.0744460821151733, 1.0614306926727295, 1.0498030185699463, 1.0436604022979736, 1.0408293008804321, 1.025884747505188, 1.0107789039611816, 1.0048469305038452, 0.9979119300842285, 0.9928207993507385, 0.9815129637718201, 0.9790359139442444, 0.9640426635742188, 0.9662166237831116], "landscape_losses": [3.165945529937744, 2.4566872119903564, 2.1189985275268555, 1.8875374794006348, 1.6653478145599365, 1.511857271194458, 1.3478589057922363, 1.2144910097122192, 1.0734939575195312, 1.0013399124145508, 0.9696115255355835], "proxy_train_time": 6.350848305039108, "proxy_train_epochs": 50, "dirty_bit": 1, "landscape_term": 7.513386735695955, "speed_term": 4.901842481852788, "mote": 5.866893600628065}