{"id": 14328, "adj_matrix": [[0, 1, 1, 1], [0, 0, 1, 1], [0, 0, 0, 1], [0, 0, 0, 0]], "operations": ["skip_connect", "nor_conv_3x3", "nor_conv_3x3", "zeros", "nor_conv_3x3", "zeros"], "init_channel": 16, "blck_len": 5, "params": 0.802426, "flops": 113.95137, "latency": 0.018733762858206764, "train_per_time": 20.16594898700714, "train_time_200": 4033.189797401428, "train_accuracy_200": 0.9976999999999999, "test_accuracy_200": 0.9205, "train_time_12": 241.9913878440857, "train_accuracy_12": 0.8572, "test_accuracy_12": 0.8393999999999999, "valtest_accuracy_200": 0.6712333333333333, "valtest_accuracy_12": 0.4539, "proxy_losses": [2.192307472229004, 1.921158790588379, 1.8107595443725586, 1.7459670305252075, 1.6914763450622559, 1.6470400094985962, 1.6082937717437744, 1.5748984813690186, 1.5431957244873047, 1.5125964879989624, 1.4837960004806519, 1.4549931287765503, 1.4273706674575806, 1.4024213552474976, 1.3760279417037964, 1.3510961532592773, 1.326115369796753, 1.3043566942214966, 1.2814667224884033, 1.2597967386245728, 1.2374595403671265, 1.220122218132019, 1.1954929828643799, 1.177376389503479, 1.1584540605545044, 1.1425981521606445, 1.1299954652786255, 1.1116607189178467, 1.0931761264801025, 1.0823181867599487, 1.072539210319519, 1.0758323669433594, 1.0601528882980347, 1.0391204357147217, 1.0219734907150269, 1.0012155771255493, 0.9965502023696899, 0.980492889881134, 0.9751757979393005, 0.9651714563369751, 0.9632731676101685, 0.9507141709327698, 0.9352545738220215, 0.9212106466293335, 0.9123290181159973, 0.899641215801239, 0.8979187607765198, 0.8844200968742371, 0.8766499161720276, 0.8732607364654541], "landscape_losses": [2.277378559112549, 2.052185535430908, 1.8637630939483643, 1.6969501972198486, 1.5351694822311401, 1.3765026330947876, 1.2236837148666382, 1.0953985452651978, 0.9957072138786316, 0.9231856465339661, 0.8664050698280334], "proxy_train_time": 8.94655392318964, "proxy_train_epochs": 50, "dirty_bit": 1, "landscape_term": 8.401926734337287, "speed_term": 7.2422163656285266, "mote": 6.895194837641466}