{"id": 14361, "adj_matrix": [[0, 1, 1, 1], [0, 0, 1, 1], [0, 0, 0, 1], [0, 0, 0, 0]], "operations": ["avg_pool_3x3", "nor_conv_1x1", "nor_conv_1x1", "nor_conv_1x1", "skip_connect", "skip_connect"], "init_channel": 16, "blck_len": 5, "params": 0.157306, "flops": 19.57953, "latency": 0.016393382298318965, "train_per_time": 18.277767181396484, "train_time_200": 3655.553436279297, "train_accuracy_200": 0.98458, "test_accuracy_200": 0.89145, "train_time_12": 219.3332061767578, "train_accuracy_12": 0.79116, "test_accuracy_12": 0.7739, "valtest_accuracy_200": 0.6353, "valtest_accuracy_12": 0.40950000000000003, "proxy_losses": [3.5647454261779785, 2.770291328430176, 2.29781174659729, 2.0609471797943115, 1.9374935626983643, 1.8470094203948975, 1.7812632322311401, 1.7318304777145386, 1.6939740180969238, 1.661421537399292, 1.6311264038085938, 1.6066890954971313, 1.5846096277236938, 1.562606692314148, 1.543453574180603, 1.524111270904541, 1.5041693449020386, 1.487227201461792, 1.4714876413345337, 1.4524357318878174, 1.4413050413131714, 1.421422004699707, 1.405030608177185, 1.3911385536193848, 1.378056287765503, 1.3646432161331177, 1.351842999458313, 1.337530255317688, 1.3261008262634277, 1.3152648210525513, 1.3024523258209229, 1.2918579578399658, 1.2839033603668213, 1.2769346237182617, 1.261114478111267, 1.2505279779434204, 1.2387897968292236, 1.2313456535339355, 1.221581220626831, 1.2139215469360352, 1.2046318054199219, 1.1954678297042847, 1.188909888267517, 1.1801478862762451, 1.1732263565063477, 1.1736972332000732, 1.1567033529281616, 1.1477971076965332, 1.1466602087020874, 1.1392484903335571], "landscape_losses": [3.702256202697754, 3.0371687412261963, 2.5800106525421143, 2.203439235687256, 1.9260101318359375, 1.7036206722259521, 1.5050712823867798, 1.3566439151763916, 1.2381128072738647, 1.1651972532272339, 1.1310269832611084], "proxy_train_time": 6.897078826092184, "proxy_train_epochs": 50, "dirty_bit": 1, "landscape_term": 6.498574346543641, "speed_term": 4.614914943638396, "mote": 5.114090312370412}