{"id": 14365, "adj_matrix": [[0, 1, 1, 1], [0, 0, 1, 1], [0, 0, 0, 1], [0, 0, 0, 0]], "operations": ["nor_conv_1x1", "skip_connect", "nor_conv_3x3", "nor_conv_1x1", "zeros", "avg_pool_3x3"], "init_channel": 16, "blck_len": 5, "params": 0.372346, "flops": 51.03681, "latency": 0.018005305214932092, "train_per_time": 19.585041046142578, "train_time_200": 3917.0082092285156, "train_accuracy_200": 0.99724, "test_accuracy_200": 0.90715, "train_time_12": 235.02049255371094, "train_accuracy_12": 0.81206, "test_accuracy_12": 0.7929, "valtest_accuracy_200": 0.6556000000000001, "valtest_accuracy_12": 0.4489, "proxy_losses": [2.309124708175659, 1.8721193075180054, 1.7154476642608643, 1.618410348892212, 1.5501452684402466, 1.498991847038269, 1.455694556236267, 1.4207165241241455, 1.3852180242538452, 1.3501026630401611, 1.3212134838104248, 1.2918117046356201, 1.266391396522522, 1.2472484111785889, 1.225762963294983, 1.2038766145706177, 1.180587887763977, 1.1644437313079834, 1.1501716375350952, 1.1352747678756714, 1.1194603443145752, 1.1064709424972534, 1.0899578332901, 1.0778404474258423, 1.0662524700164795, 1.0475765466690063, 1.032778024673462, 1.0162475109100342, 1.0031311511993408, 0.9916586875915527, 0.9803232550621033, 0.9719750881195068, 0.9622599482536316, 0.958804190158844, 0.938096284866333, 0.9414888620376587, 0.9302023649215698, 0.919181227684021, 0.9077465534210205, 0.8985415101051331, 0.8797528147697449, 0.8737916946411133, 0.8671255111694336, 0.8564726710319519, 0.8490156531333923, 0.841903030872345, 0.8456903100013733, 0.8282169699668884, 0.820766031742096, 0.8049564361572266], "landscape_losses": [2.4061522483825684, 2.014833688735962, 1.7883634567260742, 1.5998907089233398, 1.4343712329864502, 1.2796088457107544, 1.1512527465820312, 1.0362236499786377, 0.9369825124740601, 0.8503772616386414, 0.8089401125907898], "proxy_train_time": 8.113483056426048, "proxy_train_epochs": 50, "dirty_bit": 1, "landscape_term": 8.887843240895311, "speed_term": 7.143353141573973, "mote": 7.201320373240816}