{"id": 14380, "adj_matrix": [[0, 1, 1, 1], [0, 0, 1, 1], [0, 0, 0, 1], [0, 0, 0, 0]], "operations": ["nor_conv_1x1", "nor_conv_1x1", "skip_connect", "avg_pool_3x3", "skip_connect", "avg_pool_3x3"], "init_channel": 16, "blck_len": 5, "params": 0.129306, "flops": 15.64737, "latency": 0.015104033445057116, "train_per_time": 16.2094863653183, "train_time_200": 3241.8972730636597, "train_accuracy_200": 0.97823, "test_accuracy_200": 0.8769499999999999, "train_time_12": 194.51383638381958, "train_accuracy_12": 0.78156, "test_accuracy_12": 0.7635, "valtest_accuracy_200": 0.60985, "valtest_accuracy_12": 0.38789999999999997, "proxy_losses": [3.3395047187805176, 2.5803720951080322, 2.2341790199279785, 2.0228917598724365, 1.893815040588379, 1.8103415966033936, 1.743224859237671, 1.6945570707321167, 1.653657078742981, 1.6205216646194458, 1.5893021821975708, 1.562674641609192, 1.5383660793304443, 1.5167847871780396, 1.4967050552368164, 1.478939414024353, 1.4613218307495117, 1.4441444873809814, 1.4290906190872192, 1.4147287607192993, 1.401283860206604, 1.386046051979065, 1.3739774227142334, 1.3638924360275269, 1.3545153141021729, 1.3399325609207153, 1.3253716230392456, 1.3150845766067505, 1.305802822113037, 1.2970281839370728, 1.2871901988983154, 1.2793855667114258, 1.26539146900177, 1.2544771432876587, 1.24490487575531, 1.2391794919967651, 1.2298996448516846, 1.220945954322815, 1.2078160047531128, 1.201267957687378, 1.1944150924682617, 1.1847196817398071, 1.1765185594558716, 1.1700085401535034, 1.1647473573684692, 1.161155104637146, 1.1595182418823242, 1.15184485912323, 1.1400433778762817, 1.1296783685684204], "landscape_losses": [3.4437975883483887, 2.7984588146209717, 2.431885004043579, 2.154378652572632, 1.9119035005569458, 1.6991465091705322, 1.5422266721725464, 1.400582194328308, 1.2736138105392456, 1.1819158792495728, 1.125807762145996], "proxy_train_time": 6.412537798285484, "proxy_train_epochs": 50, "dirty_bit": 1, "landscape_term": 6.516565284374559, "speed_term": 4.38907291154351, "mote": 5.080101018312217}