{"id": 14418, "adj_matrix": [[0, 1, 1, 1], [0, 0, 1, 1], [0, 0, 0, 1], [0, 0, 0, 0]], "operations": ["nor_conv_3x3", "skip_connect", "nor_conv_3x3", "nor_conv_3x3", "skip_connect", "nor_conv_3x3"], "init_channel": 16, "blck_len": 5, "params": 1.045466, "flops": 149.34081, "latency": 0.018877365087207994, "train_per_time": 24.136339227358494, "train_time_200": 4827.267845471699, "train_accuracy_200": 0.9995599999999999, "test_accuracy_200": 0.93425, "train_time_12": 289.636070728302, "train_accuracy_12": 0.8934799999999999, "test_accuracy_12": 0.8593000000000001, "valtest_accuracy_200": 0.6975999999999999, "valtest_accuracy_12": 0.5145000000000001, "proxy_losses": [2.1286561489105225, 1.786229133605957, 1.6330734491348267, 1.5233259201049805, 1.4311027526855469, 1.3611360788345337, 1.2974209785461426, 1.2434278726577759, 1.1962984800338745, 1.1570558547973633, 1.121599555015564, 1.0799962282180786, 1.047055959701538, 1.0075535774230957, 0.9649837613105774, 0.9400913119316101, 0.9145898222923279, 0.9177985191345215, 0.8657783269882202, 0.8594027161598206, 0.8276760578155518, 0.8029003739356995, 0.7819688320159912, 0.7618541717529297, 0.7459155917167664, 0.7324568033218384, 0.7130805253982544, 0.6898097395896912, 0.680346667766571, 0.6720139384269714, 0.6615599393844604, 0.6494877338409424, 0.6285666823387146, 0.6246705651283264, 0.6112557053565979, 0.5982343554496765, 0.5842695236206055, 0.5716027021408081, 0.5592079162597656, 0.5563948750495911, 0.5373557806015015, 0.5296334028244019, 0.5274194478988647, 0.5324505567550659, 0.5281078219413757, 0.5192195177078247, 0.5148860216140747, 0.4914933145046234, 0.4870297312736511, 0.4731675684452057], "landscape_losses": [2.2195217609405518, 1.9195400476455688, 1.6623238325119019, 1.434516429901123, 1.2252192497253418, 1.0510209798812866, 0.8779036402702332, 0.7483035326004028, 0.6106743812561035, 0.5025691986083984, 0.4596756398677826], "proxy_train_time": 9.612693718634546, "proxy_train_epochs": 50, "dirty_bit": 1, "landscape_term": 12.315998360286684, "speed_term": 11.159225749036368, "mote": 10.050179337480927}