{"id": 14428, "adj_matrix": [[0, 1, 1, 1], [0, 0, 1, 1], [0, 0, 0, 1], [0, 0, 0, 0]], "operations": ["nor_conv_1x1", "nor_conv_1x1", "zeros", "zeros", "skip_connect", "skip_connect"], "init_channel": 16, "blck_len": 5, "params": 0.129306, "flops": 15.64737, "latency": 0.014987211478383918, "train_per_time": 13.33949180444083, "train_time_200": 2667.898360888166, "train_accuracy_200": 0.95186, "test_accuracy_200": 0.8928999999999999, "train_time_12": 160.0739016532898, "train_accuracy_12": 0.813, "test_accuracy_12": 0.7962, "valtest_accuracy_200": 0.6265000000000001, "valtest_accuracy_12": 0.40369999999999995, "proxy_losses": [2.473517656326294, 2.2403948307037354, 2.1177453994750977, 2.025913715362549, 1.9515998363494873, 1.891239047050476, 1.8365634679794312, 1.791938066482544, 1.7505769729614258, 1.7153749465942383, 1.6820108890533447, 1.652675986289978, 1.62520170211792, 1.6007733345031738, 1.5777462720870972, 1.5563637018203735, 1.5366828441619873, 1.5174784660339355, 1.5004414319992065, 1.4842994213104248, 1.4712750911712646, 1.4546245336532593, 1.438040018081665, 1.423370122909546, 1.411451816558838, 1.3962132930755615, 1.3843879699707031, 1.3678433895111084, 1.3557052612304688, 1.3421196937561035, 1.3296290636062622, 1.3198761940002441, 1.3131158351898193, 1.2972263097763062, 1.287601351737976, 1.2768120765686035, 1.2666658163070679, 1.2599653005599976, 1.2518665790557861, 1.244904637336731, 1.2378568649291992, 1.225945234298706, 1.2173540592193604, 1.2080050706863403, 1.1988298892974854, 1.1919435262680054, 1.1844595670700073, 1.176111102104187, 1.1692614555358887, 1.1615800857543945], "landscape_losses": [2.5234439373016357, 2.3088672161102295, 2.1440091133117676, 1.9694527387619019, 1.7874398231506348, 1.6301863193511963, 1.4768658876419067, 1.3644922971725464, 1.2599214315414429, 1.196319818496704, 1.154235601425171], "proxy_train_time": 6.548538968898356, "proxy_train_epochs": 50, "dirty_bit": 1, "landscape_term": 6.882408326495839, "speed_term": 4.4013388428698645, "mote": 5.3347551261650406}