{"id": 14467, "adj_matrix": [[0, 1, 1, 1], [0, 0, 1, 1], [0, 0, 0, 1], [0, 0, 0, 0]], "operations": ["avg_pool_3x3", "skip_connect", "nor_conv_1x1", "skip_connect", "zeros", "zeros"], "init_channel": 16, "blck_len": 5, "params": 0.101306, "flops": 11.71521, "latency": 0.013330595535144471, "train_per_time": 11.707862377166748, "train_time_200": 2341.5724754333496, "train_accuracy_200": 0.8997666666666667, "test_accuracy_200": 0.8637333333333334, "train_time_12": 140.49434852600098, "train_accuracy_12": 0.8023, "test_accuracy_12": 0.7851, "valtest_accuracy_200": 0.5838, "valtest_accuracy_12": 0.44939999999999997, "proxy_losses": [2.424163579940796, 2.3216187953948975, 2.2365384101867676, 2.1701531410217285, 2.117374897003174, 2.071160316467285, 2.034731149673462, 2.006734848022461, 1.9805529117584229, 1.955796241760254, 1.932418942451477, 1.9127922058105469, 1.8963279724121094, 1.8801218271255493, 1.8656792640686035, 1.8521958589553833, 1.8409613370895386, 1.8292027711868286, 1.8186579942703247, 1.8089584112167358, 1.8008437156677246, 1.7937124967575073, 1.7864818572998047, 1.7809621095657349, 1.773683786392212, 1.767390251159668, 1.7620620727539062, 1.7572011947631836, 1.7513527870178223, 1.7475289106369019, 1.7419041395187378, 1.7372462749481201, 1.7336878776550293, 1.7286550998687744, 1.7242183685302734, 1.7207199335098267, 1.716697096824646, 1.7131261825561523, 1.7087032794952393, 1.7053042650222778, 1.7013757228851318, 1.6984492540359497, 1.6960265636444092, 1.6916892528533936, 1.6893417835235596, 1.6853880882263184, 1.6816999912261963, 1.6799876689910889, 1.6759148836135864, 1.6745771169662476], "landscape_losses": [2.4418766498565674, 2.3336050510406494, 2.227900505065918, 2.1232657432556152, 2.014007806777954, 1.9111908674240112, 1.8235719203948975, 1.7568132877349854, 1.7136613130569458, 1.68701171875, 1.6717584133148193], "proxy_train_time": 5.8651091968640685, "proxy_train_epochs": 50, "dirty_bit": 1, "landscape_term": 5.6696940000678575, "speed_term": 3.1951278781554886, "mote": 4.225900261024348}