{"id": 1450, "adj_matrix": [[0, 1, 1, 1], [0, 0, 1, 1], [0, 0, 0, 1], [0, 0, 0, 0]], "operations": ["nor_conv_1x1", "nor_conv_1x1", "skip_connect", "skip_connect", "nor_conv_3x3", "nor_conv_1x1"], "init_channel": 16, "blck_len": 5, "params": 0.40034600000000004, "flops": 54.96896999999999, "latency": 0.019826254300903852, "train_per_time": 21.069840391477, "train_time_200": 4213.9680782954, "train_accuracy_200": 0.99894, "test_accuracy_200": 0.9269, "train_time_12": 252.83808469772342, "train_accuracy_12": 0.89704, "test_accuracy_12": 0.8687999999999999, "valtest_accuracy_200": 0.7011333333333333, "valtest_accuracy_12": 0.5655, "proxy_losses": [2.862887382507324, 2.121081829071045, 1.8806699514389038, 1.767545461654663, 1.679898977279663, 1.6138995885849, 1.5569504499435425, 1.5088376998901367, 1.4703634977340698, 1.4334368705749512, 1.4004285335540771, 1.3706961870193481, 1.3419018983840942, 1.316436529159546, 1.2912218570709229, 1.2714308500289917, 1.2521289587020874, 1.2308014631271362, 1.2160077095031738, 1.1957730054855347, 1.1816555261611938, 1.1639748811721802, 1.151729941368103, 1.1402610540390015, 1.1196295022964478, 1.1109061241149902, 1.0949596166610718, 1.0799027681350708, 1.066759705543518, 1.0510915517807007, 1.0383630990982056, 1.0268973112106323, 1.0184261798858643, 1.000022292137146, 0.9870539307594299, 0.9760515689849854, 0.9668833017349243, 0.9535320997238159, 0.9439949989318848, 0.9395094513893127, 0.927321195602417, 0.9189800024032593, 0.9036694169044495, 0.8958002924919128, 0.8856234550476074, 0.8794936537742615, 0.8654535412788391, 0.8538665771484375, 0.8438173532485962, 0.8369466662406921], "landscape_losses": [2.985945224761963, 2.3921432495117188, 2.0430104732513428, 1.7966256141662598, 1.587900996208191, 1.3747705221176147, 1.213618516921997, 1.0522246360778809, 0.9433269500732422, 0.8696244955062866, 0.8361149430274963], "proxy_train_time": 8.30452015902847, "proxy_train_epochs": 50, "dirty_bit": 1, "landscape_term": 8.336523364623615, "speed_term": 6.851351770123034, "mote": 6.783810638699528}