{"id": 14548, "adj_matrix": [[0, 1, 1, 1], [0, 0, 1, 1], [0, 0, 0, 1], [0, 0, 0, 0]], "operations": ["nor_conv_1x1", "avg_pool_3x3", "nor_conv_3x3", "nor_conv_1x1", "avg_pool_3x3", "nor_conv_3x3"], "init_channel": 16, "blck_len": 5, "params": 0.615386, "flops": 86.42625, "latency": 0.019876266780652498, "train_per_time": 26.36391981442767, "train_time_200": 5272.7839628855345, "train_accuracy_200": 0.99869, "test_accuracy_200": 0.92875, "train_time_12": 316.3670377731323, "train_accuracy_12": 0.8462000000000001, "test_accuracy_12": 0.8281999999999999, "valtest_accuracy_200": 0.6933, "valtest_accuracy_12": 0.4646, "proxy_losses": [2.2998290061950684, 1.8319100141525269, 1.6782915592193604, 1.582029938697815, 1.5044734477996826, 1.4387857913970947, 1.3853888511657715, 1.3313179016113281, 1.288077712059021, 1.2470495700836182, 1.2057329416275024, 1.1752827167510986, 1.1426053047180176, 1.1127880811691284, 1.0805002450942993, 1.0545241832733154, 1.032126545906067, 1.0055574178695679, 0.9883257746696472, 0.9713646769523621, 0.9522719979286194, 0.9369773268699646, 0.9131734371185303, 0.8881834745407104, 0.870444655418396, 0.8579708933830261, 0.8461407423019409, 0.8351759910583496, 0.8137617111206055, 0.7986212968826294, 0.7822515368461609, 0.7762035131454468, 0.7573843002319336, 0.7508665919303894, 0.7389717698097229, 0.7344604730606079, 0.7266592383384705, 0.7139912843704224, 0.7116895914077759, 0.7047587633132935, 0.6941845417022705, 0.6747257709503174, 0.6635156869888306, 0.6545254588127136, 0.6556763648986816, 0.6406543850898743, 0.6328019499778748, 0.6307746171951294, 0.630959153175354, 0.6109115481376648], "landscape_losses": [2.4603374004364014, 2.0173702239990234, 1.7601181268692017, 1.5218838453292847, 1.3400089740753174, 1.1830315589904785, 1.0264447927474976, 0.9018818140029907, 0.7673921585083008, 0.6664475202560425, 0.6019272804260254], "proxy_train_time": 9.576152096502483, "proxy_train_epochs": 50, "dirty_bit": 1, "landscape_term": 10.266884294340407, "speed_term": 9.780635900886175, "mote": 8.532116136035903}