{"id": 14635, "adj_matrix": [[0, 1, 1, 1], [0, 0, 1, 1], [0, 0, 0, 1], [0, 0, 0, 0]], "operations": ["skip_connect", "nor_conv_1x1", "skip_connect", "avg_pool_3x3", "nor_conv_3x3", "skip_connect"], "init_channel": 16, "blck_len": 5, "params": 0.344346, "flops": 47.10465, "latency": 0.015388938418605872, "train_per_time": 15.445108016332021, "train_time_200": 3089.0216032664043, "train_accuracy_200": 0.94134, "test_accuracy_200": 0.8804000000000001, "train_time_12": 185.34129619598392, "train_accuracy_12": 0.73154, "test_accuracy_12": 0.7156, "valtest_accuracy_200": 0.5821333333333334, "valtest_accuracy_12": 0.34149999999999997, "proxy_losses": [4.540458679199219, 2.7913284301757812, 2.177180528640747, 1.9201176166534424, 1.7855117321014404, 1.692725419998169, 1.6246631145477295, 1.5763134956359863, 1.5397189855575562, 1.5106910467147827, 1.4850116968154907, 1.4626142978668213, 1.4402879476547241, 1.4204684495925903, 1.4049246311187744, 1.3892438411712646, 1.3738157749176025, 1.361036777496338, 1.3472621440887451, 1.3344135284423828, 1.3234714269638062, 1.3087284564971924, 1.298669695854187, 1.284981608390808, 1.2728441953659058, 1.2607407569885254, 1.2548115253448486, 1.241316556930542, 1.2311134338378906, 1.218369960784912, 1.2096604108810425, 1.2073253393173218, 1.188941478729248, 1.181756854057312, 1.1726469993591309, 1.1626741886138916, 1.1558232307434082, 1.147154450416565, 1.13412606716156, 1.1273566484451294, 1.1173555850982666, 1.107219934463501, 1.1007864475250244, 1.0943530797958374, 1.0904209613800049, 1.0763062238693237, 1.068954586982727, 1.0579699277877808, 1.0468882322311401, 1.0410163402557373], "landscape_losses": [4.6477861404418945, 3.2684829235076904, 2.577165126800537, 2.130375862121582, 1.7743128538131714, 1.5522717237472534, 1.3814531564712524, 1.2517940998077393, 1.1493483781814575, 1.0698611736297607, 1.034032940864563], "proxy_train_time": 5.871405064128339, "proxy_train_epochs": 50, "dirty_bit": 1, "landscape_term": 6.880923063639679, "speed_term": 4.172309426353282, "mote": 5.2857505858219165}