{"id": 147, "adj_matrix": [[0, 1, 1, 1], [0, 0, 1, 1], [0, 0, 0, 1], [0, 0, 0, 0]], "operations": ["nor_conv_3x3", "nor_conv_3x3", "nor_conv_1x1", "avg_pool_3x3", "skip_connect", "nor_conv_3x3"], "init_channel": 16, "blck_len": 5, "params": 0.830426, "flops": 117.88353, "latency": 0.01918493341981319, "train_per_time": 25.38965721925099, "train_time_200": 5077.931443850198, "train_accuracy_200": 0.9995133333333333, "test_accuracy_200": 0.9306, "train_time_12": 304.67588663101185, "train_accuracy_12": 0.8552200000000001, "test_accuracy_12": 0.8319, "valtest_accuracy_200": 0.6935333333333333, "valtest_accuracy_12": 0.5362, "proxy_losses": [2.674633264541626, 1.9094024896621704, 1.7232962846755981, 1.6256730556488037, 1.5462181568145752, 1.4780077934265137, 1.4184131622314453, 1.3607077598571777, 1.314160704612732, 1.2721788883209229, 1.2379001379013062, 1.2042951583862305, 1.170198678970337, 1.136783480644226, 1.0956989526748657, 1.0655088424682617, 1.0329536199569702, 1.003151297569275, 0.982187807559967, 0.9631529450416565, 0.9351512789726257, 0.9115909934043884, 0.8843479752540588, 0.8659358620643616, 0.8530080318450928, 0.8449777364730835, 0.8185445070266724, 0.8036112189292908, 0.7961354851722717, 0.7859792709350586, 0.7776973843574524, 0.755627453327179, 0.7398514151573181, 0.7190999388694763, 0.7117562890052795, 0.7060549855232239, 0.6894959211349487, 0.6776878237724304, 0.6734713912010193, 0.6616088151931763, 0.6529280543327332, 0.6432955861091614, 0.6304440498352051, 0.6348194479942322, 0.6302666664123535, 0.616159200668335, 0.5946038365364075, 0.5865484476089478, 0.585972249507904, 0.5887476801872253], "landscape_losses": [2.8493902683258057, 2.18831467628479, 1.8733539581298828, 1.6087751388549805, 1.381160020828247, 1.1611502170562744, 0.9859007000923157, 0.8357459902763367, 0.7252027988433838, 0.6233561635017395, 0.575096070766449], "proxy_train_time": 9.5966183450073, "proxy_train_epochs": 50, "dirty_bit": 1, "landscape_term": 10.48138248019609, "speed_term": 9.79447826995347, "mote": 8.673264334496265}