{"id": 14734, "adj_matrix": [[0, 1, 1, 1], [0, 0, 1, 1], [0, 0, 0, 1], [0, 0, 0, 0]], "operations": ["skip_connect", "avg_pool_3x3", "avg_pool_3x3", "zeros", "avg_pool_3x3", "nor_conv_3x3"], "init_channel": 16, "blck_len": 5, "params": 0.316346, "flops": 43.17249, "latency": 0.013354290995681493, "train_per_time": 16.60186986128485, "train_time_200": 3320.3739722569703, "train_accuracy_200": 0.9582200000000001, "test_accuracy_200": 0.8512333333333334, "train_time_12": 199.22243833541867, "train_accuracy_12": 0.7230200000000001, "test_accuracy_12": 0.7092, "valtest_accuracy_200": 0.5735, "valtest_accuracy_12": 0.3442, "proxy_losses": [2.4836771488189697, 2.0338902473449707, 1.9152116775512695, 1.8467910289764404, 1.7975391149520874, 1.7496178150177002, 1.712645173072815, 1.6766403913497925, 1.6436091661453247, 1.6115734577178955, 1.580847144126892, 1.5507713556289673, 1.5224153995513916, 1.4977365732192993, 1.4740580320358276, 1.4470710754394531, 1.4198851585388184, 1.3958818912506104, 1.376888632774353, 1.3534890413284302, 1.3290667533874512, 1.3075975179672241, 1.2878766059875488, 1.2712258100509644, 1.2507601976394653, 1.2349900007247925, 1.2151286602020264, 1.2086302042007446, 1.1904847621917725, 1.1753629446029663, 1.16228187084198, 1.1518453359603882, 1.1360806226730347, 1.1318777799606323, 1.1176971197128296, 1.100926160812378, 1.0986876487731934, 1.0851962566375732, 1.078718900680542, 1.0679231882095337, 1.0567889213562012, 1.049196481704712, 1.040164589881897, 1.0299794673919678, 1.0278537273406982, 1.0174782276153564, 1.008949875831604, 1.0058618783950806, 1.0001819133758545, 0.984122097492218], "landscape_losses": [2.5897395610809326, 2.226186752319336, 2.002969980239868, 1.8178292512893677, 1.6446080207824707, 1.4899009466171265, 1.3320237398147583, 1.193786859512329, 1.0961121320724487, 1.023984432220459, 0.9855090975761414], "proxy_train_time": 5.5427439929917455, "proxy_train_epochs": 50, "dirty_bit": 1, "landscape_term": 7.6559408723713105, "speed_term": 4.141743378000347, "mote": 5.807319016445957}