{"id": 14800, "adj_matrix": [[0, 1, 1, 1], [0, 0, 1, 1], [0, 0, 0, 1], [0, 0, 0, 0]], "operations": ["nor_conv_1x1", "skip_connect", "nor_conv_3x3", "nor_conv_1x1", "zeros", "nor_conv_1x1"], "init_channel": 16, "blck_len": 5, "params": 0.400346, "flops": 54.96897, "latency": 0.02033690716090955, "train_per_time": 21.443023403485665, "train_time_200": 4288.604680697133, "train_accuracy_200": 0.9962899999999999, "test_accuracy_200": 0.922, "train_time_12": 257.31628084182745, "train_accuracy_12": 0.87564, "test_accuracy_12": 0.8529000000000001, "valtest_accuracy_200": 0.69065, "valtest_accuracy_12": 0.4962, "proxy_losses": [2.473837375640869, 2.0821218490600586, 1.9291175603866577, 1.82979154586792, 1.745419979095459, 1.6751611232757568, 1.6116353273391724, 1.5600767135620117, 1.5060646533966064, 1.4601589441299438, 1.415404200553894, 1.3751169443130493, 1.342780590057373, 1.298254132270813, 1.2650398015975952, 1.2310280799865723, 1.197638988494873, 1.1732693910598755, 1.1478155851364136, 1.126043677330017, 1.0982505083084106, 1.074602723121643, 1.0495694875717163, 1.0287657976150513, 1.0093272924423218, 0.9885980486869812, 0.9737455248832703, 0.9569206833839417, 0.9390587210655212, 0.9210313558578491, 0.9109057784080505, 0.9010961651802063, 0.8849453330039978, 0.8765954375267029, 0.8537418842315674, 0.8477873206138611, 0.8424391746520996, 0.8363726735115051, 0.8185909390449524, 0.8141236305236816, 0.8055689334869385, 0.7906767725944519, 0.7787649631500244, 0.7673346996307373, 0.7593295574188232, 0.7545230984687805, 0.7469547986984253, 0.7412616610527039, 0.7314855456352234, 0.7226270437240601], "landscape_losses": [2.6017680168151855, 2.251784324645996, 2.0038905143737793, 1.774827003479004, 1.5514167547225952, 1.350009560585022, 1.1791096925735474, 1.0180301666259766, 0.9148701429367065, 0.7759284377098083, 0.7190122008323669], "proxy_train_time": 8.94077711366117, "proxy_train_epochs": 50, "dirty_bit": 1, "landscape_term": 8.879231971246927, "speed_term": 7.888349492688451, "mote": 7.321521016985965}