{"id": 14810, "adj_matrix": [[0, 1, 1, 1], [0, 0, 1, 1], [0, 0, 0, 1], [0, 0, 0, 0]], "operations": ["zeros", "nor_conv_1x1", "nor_conv_3x3", "nor_conv_1x1", "zeros", "nor_conv_3x3"], "init_channel": 16, "blck_len": 5, "params": 0.615386, "flops": 86.42625, "latency": 0.020016711009176152, "train_per_time": 22.63106222947441, "train_time_200": 4526.212445894882, "train_accuracy_200": 0.99723, "test_accuracy_200": 0.92455, "train_time_12": 271.5727467536927, "train_accuracy_12": 0.8664400000000001, "test_accuracy_12": 0.8459, "valtest_accuracy_200": 0.68805, "valtest_accuracy_12": 0.4916, "proxy_losses": [2.2406270503997803, 1.9180268049240112, 1.783237338066101, 1.6903064250946045, 1.6149829626083374, 1.552781105041504, 1.5067634582519531, 1.467807650566101, 1.4308727979660034, 1.3946908712387085, 1.3655925989151, 1.3369967937469482, 1.3073445558547974, 1.2785465717315674, 1.2545440196990967, 1.227348804473877, 1.2017165422439575, 1.1789495944976807, 1.1582754850387573, 1.1389029026031494, 1.1155800819396973, 1.0954233407974243, 1.0772950649261475, 1.0548065900802612, 1.034556269645691, 1.0235345363616943, 1.0000708103179932, 0.991256058216095, 0.971858024597168, 0.9549243450164795, 0.9430352449417114, 0.9374112486839294, 0.9226931929588318, 0.9079806804656982, 0.8937771320343018, 0.8732677698135376, 0.8620842695236206, 0.8535320162773132, 0.8480221629142761, 0.8343687653541565, 0.8270718455314636, 0.8190433382987976, 0.8046389818191528, 0.7949742674827576, 0.7950791716575623, 0.7774329781532288, 0.7675862312316895, 0.7652297019958496, 0.763822615146637, 0.7546201944351196], "landscape_losses": [2.3327813148498535, 2.043504238128662, 1.8476808071136475, 1.6692644357681274, 1.5048351287841797, 1.343976378440857, 1.18715238571167, 1.0487295389175415, 0.9115473628044128, 0.8027123212814331, 0.7456327080726624], "proxy_train_time": 9.957781578414142, "proxy_train_epochs": 50, "dirty_bit": 1, "landscape_term": 8.946740366557052, "speed_term": 8.872925962976907, "mote": 7.525828868164963}