{"id": 14875, "adj_matrix": [[0, 1, 1, 1], [0, 0, 1, 1], [0, 0, 0, 1], [0, 0, 0, 0]], "operations": ["skip_connect", "avg_pool_3x3", "nor_conv_1x1", "skip_connect", "avg_pool_3x3", "nor_conv_3x3"], "init_channel": 16, "blck_len": 5, "params": 0.344346, "flops": 47.10465, "latency": 0.014811028513992042, "train_per_time": 17.56344823042547, "train_time_200": 3512.6896460850944, "train_accuracy_200": 0.94502, "test_accuracy_200": 0.8822333333333332, "train_time_12": 210.76137876510617, "train_accuracy_12": 0.74088, "test_accuracy_12": 0.7338, "valtest_accuracy_200": 0.6005, "valtest_accuracy_12": 0.3566, "proxy_losses": [3.339329242706299, 2.300996780395508, 1.960321068763733, 1.801891565322876, 1.70723557472229, 1.6396398544311523, 1.5929827690124512, 1.5566127300262451, 1.5236636400222778, 1.4920008182525635, 1.4639427661895752, 1.4392777681350708, 1.415107011795044, 1.394112229347229, 1.3725730180740356, 1.3536347150802612, 1.3362098932266235, 1.317674160003662, 1.2956175804138184, 1.2797855138778687, 1.2642208337783813, 1.2473039627075195, 1.231534719467163, 1.2146574258804321, 1.1985915899276733, 1.1870847940444946, 1.1686815023422241, 1.1629258394241333, 1.1525766849517822, 1.1349663734436035, 1.126276969909668, 1.1181405782699585, 1.1073870658874512, 1.0905579328536987, 1.085159182548523, 1.0707145929336548, 1.0571449995040894, 1.0480995178222656, 1.040979027748108, 1.0303477048873901, 1.0239508152008057, 1.0213406085968018, 1.0039950609207153, 1.00210702419281, 0.9914458990097046, 0.9801003932952881, 0.9736900329589844, 0.9688664078712463, 0.9618115425109863, 0.9536257982254028], "landscape_losses": [3.4717671871185303, 2.6339948177337646, 2.210167646408081, 1.8964191675186157, 1.655991554260254, 1.4423537254333496, 1.299880027770996, 1.1633275747299194, 1.0647542476654053, 0.9954293966293335, 0.9504560828208923], "proxy_train_time": 6.384004997089505, "proxy_train_epochs": 50, "dirty_bit": 1, "landscape_term": 7.569438969832865, "speed_term": 4.895642257699298, "mote": 5.903650315839359}