{"id": 14902, "adj_matrix": [[0, 1, 1, 1], [0, 0, 1, 1], [0, 0, 0, 1], [0, 0, 0, 0]], "operations": ["nor_conv_1x1", "avg_pool_3x3", "nor_conv_3x3", "skip_connect", "avg_pool_3x3", "avg_pool_3x3"], "init_channel": 16, "blck_len": 5, "params": 0.344346, "flops": 47.10465, "latency": 0.014588615350555953, "train_per_time": 18.953086018562317, "train_time_200": 3790.6172037124634, "train_accuracy_200": 0.9542866666666667, "test_accuracy_200": 0.8839666666666666, "train_time_12": 227.4370322227478, "train_accuracy_12": 0.73368, "test_accuracy_12": 0.7231000000000001, "valtest_accuracy_200": 0.6163333333333333, "valtest_accuracy_12": 0.34020000000000006, "proxy_losses": [4.534915924072266, 2.663120985031128, 2.150239944458008, 1.9617804288864136, 1.8383547067642212, 1.7568273544311523, 1.688523769378662, 1.6345460414886475, 1.5874619483947754, 1.5497478246688843, 1.5129127502441406, 1.4794692993164062, 1.449298620223999, 1.424684762954712, 1.399681806564331, 1.377015471458435, 1.3578481674194336, 1.33603036403656, 1.31875479221344, 1.301470160484314, 1.286134123802185, 1.2703646421432495, 1.2602204084396362, 1.2487423419952393, 1.2326366901397705, 1.2167353630065918, 1.203680396080017, 1.197210669517517, 1.1815603971481323, 1.1699620485305786, 1.1620322465896606, 1.1510826349258423, 1.1412594318389893, 1.134671688079834, 1.1224615573883057, 1.1091063022613525, 1.0990186929702759, 1.0897576808929443, 1.0830618143081665, 1.078126311302185, 1.06573486328125, 1.0528242588043213, 1.042166829109192, 1.0348641872406006, 1.0272542238235474, 1.0188368558883667, 1.0079021453857422, 1.0060994625091553, 1.0041425228118896, 0.9900233149528503], "landscape_losses": [4.708740711212158, 3.2495779991149902, 2.62221622467041, 2.1710450649261475, 1.8416906595230103, 1.5838648080825806, 1.3692420721054077, 1.2135961055755615, 1.1051111221313477, 1.0287514925003052, 0.9830960035324097], "proxy_train_time": 7.067244989797473, "proxy_train_epochs": 50, "dirty_bit": 1, "landscape_term": 6.9848756161102665, "speed_term": 5.120423273325847, "mote": 5.54981700274837}