{"id": 14940, "adj_matrix": [[0, 1, 1, 1], [0, 0, 1, 1], [0, 0, 0, 1], [0, 0, 0, 0]], "operations": ["zeros", "zeros", "nor_conv_3x3", "nor_conv_1x1", "nor_conv_1x1", "zeros"], "init_channel": 16, "blck_len": 5, "params": 0.372346, "flops": 51.03681, "latency": 0.018189111299682082, "train_per_time": 18.22038455804194, "train_time_200": 3644.076911608388, "train_accuracy_200": 0.9506666666666668, "test_accuracy_200": 0.8908999999999999, "train_time_12": 218.6446146965027, "train_accuracy_12": 0.81144, "test_accuracy_12": 0.7989, "valtest_accuracy_200": 0.6218, "valtest_accuracy_12": 0.3851, "proxy_losses": [2.4134693145751953, 2.218296527862549, 2.0989952087402344, 2.0215132236480713, 1.9681118726730347, 1.9215794801712036, 1.8829731941223145, 1.8473273515701294, 1.815575361251831, 1.7878652811050415, 1.7614984512329102, 1.7385804653167725, 1.715640664100647, 1.6937187910079956, 1.6733119487762451, 1.654038667678833, 1.6335588693618774, 1.6176384687423706, 1.6001977920532227, 1.5837900638580322, 1.5687954425811768, 1.5552841424942017, 1.5409172773361206, 1.529358148574829, 1.5164036750793457, 1.504649043083191, 1.4921311140060425, 1.4800773859024048, 1.4682468175888062, 1.4578560590744019, 1.4491617679595947, 1.438103437423706, 1.4269804954528809, 1.416396141052246, 1.405579924583435, 1.3981163501739502, 1.3900600671768188, 1.380691647529602, 1.3692095279693604, 1.362500548362732, 1.3537631034851074, 1.3447154760360718, 1.3348205089569092, 1.3269482851028442, 1.3164368867874146, 1.3085706233978271, 1.302981972694397, 1.2934832572937012, 1.2833211421966553, 1.277451515197754], "landscape_losses": [2.456240177154541, 2.2946648597717285, 2.1312336921691895, 1.9750417470932007, 1.8251384496688843, 1.7006224393844604, 1.579086184501648, 1.4803904294967651, 1.387687087059021, 1.3171184062957764, 1.273227572441101], "proxy_train_time": 8.742110520601273, "proxy_train_epochs": 50, "dirty_bit": 1, "landscape_term": 6.5284110653383, "speed_term": 5.537138206209232, "mote": 5.315962691162844}