{"id": 15023, "adj_matrix": [[0, 1, 1, 1], [0, 0, 1, 1], [0, 0, 0, 1], [0, 0, 0, 0]], "operations": ["skip_connect", "skip_connect", "avg_pool_3x3", "skip_connect", "avg_pool_3x3", "nor_conv_1x1"], "init_channel": 16, "blck_len": 5, "params": 0.101306, "flops": 11.71521, "latency": 0.012302127846500331, "train_per_time": 12.84781388441721, "train_time_200": 2569.562776883442, "train_accuracy_200": 0.9039999999999999, "test_accuracy_200": 0.8619333333333334, "train_time_12": 154.1737666130066, "train_accuracy_12": 0.69438, "test_accuracy_12": 0.6861, "valtest_accuracy_200": 0.5446, "valtest_accuracy_12": 0.3068, "proxy_losses": [6.149656295776367, 4.606727600097656, 3.7479679584503174, 3.165910482406616, 2.7742223739624023, 2.4934098720550537, 2.276060104370117, 2.1286561489105225, 2.0134503841400146, 1.9249160289764404, 1.8592441082000732, 1.8101619482040405, 1.7743672132492065, 1.7486623525619507, 1.7263542413711548, 1.7086976766586304, 1.6916552782058716, 1.6793769598007202, 1.667784571647644, 1.6567254066467285, 1.6467822790145874, 1.6376487016677856, 1.6315218210220337, 1.6250113248825073, 1.6165266036987305, 1.609928011894226, 1.6035206317901611, 1.5990935564041138, 1.5920966863632202, 1.5858051776885986, 1.581868052482605, 1.5766377449035645, 1.5713015794754028, 1.5674002170562744, 1.561767578125, 1.556286334991455, 1.550489068031311, 1.545959234237671, 1.5418459177017212, 1.5372546911239624, 1.53036630153656, 1.5265865325927734, 1.5221984386444092, 1.5183628797531128, 1.5134902000427246, 1.5097428560256958, 1.5046794414520264, 1.4975919723510742, 1.4957759380340576, 1.492151141166687], "landscape_losses": [6.271045684814453, 4.817277908325195, 3.9124393463134766, 3.2320284843444824, 2.6770195960998535, 2.268214225769043, 1.9645966291427612, 1.7407703399658203, 1.5954301357269287, 1.5159878730773926, 1.4910740852355957], "proxy_train_time": 5.533636921085417, "proxy_train_epochs": 50, "dirty_bit": 1, "landscape_term": 4.787024842456836, "speed_term": 2.8985974570268223, "mote": 3.5252293282019713}