{"id": 15079, "adj_matrix": [[0, 1, 1, 1], [0, 0, 1, 1], [0, 0, 0, 1], [0, 0, 0, 0]], "operations": ["nor_conv_3x3", "nor_conv_1x1", "zeros", "nor_conv_1x1", "zeros", "skip_connect"], "init_channel": 16, "blck_len": 5, "params": 0.372346, "flops": 51.03681, "latency": 0.017897571388043855, "train_per_time": 17.932709058125862, "train_time_200": 3586.541811625172, "train_accuracy_200": 0.9523199999999999, "test_accuracy_200": 0.8889500000000001, "train_time_12": 215.1925086975098, "train_accuracy_12": 0.81872, "test_accuracy_12": 0.8012, "valtest_accuracy_200": 0.62725, "valtest_accuracy_12": 0.3979, "proxy_losses": [2.391781806945801, 2.1520562171936035, 2.0323853492736816, 1.9502761363983154, 1.8855371475219727, 1.8352160453796387, 1.7911443710327148, 1.752763032913208, 1.715085506439209, 1.6809070110321045, 1.6498026847839355, 1.6236310005187988, 1.5961498022079468, 1.571186900138855, 1.5496574640274048, 1.5286370515823364, 1.5097516775131226, 1.4888315200805664, 1.4709820747375488, 1.4529826641082764, 1.4358519315719604, 1.420487880706787, 1.4061278104782104, 1.395762324333191, 1.3812916278839111, 1.3677473068237305, 1.3602924346923828, 1.347524881362915, 1.3395601511001587, 1.3301383256912231, 1.315260410308838, 1.3086527585983276, 1.2973617315292358, 1.289416790008545, 1.280773401260376, 1.270742654800415, 1.2623261213302612, 1.2511066198349, 1.24277925491333, 1.2397392988204956, 1.2408998012542725, 1.2317724227905273, 1.224929928779602, 1.2141917943954468, 1.205551028251648, 1.19578218460083, 1.1910427808761597, 1.1813952922821045, 1.1803148984909058, 1.1746978759765625], "landscape_losses": [2.4483015537261963, 2.234616279602051, 2.081935167312622, 1.943713665008545, 1.803823471069336, 1.6750690937042236, 1.5558719635009766, 1.4368499517440796, 1.3448941707611084, 1.235445499420166, 1.1749259233474731], "proxy_train_time": 7.698767471127212, "proxy_train_epochs": 50, "dirty_bit": 1, "landscape_term": 6.744908576939874, "speed_term": 5.257838381283114, "mote": 5.411775129126914}