{"id": 15107, "adj_matrix": [[0, 1, 1, 1], [0, 0, 1, 1], [0, 0, 0, 1], [0, 0, 0, 0]], "operations": ["nor_conv_3x3", "nor_conv_1x1", "skip_connect", "zeros", "skip_connect", "zeros"], "init_channel": 16, "blck_len": 5, "params": 0.344346, "flops": 47.10465, "latency": 0.015297624102809973, "train_per_time": 14.215842247009277, "train_time_200": 2843.1684494018555, "train_accuracy_200": 0.9971333333333332, "test_accuracy_200": 0.9187333333333334, "train_time_12": 170.59010696411133, "train_accuracy_12": 0.8614799999999999, "test_accuracy_12": 0.8395, "valtest_accuracy_200": 0.6685666666666666, "valtest_accuracy_12": 0.4551, "proxy_losses": [2.1645519733428955, 1.9217449426651, 1.8030694723129272, 1.7258729934692383, 1.671120524406433, 1.6277002096176147, 1.5877342224121094, 1.5522133111953735, 1.518792986869812, 1.4891788959503174, 1.4610722064971924, 1.433419108390808, 1.4053467512130737, 1.3794548511505127, 1.3532432317733765, 1.3305654525756836, 1.307618260383606, 1.2863242626190186, 1.2652093172073364, 1.2429574728012085, 1.2257189750671387, 1.206679344177246, 1.1892884969711304, 1.1740076541900635, 1.151131510734558, 1.1381720304489136, 1.1195241212844849, 1.1067372560501099, 1.0887054204940796, 1.0818192958831787, 1.0808943510055542, 1.0629197359085083, 1.0430089235305786, 1.0252563953399658, 1.0130066871643066, 0.9995202422142029, 0.9868419170379639, 0.9760474562644958, 0.9741657972335815, 0.9631203413009644, 0.9579885601997375, 0.9507275223731995, 0.9409902095794678, 0.9232630729675293, 0.9104769825935364, 0.9054570198059082, 0.8961695432662964, 0.89215487241745, 0.8901088833808899, 0.8732805848121643], "landscape_losses": [2.244109869003296, 2.0235586166381836, 1.8383115530014038, 1.672217607498169, 1.5239442586898804, 1.3882017135620117, 1.2707418203353882, 1.1573255062103271, 1.043107271194458, 0.9393446445465088, 0.8802403211593628], "proxy_train_time": 7.027349369600415, "proxy_train_epochs": 50, "dirty_bit": 1, "landscape_term": 8.268626621897873, "speed_term": 5.734329827406764, "mote": 6.536244873432965}