{"id": 15114, "adj_matrix": [[0, 1, 1, 1], [0, 0, 1, 1], [0, 0, 0, 1], [0, 0, 0, 0]], "operations": ["nor_conv_1x1", "nor_conv_1x1", "skip_connect", "nor_conv_3x3", "avg_pool_3x3", "nor_conv_1x1"], "init_channel": 16, "blck_len": 5, "params": 0.400346, "flops": 54.96897, "latency": 0.02042144223263389, "train_per_time": 23.064059297243734, "train_time_200": 4612.811859448747, "train_accuracy_200": 0.9982300000000001, "test_accuracy_200": 0.9218999999999999, "train_time_12": 276.768711566925, "train_accuracy_12": 0.86536, "test_accuracy_12": 0.8428, "valtest_accuracy_200": 0.6842, "valtest_accuracy_12": 0.4542, "proxy_losses": [2.367417812347412, 1.9619663953781128, 1.8229308128356934, 1.7344058752059937, 1.6675385236740112, 1.6119029521942139, 1.5641590356826782, 1.5182944536209106, 1.4776238203048706, 1.4396045207977295, 1.4027972221374512, 1.3674980401992798, 1.3371835947036743, 1.309280514717102, 1.280759334564209, 1.2562685012817383, 1.2350080013275146, 1.2095180749893188, 1.187865138053894, 1.1716078519821167, 1.1498981714248657, 1.1292645931243896, 1.10951566696167, 1.0911444425582886, 1.079189419746399, 1.0581343173980713, 1.0416285991668701, 1.024006724357605, 1.014009714126587, 1.0047751665115356, 0.9859340786933899, 0.9685977697372437, 0.9562034010887146, 0.9426945447921753, 0.9335644245147705, 0.9209488034248352, 0.9154118895530701, 0.9033631086349487, 0.9028394818305969, 0.8921804428100586, 0.877627432346344, 0.8653965592384338, 0.859839677810669, 0.8455824255943298, 0.8372247219085693, 0.8328442573547363, 0.8250789046287537, 0.8218813538551331, 0.8106918931007385, 0.7983647584915161], "landscape_losses": [2.4690229892730713, 2.128812074661255, 1.915593147277832, 1.7417527437210083, 1.5570850372314453, 1.3806442022323608, 1.2262616157531738, 1.071245789527893, 0.9755085706710815, 0.8611736297607422, 0.8074080348014832], "proxy_train_time": 8.45877431333065, "proxy_train_epochs": 50, "dirty_bit": 1, "landscape_term": 8.511277864892298, "speed_term": 7.251853148094594, "mote": 6.969782797175932}