{"id": 15258, "adj_matrix": [[0, 1, 1, 1], [0, 0, 1, 1], [0, 0, 0, 1], [0, 0, 0, 0]], "operations": ["skip_connect", "nor_conv_3x3", "skip_connect", "skip_connect", "nor_conv_3x3", "nor_conv_3x3"], "init_channel": 16, "blck_len": 5, "params": 0.802426, "flops": 113.95137, "latency": 0.017211764528040303, "train_per_time": 19.244169433911694, "train_time_200": 3848.833886782339, "train_accuracy_200": 0.9996600000000001, "test_accuracy_200": 0.9335000000000001, "train_time_12": 230.93003320693973, "train_accuracy_12": 0.90852, "test_accuracy_12": 0.8751000000000001, "valtest_accuracy_200": 0.6949666666666667, "valtest_accuracy_12": 0.575, "proxy_losses": [2.5882327556610107, 1.8814764022827148, 1.6948349475860596, 1.5896114110946655, 1.5187880992889404, 1.4562575817108154, 1.4044911861419678, 1.3600126504898071, 1.3188213109970093, 1.279820442199707, 1.248329520225525, 1.2150001525878906, 1.1816641092300415, 1.1531498432159424, 1.1228257417678833, 1.0991679430007935, 1.0706671476364136, 1.042845368385315, 1.0135668516159058, 0.9930673837661743, 0.969825804233551, 0.9693609476089478, 0.9389330148696899, 0.9219308495521545, 0.9064395427703857, 0.8918139934539795, 0.8757527470588684, 0.8569284081459045, 0.8483779430389404, 0.8319444060325623, 0.8227505683898926, 0.8178374171257019, 0.7959782481193542, 0.7899808883666992, 0.7769282460212708, 0.764354944229126, 0.7593446969985962, 0.7498358488082886, 0.7334797978401184, 0.7191209197044373, 0.7199431657791138, 0.7109617590904236, 0.7113843560218811, 0.6965539455413818, 0.6782196760177612, 0.6756159067153931, 0.6698985695838928, 0.6575466990470886, 0.6556112170219421, 0.635797917842865], "landscape_losses": [2.769806146621704, 2.1524300575256348, 1.8378692865371704, 1.6123135089874268, 1.4004133939743042, 1.2128595113754272, 1.0392074584960938, 0.8810186386108398, 0.7609139084815979, 0.6824443936347961, 0.6352108716964722], "proxy_train_time": 7.633779127150774, "proxy_train_epochs": 50, "dirty_bit": 1, "landscape_term": 9.979666906433538, "speed_term": 7.515769032976534, "mote": 7.982098906903756}