{"id": 15321, "adj_matrix": [[0, 1, 1, 1], [0, 0, 1, 1], [0, 0, 0, 1], [0, 0, 0, 0]], "operations": ["nor_conv_1x1", "zeros", "zeros", "nor_conv_3x3", "skip_connect", "skip_connect"], "init_channel": 16, "blck_len": 5, "params": 0.344346, "flops": 47.10465, "latency": 0.014810449198672646, "train_per_time": 14.156374136606836, "train_time_200": 2831.274827321367, "train_accuracy_200": 0.9976533333333333, "test_accuracy_200": 0.9208333333333333, "train_time_12": 169.87648963928223, "train_accuracy_12": 0.87738, "test_accuracy_12": 0.8562000000000001, "valtest_accuracy_200": 0.6771666666666667, "valtest_accuracy_12": 0.49310000000000004, "proxy_losses": [2.3193376064300537, 2.0038623809814453, 1.8748568296432495, 1.7969471216201782, 1.7312500476837158, 1.670912504196167, 1.6214390993118286, 1.5775293111801147, 1.5380570888519287, 1.5027365684509277, 1.4683488607406616, 1.4361724853515625, 1.4070420265197754, 1.3815226554870605, 1.3571709394454956, 1.3324096202850342, 1.3098876476287842, 1.2828112840652466, 1.262143611907959, 1.2408113479614258, 1.2195674180984497, 1.2061465978622437, 1.1878130435943604, 1.1699203252792358, 1.152567744255066, 1.1334023475646973, 1.1213464736938477, 1.1066607236862183, 1.0919413566589355, 1.0807427167892456, 1.0670255422592163, 1.054173469543457, 1.0403764247894287, 1.0318204164505005, 1.0161545276641846, 1.00541090965271, 0.9989529252052307, 0.9880883693695068, 0.9865883588790894, 0.9806652069091797, 0.9660819172859192, 0.9501988291740417, 0.9470404386520386, 0.9369822144508362, 0.9244072437286377, 0.9132922887802124, 0.9020740985870361, 0.889617383480072, 0.8895889520645142, 0.8802953958511353], "landscape_losses": [2.3915836811065674, 2.136647939682007, 1.9465341567993164, 1.767043948173523, 1.6045756340026855, 1.4362514019012451, 1.2901737689971924, 1.1510260105133057, 1.0409845113754272, 0.9477694630622864, 0.8847082257270813], "proxy_train_time": 6.757629765197635, "proxy_train_epochs": 50, "dirty_bit": 1, "landscape_term": 8.075214588494026, "speed_term": 5.453730789567355, "mote": 6.353527893634602}