{"id": 15374, "adj_matrix": [[0, 1, 1, 1], [0, 0, 1, 1], [0, 0, 0, 1], [0, 0, 0, 0]], "operations": ["avg_pool_3x3", "avg_pool_3x3", "nor_conv_3x3", "nor_conv_3x3", "avg_pool_3x3", "nor_conv_1x1"], "init_channel": 16, "blck_len": 5, "params": 0.587386, "flops": 82.49409, "latency": 0.017221817844792417, "train_per_time": 24.355667074521385, "train_time_200": 4871.133414904277, "train_accuracy_200": 0.99552, "test_accuracy_200": 0.9064500000000001, "train_time_12": 292.2680048942566, "train_accuracy_12": 0.78982, "test_accuracy_12": 0.7702, "valtest_accuracy_200": 0.63415, "valtest_accuracy_12": 0.4032, "proxy_losses": [2.7618255615234375, 2.0152599811553955, 1.8265769481658936, 1.7126458883285522, 1.6383129358291626, 1.586688756942749, 1.5387924909591675, 1.496638298034668, 1.4558788537979126, 1.4199798107147217, 1.382654070854187, 1.3503347635269165, 1.3138244152069092, 1.2808899879455566, 1.2478697299957275, 1.2204878330230713, 1.1898702383041382, 1.166037917137146, 1.1417346000671387, 1.1223816871643066, 1.1154582500457764, 1.0853031873703003, 1.060583472251892, 1.0559338331222534, 1.0243154764175415, 1.0071921348571777, 0.9923837780952454, 0.9715195298194885, 0.9542291760444641, 0.942086398601532, 0.9258595705032349, 0.9233645796775818, 0.9028303027153015, 0.8951818346977234, 0.8820345997810364, 0.8657001852989197, 0.8563013672828674, 0.851425290107727, 0.8517151474952698, 0.8500270247459412, 0.8245843648910522, 0.8092964887619019, 0.7955718636512756, 0.7830707430839539, 0.7766021490097046, 0.7674898505210876, 0.7619014978408813, 0.7578030824661255, 0.7420323491096497, 0.7428715825080872], "landscape_losses": [2.928781509399414, 2.2875473499298096, 1.9510648250579834, 1.6803783178329468, 1.4618874788284302, 1.2784680128097534, 1.1166802644729614, 0.9800419211387634, 0.8938488960266113, 0.7818732261657715, 0.7379646301269531], "proxy_train_time": 9.620577255263925, "proxy_train_epochs": 50, "dirty_bit": 1, "landscape_term": 9.021157944524331, "speed_term": 8.492238361925402, "mote": 7.514180005734021}