{"id": 15410, "adj_matrix": [[0, 1, 1, 1], [0, 0, 1, 1], [0, 0, 0, 1], [0, 0, 0, 0]], "operations": ["skip_connect", "avg_pool_3x3", "nor_conv_1x1", "avg_pool_3x3", "avg_pool_3x3", "zeros"], "init_channel": 16, "blck_len": 5, "params": 0.101306, "flops": 11.71521, "latency": 0.01226740866376643, "train_per_time": 14.787976662317885, "train_time_200": 2957.595332463577, "train_accuracy_200": 0.7642133333333332, "test_accuracy_200": 0.7372000000000001, "train_time_12": 177.45571994781494, "train_accuracy_12": 0.54562, "test_accuracy_12": 0.5357999999999999, "valtest_accuracy_200": 0.4494333333333333, "valtest_accuracy_12": 0.2289, "proxy_losses": [4.038432598114014, 3.3915610313415527, 2.916322946548462, 2.563476085662842, 2.326328992843628, 2.1542434692382812, 2.0344302654266357, 1.9509834051132202, 1.8999488353729248, 1.8643437623977661, 1.8394848108291626, 1.822464108467102, 1.806104302406311, 1.794719934463501, 1.784151554107666, 1.775734782218933, 1.7677218914031982, 1.761122703552246, 1.7538212537765503, 1.7465293407440186, 1.740906834602356, 1.7336666584014893, 1.7279152870178223, 1.7225916385650635, 1.7162504196166992, 1.7101913690567017, 1.7054816484451294, 1.7013003826141357, 1.6967105865478516, 1.6915302276611328, 1.6871429681777954, 1.6825917959213257, 1.6777034997940063, 1.6741340160369873, 1.6688511371612549, 1.6668450832366943, 1.6608073711395264, 1.6577292680740356, 1.6536054611206055, 1.64754056930542, 1.6441454887390137, 1.6397578716278076, 1.6359519958496094, 1.631668210029602, 1.6289211511611938, 1.6246280670166016, 1.6199547052383423, 1.6168699264526367, 1.6132827997207642, 1.6077361106872559], "landscape_losses": [4.117583751678467, 3.516148805618286, 3.0705413818359375, 2.702895402908325, 2.4079158306121826, 2.136221408843994, 1.935171127319336, 1.7797588109970093, 1.6825703382492065, 1.6263524293899536, 1.611263632774353], "proxy_train_time": 5.517210425809026, "proxy_train_epochs": 50, "dirty_bit": 1, "landscape_term": 5.014781840542081, "speed_term": 2.9637456509365134, "mote": 3.704989251244139}