{"id": 15441, "adj_matrix": [[0, 1, 1, 1], [0, 0, 1, 1], [0, 0, 0, 1], [0, 0, 0, 0]], "operations": ["zeros", "avg_pool_3x3", "avg_pool_3x3", "avg_pool_3x3", "nor_conv_1x1", "zeros"], "init_channel": 16, "blck_len": 5, "params": 0.101306, "flops": 11.71521, "latency": 0.012852154280010023, "train_per_time": 15.54181174437202, "train_time_200": 3108.362348874404, "train_accuracy_200": 0.8026399999999999, "test_accuracy_200": 0.7569499999999999, "train_time_12": 186.50174093246457, "train_accuracy_12": 0.62266, "test_accuracy_12": 0.611, "valtest_accuracy_200": 0.46865, "valtest_accuracy_12": 0.31, "proxy_losses": [2.30295729637146, 2.2214107513427734, 2.1579418182373047, 2.1062426567077637, 2.0632195472717285, 2.026132583618164, 1.9962091445922852, 1.9708884954452515, 1.945912480354309, 1.926407814025879, 1.9086580276489258, 1.8896595239639282, 1.873551607131958, 1.859264850616455, 1.8445234298706055, 1.8318430185317993, 1.8208919763565063, 1.8105980157852173, 1.8012417554855347, 1.7941173315048218, 1.785709023475647, 1.779007077217102, 1.772258996963501, 1.7652184963226318, 1.7590243816375732, 1.752063274383545, 1.747880458831787, 1.7423087358474731, 1.738187551498413, 1.7344181537628174, 1.7292505502700806, 1.7254937887191772, 1.7213364839553833, 1.7173025608062744, 1.713713526725769, 1.7111295461654663, 1.707707405090332, 1.7048214673995972, 1.7012507915496826, 1.6975176334381104, 1.6941890716552734, 1.6908323764801025, 1.6887507438659668, 1.6868810653686523, 1.683579444885254, 1.6798747777938843, 1.6770977973937988, 1.675278663635254, 1.6725878715515137, 1.669691801071167], "landscape_losses": [2.3201379776000977, 2.2287991046905518, 2.140427350997925, 2.04649019241333, 1.9499273300170898, 1.8646491765975952, 1.7983710765838623, 1.7448316812515259, 1.7083728313446045, 1.682989239692688, 1.667214035987854], "proxy_train_time": 6.497438968159258, "proxy_train_epochs": 50, "dirty_bit": 1, "landscape_term": 5.793168545189992, "speed_term": 3.5827762661389557, "mote": 4.401754655302275}