{"id": 15455, "adj_matrix": [[0, 1, 1, 1], [0, 0, 1, 1], [0, 0, 0, 1], [0, 0, 0, 0]], "operations": ["skip_connect", "nor_conv_1x1", "avg_pool_3x3", "skip_connect", "avg_pool_3x3", "zeros"], "init_channel": 16, "blck_len": 5, "params": 0.101306, "flops": 11.71521, "latency": 0.0127838463114019, "train_per_time": 12.993680715560913, "train_time_200": 2598.7361431121826, "train_accuracy_200": 0.8264666666666666, "test_accuracy_200": 0.8008333333333334, "train_time_12": 155.92416858673096, "train_accuracy_12": 0.62232, "test_accuracy_12": 0.6181, "valtest_accuracy_200": 0.5070333333333332, "valtest_accuracy_12": 0.2641, "proxy_losses": [3.662646770477295, 2.989575147628784, 2.5509939193725586, 2.2979698181152344, 2.126610040664673, 2.012051582336426, 1.940717339515686, 1.885051965713501, 1.8520067930221558, 1.8283330202102661, 1.8124669790267944, 1.799342155456543, 1.7863603830337524, 1.774840235710144, 1.7626404762268066, 1.7526668310165405, 1.7429088354110718, 1.7343530654907227, 1.7255277633666992, 1.7183109521865845, 1.7104501724243164, 1.7031913995742798, 1.6972365379333496, 1.6911265850067139, 1.6838847398757935, 1.6775695085525513, 1.6706105470657349, 1.6661995649337769, 1.661483645439148, 1.6543644666671753, 1.6487829685211182, 1.6438535451889038, 1.6399879455566406, 1.6332297325134277, 1.6290444135665894, 1.6257191896438599, 1.6210869550704956, 1.6149076223373413, 1.612428069114685, 1.6079710721969604, 1.6047559976577759, 1.6012778282165527, 1.5967938899993896, 1.5946078300476074, 1.5923335552215576, 1.5897239446640015, 1.5873117446899414, 1.5837712287902832, 1.580826997756958, 1.5764390230178833], "landscape_losses": [3.747180461883545, 3.1261801719665527, 2.727099895477295, 2.4499309062957764, 2.195146083831787, 1.9876093864440918, 1.826387643814087, 1.7160149812698364, 1.6444218158721924, 1.5978410243988037, 1.5773557424545288], "proxy_train_time": 5.390401219949126, "proxy_train_epochs": 50, "dirty_bit": 1, "landscape_term": 5.318486453653633, "speed_term": 3.002796756177492, "mote": 3.93143060412216}