{"id": 15450, "adj_matrix": [[0, 1, 1, 1], [0, 0, 1, 1], [0, 0, 0, 1], [0, 0, 0, 0]], "operations": ["zeros", "nor_conv_1x1", "skip_connect", "nor_conv_3x3", "avg_pool_3x3", "nor_conv_3x3"], "init_channel": 16, "blck_len": 5, "params": 0.587386, "flops": 82.49409, "latency": 0.01790863589236611, "train_per_time": 20.680267731348618, "train_time_200": 4136.0535462697235, "train_accuracy_200": 0.9986400000000001, "test_accuracy_200": 0.9262, "train_time_12": 248.16321277618405, "train_accuracy_12": 0.85902, "test_accuracy_12": 0.8421, "valtest_accuracy_200": 0.69, "valtest_accuracy_12": 0.46270000000000006, "proxy_losses": [2.19968843460083, 1.8206839561462402, 1.6816271543502808, 1.5903130769729614, 1.5210484266281128, 1.4617457389831543, 1.4121707677841187, 1.3677611351013184, 1.3279783725738525, 1.2936004400253296, 1.2554653882980347, 1.2217766046524048, 1.193395972251892, 1.1650336980819702, 1.1372466087341309, 1.1138652563095093, 1.100690484046936, 1.0684877634048462, 1.046207070350647, 1.024466633796692, 1.0068405866622925, 0.9894224405288696, 0.9705578088760376, 0.9467273354530334, 0.9358821511268616, 0.9178991913795471, 0.9079114198684692, 0.8950889706611633, 0.8808425664901733, 0.8627259731292725, 0.8570746183395386, 0.8449646234512329, 0.8420974612236023, 0.8253770470619202, 0.8176476359367371, 0.810536801815033, 0.8047640323638916, 0.790648877620697, 0.7872966527938843, 0.7703729271888733, 0.7704336643218994, 0.7526319622993469, 0.7505887150764465, 0.7472647428512573, 0.7293656468391418, 0.7178421020507812, 0.7156459093093872, 0.7134373784065247, 0.7065671682357788, 0.6930915713310242], "landscape_losses": [2.299365282058716, 1.9508183002471924, 1.7400860786437988, 1.5350592136383057, 1.3660542964935303, 1.1954853534698486, 1.052363634109497, 0.9162807464599609, 0.8155426383018494, 0.7378621101379395, 0.6880378127098083], "proxy_train_time": 8.908423483371735, "proxy_train_epochs": 50, "dirty_bit": 1, "landscape_term": 9.818611745614389, "speed_term": 8.604711422786856, "mote": 8.056220264872415}