{"id": 15610, "adj_matrix": [[0, 1, 1, 1], [0, 0, 1, 1], [0, 0, 0, 1], [0, 0, 0, 0]], "operations": ["nor_conv_1x1", "nor_conv_1x1", "zeros", "avg_pool_3x3", "zeros", "skip_connect"], "init_channel": 16, "blck_len": 5, "params": 0.129306, "flops": 15.64737, "latency": 0.015622302105552273, "train_per_time": 15.01172113418579, "train_time_200": 3002.3442268371577, "train_accuracy_200": 0.9779733333333333, "test_accuracy_200": 0.8907666666666667, "train_time_12": 180.14065361022946, "train_accuracy_12": 0.797, "test_accuracy_12": 0.7798999999999999, "valtest_accuracy_200": 0.6313, "valtest_accuracy_12": 0.4218, "proxy_losses": [2.6936659812927246, 2.3821494579315186, 2.1865901947021484, 2.074976682662964, 2.0084729194641113, 1.953411340713501, 1.9050019979476929, 1.86540687084198, 1.830686092376709, 1.7995452880859375, 1.771156668663025, 1.747002363204956, 1.724090814590454, 1.7033064365386963, 1.6864221096038818, 1.6666066646575928, 1.64913809299469, 1.6333117485046387, 1.6175075769424438, 1.6024736166000366, 1.588599443435669, 1.5739234685897827, 1.5607165098190308, 1.5475635528564453, 1.5350234508514404, 1.5253444910049438, 1.511888027191162, 1.503123164176941, 1.4930812120437622, 1.4817720651626587, 1.4722713232040405, 1.4633915424346924, 1.4543991088867188, 1.4467991590499878, 1.4347046613693237, 1.4262213706970215, 1.4171462059020996, 1.406729817390442, 1.3995029926300049, 1.3902077674865723, 1.3810898065567017, 1.3712859153747559, 1.363240122795105, 1.3568042516708374, 1.3484057188034058, 1.3374781608581543, 1.331764578819275, 1.3211915493011475, 1.3141181468963623, 1.3058269023895264], "landscape_losses": [2.74814772605896, 2.4549803733825684, 2.2345125675201416, 2.046531915664673, 1.877057433128357, 1.7350265979766846, 1.607442021369934, 1.4987108707427979, 1.4119517803192139, 1.345268964767456, 1.3022315502166748], "proxy_train_time": 6.5409612357616425, "proxy_train_epochs": 50, "dirty_bit": 1, "landscape_term": 6.325326263932819, "speed_term": 4.0594543494996405, "mote": 4.878076267588577}