{"id": 1672, "adj_matrix": [[0, 1, 1, 1], [0, 0, 1, 1], [0, 0, 0, 1], [0, 0, 0, 0]], "operations": ["avg_pool_3x3", "nor_conv_1x1", "nor_conv_3x3", "zeros", "avg_pool_3x3", "zeros"], "init_channel": 16, "blck_len": 5, "params": 0.344346, "flops": 47.10465, "latency": 0.015592486189122784, "train_per_time": 18.304779092470756, "train_time_200": 3660.955818494151, "train_accuracy_200": 0.72414, "test_accuracy_200": 0.6811333333333333, "train_time_12": 219.65734910964963, "train_accuracy_12": 0.5441400000000001, "test_accuracy_12": 0.5377000000000001, "valtest_accuracy_200": 0.3927999999999999, "valtest_accuracy_12": 0.24239999999999998, "proxy_losses": [2.3824164867401123, 2.281155586242676, 2.206186056137085, 2.1431381702423096, 2.0941436290740967, 2.0577664375305176, 2.0253190994262695, 1.9962265491485596, 1.9734477996826172, 1.9532392024993896, 1.9360953569412231, 1.920991063117981, 1.9075582027435303, 1.8959470987319946, 1.8848669528961182, 1.8739869594573975, 1.864121913909912, 1.854447841644287, 1.8452836275100708, 1.836954116821289, 1.829984426498413, 1.8232663869857788, 1.816282868385315, 1.8098605871200562, 1.8032488822937012, 1.7986236810684204, 1.7922683954238892, 1.7872865200042725, 1.7824958562850952, 1.777806043624878, 1.7735344171524048, 1.7680749893188477, 1.7639050483703613, 1.760974407196045, 1.7550134658813477, 1.7512048482894897, 1.7477095127105713, 1.74323570728302, 1.7408603429794312, 1.7365355491638184, 1.7338515520095825, 1.729736328125, 1.7263257503509521, 1.7233880758285522, 1.7216341495513916, 1.7186468839645386, 1.7162920236587524, 1.7129448652267456, 1.7100257873535156, 1.7081968784332275], "landscape_losses": [2.3977432250976562, 2.2806777954101562, 2.176799774169922, 2.076087236404419, 1.9775749444961548, 1.8932621479034424, 1.827288269996643, 1.780031681060791, 1.7434978485107422, 1.721281886100769, 1.7052488327026367], "proxy_train_time": 7.939887158572674, "proxy_train_epochs": 50, "dirty_bit": 1, "landscape_term": 5.680442465333647, "speed_term": 4.282732687861647, "mote": 4.474039196629025}