{"id": 1711, "adj_matrix": [[0, 1, 1, 1], [0, 0, 1, 1], [0, 0, 0, 1], [0, 0, 0, 0]], "operations": ["avg_pool_3x3", "nor_conv_3x3", "avg_pool_3x3", "zeros", "zeros", "avg_pool_3x3"], "init_channel": 16, "blck_len": 5, "params": 0.316346, "flops": 43.17249, "latency": 0.012974174399124952, "train_per_time": 17.307622631390934, "train_time_200": 3461.524526278187, "train_accuracy_200": 0.9592, "test_accuracy_200": 0.8666000000000001, "train_time_12": 207.6914715766907, "train_accuracy_12": 0.73112, "test_accuracy_12": 0.7182999999999999, "valtest_accuracy_200": 0.5694333333333333, "valtest_accuracy_12": 0.33659999999999995, "proxy_losses": [2.1216259002685547, 1.8457539081573486, 1.749750018119812, 1.6845754384994507, 1.630664587020874, 1.5820374488830566, 1.540511131286621, 1.5030001401901245, 1.471831202507019, 1.4410544633865356, 1.4129970073699951, 1.387758731842041, 1.366521954536438, 1.3468749523162842, 1.3256560564041138, 1.3109691143035889, 1.292994737625122, 1.279578447341919, 1.260935664176941, 1.245465636253357, 1.2327500581741333, 1.217044472694397, 1.2003988027572632, 1.1857494115829468, 1.1710106134414673, 1.1613622903823853, 1.148344874382019, 1.1364810466766357, 1.125166654586792, 1.1144912242889404, 1.1021976470947266, 1.0918077230453491, 1.078125238418579, 1.0707054138183594, 1.055587887763977, 1.0491708517074585, 1.037651777267456, 1.0250564813613892, 1.0215580463409424, 1.0120842456817627, 1.0083529949188232, 1.0012060403823853, 0.9893059730529785, 0.9795123338699341, 0.9722667932510376, 0.9693620800971985, 0.954068660736084, 0.9491322040557861, 0.9435843825340271, 0.9353028535842896], "landscape_losses": [2.1960349082946777, 1.9444934129714966, 1.7894941568374634, 1.6423320770263672, 1.489495873451233, 1.3508270978927612, 1.2246572971343994, 1.1224446296691895, 1.0346043109893799, 0.9648845791816711, 0.9289284348487854], "proxy_train_time": 6.92413239646703, "proxy_train_epochs": 50, "dirty_bit": 1, "landscape_term": 8.335924797132014, "speed_term": 5.607547925525132, "mote": 6.55738643082127}