{"id": 177, "adj_matrix": [[0, 1, 1, 1], [0, 0, 1, 1], [0, 0, 0, 1], [0, 0, 0, 0]], "operations": ["nor_conv_1x1", "avg_pool_3x3", "zeros", "skip_connect", "nor_conv_1x1", "avg_pool_3x3"], "init_channel": 16, "blck_len": 5, "params": 0.129306, "flops": 15.64737, "latency": 0.015148682552471496, "train_per_time": 16.783594131469727, "train_time_200": 3356.7188262939453, "train_accuracy_200": 0.9321066666666666, "test_accuracy_200": 0.8748, "train_time_12": 201.40312957763672, "train_accuracy_12": 0.7502, "test_accuracy_12": 0.7329000000000001, "valtest_accuracy_200": 0.5981666666666666, "valtest_accuracy_12": 0.3652, "proxy_losses": [4.312465667724609, 3.1554343700408936, 2.5495362281799316, 2.206027030944824, 2.0195300579071045, 1.9024511575698853, 1.822157859802246, 1.7676013708114624, 1.7236113548278809, 1.6898146867752075, 1.6637195348739624, 1.6416164636611938, 1.6235653162002563, 1.6062997579574585, 1.5900065898895264, 1.573393702507019, 1.5578761100769043, 1.5447218418121338, 1.5315850973129272, 1.5170437097549438, 1.503981351852417, 1.493093490600586, 1.481082558631897, 1.4704669713974, 1.459655523300171, 1.4481900930404663, 1.4361611604690552, 1.4279985427856445, 1.4159430265426636, 1.4050102233886719, 1.3970565795898438, 1.3875888586044312, 1.3793309926986694, 1.3692790269851685, 1.3633954524993896, 1.3506550788879395, 1.3420324325561523, 1.3330721855163574, 1.3268566131591797, 1.3173048496246338, 1.3097333908081055, 1.306208610534668, 1.2945789098739624, 1.2869335412979126, 1.2831007242202759, 1.2747124433517456, 1.2611663341522217, 1.2549406290054321, 1.2490414381027222, 1.2438921928405762], "landscape_losses": [4.411961555480957, 3.4352269172668457, 2.862204074859619, 2.432579278945923, 2.086000919342041, 1.8348538875579834, 1.6244679689407349, 1.4654591083526611, 1.3408539295196533, 1.2691447734832764, 1.2397124767303467], "proxy_train_time": 6.6953119430691, "proxy_train_epochs": 50, "dirty_bit": 1, "landscape_term": 5.940944613831293, "speed_term": 4.191332620138936, "mote": 4.6379331253499965}