{"id": 1857, "adj_matrix": [[0, 1, 1, 1], [0, 0, 1, 1], [0, 0, 0, 1], [0, 0, 0, 0]], "operations": ["avg_pool_3x3", "nor_conv_1x1", "skip_connect", "avg_pool_3x3", "nor_conv_1x1", "zeros"], "init_channel": 16, "blck_len": 5, "params": 0.129306, "flops": 15.64737, "latency": 0.015516265442496853, "train_per_time": 17.268323858579045, "train_time_200": 3453.664771715809, "train_accuracy_200": 0.9226133333333333, "test_accuracy_200": 0.8213333333333334, "train_time_12": 207.21988630294803, "train_accuracy_12": 0.69136, "test_accuracy_12": 0.6812, "valtest_accuracy_200": 0.5404333333333333, "valtest_accuracy_12": 0.30269999999999997, "proxy_losses": [2.625471591949463, 2.2255361080169678, 2.0597586631774902, 1.9556961059570312, 1.8805121183395386, 1.8271769285202026, 1.7818636894226074, 1.747744083404541, 1.7222955226898193, 1.6978554725646973, 1.6784685850143433, 1.6620490550994873, 1.644592523574829, 1.6291781663894653, 1.614807367324829, 1.6025081872940063, 1.5886560678482056, 1.5765190124511719, 1.5652416944503784, 1.555508017539978, 1.5409499406814575, 1.5268616676330566, 1.5159461498260498, 1.5054750442504883, 1.4930585622787476, 1.4840916395187378, 1.475233554840088, 1.462235927581787, 1.4561500549316406, 1.4456939697265625, 1.4330253601074219, 1.4213659763336182, 1.413154125213623, 1.4027323722839355, 1.3948960304260254, 1.384780764579773, 1.377270221710205, 1.3680776357650757, 1.3599412441253662, 1.3508551120758057, 1.3458503484725952, 1.3379422426223755, 1.3270806074142456, 1.3184802532196045, 1.3078364133834839, 1.3020790815353394, 1.292266607284546, 1.2887797355651855, 1.2778403759002686, 1.269877552986145], "landscape_losses": [2.7010562419891357, 2.373016595840454, 2.1630589962005615, 1.9879229068756104, 1.8279658555984497, 1.6876713037490845, 1.5633569955825806, 1.471497654914856, 1.380469560623169, 1.3106650114059448, 1.2676570415496826], "proxy_train_time": 6.7621408347040415, "proxy_train_epochs": 50, "dirty_bit": 1, "landscape_term": 6.492013030691601, "speed_term": 4.361474631332039, "mote": 5.057374961647058}