{"id": 1858, "adj_matrix": [[0, 1, 1, 1], [0, 0, 1, 1], [0, 0, 0, 1], [0, 0, 0, 0]], "operations": ["avg_pool_3x3", "nor_conv_1x1", "avg_pool_3x3", "nor_conv_1x1", "nor_conv_3x3", "nor_conv_3x3"], "init_channel": 16, "blck_len": 5, "params": 0.615386, "flops": 86.42625, "latency": 0.02045411603492603, "train_per_time": 27.103709101676937, "train_time_200": 5420.741820335387, "train_accuracy_200": 0.99674, "test_accuracy_200": 0.9212, "train_time_12": 325.24450922012323, "train_accuracy_12": 0.76864, "test_accuracy_12": 0.7576999999999999, "valtest_accuracy_200": 0.6859333333333332, "valtest_accuracy_12": 0.3697, "proxy_losses": [2.352064847946167, 1.8514798879623413, 1.6973917484283447, 1.5933034420013428, 1.5174354314804077, 1.4651519060134888, 1.41829514503479, 1.376754641532898, 1.339929223060608, 1.3025779724121094, 1.2736592292785645, 1.245513677597046, 1.2183185815811157, 1.1913200616836548, 1.1638964414596558, 1.1413393020629883, 1.1175203323364258, 1.0923869609832764, 1.0771948099136353, 1.0639212131500244, 1.04209566116333, 1.0239801406860352, 1.0106513500213623, 0.9896390438079834, 0.9826371073722839, 0.9608256816864014, 0.9444063305854797, 0.9403278231620789, 0.9186218976974487, 0.9055059552192688, 0.893345296382904, 0.8868544697761536, 0.874130368232727, 0.8623453974723816, 0.8543939590454102, 0.845075786113739, 0.8407636880874634, 0.8253213167190552, 0.8139182329177856, 0.8028028011322021, 0.7964239716529846, 0.791631817817688, 0.7791357040405273, 0.7708098292350769, 0.7608869075775146, 0.7585422396659851, 0.7610161304473877, 0.7615360617637634, 0.7415756583213806, 0.731850802898407], "landscape_losses": [2.481950044631958, 2.0192902088165283, 1.7632228136062622, 1.5407907962799072, 1.379592776298523, 1.2138522863388062, 1.0688872337341309, 0.9529790282249451, 0.847032904624939, 0.7693410515785217, 0.7271991968154907], "proxy_train_time": 9.771065501496196, "proxy_train_epochs": 50, "dirty_bit": 1, "landscape_term": 9.503406013492677, "speed_term": 9.153993639316107, "mote": 7.936936230146942}