{"id": 1873, "adj_matrix": [[0, 1, 1, 1], [0, 0, 1, 1], [0, 0, 0, 1], [0, 0, 0, 0]], "operations": ["skip_connect", "zeros", "avg_pool_3x3", "skip_connect", "nor_conv_3x3", "zeros"], "init_channel": 16, "blck_len": 5, "params": 0.316346, "flops": 43.17249, "latency": 0.013547719570628385, "train_per_time": 13.094104131062833, "train_time_200": 2618.8208262125668, "train_accuracy_200": 0.99786, "test_accuracy_200": 0.9190999999999998, "train_time_12": 157.1292495727539, "train_accuracy_12": 0.8880800000000001, "test_accuracy_12": 0.8622, "valtest_accuracy_200": 0.6683999999999999, "valtest_accuracy_12": 0.536, "proxy_losses": [2.455648183822632, 2.0072989463806152, 1.8406140804290771, 1.7467784881591797, 1.6813429594039917, 1.6264586448669434, 1.5821620225906372, 1.5459064245224, 1.5138744115829468, 1.485958456993103, 1.4597361087799072, 1.4376715421676636, 1.4130419492721558, 1.3933827877044678, 1.3749144077301025, 1.3550443649291992, 1.3367924690246582, 1.3168953657150269, 1.2959474325180054, 1.279068112373352, 1.2617673873901367, 1.2460061311721802, 1.2266989946365356, 1.213855504989624, 1.1978572607040405, 1.1850172281265259, 1.169327735900879, 1.164062738418579, 1.144514560699463, 1.1299164295196533, 1.1173566579818726, 1.1105707883834839, 1.0909967422485352, 1.075455665588379, 1.0693728923797607, 1.0525959730148315, 1.0446572303771973, 1.030265212059021, 1.0315486192703247, 1.0205167531967163, 1.0151394605636597, 1.0066167116165161, 0.9925044775009155, 0.9804795980453491, 0.9717808365821838, 0.9562857151031494, 0.9490822553634644, 0.9441513419151306, 0.9402191638946533, 0.9302698969841003], "landscape_losses": [2.557293653488159, 2.168687343597412, 1.9365301132202148, 1.7394847869873047, 1.5653804540634155, 1.3994600772857666, 1.2524601221084595, 1.1330509185791016, 1.0396395921707153, 0.9640486240386963, 0.9228036403656006], "proxy_train_time": 6.192901046946645, "proxy_train_epochs": 50, "dirty_bit": 1, "landscape_term": 8.060620350108438, "speed_term": 4.882649240070146, "mote": 6.232325370169242}