{"id": 1893, "adj_matrix": [[0, 1, 1, 1], [0, 0, 1, 1], [0, 0, 0, 1], [0, 0, 0, 0]], "operations": ["nor_conv_1x1", "nor_conv_3x3", "skip_connect", "nor_conv_1x1", "nor_conv_1x1", "skip_connect"], "init_channel": 16, "blck_len": 5, "params": 0.40034600000000004, "flops": 54.96896999999999, "latency": 0.01984845755393045, "train_per_time": 21.743414759635925, "train_time_200": 4348.682951927185, "train_accuracy_200": 0.99838, "test_accuracy_200": 0.9263666666666666, "train_time_12": 260.9209771156311, "train_accuracy_12": 0.87142, "test_accuracy_12": 0.8502, "valtest_accuracy_200": 0.6925333333333333, "valtest_accuracy_12": 0.508, "proxy_losses": [2.551453113555908, 2.0532286167144775, 1.882163643836975, 1.7755433320999146, 1.6931531429290771, 1.623924732208252, 1.572189450263977, 1.5274744033813477, 1.4810820817947388, 1.4441860914230347, 1.4103772640228271, 1.3786756992340088, 1.3474327325820923, 1.320072889328003, 1.2974478006362915, 1.269884705543518, 1.2481800317764282, 1.2244815826416016, 1.2012838125228882, 1.1845118999481201, 1.1661648750305176, 1.1497474908828735, 1.139998197555542, 1.1254010200500488, 1.1089891195297241, 1.096695899963379, 1.0835316181182861, 1.0683947801589966, 1.0578092336654663, 1.0394386053085327, 1.025955319404602, 1.017511010169983, 1.0035160779953003, 0.9864616990089417, 0.9818705320358276, 0.9699649214744568, 0.9562876224517822, 0.9430884718894958, 0.9279270768165588, 0.922386109828949, 0.9181184768676758, 0.9178035855293274, 0.9039223790168762, 0.894324004650116, 0.8806567192077637, 0.8703312277793884, 0.8679894804954529, 0.8619691133499146, 0.8512688279151917, 0.8436323404312134], "landscape_losses": [2.6688435077667236, 2.239820718765259, 1.9766261577606201, 1.7549165487289429, 1.5609982013702393, 1.3783507347106934, 1.2160661220550537, 1.0668984651565552, 0.9590082168579102, 0.8768059611320496, 0.8387560844421387], "proxy_train_time": 8.088156631216407, "proxy_train_epochs": 50, "dirty_bit": 1, "landscape_term": 8.398128009430206, "speed_term": 6.732511246197517, "mote": 6.804087686174116}