{"id": 1909, "adj_matrix": [[0, 1, 1, 1], [0, 0, 1, 1], [0, 0, 0, 1], [0, 0, 0, 0]], "operations": ["zeros", "zeros", "nor_conv_3x3", "nor_conv_3x3", "nor_conv_3x3", "zeros"], "init_channel": 16, "blck_len": 5, "params": 0.802426, "flops": 113.95137, "latency": 0.017394029257590312, "train_per_time": 20.76573348045349, "train_time_200": 4153.146696090698, "train_accuracy_200": 0.9976733333333334, "test_accuracy_200": 0.9202333333333332, "train_time_12": 249.1888017654419, "train_accuracy_12": 0.86516, "test_accuracy_12": 0.8423, "valtest_accuracy_200": 0.6733333333333333, "valtest_accuracy_12": 0.4531, "proxy_losses": [2.2450754642486572, 1.997176170349121, 1.892073392868042, 1.8163762092590332, 1.7557947635650635, 1.708771824836731, 1.6653159856796265, 1.6269203424453735, 1.5897343158721924, 1.5559494495391846, 1.5235625505447388, 1.4942106008529663, 1.4654357433319092, 1.4414750337600708, 1.417421817779541, 1.397138237953186, 1.3714609146118164, 1.3469300270080566, 1.3289012908935547, 1.3088525533676147, 1.2867337465286255, 1.269260287284851, 1.2481825351715088, 1.2270448207855225, 1.2098348140716553, 1.1900767087936401, 1.1800792217254639, 1.1614842414855957, 1.1390938758850098, 1.1304537057876587, 1.1091867685317993, 1.0935146808624268, 1.0771960020065308, 1.064949870109558, 1.0579112768173218, 1.0467019081115723, 1.033092975616455, 1.0125030279159546, 1.0055869817733765, 1.0022834539413452, 0.9941627979278564, 0.9821010828018188, 0.9725667238235474, 0.9516403079032898, 0.9406031370162964, 0.936413586139679, 0.9307748079299927, 0.9154551029205322, 0.9064550995826721, 0.9007707238197327], "landscape_losses": [2.3284780979156494, 2.108159303665161, 1.948828101158142, 1.7909976243972778, 1.631173849105835, 1.472915768623352, 1.323598861694336, 1.1756442785263062, 1.056418776512146, 0.9580195546150208, 0.9057350754737854], "proxy_train_time": 10.18727856501937, "proxy_train_epochs": 50, "dirty_bit": 1, "landscape_term": 7.96787361148604, "speed_term": 7.968187574892654, "mote": 6.726484755592484}