{"id": 1913, "adj_matrix": [[0, 1, 1, 1], [0, 0, 1, 1], [0, 0, 0, 1], [0, 0, 0, 0]], "operations": ["avg_pool_3x3", "nor_conv_3x3", "nor_conv_1x1", "avg_pool_3x3", "nor_conv_3x3", "nor_conv_3x3"], "init_channel": 16, "blck_len": 5, "params": 0.830426, "flops": 117.88353, "latency": 0.019807121209930955, "train_per_time": 28.220250487327572, "train_time_200": 5644.050097465514, "train_accuracy_200": 0.9993133333333333, "test_accuracy_200": 0.9231999999999999, "train_time_12": 338.64300584793085, "train_accuracy_12": 0.83004, "test_accuracy_12": 0.8067, "valtest_accuracy_200": 0.6765333333333335, "valtest_accuracy_12": 0.4585, "proxy_losses": [2.593085527420044, 1.9595496654510498, 1.7402863502502441, 1.617811679840088, 1.5330151319503784, 1.4609172344207764, 1.4023194313049316, 1.3560274839401245, 1.3008136749267578, 1.2641218900680542, 1.2222940921783447, 1.188116431236267, 1.157106876373291, 1.1236588954925537, 1.0979952812194824, 1.0708534717559814, 1.0514540672302246, 1.0300366878509521, 1.0070879459381104, 0.9813951253890991, 0.9627246260643005, 0.9370707869529724, 0.9292464852333069, 0.9115867018699646, 0.8928350806236267, 0.877663254737854, 0.8630756139755249, 0.8572254776954651, 0.8351497054100037, 0.8264418840408325, 0.8067598342895508, 0.7964832782745361, 0.7857021689414978, 0.7782605290412903, 0.7550183534622192, 0.7451551556587219, 0.739931583404541, 0.7256105542182922, 0.7181114554405212, 0.7177878022193909, 0.7017410397529602, 0.6940403580665588, 0.6829686760902405, 0.6724240183830261, 0.6763977408409119, 0.6566824913024902, 0.6511579751968384, 0.6463838219642639, 0.6372431516647339, 0.6264726519584656], "landscape_losses": [2.7359445095062256, 2.1581461429595947, 1.8382402658462524, 1.609436273574829, 1.3881750106811523, 1.2108999490737915, 1.0351669788360596, 0.8776984214782715, 0.7463396787643433, 0.6590536832809448, 0.6141993403434753], "proxy_train_time": 9.947940869256854, "proxy_train_epochs": 50, "dirty_bit": 1, "landscape_term": 10.13110826425443, "speed_term": 9.89543584479115, "mote": 8.461394934550118}