{"id": 1922, "adj_matrix": [[0, 1, 1, 1], [0, 0, 1, 1], [0, 0, 0, 1], [0, 0, 0, 0]], "operations": ["avg_pool_3x3", "nor_conv_1x1", "nor_conv_1x1", "zeros", "avg_pool_3x3", "zeros"], "init_channel": 16, "blck_len": 5, "params": 0.129306, "flops": 15.64737, "latency": 0.015587814021528814, "train_per_time": 17.11591943105066, "train_time_200": 3423.183886210132, "train_accuracy_200": 0.7276, "test_accuracy_200": 0.6838000000000001, "train_time_12": 205.39103317260745, "train_accuracy_12": 0.54478, "test_accuracy_12": 0.5379999999999999, "valtest_accuracy_200": 0.398, "valtest_accuracy_12": 0.2475, "proxy_losses": [2.4231879711151123, 2.302961826324463, 2.203958034515381, 2.1233506202697754, 2.067955493927002, 2.030186414718628, 2.002793073654175, 1.981719732284546, 1.9627498388290405, 1.9465374946594238, 1.9313724040985107, 1.9166008234024048, 1.9028980731964111, 1.889974594116211, 1.8775148391723633, 1.8659238815307617, 1.8562103509902954, 1.8478511571884155, 1.8393597602844238, 1.8317320346832275, 1.8233468532562256, 1.8164570331573486, 1.808719515800476, 1.8027931451797485, 1.7977707386016846, 1.7923400402069092, 1.7864279747009277, 1.7811006307601929, 1.7758171558380127, 1.7715271711349487, 1.7673872709274292, 1.7632465362548828, 1.7594202756881714, 1.755569577217102, 1.7526472806930542, 1.7474334239959717, 1.7441884279251099, 1.7411179542541504, 1.7369581460952759, 1.7341814041137695, 1.73102867603302, 1.7285670042037964, 1.725435495376587, 1.7222071886062622, 1.719609022140503, 1.7178627252578735, 1.7142871618270874, 1.711624264717102, 1.7081044912338257, 1.7064772844314575], "landscape_losses": [2.4425950050354004, 2.3160665035247803, 2.1952569484710693, 2.0810508728027344, 1.9840669631958008, 1.8946689367294312, 1.826700210571289, 1.7767269611358643, 1.7418956756591797, 1.7168203592300415, 1.7037550210952759], "proxy_train_time": 7.597141613252461, "proxy_train_epochs": 50, "dirty_bit": 1, "landscape_term": 5.662799168919332, "speed_term": 4.108851007292276, "mote": 4.4248638499045025}