{"id": 1926, "adj_matrix": [[0, 1, 1, 1], [0, 0, 1, 1], [0, 0, 0, 1], [0, 0, 0, 0]], "operations": ["avg_pool_3x3", "nor_conv_1x1", "zeros", "nor_conv_3x3", "nor_conv_1x1", "nor_conv_3x3"], "init_channel": 16, "blck_len": 5, "params": 0.615386, "flops": 86.42625, "latency": 0.020042410022334048, "train_per_time": 25.09848682085674, "train_time_200": 5019.6973641713475, "train_accuracy_200": 0.9985666666666667, "test_accuracy_200": 0.9260666666666667, "train_time_12": 301.18184185028076, "train_accuracy_12": 0.84804, "test_accuracy_12": 0.8298000000000001, "valtest_accuracy_200": 0.6942999999999999, "valtest_accuracy_12": 0.4343, "proxy_losses": [2.2003777027130127, 1.8234343528747559, 1.6843066215515137, 1.5901603698730469, 1.5116796493530273, 1.446655511856079, 1.3912560939788818, 1.3491435050964355, 1.3049129247665405, 1.2668771743774414, 1.2348889112472534, 1.2010498046875, 1.1720225811004639, 1.1399846076965332, 1.1167713403701782, 1.0995045900344849, 1.0713093280792236, 1.0509803295135498, 1.030219554901123, 1.012520432472229, 0.9958432912826538, 0.9881783127784729, 0.9773850440979004, 0.955459475517273, 0.9390052556991577, 0.926626980304718, 0.9163936376571655, 0.9080714583396912, 0.8938953280448914, 0.8735066652297974, 0.8627879023551941, 0.8545845746994019, 0.8391925096511841, 0.8269484639167786, 0.819344699382782, 0.8107763528823853, 0.7926835417747498, 0.7917261719703674, 0.7865574955940247, 0.7786084413528442, 0.767227828502655, 0.7603213787078857, 0.7528272271156311, 0.7564455270767212, 0.7402571439743042, 0.7252292633056641, 0.7288919687271118, 0.7380939722061157, 0.7179513573646545, 0.6979206800460815], "landscape_losses": [2.3137524127960205, 1.9902275800704956, 1.7550808191299438, 1.5597940683364868, 1.370893120765686, 1.2054862976074219, 1.069105625152588, 0.9295406341552734, 0.8160550594329834, 0.7356935143470764, 0.6935371160507202], "proxy_train_time": 9.780361582525074, "proxy_train_epochs": 50, "dirty_bit": 1, "landscape_term": 9.74224483843702, "speed_term": 9.473276360732498, "mote": 8.143080392869642}