{"id": 1968, "adj_matrix": [[0, 1, 1, 1], [0, 0, 1, 1], [0, 0, 0, 1], [0, 0, 0, 0]], "operations": ["nor_conv_3x3", "nor_conv_1x1", "avg_pool_3x3", "skip_connect", "nor_conv_1x1", "avg_pool_3x3"], "init_channel": 16, "blck_len": 5, "params": 0.372346, "flops": 51.03681, "latency": 0.017226210811681915, "train_per_time": 21.682157039642334, "train_time_200": 4336.431407928467, "train_accuracy_200": 0.9990533333333333, "test_accuracy_200": 0.9295333333333333, "train_time_12": 260.185884475708, "train_accuracy_12": 0.89812, "test_accuracy_12": 0.868, "valtest_accuracy_200": 0.6889666666666666, "valtest_accuracy_12": 0.5408, "proxy_losses": [2.359785556793213, 1.8896515369415283, 1.731891393661499, 1.6437103748321533, 1.5764232873916626, 1.5176818370819092, 1.4638266563415527, 1.419712781906128, 1.382736086845398, 1.3483891487121582, 1.3175685405731201, 1.2862013578414917, 1.2579371929168701, 1.2320079803466797, 1.208569049835205, 1.1868314743041992, 1.171170711517334, 1.144898533821106, 1.1220479011535645, 1.1027621030807495, 1.0859359502792358, 1.0706919431686401, 1.0588862895965576, 1.033633828163147, 1.0244027376174927, 1.0120404958724976, 0.989698052406311, 0.9818509817123413, 0.967302143573761, 0.9514896273612976, 0.9416987299919128, 0.9309019446372986, 0.9210680723190308, 0.9185405969619751, 0.9059832096099854, 0.904151201248169, 0.8925901651382446, 0.8900599479675293, 0.8776647448539734, 0.8625538945198059, 0.8562094569206238, 0.8508182764053345, 0.842461109161377, 0.8399684429168701, 0.8249984383583069, 0.815981924533844, 0.8037576079368591, 0.8002566695213318, 0.7914571166038513, 0.7834833264350891], "landscape_losses": [2.457322835922241, 2.0505173206329346, 1.8009999990463257, 1.603255033493042, 1.4070274829864502, 1.237579107284546, 1.0931527614593506, 0.9655088782310486, 0.8774634599685669, 0.8080694079399109, 0.7832070589065552], "proxy_train_time": 7.729231604374945, "proxy_train_epochs": 50, "dirty_bit": 1, "landscape_term": 9.196830350652348, "speed_term": 6.92653730160853, "mote": 7.3679172986220625}