{"id": 2013, "adj_matrix": [[0, 1, 1, 1], [0, 0, 1, 1], [0, 0, 0, 1], [0, 0, 0, 0]], "operations": ["nor_conv_3x3", "nor_conv_3x3", "nor_conv_1x1", "skip_connect", "avg_pool_3x3", "nor_conv_1x1"], "init_channel": 16, "blck_len": 5, "params": 0.615386, "flops": 86.42625, "latency": 0.019451341085266645, "train_per_time": 24.76472707589467, "train_time_200": 4952.945415178934, "train_accuracy_200": 0.9995799999999998, "test_accuracy_200": 0.9379666666666666, "train_time_12": 297.1767249107361, "train_accuracy_12": 0.91562, "test_accuracy_12": 0.8789, "valtest_accuracy_200": 0.7073333333333334, "valtest_accuracy_12": 0.5608, "proxy_losses": [2.487926483154297, 1.9183744192123413, 1.769653558731079, 1.67195463180542, 1.601744532585144, 1.540634036064148, 1.4869030714035034, 1.442467451095581, 1.4051730632781982, 1.3666266202926636, 1.3336403369903564, 1.3016308546066284, 1.2734637260437012, 1.2440773248672485, 1.2180378437042236, 1.1888525485992432, 1.1690188646316528, 1.1443032026290894, 1.1186763048171997, 1.09364914894104, 1.0717209577560425, 1.0601099729537964, 1.0344488620758057, 1.0174946784973145, 0.9912184476852417, 0.9720933437347412, 0.9613258838653564, 0.9430722594261169, 0.9218988418579102, 0.91476970911026, 0.9104294776916504, 0.8953701257705688, 0.8855078816413879, 0.8761876225471497, 0.870812714099884, 0.8485769629478455, 0.8331791162490845, 0.8264656066894531, 0.8181694149971008, 0.799452006816864, 0.7885470390319824, 0.7702701091766357, 0.7706663012504578, 0.7560271620750427, 0.7437013387680054, 0.7363798022270203, 0.7240417003631592, 0.7160473465919495, 0.7121346592903137, 0.6963099241256714], "landscape_losses": [2.6153342723846436, 2.1239421367645264, 1.8653843402862549, 1.6323583126068115, 1.4231189489364624, 1.2342143058776855, 1.0814753770828247, 0.9288876056671143, 0.8189282417297363, 0.7350233197212219, 0.7052873969078064], "proxy_train_time": 9.005897974595428, "proxy_train_epochs": 50, "dirty_bit": 1, "landscape_term": 9.51548032754252, "speed_term": 8.240633627125519, "mote": 7.798890744579307}