{"id": 2033, "adj_matrix": [[0, 1, 1, 1], [0, 0, 1, 1], [0, 0, 0, 1], [0, 0, 0, 0]], "operations": ["avg_pool_3x3", "nor_conv_3x3", "zeros", "skip_connect", "nor_conv_1x1", "zeros"], "init_channel": 16, "blck_len": 5, "params": 0.344346, "flops": 47.10465, "latency": 0.015585499897337797, "train_per_time": 16.930142601331116, "train_time_200": 3386.0285202662235, "train_accuracy_200": 0.9641733333333332, "test_accuracy_200": 0.8875, "train_time_12": 203.16171121597293, "train_accuracy_12": 0.8352200000000001, "test_accuracy_12": 0.8192, "valtest_accuracy_200": 0.6230333333333333, "valtest_accuracy_12": 0.45899999999999996, "proxy_losses": [2.84266996383667, 2.4135639667510986, 2.160609722137451, 2.018327474594116, 1.9367437362670898, 1.8852624893188477, 1.8489296436309814, 1.8186475038528442, 1.790431261062622, 1.7684435844421387, 1.745805025100708, 1.7258230447769165, 1.705568552017212, 1.6862071752548218, 1.6698154211044312, 1.6510841846466064, 1.6340869665145874, 1.619511604309082, 1.6049398183822632, 1.589511513710022, 1.577284574508667, 1.5625495910644531, 1.5519988536834717, 1.5367294549942017, 1.524593710899353, 1.5128551721572876, 1.5009981393814087, 1.4887038469314575, 1.4787697792053223, 1.4697171449661255, 1.4613019227981567, 1.4512296915054321, 1.4432069063186646, 1.4326515197753906, 1.4243570566177368, 1.4152781963348389, 1.4045193195343018, 1.3959591388702393, 1.3884092569351196, 1.3832426071166992, 1.3718209266662598, 1.3653558492660522, 1.3601171970367432, 1.3526909351348877, 1.3475182056427002, 1.3386070728302002, 1.3303873538970947, 1.325685977935791, 1.3210077285766602, 1.3154691457748413], "landscape_losses": [2.906003952026367, 2.529676675796509, 2.270172119140625, 2.062605619430542, 1.8804852962493896, 1.7320091724395752, 1.6027019023895264, 1.492798089981079, 1.3942099809646606, 1.3389261960983276, 1.3086493015289307], "proxy_train_time": 7.554058532230556, "proxy_train_epochs": 50, "dirty_bit": 1, "landscape_term": 6.295978454377804, "speed_term": 4.72429838616674, "mote": 4.995752348289758}