{"id": 2035, "adj_matrix": [[0, 1, 1, 1], [0, 0, 1, 1], [0, 0, 0, 1], [0, 0, 0, 0]], "operations": ["skip_connect", "zeros", "skip_connect", "skip_connect", "zeros", "nor_conv_1x1"], "init_channel": 16, "blck_len": 5, "params": 0.101306, "flops": 11.71521, "latency": 0.012664017970101879, "train_per_time": 9.746410528818792, "train_time_200": 1949.2821057637586, "train_accuracy_200": 0.9654266666666668, "test_accuracy_200": 0.8967, "train_time_12": 116.95692634582521, "train_accuracy_12": 0.84556, "test_accuracy_12": 0.8237000000000001, "valtest_accuracy_200": 0.6377666666666666, "valtest_accuracy_12": 0.4792, "proxy_losses": [2.5851736068725586, 2.3086209297180176, 2.1564040184020996, 2.054398536682129, 1.9851524829864502, 1.9350236654281616, 1.8969751596450806, 1.8641246557235718, 1.8346788883209229, 1.8078551292419434, 1.7838743925094604, 1.760480284690857, 1.7393814325332642, 1.720247507095337, 1.7010146379470825, 1.6841835975646973, 1.667849063873291, 1.6529321670532227, 1.6389275789260864, 1.6253039836883545, 1.611914038658142, 1.6003963947296143, 1.5874837636947632, 1.5763989686965942, 1.5617629289627075, 1.5505244731903076, 1.5401027202606201, 1.5308672189712524, 1.5182886123657227, 1.5080814361572266, 1.4977381229400635, 1.4886422157287598, 1.478265404701233, 1.4700126647949219, 1.4607858657836914, 1.4501707553863525, 1.4423623085021973, 1.4343702793121338, 1.4248554706573486, 1.4171876907348633, 1.4076387882232666, 1.4007829427719116, 1.3927366733551025, 1.38412606716156, 1.3763861656188965, 1.3673163652420044, 1.3608250617980957, 1.3511722087860107, 1.3488998413085938, 1.3410500288009644], "landscape_losses": [2.6382362842559814, 2.397325038909912, 2.212153434753418, 2.0441951751708984, 1.899153709411621, 1.7580866813659668, 1.6314468383789062, 1.52512526512146, 1.4382456541061401, 1.3696599006652832, 1.3330572843551636], "proxy_train_time": 4.959944901056588, "proxy_train_epochs": 50, "dirty_bit": 1, "landscape_term": 6.276953257783215, "speed_term": 3.0510065493687133, "mote": 4.617080500082567}