{"id": 2124, "adj_matrix": [[0, 1, 1, 1], [0, 0, 1, 1], [0, 0, 0, 1], [0, 0, 0, 0]], "operations": ["skip_connect", "nor_conv_1x1", "nor_conv_1x1", "avg_pool_3x3", "zeros", "zeros"], "init_channel": 16, "blck_len": 5, "params": 0.129306, "flops": 15.64737, "latency": 0.015444247346175341, "train_per_time": 15.202452619870535, "train_time_200": 3040.490523974107, "train_accuracy_200": 0.8067466666666667, "test_accuracy_200": 0.7546333333333334, "train_time_12": 182.42943143844604, "train_accuracy_12": 0.6150800000000001, "test_accuracy_12": 0.6052000000000001, "valtest_accuracy_200": 0.46330000000000005, "valtest_accuracy_12": 0.3025, "proxy_losses": [2.3577053546905518, 2.273611307144165, 2.2065155506134033, 2.1549060344696045, 2.1118736267089844, 2.0768980979919434, 2.044332265853882, 2.015881299972534, 1.9929193258285522, 1.9734740257263184, 1.9549951553344727, 1.93868088722229, 1.9226462841033936, 1.908638834953308, 1.8964390754699707, 1.8840652704238892, 1.871968388557434, 1.8619810342788696, 1.8525583744049072, 1.8444443941116333, 1.835191249847412, 1.8274555206298828, 1.8211437463760376, 1.8134691715240479, 1.8068896532058716, 1.801869511604309, 1.7955515384674072, 1.7900714874267578, 1.7862398624420166, 1.779478907585144, 1.7756842374801636, 1.7711470127105713, 1.7667900323867798, 1.7620998620986938, 1.7581228017807007, 1.7552986145019531, 1.7502449750900269, 1.746644377708435, 1.7436132431030273, 1.7408822774887085, 1.7397292852401733, 1.7331469058990479, 1.7312577962875366, 1.728963851928711, 1.7262980937957764, 1.7229223251342773, 1.7202939987182617, 1.718329906463623, 1.7170886993408203, 1.7127121686935425], "landscape_losses": [2.3736681938171387, 2.2694623470306396, 2.17254376411438, 2.0786333084106445, 1.987514853477478, 1.9078102111816406, 1.8430812358856201, 1.7893500328063965, 1.7506306171417236, 1.7255042791366577, 1.7116589546203613], "proxy_train_time": 7.073337392881513, "proxy_train_epochs": 50, "dirty_bit": 1, "landscape_term": 5.667022991595607, "speed_term": 3.8019225315759693, "mote": 4.361520493870677}