{"id": 2252, "adj_matrix": [[0, 1, 1, 1], [0, 0, 1, 1], [0, 0, 0, 1], [0, 0, 0, 0]], "operations": ["nor_conv_1x1", "skip_connect", "nor_conv_3x3", "nor_conv_3x3", "skip_connect", "zeros"], "init_channel": 16, "blck_len": 5, "params": 0.587386, "flops": 82.49409, "latency": 0.017146473391014234, "train_per_time": 18.97485613822937, "train_time_200": 3794.971227645874, "train_accuracy_200": 0.9977333333333332, "test_accuracy_200": 0.9222666666666668, "train_time_12": 227.69827365875244, "train_accuracy_12": 0.8782, "test_accuracy_12": 0.8573000000000001, "valtest_accuracy_200": 0.6767, "valtest_accuracy_12": 0.5041, "proxy_losses": [2.4901461601257324, 1.9791107177734375, 1.8132808208465576, 1.733997106552124, 1.6822693347930908, 1.6411950588226318, 1.6057746410369873, 1.5712907314300537, 1.538469910621643, 1.5059894323349, 1.4757417440414429, 1.4456946849822998, 1.414535403251648, 1.3862303495407104, 1.3609377145767212, 1.3294986486434937, 1.3050400018692017, 1.2813050746917725, 1.2566702365875244, 1.234709620475769, 1.212060570716858, 1.196537733078003, 1.1771199703216553, 1.162070631980896, 1.148619532585144, 1.124752402305603, 1.1167891025543213, 1.096451759338379, 1.0839160680770874, 1.06038236618042, 1.053696632385254, 1.0379140377044678, 1.02643883228302, 1.0197173357009888, 1.011427879333496, 1.0012816190719604, 0.9877879023551941, 0.9797273278236389, 0.9638219475746155, 0.9568902254104614, 0.9527580142021179, 0.9468790292739868, 0.9388677477836609, 0.9306128025054932, 0.9153003692626953, 0.90928053855896, 0.8985708951950073, 0.8891803622245789, 0.8886086940765381, 0.8812070488929749], "landscape_losses": [2.6078333854675293, 2.1725521087646484, 1.920322060585022, 1.7304197549819946, 1.5626964569091797, 1.4032375812530518, 1.258129358291626, 1.12478768825531, 1.0094517469406128, 0.9198089838027954, 0.8788450956344604], "proxy_train_time": 8.09993733651936, "proxy_train_epochs": 50, "dirty_bit": 1, "landscape_term": 8.194509376438576, "speed_term": 6.5724311503073745, "mote": 6.639567819003124}