{"id": 2265, "adj_matrix": [[0, 1, 1, 1], [0, 0, 1, 1], [0, 0, 0, 1], [0, 0, 0, 0]], "operations": ["zeros", "skip_connect", "avg_pool_3x3", "zeros", "zeros", "skip_connect"], "init_channel": 16, "blck_len": 5, "params": 0.073306, "flops": 7.78305, "latency": 0.010268896295313249, "train_per_time": 8.057137966156006, "train_time_200": 1611.4275932312012, "train_accuracy_200": 0.9010333333333334, "test_accuracy_200": 0.8670333333333333, "train_time_12": 96.68565559387207, "train_accuracy_12": 0.79522, "test_accuracy_12": 0.7851, "valtest_accuracy_200": 0.5807333333333333, "valtest_accuracy_12": 0.44179999999999997, "proxy_losses": [2.4023165702819824, 2.288675308227539, 2.2033894062042236, 2.148721218109131, 2.1062092781066895, 2.070202350616455, 2.039191484451294, 2.0091450214385986, 1.9815255403518677, 1.9565157890319824, 1.9346829652786255, 1.9141442775726318, 1.896672248840332, 1.8804285526275635, 1.8673701286315918, 1.8561341762542725, 1.8461369276046753, 1.8367527723312378, 1.828809142112732, 1.8207662105560303, 1.813270092010498, 1.807450771331787, 1.8004257678985596, 1.7946697473526, 1.78862464427948, 1.7830908298492432, 1.7776814699172974, 1.7731175422668457, 1.7693042755126953, 1.762813687324524, 1.7574955224990845, 1.7534550428390503, 1.7502431869506836, 1.7448712587356567, 1.7402243614196777, 1.737423300743103, 1.7325910329818726, 1.729137897491455, 1.724347710609436, 1.7216953039169312, 1.7186490297317505, 1.7145129442214966, 1.7116494178771973, 1.7066349983215332, 1.7031501531600952, 1.6999753713607788, 1.6966062784194946, 1.6941156387329102, 1.690476894378662, 1.68656587600708], "landscape_losses": [2.424287796020508, 2.3118913173675537, 2.206787586212158, 2.103698492050171, 1.9991583824157715, 1.906025767326355, 1.824232816696167, 1.7690306901931763, 1.7283070087432861, 1.700893759727478, 1.6841202974319458], "proxy_train_time": 4.767044341191649, "proxy_train_epochs": 50, "dirty_bit": 1, "landscape_term": 5.672167476756448, "speed_term": 2.585948698204021, "mote": 4.079081750763088}