{"id": 2272, "adj_matrix": [[0, 1, 1, 1], [0, 0, 1, 1], [0, 0, 0, 1], [0, 0, 0, 0]], "operations": ["nor_conv_3x3", "skip_connect", "nor_conv_3x3", "nor_conv_1x1", "zeros", "nor_conv_1x1"], "init_channel": 16, "blck_len": 5, "params": 0.615386, "flops": 86.42625, "latency": 0.019022516514125624, "train_per_time": 22.896940310796122, "train_time_200": 4579.388062159224, "train_accuracy_200": 0.9988133333333333, "test_accuracy_200": 0.9312666666666667, "train_time_12": 274.7632837295533, "train_accuracy_12": 0.8934799999999999, "test_accuracy_12": 0.867, "valtest_accuracy_200": 0.7006, "valtest_accuracy_12": 0.522, "proxy_losses": [2.3439204692840576, 1.9860037565231323, 1.8278729915618896, 1.7235925197601318, 1.6402612924575806, 1.5663365125656128, 1.5026099681854248, 1.4426171779632568, 1.393812894821167, 1.347077488899231, 1.3010936975479126, 1.265328288078308, 1.2337058782577515, 1.1967240571975708, 1.166959285736084, 1.1377531290054321, 1.1088995933532715, 1.0850298404693604, 1.0561153888702393, 1.0310790538787842, 1.0113798379898071, 0.9838898181915283, 0.9677668809890747, 0.9421933889389038, 0.929877519607544, 0.9101945161819458, 0.8968282341957092, 0.8781009912490845, 0.8608019351959229, 0.8558716773986816, 0.838080644607544, 0.8137997984886169, 0.8001356720924377, 0.7836874723434448, 0.7775807976722717, 0.7699136137962341, 0.7597390413284302, 0.7511711120605469, 0.7430959939956665, 0.7238088250160217, 0.7069271206855774, 0.6962743401527405, 0.6816133260726929, 0.6729573011398315, 0.6531859636306763, 0.645149827003479, 0.6457744836807251, 0.6370396614074707, 0.627285897731781, 0.6210425496101379], "landscape_losses": [2.4513020515441895, 2.121001958847046, 1.8557536602020264, 1.6078659296035767, 1.4003640413284302, 1.210974931716919, 1.0328069925308228, 0.885198712348938, 0.7549866437911987, 0.6593261957168579, 0.6150529980659485], "proxy_train_time": 9.400918919593096, "proxy_train_epochs": 50, "dirty_bit": 1, "landscape_term": 10.145137523147696, "speed_term": 9.049445422589395, "mote": 8.339674715332169}