{"id": 2277, "adj_matrix": [[0, 1, 1, 1], [0, 0, 1, 1], [0, 0, 0, 1], [0, 0, 0, 0]], "operations": ["avg_pool_3x3", "zeros", "zeros", "nor_conv_1x1", "nor_conv_1x1", "nor_conv_1x1"], "init_channel": 16, "blck_len": 5, "params": 0.157306, "flops": 19.57953, "latency": 0.017526036814639444, "train_per_time": 19.66137433052063, "train_time_200": 3932.274866104126, "train_accuracy_200": 0.9796199999999999, "test_accuracy_200": 0.8981666666666667, "train_time_12": 235.93649196624756, "train_accuracy_12": 0.80176, "test_accuracy_12": 0.7816, "valtest_accuracy_200": 0.6500666666666668, "valtest_accuracy_12": 0.3697, "proxy_losses": [2.521852493286133, 2.2336068153381348, 2.0628466606140137, 1.9591715335845947, 1.886107087135315, 1.826606273651123, 1.783703088760376, 1.7459732294082642, 1.7126245498657227, 1.6806789636611938, 1.65402090549469, 1.627568006515503, 1.6031570434570312, 1.5798920392990112, 1.5576038360595703, 1.537374496459961, 1.5173503160476685, 1.4986824989318848, 1.47910737991333, 1.4602638483047485, 1.4450017213821411, 1.4273515939712524, 1.4124263525009155, 1.3964917659759521, 1.3826578855514526, 1.3693923950195312, 1.355840802192688, 1.343076229095459, 1.3334308862686157, 1.316986083984375, 1.308355450630188, 1.29502534866333, 1.284393310546875, 1.274233341217041, 1.2644727230072021, 1.2550179958343506, 1.241727352142334, 1.2361940145492554, 1.2269251346588135, 1.2165783643722534, 1.2084150314331055, 1.2009247541427612, 1.1915125846862793, 1.1806941032409668, 1.1801718473434448, 1.171227216720581, 1.1675441265106201, 1.1560924053192139, 1.1456120014190674, 1.1383764743804932], "landscape_losses": [2.5928924083709717, 2.348662853240967, 2.1421804428100586, 1.9503397941589355, 1.76619553565979, 1.5970104932785034, 1.4446282386779785, 1.3302106857299805, 1.236089825630188, 1.1711472272872925, 1.1320537328720093], "proxy_train_time": 8.410921569913626, "proxy_train_epochs": 50, "dirty_bit": 1, "landscape_term": 6.973544631298377, "speed_term": 5.756620022966814, "mote": 5.663763660583955}