{"id": 2278, "adj_matrix": [[0, 1, 1, 1], [0, 0, 1, 1], [0, 0, 0, 1], [0, 0, 0, 0]], "operations": ["avg_pool_3x3", "skip_connect", "nor_conv_1x1", "nor_conv_1x1", "nor_conv_3x3", "nor_conv_1x1"], "init_channel": 16, "blck_len": 5, "params": 0.40034600000000004, "flops": 54.96896999999999, "latency": 0.019316221538342927, "train_per_time": 23.894362926483154, "train_time_200": 4778.872585296631, "train_accuracy_200": 0.9956, "test_accuracy_200": 0.9180333333333333, "train_time_12": 286.73235511779785, "train_accuracy_12": 0.82378, "test_accuracy_12": 0.8096, "valtest_accuracy_200": 0.6748000000000001, "valtest_accuracy_12": 0.445, "proxy_losses": [2.405756950378418, 1.9751607179641724, 1.8475103378295898, 1.7685641050338745, 1.7077358961105347, 1.6518017053604126, 1.6067333221435547, 1.5715168714523315, 1.5397049188613892, 1.5092090368270874, 1.482836127281189, 1.4544529914855957, 1.4285495281219482, 1.4054911136627197, 1.3794994354248047, 1.3542957305908203, 1.331830620765686, 1.3080257177352905, 1.2849969863891602, 1.261522650718689, 1.2434948682785034, 1.2179497480392456, 1.1976960897445679, 1.1774317026138306, 1.154991626739502, 1.13326895236969, 1.1199053525924683, 1.1100136041641235, 1.0912127494812012, 1.08224356174469, 1.0569331645965576, 1.0359432697296143, 1.0184992551803589, 1.0067579746246338, 0.9974212646484375, 0.9827770590782166, 0.9730285406112671, 0.9617217779159546, 0.9463523626327515, 0.9315202236175537, 0.9167839884757996, 0.9133313298225403, 0.9010626673698425, 0.888336718082428, 0.8858521580696106, 0.8806862235069275, 0.8726023435592651, 0.8636239171028137, 0.8562816381454468, 0.8530735373497009], "landscape_losses": [2.512695789337158, 2.1615474224090576, 1.9504871368408203, 1.7527306079864502, 1.5768532752990723, 1.3974266052246094, 1.2314307689666748, 1.0972778797149658, 0.9758164286613464, 0.8849412202835083, 0.8361567258834839], "proxy_train_time": 8.706873887218535, "proxy_train_epochs": 50, "dirty_bit": 1, "landscape_term": 8.367775943579797, "speed_term": 7.073469403025717, "mote": 6.843338726268404}