{"id": 2398, "adj_matrix": [[0, 1, 1, 1], [0, 0, 1, 1], [0, 0, 0, 1], [0, 0, 0, 0]], "operations": ["zeros", "zeros", "zeros", "nor_conv_1x1", "nor_conv_1x1", "nor_conv_1x1"], "init_channel": 16, "blck_len": 5, "params": 0.157306, "flops": 19.57953, "latency": 0.017764418794397722, "train_per_time": 17.78494421641027, "train_time_200": 3556.988843282054, "train_accuracy_200": 0.9469466666666666, "test_accuracy_200": 0.8874333333333334, "train_time_12": 213.4193305969238, "train_accuracy_12": 0.80568, "test_accuracy_12": 0.7881999999999999, "valtest_accuracy_200": 0.6194333333333333, "valtest_accuracy_12": 0.41759999999999997, "proxy_losses": [2.377337694168091, 2.226454257965088, 2.125936508178711, 2.0530648231506348, 1.9979596138000488, 1.9479178190231323, 1.9046636819839478, 1.867729663848877, 1.8349230289459229, 1.8052847385406494, 1.7757327556610107, 1.7506179809570312, 1.7265468835830688, 1.7043054103851318, 1.6847223043441772, 1.6658812761306763, 1.6481554508209229, 1.631268858909607, 1.617379903793335, 1.6004852056503296, 1.585909128189087, 1.5716885328292847, 1.5584065914154053, 1.5473500490188599, 1.535556674003601, 1.525175929069519, 1.5135916471481323, 1.5016072988510132, 1.4888865947723389, 1.4792917966842651, 1.4666205644607544, 1.454931616783142, 1.4459739923477173, 1.4355190992355347, 1.4226081371307373, 1.411871075630188, 1.3997218608856201, 1.3917040824890137, 1.3830598592758179, 1.373976230621338, 1.3624199628829956, 1.3535480499267578, 1.3443493843078613, 1.336648941040039, 1.327163577079773, 1.3188022375106812, 1.3149805068969727, 1.302957534790039, 1.2927415370941162, 1.283308982849121], "landscape_losses": [2.4193313121795654, 2.2709548473358154, 2.1296818256378174, 1.9806933403015137, 1.8333284854888916, 1.691974401473999, 1.5714757442474365, 1.4558782577514648, 1.3723070621490479, 1.3137906789779663, 1.2762285470962524], "proxy_train_time": 8.183016769587994, "proxy_train_epochs": 50, "dirty_bit": 1, "landscape_term": 6.561219675442296, "speed_term": 5.135135321725713, "mote": 5.261190298739914}