{"id": 2454, "adj_matrix": [[0, 1, 1, 1], [0, 0, 1, 1], [0, 0, 0, 1], [0, 0, 0, 0]], "operations": ["zeros", "skip_connect", "skip_connect", "skip_connect", "zeros", "avg_pool_3x3"], "init_channel": 16, "blck_len": 5, "params": 0.073306, "flops": 7.78305, "latency": 0.009556845614784641, "train_per_time": 7.716476360956843, "train_time_200": 1543.2952721913687, "train_accuracy_200": 0.8250333333333333, "test_accuracy_200": 0.7998666666666666, "train_time_12": 92.59771633148198, "train_accuracy_12": 0.6196200000000001, "test_accuracy_12": 0.6171, "valtest_accuracy_200": 0.5106666666666666, "valtest_accuracy_12": 0.2594, "proxy_losses": [3.741464138031006, 3.1978378295898438, 2.822490930557251, 2.516507148742676, 2.286162853240967, 2.119713544845581, 2.0301952362060547, 1.965090274810791, 1.9118783473968506, 1.8759255409240723, 1.848587155342102, 1.8246667385101318, 1.803591012954712, 1.7882364988327026, 1.7743182182312012, 1.7601490020751953, 1.7466202974319458, 1.7352263927459717, 1.7255154848098755, 1.717018723487854, 1.7097183465957642, 1.7014117240905762, 1.694917917251587, 1.6878252029418945, 1.6821255683898926, 1.677830696105957, 1.671040415763855, 1.6659040451049805, 1.6605329513549805, 1.6561050415039062, 1.6517701148986816, 1.6477302312850952, 1.644106388092041, 1.6409661769866943, 1.6361892223358154, 1.6320279836654663, 1.627873182296753, 1.6277580261230469, 1.6200445890426636, 1.6170456409454346, 1.6140607595443726, 1.6112326383590698, 1.6066256761550903, 1.603210687637329, 1.6004810333251953, 1.5970532894134521, 1.5952547788619995, 1.5909311771392822, 1.5884654521942139, 1.5862643718719482], "landscape_losses": [3.806442975997925, 3.2685062885284424, 2.8919036388397217, 2.5693094730377197, 2.267047643661499, 2.039393663406372, 1.856547236442566, 1.7260648012161255, 1.6477701663970947, 1.6003446578979492, 1.5843783617019653], "proxy_train_time": 4.439646448940039, "proxy_train_epochs": 50, "dirty_bit": 1, "landscape_term": 5.216004718889185, "speed_term": 2.4303472236678556, "mote": 3.7154268764568883}