{"id": 2541, "adj_matrix": [[0, 1, 1, 1], [0, 0, 1, 1], [0, 0, 0, 1], [0, 0, 0, 0]], "operations": ["nor_conv_1x1", "zeros", "skip_connect", "nor_conv_1x1", "nor_conv_3x3", "nor_conv_1x1"], "init_channel": 16, "blck_len": 5, "params": 0.40034600000000004, "flops": 54.96896999999999, "latency": 0.01923950199495282, "train_per_time": 21.773579955101013, "train_time_200": 4354.715991020203, "train_accuracy_200": 0.9972066666666666, "test_accuracy_200": 0.9213333333333332, "train_time_12": 261.28295946121216, "train_accuracy_12": 0.8553799999999999, "test_accuracy_12": 0.8339, "valtest_accuracy_200": 0.6806666666666668, "valtest_accuracy_12": 0.4611, "proxy_losses": [2.371311902999878, 1.9258290529251099, 1.7710455656051636, 1.6840468645095825, 1.6175346374511719, 1.5663692951202393, 1.5190048217773438, 1.4736541509628296, 1.4343583583831787, 1.3983285427093506, 1.3664758205413818, 1.333010196685791, 1.3097412586212158, 1.2825727462768555, 1.2594131231307983, 1.240278959274292, 1.2185585498809814, 1.2026563882827759, 1.178745150566101, 1.1582366228103638, 1.1432238817214966, 1.131110429763794, 1.1151068210601807, 1.099845051765442, 1.0825951099395752, 1.071333646774292, 1.057618498802185, 1.0486642122268677, 1.0379127264022827, 1.0285371541976929, 1.0212562084197998, 1.0031089782714844, 0.9930964112281799, 0.9790003895759583, 0.9707654118537903, 0.9611666202545166, 0.9538799524307251, 0.945541501045227, 0.9321484565734863, 0.9185544848442078, 0.9144163131713867, 0.9017183780670166, 0.8887373208999634, 0.8788517713546753, 0.8789998292922974, 0.8648756146430969, 0.856010377407074, 0.8484318256378174, 0.8382827043533325, 0.8332831263542175], "landscape_losses": [2.5045838356018066, 2.119065999984741, 1.8956828117370605, 1.689853549003601, 1.5271868705749512, 1.3545799255371094, 1.1874552965164185, 1.0505563020706177, 0.9521137475967407, 0.8681485056877136, 0.8242482542991638], "proxy_train_time": 8.936683785170317, "proxy_train_epochs": 50, "dirty_bit": 1, "landscape_term": 8.592902226256031, "speed_term": 7.6369843364491, "mote": 7.089456008045135}