{"id": 2622, "adj_matrix": [[0, 1, 1, 1], [0, 0, 1, 1], [0, 0, 0, 1], [0, 0, 0, 0]], "operations": ["avg_pool_3x3", "skip_connect", "zeros", "nor_conv_3x3", "skip_connect", "zeros"], "init_channel": 16, "blck_len": 5, "params": 0.316346, "flops": 43.17249, "latency": 0.012773896518506501, "train_per_time": 12.715416034062708, "train_time_200": 2543.0832068125414, "train_accuracy_200": 0.9964400000000001, "test_accuracy_200": 0.9132666666666667, "train_time_12": 152.58499240875244, "train_accuracy_12": 0.81646, "test_accuracy_12": 0.8020999999999999, "valtest_accuracy_200": 0.6570333333333334, "valtest_accuracy_12": 0.42700000000000005, "proxy_losses": [2.666459083557129, 2.0652875900268555, 1.8827189207077026, 1.7917568683624268, 1.7262234687805176, 1.6759063005447388, 1.6340231895446777, 1.5949583053588867, 1.5571755170822144, 1.5234979391098022, 1.4900829792022705, 1.4650001525878906, 1.4369444847106934, 1.4103227853775024, 1.3829388618469238, 1.3602665662765503, 1.3428246974945068, 1.331847906112671, 1.306604027748108, 1.2855271100997925, 1.2687309980392456, 1.255332350730896, 1.2414296865463257, 1.2264299392700195, 1.2139252424240112, 1.2039846181869507, 1.1907835006713867, 1.181936264038086, 1.1693906784057617, 1.1547980308532715, 1.1422908306121826, 1.133956789970398, 1.1221510171890259, 1.1101711988449097, 1.1049858331680298, 1.0921680927276611, 1.0877095460891724, 1.0758318901062012, 1.0676922798156738, 1.0598790645599365, 1.0466634035110474, 1.039037823677063, 1.0236668586730957, 1.0184221267700195, 1.004240870475769, 1.0035161972045898, 0.9911222457885742, 0.9873931407928467, 0.9815531969070435, 0.9699944257736206], "landscape_losses": [2.775999069213867, 2.264798402786255, 1.9936596155166626, 1.7770839929580688, 1.5955290794372559, 1.4229941368103027, 1.2783223390579224, 1.1598984003067017, 1.073002815246582, 1.0121515989303589, 0.9841614961624146], "proxy_train_time": 6.254563090391457, "proxy_train_epochs": 50, "dirty_bit": 1, "landscape_term": 7.776047220582052, "speed_term": 4.8038447423714175, "mote": 6.025003177148282}