{"id": 2627, "adj_matrix": [[0, 1, 1, 1], [0, 0, 1, 1], [0, 0, 0, 1], [0, 0, 0, 0]], "operations": ["skip_connect", "zeros", "skip_connect", "skip_connect", "nor_conv_3x3", "nor_conv_1x1"], "init_channel": 16, "blck_len": 5, "params": 0.344346, "flops": 47.10465, "latency": 0.014794904934732539, "train_per_time": 14.160672505696631, "train_time_200": 2832.1345011393264, "train_accuracy_200": 0.9978933333333333, "test_accuracy_200": 0.9168, "train_time_12": 169.92807006835938, "train_accuracy_12": 0.88914, "test_accuracy_12": 0.8629000000000001, "valtest_accuracy_200": 0.6764666666666667, "valtest_accuracy_12": 0.5375, "proxy_losses": [2.5360164642333984, 2.0316154956817627, 1.8451398611068726, 1.7334684133529663, 1.6637709140777588, 1.6096869707107544, 1.5633012056350708, 1.5220379829406738, 1.4885562658309937, 1.4569828510284424, 1.4252549409866333, 1.397768497467041, 1.3730566501617432, 1.349861741065979, 1.333277940750122, 1.309712290763855, 1.290744423866272, 1.2725563049316406, 1.2563731670379639, 1.2387386560440063, 1.2230021953582764, 1.2039891481399536, 1.1848098039627075, 1.1686818599700928, 1.156907558441162, 1.1405344009399414, 1.1264680624008179, 1.111670732498169, 1.0936228036880493, 1.0800786018371582, 1.0674724578857422, 1.0510883331298828, 1.0340021848678589, 1.0273655652999878, 1.0192813873291016, 1.0076478719711304, 1.0011308193206787, 0.993039071559906, 0.9841752648353577, 0.9721671938896179, 0.9569341540336609, 0.9441635608673096, 0.9421091675758362, 0.9330196380615234, 0.9161880612373352, 0.9089260697364807, 0.9050611257553101, 0.8945047855377197, 0.8880941271781921, 0.8784795999526978], "landscape_losses": [2.665593385696411, 2.2630059719085693, 2.006706953048706, 1.7666261196136475, 1.5577739477157593, 1.3750008344650269, 1.2164270877838135, 1.0775333642959595, 0.9742580056190491, 0.9040693640708923, 0.8751497268676758], "proxy_train_time": 6.3626530803740025, "proxy_train_epochs": 50, "dirty_bit": 1, "landscape_term": 8.275953445611336, "speed_term": 5.171834415722999, "mote": 6.433653759874811}