{"id": 2629, "adj_matrix": [[0, 1, 1, 1], [0, 0, 1, 1], [0, 0, 0, 1], [0, 0, 0, 0]], "operations": ["nor_conv_3x3", "zeros", "nor_conv_3x3", "nor_conv_3x3", "zeros", "nor_conv_3x3"], "init_channel": 16, "blck_len": 5, "params": 1.045466, "flops": 149.34081, "latency": 0.019366364730031865, "train_per_time": 25.50308668613434, "train_time_200": 5100.617337226868, "train_accuracy_200": 0.9996266666666668, "test_accuracy_200": 0.9313333333333332, "train_time_12": 306.03704023361206, "train_accuracy_12": 0.83068, "test_accuracy_12": 0.8169, "valtest_accuracy_200": 0.6923666666666667, "valtest_accuracy_12": 0.431, "proxy_losses": [2.233819007873535, 1.8097525835037231, 1.6432554721832275, 1.544479489326477, 1.4655379056930542, 1.3950620889663696, 1.3325666189193726, 1.2851811647415161, 1.2277687788009644, 1.1761049032211304, 1.1283291578292847, 1.091343879699707, 1.047142744064331, 1.007568359375, 0.9766579270362854, 0.94720858335495, 0.9200136661529541, 0.8862568140029907, 0.8556679487228394, 0.8274056911468506, 0.8069726824760437, 0.7900472283363342, 0.7708428502082825, 0.7548883557319641, 0.7312201857566833, 0.7108984589576721, 0.6875221729278564, 0.6768481731414795, 0.6616090536117554, 0.6465209126472473, 0.6297564506530762, 0.6131712198257446, 0.6047959327697754, 0.605701208114624, 0.587846577167511, 0.5748437643051147, 0.5674561858177185, 0.5473750233650208, 0.530418872833252, 0.5214513540267944, 0.5099305510520935, 0.49801942706108093, 0.5002660155296326, 0.49178871512413025, 0.4891906678676605, 0.47313717007637024, 0.4533163607120514, 0.43604570627212524, 0.4250698387622833, 0.41107118129730225], "landscape_losses": [2.356154203414917, 1.9381097555160522, 1.6727919578552246, 1.454622507095337, 1.2531214952468872, 1.0725328922271729, 0.8883481621742249, 0.7012248039245605, 0.582158088684082, 0.4602387547492981, 0.4100261628627777], "proxy_train_time": 10.912093008868396, "proxy_train_epochs": 50, "dirty_bit": 1, "landscape_term": 12.837194693934153, "speed_term": 12.83499466769398, "mote": 10.615844212225458}