{"id": 2671, "adj_matrix": [[0, 1, 1, 1], [0, 0, 1, 1], [0, 0, 0, 1], [0, 0, 0, 0]], "operations": ["nor_conv_3x3", "nor_conv_1x1", "avg_pool_3x3", "avg_pool_3x3", "skip_connect", "avg_pool_3x3"], "init_channel": 16, "blck_len": 5, "params": 0.344346, "flops": 47.10465, "latency": 0.015105878051958586, "train_per_time": 19.811976234118085, "train_time_200": 3962.395246823617, "train_accuracy_200": 0.9906333333333334, "test_accuracy_200": 0.9001999999999998, "train_time_12": 237.7437148094177, "train_accuracy_12": 0.76996, "test_accuracy_12": 0.7539, "valtest_accuracy_200": 0.6374666666666667, "valtest_accuracy_12": 0.3944, "proxy_losses": [3.61506986618042, 2.379662275314331, 2.012916326522827, 1.8178730010986328, 1.7032345533370972, 1.6220512390136719, 1.5614384412765503, 1.5118508338928223, 1.4703580141067505, 1.4330646991729736, 1.3982594013214111, 1.3668227195739746, 1.3381048440933228, 1.311383605003357, 1.2830003499984741, 1.2564406394958496, 1.2351322174072266, 1.2157902717590332, 1.1950700283050537, 1.1769603490829468, 1.1564905643463135, 1.1365056037902832, 1.1348106861114502, 1.1104090213775635, 1.097760558128357, 1.0822497606277466, 1.0694526433944702, 1.057243824005127, 1.048601508140564, 1.0445687770843506, 1.0234401226043701, 1.0116761922836304, 1.001054286956787, 0.9907143712043762, 0.9846470952033997, 0.9783470630645752, 0.9699148535728455, 0.964260458946228, 0.9541614055633545, 0.9497416019439697, 0.934947669506073, 0.9207183718681335, 0.9172372221946716, 0.9222508072853088, 0.9130138754844666, 0.9019215703010559, 0.8964664936065674, 0.8909136652946472, 0.8872774243354797, 0.8792546987533569], "landscape_losses": [3.7669498920440674, 2.744647741317749, 2.230992078781128, 1.8763896226882935, 1.6046799421310425, 1.4117392301559448, 1.2758320569992065, 1.1485981941223145, 1.0184577703475952, 0.910840630531311, 0.8753265738487244], "proxy_train_time": 6.837009936571121, "proxy_train_epochs": 50, "dirty_bit": 1, "landscape_term": 7.819128134321112, "speed_term": 5.537427179045491, "mote": 6.197169166067823}