{"id": 2703, "adj_matrix": [[0, 1, 1, 1], [0, 0, 1, 1], [0, 0, 0, 1], [0, 0, 0, 0]], "operations": ["nor_conv_3x3", "skip_connect", "nor_conv_3x3", "skip_connect", "nor_conv_1x1", "avg_pool_3x3"], "init_channel": 16, "blck_len": 5, "params": 0.587386, "flops": 82.49409, "latency": 0.01707430785162407, "train_per_time": 20.77768750985469, "train_time_200": 4155.537501970938, "train_accuracy_200": 0.9793400000000001, "test_accuracy_200": 0.8996, "train_time_12": 249.33225011825564, "train_accuracy_12": 0.7676000000000001, "test_accuracy_12": 0.7505, "valtest_accuracy_200": 0.6553333333333333, "valtest_accuracy_12": 0.3693, "proxy_losses": [3.2545158863067627, 2.0934841632843018, 1.7922593355178833, 1.655027985572815, 1.5577807426452637, 1.488715648651123, 1.4320406913757324, 1.3829624652862549, 1.3437000513076782, 1.3053220510482788, 1.2701679468154907, 1.239166259765625, 1.210524320602417, 1.1854979991912842, 1.1650053262710571, 1.1407803297042847, 1.1185932159423828, 1.0950106382369995, 1.0746148824691772, 1.0474070310592651, 1.028076171875, 1.00849187374115, 0.9994410872459412, 0.985912024974823, 0.968478798866272, 0.9463915228843689, 0.9326318502426147, 0.9111462831497192, 0.9017454981803894, 0.8871768712997437, 0.8749439716339111, 0.8676146268844604, 0.8451814651489258, 0.8345072269439697, 0.8348538279533386, 0.8212078809738159, 0.8111470937728882, 0.7969954609870911, 0.794547975063324, 0.7789924740791321, 0.7641879320144653, 0.7664775252342224, 0.7602051496505737, 0.7381265759468079, 0.7359094023704529, 0.7271503210067749, 0.7115731239318848, 0.7032185792922974, 0.708021879196167, 0.7120444178581238], "landscape_losses": [3.3794782161712646, 2.458364248275757, 2.0465312004089355, 1.7424509525299072, 1.5092968940734863, 1.2642842531204224, 1.0974394083023071, 0.942188560962677, 0.8186731338500977, 0.7359976768493652, 0.6901073455810547], "proxy_train_time": 7.8037557834759355, "proxy_train_epochs": 50, "dirty_bit": 1, "landscape_term": 9.220544983624569, "speed_term": 7.224498945513308, "mote": 7.435071793480546}