{"id": 2709, "adj_matrix": [[0, 1, 1, 1], [0, 0, 1, 1], [0, 0, 0, 1], [0, 0, 0, 0]], "operations": ["zeros", "skip_connect", "skip_connect", "nor_conv_3x3", "nor_conv_1x1", "zeros"], "init_channel": 16, "blck_len": 5, "params": 0.344346, "flops": 47.10465, "latency": 0.015197371181688811, "train_per_time": 14.420560002326965, "train_time_200": 2884.112000465393, "train_accuracy_200": 0.9976533333333333, "test_accuracy_200": 0.9208999999999999, "train_time_12": 173.04672002792358, "train_accuracy_12": 0.8626, "test_accuracy_12": 0.8416, "valtest_accuracy_200": 0.6755666666666668, "valtest_accuracy_12": 0.4612, "proxy_losses": [2.3551852703094482, 2.056856155395508, 1.9202293157577515, 1.8284519910812378, 1.7695244550704956, 1.72416353225708, 1.6881593465805054, 1.651647686958313, 1.616959571838379, 1.584623098373413, 1.5553398132324219, 1.5262410640716553, 1.4982693195343018, 1.4738576412200928, 1.4483425617218018, 1.4252097606658936, 1.4006470441818237, 1.378340244293213, 1.3573119640350342, 1.3361865282058716, 1.319419503211975, 1.2997691631317139, 1.2813352346420288, 1.2565383911132812, 1.2394566535949707, 1.2238402366638184, 1.2106319665908813, 1.1955461502075195, 1.1752164363861084, 1.1667912006378174, 1.1441866159439087, 1.130916953086853, 1.1183230876922607, 1.1046741008758545, 1.0863349437713623, 1.0765197277069092, 1.059680461883545, 1.050301194190979, 1.0344500541687012, 1.0196729898452759, 1.0131075382232666, 1.000716209411621, 0.9915282130241394, 0.978399395942688, 0.9811886548995972, 0.9638718962669373, 0.9504973888397217, 0.9374984502792358, 0.9265289306640625, 0.9146234393119812], "landscape_losses": [2.446554183959961, 2.1806273460388184, 1.9749187231063843, 1.7909176349639893, 1.6084867715835571, 1.4517958164215088, 1.2911033630371094, 1.1486222743988037, 1.0390009880065918, 0.9552667737007141, 0.9101163148880005], "proxy_train_time": 7.136038452386856, "proxy_train_epochs": 50, "dirty_bit": 1, "landscape_term": 7.9957403236526545, "speed_term": 5.45175966036556, "mote": 6.29976181530552}