{"id": 2739, "adj_matrix": [[0, 1, 1, 1], [0, 0, 1, 1], [0, 0, 0, 1], [0, 0, 0, 0]], "operations": ["zeros", "nor_conv_1x1", "skip_connect", "nor_conv_1x1", "nor_conv_3x3", "skip_connect"], "init_channel": 16, "blck_len": 5, "params": 0.372346, "flops": 51.03681, "latency": 0.017176855028721322, "train_per_time": 17.854023973147026, "train_time_200": 3570.804794629405, "train_accuracy_200": 0.9501799999999999, "test_accuracy_200": 0.8908999999999999, "train_time_12": 214.24828767776486, "train_accuracy_12": 0.81562, "test_accuracy_12": 0.8027, "valtest_accuracy_200": 0.6255000000000001, "valtest_accuracy_12": 0.40149999999999997, "proxy_losses": [2.448533058166504, 2.1613175868988037, 2.0045175552368164, 1.9201468229293823, 1.8550697565078735, 1.8106294870376587, 1.7702478170394897, 1.73588228225708, 1.7032216787338257, 1.6741582155227661, 1.646178126335144, 1.6201589107513428, 1.5957622528076172, 1.5724259614944458, 1.551514983177185, 1.531602382659912, 1.512040376663208, 1.4937269687652588, 1.4775667190551758, 1.4622724056243896, 1.4444676637649536, 1.431999683380127, 1.4198212623596191, 1.4043376445770264, 1.3918967247009277, 1.3810160160064697, 1.3668345212936401, 1.3578097820281982, 1.3482530117034912, 1.3331222534179688, 1.3264461755752563, 1.3137863874435425, 1.3035025596618652, 1.2919481992721558, 1.2795727252960205, 1.2710304260253906, 1.262139081954956, 1.2502353191375732, 1.2407188415527344, 1.2319804430007935, 1.2257835865020752, 1.2163447141647339, 1.2040958404541016, 1.196485996246338, 1.186328411102295, 1.1806812286376953, 1.1730170249938965, 1.161222219467163, 1.1561137437820435, 1.147840976715088], "landscape_losses": [2.5073468685150146, 2.2743828296661377, 2.0597779750823975, 1.8723732233047485, 1.7139347791671753, 1.5609160661697388, 1.4294806718826294, 1.3210400342941284, 1.2395634651184082, 1.1786695718765259, 1.142629861831665], "proxy_train_time": 7.584062442183495, "proxy_train_epochs": 50, "dirty_bit": 1, "landscape_term": 7.069038594829749, "speed_term": 5.191305892165154, "mote": 5.621264312689737}