{"id": 2760, "adj_matrix": [[0, 1, 1, 1], [0, 0, 1, 1], [0, 0, 0, 1], [0, 0, 0, 0]], "operations": ["nor_conv_1x1", "nor_conv_1x1", "nor_conv_1x1", "zeros", "nor_conv_3x3", "nor_conv_1x1"], "init_channel": 16, "blck_len": 5, "params": 0.42834600000000006, "flops": 58.90113, "latency": 0.020613306447079306, "train_per_time": 25.73992641766865, "train_time_200": 5147.98528353373, "train_accuracy_200": 0.9950133333333333, "test_accuracy_200": 0.9141333333333335, "train_time_12": 308.8791170120239, "train_accuracy_12": 0.81104, "test_accuracy_12": 0.7995, "valtest_accuracy_200": 0.6695666666666666, "valtest_accuracy_12": 0.4132, "proxy_losses": [2.265131711959839, 1.9324613809585571, 1.7825462818145752, 1.6861603260040283, 1.6149115562438965, 1.5589898824691772, 1.5121084451675415, 1.4677960872650146, 1.4279779195785522, 1.3940483331680298, 1.3583999872207642, 1.3252506256103516, 1.2937572002410889, 1.2634748220443726, 1.2343113422393799, 1.2117494344711304, 1.1843267679214478, 1.1598546504974365, 1.1385568380355835, 1.11948823928833, 1.0979646444320679, 1.0795555114746094, 1.064953088760376, 1.0419670343399048, 1.0254634618759155, 1.0077446699142456, 0.9975997805595398, 0.984574019908905, 0.9643748998641968, 0.9525737166404724, 0.9427334070205688, 0.9300158023834229, 0.9160029292106628, 0.8987984657287598, 0.8945055603981018, 0.879934549331665, 0.8673317432403564, 0.8549346923828125, 0.8497757911682129, 0.8326370120048523, 0.8237192630767822, 0.8166148662567139, 0.8060036301612854, 0.7918251156806946, 0.7883487343788147, 0.7790799140930176, 0.777722954750061, 0.7688858509063721, 0.7653573155403137, 0.7523711323738098], "landscape_losses": [2.365544319152832, 2.0536816120147705, 1.8356949090957642, 1.6404536962509155, 1.4586083889007568, 1.2821394205093384, 1.1119951009750366, 0.9826570153236389, 0.8641617298126221, 0.791540265083313, 0.7447017431259155], "proxy_train_time": 10.18069085571915, "proxy_train_epochs": 50, "dirty_bit": 1, "landscape_term": 9.209841215106955, "speed_term": 9.108661286259768, "mote": 7.736772274102896}