{"id": 2794, "adj_matrix": [[0, 1, 1, 1], [0, 0, 1, 1], [0, 0, 0, 1], [0, 0, 0, 0]], "operations": ["skip_connect", "nor_conv_3x3", "zeros", "avg_pool_3x3", "avg_pool_3x3", "nor_conv_1x1"], "init_channel": 16, "blck_len": 5, "params": 0.344346, "flops": 47.10465, "latency": 0.015204693141736482, "train_per_time": 18.090762615203857, "train_time_200": 3618.1525230407715, "train_accuracy_200": 0.9716533333333335, "test_accuracy_200": 0.8960666666666667, "train_time_12": 217.0891513824463, "train_accuracy_12": 0.76578, "test_accuracy_12": 0.7467, "valtest_accuracy_200": 0.6287333333333334, "valtest_accuracy_12": 0.3703, "proxy_losses": [3.703286647796631, 2.463571548461914, 2.031008243560791, 1.8261868953704834, 1.7130179405212402, 1.6317180395126343, 1.5751922130584717, 1.5285102128982544, 1.4923585653305054, 1.4599586725234985, 1.4306070804595947, 1.4055705070495605, 1.3794654607772827, 1.3569902181625366, 1.3354954719543457, 1.3144872188568115, 1.2972071170806885, 1.2740877866744995, 1.2564705610275269, 1.2376949787139893, 1.2246315479278564, 1.2109544277191162, 1.1956251859664917, 1.1842900514602661, 1.1732792854309082, 1.1524732112884521, 1.1390368938446045, 1.1232032775878906, 1.1125603914260864, 1.0962351560592651, 1.0877437591552734, 1.0748062133789062, 1.0611302852630615, 1.058013916015625, 1.0490574836730957, 1.0414196252822876, 1.034321665763855, 1.018914818763733, 1.0101455450057983, 1.001238226890564, 0.9840572476387024, 0.978230357170105, 0.9603654146194458, 0.9608414173126221, 0.9482136964797974, 0.9347888827323914, 0.9282423853874207, 0.9194865226745605, 0.9146754145622253, 0.9034423828125], "landscape_losses": [3.8727359771728516, 2.868805170059204, 2.3559772968292236, 2.003504514694214, 1.724366545677185, 1.5054576396942139, 1.3235496282577515, 1.1708239316940308, 1.0437113046646118, 0.9534308314323425, 0.9089630842208862], "proxy_train_time": 6.540251474827528, "proxy_train_epochs": 50, "dirty_bit": 1, "landscape_term": 7.491304440134842, "speed_term": 5.094105278013805, "mote": 5.889896714800361}