{"id": 2869, "adj_matrix": [[0, 1, 1, 1], [0, 0, 1, 1], [0, 0, 0, 1], [0, 0, 0, 0]], "operations": ["nor_conv_1x1", "nor_conv_1x1", "avg_pool_3x3", "avg_pool_3x3", "nor_conv_1x1", "nor_conv_1x1"], "init_channel": 16, "blck_len": 5, "params": 0.185306, "flops": 23.51169, "latency": 0.019206246785950242, "train_per_time": 24.44890526930491, "train_time_200": 4889.781053860982, "train_accuracy_200": 0.9974200000000001, "test_accuracy_200": 0.9055666666666667, "train_time_12": 293.38686323165894, "train_accuracy_12": 0.83744, "test_accuracy_12": 0.8208, "valtest_accuracy_200": 0.6585666666666667, "valtest_accuracy_12": 0.45659999999999995, "proxy_losses": [2.6238839626312256, 2.1662020683288574, 1.9741488695144653, 1.8631818294525146, 1.7884129285812378, 1.7271523475646973, 1.6777499914169312, 1.6389319896697998, 1.601685643196106, 1.5709824562072754, 1.5424002408981323, 1.5184533596038818, 1.4961674213409424, 1.475765585899353, 1.4563796520233154, 1.4359376430511475, 1.4189196825027466, 1.4010193347930908, 1.3831768035888672, 1.3683080673217773, 1.350382924079895, 1.3343151807785034, 1.318069338798523, 1.302718997001648, 1.2874821424484253, 1.2729225158691406, 1.2623872756958008, 1.246567726135254, 1.2318363189697266, 1.2242769002914429, 1.2091758251190186, 1.1997685432434082, 1.187045693397522, 1.1829901933670044, 1.170934796333313, 1.160723090171814, 1.1514887809753418, 1.139662742614746, 1.1309930086135864, 1.1199599504470825, 1.1133699417114258, 1.1010509729385376, 1.0997097492218018, 1.0907741785049438, 1.0766373872756958, 1.066364049911499, 1.0596376657485962, 1.0582373142242432, 1.046158790588379, 1.0419648885726929], "landscape_losses": [2.697683095932007, 2.309591293334961, 2.068145751953125, 1.8685994148254395, 1.6890974044799805, 1.5122326612472534, 1.3629859685897827, 1.2362890243530273, 1.133772611618042, 1.0647084712982178, 1.032781958580017], "proxy_train_time": 8.777069979347289, "proxy_train_epochs": 50, "dirty_bit": 1, "landscape_term": 7.407706182925693, "speed_term": 6.419133820442673, "mote": 6.081385892187787}