{"id": 2883, "adj_matrix": [[0, 1, 1, 1], [0, 0, 1, 1], [0, 0, 0, 1], [0, 0, 0, 0]], "operations": ["avg_pool_3x3", "avg_pool_3x3", "zeros", "nor_conv_3x3", "skip_connect", "avg_pool_3x3"], "init_channel": 16, "blck_len": 5, "params": 0.316346, "flops": 43.17249, "latency": 0.012439292773865816, "train_per_time": 16.251187006632453, "train_time_200": 3250.2374013264903, "train_accuracy_200": 0.9302799999999998, "test_accuracy_200": 0.8737999999999999, "train_time_12": 195.01424407958982, "train_accuracy_12": 0.7326600000000001, "test_accuracy_12": 0.7222, "valtest_accuracy_200": 0.5739333333333334, "valtest_accuracy_12": 0.3224, "proxy_losses": [3.1942989826202393, 2.2661445140838623, 1.9784672260284424, 1.8510640859603882, 1.7684301137924194, 1.7053332328796387, 1.6595327854156494, 1.619310736656189, 1.5882246494293213, 1.5566738843917847, 1.5271871089935303, 1.5028386116027832, 1.4768328666687012, 1.4541432857513428, 1.4360471963882446, 1.4176924228668213, 1.3999285697937012, 1.383973479270935, 1.3705506324768066, 1.3561322689056396, 1.3419570922851562, 1.3266898393630981, 1.3172465562820435, 1.3077198266983032, 1.2924526929855347, 1.283774971961975, 1.2718441486358643, 1.2657743692398071, 1.254281997680664, 1.245743751525879, 1.231391429901123, 1.2210060358047485, 1.211034893989563, 1.206891655921936, 1.1971280574798584, 1.1902663707733154, 1.1930625438690186, 1.179444432258606, 1.1666183471679688, 1.158600926399231, 1.145203948020935, 1.141198754310608, 1.1324255466461182, 1.1221927404403687, 1.112620234489441, 1.1079907417297363, 1.1106194257736206, 1.0985331535339355, 1.0897427797317505, 1.0855534076690674], "landscape_losses": [3.264453887939453, 2.549565076828003, 2.2082862854003906, 1.9490337371826172, 1.737202525138855, 1.5547573566436768, 1.4126914739608765, 1.2968239784240723, 1.2036497592926025, 1.1253669261932373, 1.0822346210479736], "proxy_train_time": 6.173728287220001, "proxy_train_epochs": 50, "dirty_bit": 1, "landscape_term": 7.005696505430253, "speed_term": 4.440137301231529, "mote": 5.427321390357704}