{"id": 2909, "adj_matrix": [[0, 1, 1, 1], [0, 0, 1, 1], [0, 0, 0, 1], [0, 0, 0, 0]], "operations": ["nor_conv_3x3", "avg_pool_3x3", "avg_pool_3x3", "avg_pool_3x3", "nor_conv_1x1", "nor_conv_3x3"], "init_channel": 16, "blck_len": 5, "params": 0.587386, "flops": 82.49409, "latency": 0.017184109018560042, "train_per_time": 25.654843688011166, "train_time_200": 5130.968737602233, "train_accuracy_200": 0.9991333333333334, "test_accuracy_200": 0.9195333333333333, "train_time_12": 307.858124256134, "train_accuracy_12": 0.83966, "test_accuracy_12": 0.8204, "valtest_accuracy_200": 0.6753, "valtest_accuracy_12": 0.4696, "proxy_losses": [2.5071394443511963, 1.8886507749557495, 1.7229135036468506, 1.623872995376587, 1.5520447492599487, 1.4868361949920654, 1.4341052770614624, 1.385115146636963, 1.342231273651123, 1.3001247644424438, 1.2617264986038208, 1.229650616645813, 1.1923198699951172, 1.1682218313217163, 1.134405493736267, 1.1072074174880981, 1.0812034606933594, 1.0566284656524658, 1.0340840816497803, 1.0173413753509521, 1.0062880516052246, 0.9756452441215515, 0.9559727311134338, 0.955802321434021, 0.9439142346382141, 0.9208711981773376, 0.8990917205810547, 0.8870014548301697, 0.8682611584663391, 0.8477608561515808, 0.8435357213020325, 0.838779866695404, 0.8331215977668762, 0.8059495091438293, 0.7912536263465881, 0.7916494011878967, 0.7736622095108032, 0.7607523202896118, 0.7521361112594604, 0.7355291843414307, 0.7328954339027405, 0.730431079864502, 0.7274397611618042, 0.7073757648468018, 0.693838357925415, 0.6887785196304321, 0.6798854470252991, 0.6761729717254639, 0.6651064157485962, 0.6568964719772339], "landscape_losses": [2.6490750312805176, 2.136789560317993, 1.8515973091125488, 1.6215568780899048, 1.4107660055160522, 1.235865831375122, 1.0577064752578735, 0.9204894304275513, 0.7941461205482483, 0.7028646469116211, 0.6600500345230103], "proxy_train_time": 8.61330127902329, "proxy_train_epochs": 50, "dirty_bit": 1, "landscape_term": 9.749051941230142, "speed_term": 8.334653480244315, "mote": 7.967171447066892}