{"id": 2974, "adj_matrix": [[0, 1, 1, 1], [0, 0, 1, 1], [0, 0, 0, 1], [0, 0, 0, 0]], "operations": ["nor_conv_3x3", "skip_connect", "skip_connect", "zeros", "avg_pool_3x3", "skip_connect"], "init_channel": 16, "blck_len": 5, "params": 0.316346, "flops": 43.17249, "latency": 0.01178451745133651, "train_per_time": 12.515574733416235, "train_time_200": 2503.114946683247, "train_accuracy_200": 0.9968100000000001, "test_accuracy_200": 0.9172999999999999, "train_time_12": 150.18689680099487, "train_accuracy_12": 0.8763, "test_accuracy_12": 0.8489, "valtest_accuracy_200": 0.6735, "valtest_accuracy_12": 0.5089, "proxy_losses": [2.6043872833251953, 1.9971110820770264, 1.7905187606811523, 1.6636382341384888, 1.5741585493087769, 1.5109663009643555, 1.4531992673873901, 1.4056698083877563, 1.361140251159668, 1.3228049278259277, 1.2923554182052612, 1.2600990533828735, 1.2337781190872192, 1.212843894958496, 1.191221833229065, 1.173659324645996, 1.1566439867019653, 1.1351587772369385, 1.111683964729309, 1.0984073877334595, 1.0870749950408936, 1.0619078874588013, 1.0531959533691406, 1.0354368686676025, 1.019768476486206, 1.0009732246398926, 0.9887478351593018, 0.9763498306274414, 0.9690073132514954, 0.9581540822982788, 0.9432138800621033, 0.9267622828483582, 0.9187034964561462, 0.9128161072731018, 0.9071517586708069, 0.8956674933433533, 0.8852600455284119, 0.8814380764961243, 0.8784311413764954, 0.8723505139350891, 0.8568149209022522, 0.851158082485199, 0.8477495908737183, 0.8345929980278015, 0.823093831539154, 0.8252814412117004, 0.8165661096572876, 0.8126245141029358, 0.8202143311500549, 0.8110719919204712], "landscape_losses": [2.741107225418091, 2.242927312850952, 1.9588011503219604, 1.7294377088546753, 1.5198476314544678, 1.3607157468795776, 1.2202309370040894, 1.084132194519043, 0.9668915867805481, 0.8744462132453918, 0.8135728240013123], "proxy_train_time": 5.425794570706785, "proxy_train_epochs": 50, "dirty_bit": 1, "landscape_term": 8.441152045418857, "speed_term": 4.842641259820241, "mote": 6.479031858105818}