{"id": 3013, "adj_matrix": [[0, 1, 1, 1], [0, 0, 1, 1], [0, 0, 0, 1], [0, 0, 0, 0]], "operations": ["nor_conv_1x1", "nor_conv_1x1", "avg_pool_3x3", "nor_conv_3x3", "skip_connect", "nor_conv_1x1"], "init_channel": 16, "blck_len": 5, "params": 0.400346, "flops": 54.96897, "latency": 0.017474547812813206, "train_per_time": 23.552138328552246, "train_time_200": 4710.427665710449, "train_accuracy_200": 0.9986400000000001, "test_accuracy_200": 0.9242, "train_time_12": 282.62565994262695, "train_accuracy_12": 0.86494, "test_accuracy_12": 0.8405, "valtest_accuracy_200": 0.6912999999999999, "valtest_accuracy_12": 0.4853, "proxy_losses": [2.488706350326538, 1.994870901107788, 1.8432371616363525, 1.7600669860839844, 1.6973004341125488, 1.6468714475631714, 1.6039149761199951, 1.5638926029205322, 1.528437852859497, 1.4916921854019165, 1.4598970413208008, 1.425213098526001, 1.3941154479980469, 1.3641122579574585, 1.3342984914779663, 1.3072104454040527, 1.2782001495361328, 1.256840705871582, 1.2308671474456787, 1.2112038135528564, 1.187936544418335, 1.168740153312683, 1.1502177715301514, 1.1346303224563599, 1.1194034814834595, 1.10298490524292, 1.0883299112319946, 1.0679891109466553, 1.0549521446228027, 1.0417776107788086, 1.0283395051956177, 1.0139546394348145, 1.0059047937393188, 0.9942055940628052, 0.9793537855148315, 0.9720303416252136, 0.961009681224823, 0.9514328837394714, 0.9452238082885742, 0.9365684390068054, 0.9351200461387634, 0.9167638421058655, 0.9002183675765991, 0.8874651193618774, 0.885378897190094, 0.87917560338974, 0.8762531280517578, 0.8739892840385437, 0.8658480644226074, 0.8504739999771118], "landscape_losses": [2.6170239448547363, 2.2038590908050537, 1.960477590560913, 1.7550991773605347, 1.5609813928604126, 1.379907488822937, 1.2120201587677002, 1.0819990634918213, 0.9785947203636169, 0.8850712776184082, 0.8416652083396912], "proxy_train_time": 9.678312346339226, "proxy_train_epochs": 50, "dirty_bit": 1, "landscape_term": 8.370150866684769, "speed_term": 7.977952070630797, "mote": 6.997722125863255}