{"id": 3032, "adj_matrix": [[0, 1, 1, 1], [0, 0, 1, 1], [0, 0, 0, 1], [0, 0, 0, 0]], "operations": ["nor_conv_1x1", "avg_pool_3x3", "nor_conv_1x1", "avg_pool_3x3", "zeros", "zeros"], "init_channel": 16, "blck_len": 5, "params": 0.129306, "flops": 15.64737, "latency": 0.015963190480282434, "train_per_time": 17.309122244516963, "train_time_200": 3461.8244489033927, "train_accuracy_200": 0.80655, "test_accuracy_200": 0.7570500000000001, "train_time_12": 207.70946693420407, "train_accuracy_12": 0.6150800000000001, "test_accuracy_12": 0.6052000000000001, "valtest_accuracy_200": 0.47165000000000007, "valtest_accuracy_12": 0.3025, "proxy_losses": [2.441624641418457, 2.344857931137085, 2.271190881729126, 2.219437599182129, 2.175126075744629, 2.137061834335327, 2.1041088104248047, 2.0736026763916016, 2.045726776123047, 2.0192816257476807, 1.9959957599639893, 1.9766805171966553, 1.959348440170288, 1.9418429136276245, 1.925999641418457, 1.9106405973434448, 1.8969252109527588, 1.8844839334487915, 1.8731930255889893, 1.862242341041565, 1.8528640270233154, 1.842647671699524, 1.8344695568084717, 1.824155330657959, 1.8163878917694092, 1.8087035417556763, 1.801820158958435, 1.7958191633224487, 1.7893751859664917, 1.7846752405166626, 1.7781801223754883, 1.773118019104004, 1.7684907913208008, 1.7639435529708862, 1.759583830833435, 1.7540571689605713, 1.7495087385177612, 1.7455828189849854, 1.7420554161071777, 1.7384387254714966, 1.7346316576004028, 1.731110692024231, 1.7282464504241943, 1.7244735956192017, 1.7214034795761108, 1.718781590461731, 1.716022253036499, 1.7125226259231567, 1.71024489402771, 1.7068008184432983], "landscape_losses": [2.4601376056671143, 2.345611572265625, 2.2293763160705566, 2.120159387588501, 2.0085270404815674, 1.908823847770691, 1.836045742034912, 1.7812306880950928, 1.742784023284912, 1.7197391986846924, 1.7049107551574707], "proxy_train_time": 7.402833230793476, "proxy_train_epochs": 50, "dirty_bit": 1, "landscape_term": 5.622665454803439, "speed_term": 3.938201523782796, "mote": 4.35990360481347}