{"id": 3057, "adj_matrix": [[0, 1, 1, 1], [0, 0, 1, 1], [0, 0, 0, 1], [0, 0, 0, 0]], "operations": ["zeros", "avg_pool_3x3", "zeros", "nor_conv_3x3", "skip_connect", "avg_pool_3x3"], "init_channel": 16, "blck_len": 5, "params": 0.316346, "flops": 43.17249, "latency": 0.012921145087794253, "train_per_time": 14.711079279581682, "train_time_200": 2942.2158559163363, "train_accuracy_200": 0.9908199999999999, "test_accuracy_200": 0.8994999999999999, "train_time_12": 176.53295135498044, "train_accuracy_12": 0.78192, "test_accuracy_12": 0.7652, "valtest_accuracy_200": 0.6408, "valtest_accuracy_12": 0.39270000000000005, "proxy_losses": [2.3642780780792236, 2.0476489067077637, 1.891821265220642, 1.788338303565979, 1.712721347808838, 1.6542797088623047, 1.6062132120132446, 1.5654505491256714, 1.5300673246383667, 1.4970510005950928, 1.4688400030136108, 1.4438968896865845, 1.4214961528778076, 1.3991854190826416, 1.3703866004943848, 1.3515169620513916, 1.3310728073120117, 1.3122355937957764, 1.2970646619796753, 1.2823632955551147, 1.264175295829773, 1.2415930032730103, 1.2250158786773682, 1.2148141860961914, 1.1946583986282349, 1.178970456123352, 1.1593003273010254, 1.144394040107727, 1.1309700012207031, 1.1179248094558716, 1.1111085414886475, 1.09685218334198, 1.0830073356628418, 1.0795793533325195, 1.071709156036377, 1.0698039531707764, 1.0522915124893188, 1.0393409729003906, 1.0284315347671509, 1.0197070837020874, 1.00422203540802, 0.994281530380249, 0.983723521232605, 0.9740357398986816, 0.9721470475196838, 0.9603089094161987, 0.9602986574172974, 0.9493710994720459, 0.9380753040313721, 0.9258584976196289], "landscape_losses": [2.433562755584717, 2.1470348834991455, 1.9335447549819946, 1.751908779144287, 1.5863914489746094, 1.4321106672286987, 1.2862423658370972, 1.1536933183670044, 1.0434247255325317, 0.9744420051574707, 0.9215349555015564], "proxy_train_time": 6.5917949909344316, "proxy_train_epochs": 50, "dirty_bit": 1, "landscape_term": 8.00729788147685, "speed_term": 5.188600429096187, "mote": 6.25677241315959}