{"id": 31, "adj_matrix": [[0, 1, 1, 1], [0, 0, 1, 1], [0, 0, 0, 1], [0, 0, 0, 0]], "operations": ["skip_connect", "nor_conv_1x1", "zeros", "avg_pool_3x3", "nor_conv_3x3", "avg_pool_3x3"], "init_channel": 16, "blck_len": 5, "params": 0.344346, "flops": 47.10465, "latency": 0.01543368373000831, "train_per_time": 17.86352499326075, "train_time_200": 3572.70499865215, "train_accuracy_200": 0.99574, "test_accuracy_200": 0.9092, "train_time_12": 214.36229991912845, "train_accuracy_12": 0.81616, "test_accuracy_12": 0.8007, "valtest_accuracy_200": 0.6525333333333333, "valtest_accuracy_12": 0.41240000000000004, "proxy_losses": [2.4201879501342773, 2.0019633769989014, 1.8588833808898926, 1.765423059463501, 1.7029227018356323, 1.6509222984313965, 1.6052345037460327, 1.565104603767395, 1.5278851985931396, 1.493865966796875, 1.4616507291793823, 1.4338260889053345, 1.4068082571029663, 1.383501410484314, 1.3609914779663086, 1.3368791341781616, 1.3179492950439453, 1.2931089401245117, 1.2767529487609863, 1.2589346170425415, 1.2425605058670044, 1.2279783487319946, 1.2101751565933228, 1.197553277015686, 1.1853874921798706, 1.1678409576416016, 1.1559592485427856, 1.1415529251098633, 1.1306965351104736, 1.1177656650543213, 1.1086513996124268, 1.0937296152114868, 1.081241488456726, 1.0700236558914185, 1.0660878419876099, 1.0575993061065674, 1.0493241548538208, 1.0411114692687988, 1.0281507968902588, 1.0118457078933716, 1.0040855407714844, 0.9882309436798096, 0.9763579964637756, 0.9765931367874146, 0.9683643579483032, 0.9579579830169678, 0.955791711807251, 0.9474784135818481, 0.9432050585746765, 0.939683198928833], "landscape_losses": [2.5166656970977783, 2.1853342056274414, 1.9881783723831177, 1.8054602146148682, 1.628970742225647, 1.4717003107070923, 1.3026777505874634, 1.1564515829086304, 1.0571038722991943, 0.9620246887207031, 0.9212080240249634], "proxy_train_time": 7.122687396593392, "proxy_train_epochs": 50, "dirty_bit": 1, "landscape_term": 7.9085161770962715, "speed_term": 5.638090288660103, "mote": 6.276453889559845}