{"id": 3117, "adj_matrix": [[0, 1, 1, 1], [0, 0, 1, 1], [0, 0, 0, 1], [0, 0, 0, 0]], "operations": ["nor_conv_1x1", "nor_conv_1x1", "avg_pool_3x3", "nor_conv_1x1", "avg_pool_3x3", "zeros"], "init_channel": 16, "blck_len": 5, "params": 0.157306, "flops": 19.57953, "latency": 0.01750204751366063, "train_per_time": 21.231873671213737, "train_time_200": 4246.374734242748, "train_accuracy_200": 0.9796600000000001, "test_accuracy_200": 0.90275, "train_time_12": 254.7824840545654, "train_accuracy_12": 0.83056, "test_accuracy_12": 0.8107, "valtest_accuracy_200": 0.6488499999999999, "valtest_accuracy_12": 0.4156, "proxy_losses": [2.3317220211029053, 2.0675442218780518, 1.940520167350769, 1.8598642349243164, 1.8043874502182007, 1.7579272985458374, 1.721639633178711, 1.6919105052947998, 1.6639076471328735, 1.638984203338623, 1.6154063940048218, 1.5931628942489624, 1.572972059249878, 1.5539847612380981, 1.5372978448867798, 1.5201219320297241, 1.503654956817627, 1.487659215927124, 1.472915768623352, 1.458553671836853, 1.4418762922286987, 1.4289411306381226, 1.4165501594543457, 1.4028633832931519, 1.386500597000122, 1.3753175735473633, 1.3656089305877686, 1.347989797592163, 1.33803129196167, 1.3264460563659668, 1.3162791728973389, 1.3075306415557861, 1.2944694757461548, 1.2825005054473877, 1.276258945465088, 1.2656677961349487, 1.2550256252288818, 1.249442458152771, 1.2361356019973755, 1.229155421257019, 1.2172037363052368, 1.211579442024231, 1.2019271850585938, 1.195454716682434, 1.1848012208938599, 1.1787734031677246, 1.1753573417663574, 1.1697156429290771, 1.1654481887817383, 1.157080888748169], "landscape_losses": [2.395643711090088, 2.1700055599212646, 2.0014774799346924, 1.846920132637024, 1.6930913925170898, 1.5737344026565552, 1.4456863403320312, 1.339902400970459, 1.2500474452972412, 1.1817024946212769, 1.1461730003356934], "proxy_train_time": 7.90360299218446, "proxy_train_epochs": 50, "dirty_bit": 1, "landscape_term": 7.102103246258034, "speed_term": 5.473858896169977, "mote": 5.698321965012612}