{"id": 3122, "adj_matrix": [[0, 1, 1, 1], [0, 0, 1, 1], [0, 0, 0, 1], [0, 0, 0, 0]], "operations": ["zeros", "zeros", "zeros", "nor_conv_1x1", "zeros", "nor_conv_3x3"], "init_channel": 16, "blck_len": 5, "params": 0.344346, "flops": 47.10465, "latency": 0.015904507093262254, "train_per_time": 14.939808289209974, "train_time_200": 2987.961657841995, "train_accuracy_200": 0.9486866666666667, "test_accuracy_200": 0.8889999999999999, "train_time_12": 179.27769947051993, "train_accuracy_12": 0.8103, "test_accuracy_12": 0.7938, "valtest_accuracy_200": 0.6214666666666667, "valtest_accuracy_12": 0.40380000000000005, "proxy_losses": [2.349989175796509, 2.2031071186065674, 2.0997531414031982, 2.0309841632843018, 1.9799410104751587, 1.938938856124878, 1.9051226377487183, 1.8730276823043823, 1.8439425230026245, 1.817598819732666, 1.7920058965682983, 1.7692418098449707, 1.7471976280212402, 1.7247296571731567, 1.7059816122055054, 1.6867235898971558, 1.6690150499343872, 1.650619387626648, 1.6337443590164185, 1.617669939994812, 1.6032806634902954, 1.5873992443084717, 1.5749824047088623, 1.5608443021774292, 1.5458054542541504, 1.5317747592926025, 1.5198739767074585, 1.5069860219955444, 1.49225914478302, 1.4811279773712158, 1.467381238937378, 1.4563673734664917, 1.4452965259552002, 1.4359790086746216, 1.428750991821289, 1.416803240776062, 1.4040427207946777, 1.393183708190918, 1.3838138580322266, 1.3730309009552002, 1.3598062992095947, 1.351213812828064, 1.342971682548523, 1.3292438983917236, 1.321289300918579, 1.3143295049667358, 1.3038909435272217, 1.295594334602356, 1.2844440937042236, 1.276384711265564], "landscape_losses": [2.3865599632263184, 2.2556395530700684, 2.116687536239624, 1.974507451057434, 1.8379542827606201, 1.7087059020996094, 1.5960767269134521, 1.4833979606628418, 1.3929178714752197, 1.319459319114685, 1.2690097093582153], "proxy_train_time": 7.647157970815897, "proxy_train_epochs": 50, "dirty_bit": 1, "landscape_term": 6.535043363742895, "speed_term": 4.789802572347037, "mote": 5.17468334445245}