{"id": 3134, "adj_matrix": [[0, 1, 1, 1], [0, 0, 1, 1], [0, 0, 0, 1], [0, 0, 0, 0]], "operations": ["nor_conv_1x1", "nor_conv_3x3", "nor_conv_3x3", "nor_conv_1x1", "nor_conv_1x1", "skip_connect"], "init_channel": 16, "blck_len": 5, "params": 0.643386, "flops": 90.35841, "latency": 0.02128081154405025, "train_per_time": 26.54240071773529, "train_time_200": 5308.480143547058, "train_accuracy_200": 0.9990466666666669, "test_accuracy_200": 0.9277666666666665, "train_time_12": 318.5088086128235, "train_accuracy_12": 0.87454, "test_accuracy_12": 0.8501000000000001, "valtest_accuracy_200": 0.6945333333333333, "valtest_accuracy_12": 0.4959, "proxy_losses": [2.308290719985962, 1.8690690994262695, 1.7248820066452026, 1.6346535682678223, 1.563791036605835, 1.5079220533370972, 1.4566267728805542, 1.4183303117752075, 1.3761762380599976, 1.3405073881149292, 1.309996247291565, 1.2754456996917725, 1.2470903396606445, 1.2185642719268799, 1.1921420097351074, 1.1694657802581787, 1.1465191841125488, 1.1240596771240234, 1.1017513275146484, 1.078691840171814, 1.0599812269210815, 1.037923812866211, 1.0214905738830566, 1.008878469467163, 0.9922850728034973, 0.9711089730262756, 0.9572249054908752, 0.94552081823349, 0.9283463954925537, 0.9138752222061157, 0.9104522466659546, 0.8966121077537537, 0.8890783190727234, 0.880115807056427, 0.8745803833007812, 0.8530721664428711, 0.8364349603652954, 0.8217177987098694, 0.8160935640335083, 0.8011524677276611, 0.7962192296981812, 0.7839298248291016, 0.7820945978164673, 0.7771488428115845, 0.7729969024658203, 0.7633479833602905, 0.763587236404419, 0.7528817653656006, 0.7423283457756042, 0.7246074080467224], "landscape_losses": [2.4058637619018555, 2.031860828399658, 1.8007222414016724, 1.5914260149002075, 1.4122974872589111, 1.233871340751648, 1.069766879081726, 0.9602691531181335, 0.8324087858200073, 0.7702532410621643, 0.7303751707077026], "proxy_train_time": 9.678094057366252, "proxy_train_epochs": 50, "dirty_bit": 1, "landscape_term": 9.454958504815313, "speed_term": 8.938180235262724, "mote": 7.871167574731343}