{"id": 3147, "adj_matrix": [[0, 1, 1, 1], [0, 0, 1, 1], [0, 0, 0, 1], [0, 0, 0, 0]], "operations": ["nor_conv_1x1", "nor_conv_1x1", "zeros", "nor_conv_3x3", "nor_conv_3x3", "nor_conv_3x3"], "init_channel": 16, "blck_len": 5, "params": 0.858426, "flops": 121.81569, "latency": 0.021014599423659474, "train_per_time": 27.622817873954773, "train_time_200": 5524.563574790955, "train_accuracy_200": 0.9991800000000001, "test_accuracy_200": 0.9288333333333334, "train_time_12": 331.4738144874573, "train_accuracy_12": 0.8652, "test_accuracy_12": 0.8454, "valtest_accuracy_200": 0.6964333333333333, "valtest_accuracy_12": 0.48460000000000003, "proxy_losses": [2.1429390907287598, 1.7449513673782349, 1.5983238220214844, 1.5004748106002808, 1.4222506284713745, 1.3614808320999146, 1.3070935010910034, 1.2623172998428345, 1.2139846086502075, 1.1803691387176514, 1.1456432342529297, 1.1098848581314087, 1.0839276313781738, 1.0494835376739502, 1.0297983884811401, 1.0049338340759277, 0.985859751701355, 0.9550703167915344, 0.941454291343689, 0.9165880680084229, 0.9015516638755798, 0.8792881965637207, 0.8571248054504395, 0.8408556580543518, 0.8259282112121582, 0.814015805721283, 0.8044068217277527, 0.8028452396392822, 0.7798969745635986, 0.7659662365913391, 0.7523651123046875, 0.7372828125953674, 0.7315170764923096, 0.7255831360816956, 0.7150884866714478, 0.7043617963790894, 0.6927527785301208, 0.6856845617294312, 0.6730620861053467, 0.6658971309661865, 0.6648474335670471, 0.6512491703033447, 0.64407879114151, 0.6400837898254395, 0.628303050994873, 0.6178780198097229, 0.6068864464759827, 0.6070414781570435, 0.6035573482513428, 0.5921558737754822], "landscape_losses": [2.247838258743286, 1.8660396337509155, 1.6293244361877441, 1.4420013427734375, 1.27181077003479, 1.1096210479736328, 0.9759870171546936, 0.8490685820579529, 0.7447371482849121, 0.6405025124549866, 0.5914050936698914], "proxy_train_time": 10.99561402760446, "proxy_train_epochs": 50, "dirty_bit": 1, "landscape_term": 10.772770256724797, "speed_term": 11.805878630346019, "mote": 9.157522220614757}