{"id": 3262, "adj_matrix": [[0, 1, 1, 1], [0, 0, 1, 1], [0, 0, 0, 1], [0, 0, 0, 0]], "operations": ["skip_connect", "avg_pool_3x3", "skip_connect", "zeros", "zeros", "nor_conv_3x3"], "init_channel": 16, "blck_len": 5, "params": 0.316346, "flops": 43.17249, "latency": 0.0124019603980215, "train_per_time": 13.23442236582437, "train_time_200": 2646.884473164874, "train_accuracy_200": 0.9899533333333334, "test_accuracy_200": 0.9088666666666667, "train_time_12": 158.81306838989258, "train_accuracy_12": 0.7490000000000001, "test_accuracy_12": 0.7473000000000001, "valtest_accuracy_200": 0.6541, "valtest_accuracy_12": 0.3504, "proxy_losses": [2.2532057762145996, 2.004096508026123, 1.897736668586731, 1.825116753578186, 1.7636265754699707, 1.7121034860610962, 1.6691710948944092, 1.6317747831344604, 1.5984704494476318, 1.569128394126892, 1.5424549579620361, 1.5173739194869995, 1.4930857419967651, 1.4687327146530151, 1.4454127550125122, 1.4240318536758423, 1.4009674787521362, 1.3757305145263672, 1.3520721197128296, 1.3335363864898682, 1.3119993209838867, 1.2928200960159302, 1.273521900177002, 1.255994439125061, 1.239470362663269, 1.2213029861450195, 1.1970590353012085, 1.1833090782165527, 1.1681932210922241, 1.1552419662475586, 1.1368802785873413, 1.1229417324066162, 1.110306978225708, 1.095335602760315, 1.087435007095337, 1.0699692964553833, 1.0526212453842163, 1.0426527261734009, 1.0312292575836182, 1.0236138105392456, 1.0095829963684082, 1.0056819915771484, 0.9861970543861389, 0.9813876748085022, 0.9732765555381775, 0.9674583077430725, 0.9589803814888, 0.9541385769844055, 0.9404712915420532, 0.9244048595428467], "landscape_losses": [2.3250315189361572, 2.1087167263031006, 1.9553042650222778, 1.8011099100112915, 1.66011643409729, 1.512776255607605, 1.390517234802246, 1.2741934061050415, 1.1379222869873047, 1.0252299308776855, 0.9210905432701111], "proxy_train_time": 6.04556845780462, "proxy_train_epochs": 50, "dirty_bit": 1, "landscape_term": 7.678192248092785, "speed_term": 4.64676940406924, "mote": 5.927201329725793}