{"id": 3273, "adj_matrix": [[0, 1, 1, 1], [0, 0, 1, 1], [0, 0, 0, 1], [0, 0, 0, 0]], "operations": ["avg_pool_3x3", "nor_conv_3x3", "nor_conv_3x3", "skip_connect", "nor_conv_3x3", "skip_connect"], "init_channel": 16, "blck_len": 5, "params": 0.802426, "flops": 113.95137, "latency": 0.016821444034576416, "train_per_time": 22.399988253911364, "train_time_200": 4479.997650782273, "train_accuracy_200": 0.99896, "test_accuracy_200": 0.9231333333333334, "train_time_12": 268.7998590469361, "train_accuracy_12": 0.87188, "test_accuracy_12": 0.8492000000000001, "valtest_accuracy_200": 0.6769666666666666, "valtest_accuracy_12": 0.5172, "proxy_losses": [3.0033416748046875, 1.9439777135849, 1.7457400560379028, 1.6592127084732056, 1.5998103618621826, 1.548447608947754, 1.5073596239089966, 1.4669159650802612, 1.4299397468566895, 1.3944470882415771, 1.3575565814971924, 1.3291752338409424, 1.304465651512146, 1.2725367546081543, 1.2454301118850708, 1.2236915826797485, 1.2015575170516968, 1.178707480430603, 1.1589927673339844, 1.1382468938827515, 1.1329399347305298, 1.112825632095337, 1.0877262353897095, 1.0693436861038208, 1.0583560466766357, 1.045852541923523, 1.0280638933181763, 1.0159189701080322, 1.0031028985977173, 0.9952452182769775, 0.9865738153457642, 0.973733127117157, 0.962234377861023, 0.9440266489982605, 0.9326962828636169, 0.9177521467208862, 0.9170123338699341, 0.8998602628707886, 0.8939670920372009, 0.8884918689727783, 0.8756552934646606, 0.8668962121009827, 0.8621722459793091, 0.8420237302780151, 0.8388893604278564, 0.8378356695175171, 0.8368056416511536, 0.8211418986320496, 0.8247471451759338, 0.8076164722442627], "landscape_losses": [3.1736021041870117, 2.318021059036255, 1.9430075883865356, 1.6863120794296265, 1.4767253398895264, 1.320283055305481, 1.1445329189300537, 1.021187663078308, 0.9104416966438293, 0.8286022543907166, 0.8018139600753784], "proxy_train_time": 8.31070695258677, "proxy_train_epochs": 50, "dirty_bit": 1, "landscape_term": 8.694127764698331, "speed_term": 7.165754178812795, "mote": 7.076669207786309}