{"id": 3410, "adj_matrix": [[0, 1, 1, 1], [0, 0, 1, 1], [0, 0, 0, 1], [0, 0, 0, 0]], "operations": ["avg_pool_3x3", "zeros", "zeros", "avg_pool_3x3", "nor_conv_1x1", "nor_conv_3x3"], "init_channel": 16, "blck_len": 5, "params": 0.344346, "flops": 47.10465, "latency": 0.016175395564029093, "train_per_time": 18.89666767915095, "train_time_200": 3779.3335358301906, "train_accuracy_200": 0.92231, "test_accuracy_200": 0.8269, "train_time_12": 226.76001214981082, "train_accuracy_12": 0.68782, "test_accuracy_12": 0.6815000000000001, "valtest_accuracy_200": 0.54765, "valtest_accuracy_12": 0.319, "proxy_losses": [2.5643441677093506, 2.261906147003174, 2.1010971069335938, 1.9946653842926025, 1.9270325899124146, 1.8836116790771484, 1.8469232320785522, 1.8160786628723145, 1.7885218858718872, 1.7594159841537476, 1.7335034608840942, 1.7082948684692383, 1.6880674362182617, 1.6682302951812744, 1.6510578393936157, 1.635159969329834, 1.6205463409423828, 1.6064305305480957, 1.5941740274429321, 1.5818452835083008, 1.5706346035003662, 1.55892014503479, 1.5501044988632202, 1.5389376878738403, 1.5300168991088867, 1.5206010341644287, 1.5120518207550049, 1.5015249252319336, 1.4939794540405273, 1.4835691452026367, 1.4760277271270752, 1.4670127630233765, 1.457682728767395, 1.447562575340271, 1.4387260675430298, 1.4271771907806396, 1.4172694683074951, 1.410231113433838, 1.401434063911438, 1.3967617750167847, 1.3825201988220215, 1.3744171857833862, 1.3674190044403076, 1.357475757598877, 1.3475593328475952, 1.3389971256256104, 1.3311349153518677, 1.321211576461792, 1.311877965927124, 1.305627703666687], "landscape_losses": [2.612678050994873, 2.3579578399658203, 2.171790361404419, 2.0140018463134766, 1.879638433456421, 1.7504545450210571, 1.6343618631362915, 1.527915596961975, 1.4322534799575806, 1.3463449478149414, 1.3012546300888062], "proxy_train_time": 7.666701619513333, "proxy_train_epochs": 50, "dirty_bit": 1, "landscape_term": 6.342902950572954, "speed_term": 4.823683198176067, "mote": 5.04833416797924}