{"id": 3425, "adj_matrix": [[0, 1, 1, 1], [0, 0, 1, 1], [0, 0, 0, 1], [0, 0, 0, 0]], "operations": ["skip_connect", "skip_connect", "skip_connect", "skip_connect", "avg_pool_3x3", "zeros"], "init_channel": 16, "blck_len": 5, "params": 0.073306, "flops": 7.78305, "latency": 0.009125576207512304, "train_per_time": 7.318034013112374, "train_time_200": 1463.6068026224748, "train_accuracy_200": 0.8188900000000001, "test_accuracy_200": 0.79665, "train_time_12": 87.81640815734862, "train_accuracy_12": 0.6196200000000001, "test_accuracy_12": 0.6171, "valtest_accuracy_200": 0.50265, "valtest_accuracy_12": 0.2594, "proxy_losses": [4.0262932777404785, 3.253098964691162, 2.794288396835327, 2.48457932472229, 2.295278549194336, 2.1596012115478516, 2.0530872344970703, 1.9841225147247314, 1.934766411781311, 1.8941534757614136, 1.8634400367736816, 1.8354142904281616, 1.8160786628723145, 1.7993402481079102, 1.7819271087646484, 1.767780065536499, 1.7555959224700928, 1.7453585863113403, 1.7327905893325806, 1.722988486289978, 1.7136465311050415, 1.7029211521148682, 1.6941603422164917, 1.6864193677902222, 1.674889087677002, 1.667324185371399, 1.6582757234573364, 1.6508467197418213, 1.6450984477996826, 1.6371128559112549, 1.6304773092269897, 1.6227761507034302, 1.6172511577606201, 1.612450361251831, 1.6088151931762695, 1.6042324304580688, 1.6005481481552124, 1.5991395711898804, 1.5951753854751587, 1.5879147052764893, 1.5849096775054932, 1.5822378396987915, 1.5803344249725342, 1.5754368305206299, 1.5722334384918213, 1.5700275897979736, 1.5657204389572144, 1.564082384109497, 1.5604608058929443, 1.5578815937042236], "landscape_losses": [4.1160569190979, 3.462798833847046, 3.0326106548309326, 2.675413131713867, 2.3744585514068604, 2.1275315284729004, 1.9084683656692505, 1.7493048906326294, 1.6371326446533203, 1.5782088041305542, 1.5580308437347412], "proxy_train_time": 3.7106767734512687, "proxy_train_epochs": 50, "dirty_bit": 1, "landscape_term": 5.1083601942840255, "speed_term": 2.033854177083576, "mote": 3.531764112772544}