{"id": 344, "adj_matrix": [[0, 1, 1, 1], [0, 0, 1, 1], [0, 0, 0, 1], [0, 0, 0, 0]], "operations": ["nor_conv_3x3", "nor_conv_3x3", "skip_connect", "zeros", "nor_conv_3x3", "zeros"], "init_channel": 16, "blck_len": 5, "params": 0.802426, "flops": 113.95137, "latency": 0.01796931655783402, "train_per_time": 20.744568943977356, "train_time_200": 4148.913788795471, "train_accuracy_200": 0.9957533333333334, "test_accuracy_200": 0.9119999999999999, "train_time_12": 248.93482732772827, "train_accuracy_12": 0.7539, "test_accuracy_12": 0.7502, "valtest_accuracy_200": 0.6372666666666666, "valtest_accuracy_12": 0.3274, "proxy_losses": [2.230449914932251, 1.9179158210754395, 1.7882379293441772, 1.693527102470398, 1.616272211074829, 1.5497225522994995, 1.5008721351623535, 1.4511126279830933, 1.4034976959228516, 1.3627547025680542, 1.3205187320709229, 1.2857671976089478, 1.2434873580932617, 1.212721347808838, 1.1786863803863525, 1.146053671836853, 1.114009141921997, 1.091728925704956, 1.056243658065796, 1.03701913356781, 1.0133967399597168, 0.9978360533714294, 0.959164559841156, 0.9427058696746826, 0.9289937615394592, 0.9026405215263367, 0.894016683101654, 0.8940524458885193, 0.8766970634460449, 0.8450366258621216, 0.8230913877487183, 0.8129294514656067, 0.7955034971237183, 0.7880104184150696, 0.7800024151802063, 0.7674248218536377, 0.7457001209259033, 0.738853394985199, 0.7241523265838623, 0.7192907929420471, 0.7044678926467896, 0.7014031410217285, 0.6814660429954529, 0.6694573163986206, 0.664351224899292, 0.6553215980529785, 0.6514794826507568, 0.6423999071121216, 0.6565031409263611, 0.6418899297714233], "landscape_losses": [2.3315703868865967, 2.0316295623779297, 1.7944191694259644, 1.578217625617981, 1.3776222467422485, 1.197142243385315, 1.0235226154327393, 0.8760655522346497, 0.7559093236923218, 0.6884551048278809, 0.6355023384094238], "proxy_train_time": 9.219642310403287, "proxy_train_epochs": 50, "dirty_bit": 1, "landscape_term": 10.140712725734502, "speed_term": 8.896033631479174, "mote": 8.312576971685225}