{"id": 3442, "adj_matrix": [[0, 1, 1, 1], [0, 0, 1, 1], [0, 0, 0, 1], [0, 0, 0, 0]], "operations": ["zeros", "zeros", "avg_pool_3x3", "skip_connect", "skip_connect", "avg_pool_3x3"], "init_channel": 16, "blck_len": 5, "params": 0.073306, "flops": 7.78305, "latency": 0.00997022264882138, "train_per_time": 9.626717487971014, "train_time_200": 1925.343497594203, "train_accuracy_200": 0.8997700000000001, "test_accuracy_200": 0.86565, "train_time_12": 115.52060985565187, "train_accuracy_12": 0.79522, "test_accuracy_12": 0.7851, "valtest_accuracy_200": 0.57785, "valtest_accuracy_12": 0.44179999999999997, "proxy_losses": [2.306011438369751, 2.2122347354888916, 2.1476917266845703, 2.1052770614624023, 2.0733399391174316, 2.0464749336242676, 2.02081298828125, 1.9977867603302002, 1.9768527746200562, 1.9555792808532715, 1.9358659982681274, 1.916600227355957, 1.8993945121765137, 1.8832062482833862, 1.870199203491211, 1.8592945337295532, 1.8486839532852173, 1.8388566970825195, 1.8308384418487549, 1.8217302560806274, 1.8129751682281494, 1.8046663999557495, 1.797897458076477, 1.7911796569824219, 1.7841777801513672, 1.7771365642547607, 1.7717453241348267, 1.764237880706787, 1.7572581768035889, 1.7511745691299438, 1.7438876628875732, 1.7385785579681396, 1.7339738607406616, 1.72879159450531, 1.7240626811981201, 1.7196425199508667, 1.7153393030166626, 1.7102138996124268, 1.70576012134552, 1.7010562419891357, 1.6981849670410156, 1.694589614868164, 1.6913982629776, 1.6870465278625488, 1.6834605932235718, 1.6799184083938599, 1.6765671968460083, 1.6718767881393433, 1.6695259809494019, 1.6666855812072754], "landscape_losses": [2.3224024772644043, 2.211984872817993, 2.1150360107421875, 2.0186591148376465, 1.9346978664398193, 1.860835313796997, 1.7992852926254272, 1.7473827600479126, 1.7090505361557007, 1.6819955110549927, 1.6640563011169434], "proxy_train_time": 4.755059615708888, "proxy_train_epochs": 50, "dirty_bit": 1, "landscape_term": 5.813778423218837, "speed_term": 2.60124348323992, "mote": 4.182678621590022}