{"id": 347, "adj_matrix": [[0, 1, 1, 1], [0, 0, 1, 1], [0, 0, 0, 1], [0, 0, 0, 0]], "operations": ["zeros", "nor_conv_1x1", "nor_conv_3x3", "nor_conv_1x1", "avg_pool_3x3", "skip_connect"], "init_channel": 16, "blck_len": 5, "params": 0.372346, "flops": 51.03681, "latency": 0.018045017593785337, "train_per_time": 20.235896269480328, "train_time_200": 4047.179253896066, "train_accuracy_200": 0.9523599999999999, "test_accuracy_200": 0.8896000000000001, "train_time_12": 242.83075523376462, "train_accuracy_12": 0.8030200000000001, "test_accuracy_12": 0.7848999999999999, "valtest_accuracy_200": 0.62465, "valtest_accuracy_12": 0.40259999999999996, "proxy_losses": [2.52899169921875, 2.2277913093566895, 2.0478322505950928, 1.9449175596237183, 1.8689626455307007, 1.8075906038284302, 1.7601324319839478, 1.718554139137268, 1.6841185092926025, 1.653538703918457, 1.626060962677002, 1.6026034355163574, 1.5811060667037964, 1.5602222681045532, 1.5403528213500977, 1.524179458618164, 1.5070561170578003, 1.492235779762268, 1.4771885871887207, 1.464387059211731, 1.4496757984161377, 1.4371968507766724, 1.4258381128311157, 1.41630220413208, 1.4030342102050781, 1.391021490097046, 1.3786299228668213, 1.3679723739624023, 1.355649709701538, 1.3457927703857422, 1.3361856937408447, 1.3259339332580566, 1.3151906728744507, 1.308020830154419, 1.3017499446868896, 1.2912265062332153, 1.284193754196167, 1.2731951475143433, 1.2652109861373901, 1.2586696147918701, 1.249977707862854, 1.240987777709961, 1.239613652229309, 1.229739785194397, 1.219042181968689, 1.213512659072876, 1.2041957378387451, 1.1994816064834595, 1.1954905986785889, 1.1867427825927734], "landscape_losses": [2.5924570560455322, 2.327662706375122, 2.115112781524658, 1.9151873588562012, 1.7472453117370605, 1.606505274772644, 1.4784026145935059, 1.3813740015029907, 1.2837445735931396, 1.212432861328125, 1.1846646070480347], "proxy_train_time": 8.012781233526766, "proxy_train_epochs": 50, "dirty_bit": 1, "landscape_term": 6.853281270820589, "speed_term": 5.434066833691086, "mote": 5.520228233441879}