{"id": 3578, "adj_matrix": [[0, 1, 1, 1], [0, 0, 1, 1], [0, 0, 0, 1], [0, 0, 0, 0]], "operations": ["skip_connect", "nor_conv_1x1", "zeros", "nor_conv_3x3", "nor_conv_1x1", "nor_conv_3x3"], "init_channel": 16, "blck_len": 5, "params": 0.615386, "flops": 86.42625, "latency": 0.0200245223547283, "train_per_time": 22.77861726284027, "train_time_200": 4555.723452568054, "train_accuracy_200": 0.9990133333333334, "test_accuracy_200": 0.9283666666666666, "train_time_12": 273.34340715408325, "train_accuracy_12": 0.878, "test_accuracy_12": 0.8518000000000001, "valtest_accuracy_200": 0.698, "valtest_accuracy_12": 0.5005, "proxy_losses": [2.573275327682495, 1.9829704761505127, 1.795800805091858, 1.678072214126587, 1.5940489768981934, 1.5264661312103271, 1.4706779718399048, 1.4216279983520508, 1.3796838521957397, 1.344470739364624, 1.3114961385726929, 1.2791075706481934, 1.252333164215088, 1.2230701446533203, 1.1990197896957397, 1.1780359745025635, 1.152899980545044, 1.1261368989944458, 1.110106110572815, 1.0871244668960571, 1.0747425556182861, 1.0469330549240112, 1.0309200286865234, 1.0120792388916016, 0.9929577112197876, 0.9772061705589294, 0.9653225541114807, 0.9462146759033203, 0.9284098744392395, 0.9171737432479858, 0.9022406339645386, 0.897780179977417, 0.8788080215454102, 0.8683098554611206, 0.8533489108085632, 0.8446580171585083, 0.8327020406723022, 0.8220798969268799, 0.8111720085144043, 0.8046556115150452, 0.8013436198234558, 0.7931883931159973, 0.784111499786377, 0.7713598608970642, 0.7621040344238281, 0.7527176737785339, 0.7423869967460632, 0.733718752861023, 0.723822295665741, 0.7248898148536682], "landscape_losses": [2.6855785846710205, 2.173020362854004, 1.8947609663009644, 1.6584851741790771, 1.4734690189361572, 1.3133364915847778, 1.142762541770935, 1.0180529356002808, 0.8782490491867065, 0.7718855738639832, 0.7236012816429138], "proxy_train_time": 9.229831418953836, "proxy_train_epochs": 50, "dirty_bit": 1, "landscape_term": 9.076843324432566, "speed_term": 8.43927669596675, "mote": 7.5424216479939155}