{"id": 3617, "adj_matrix": [[0, 1, 1, 1], [0, 0, 1, 1], [0, 0, 0, 1], [0, 0, 0, 0]], "operations": ["skip_connect", "skip_connect", "nor_conv_1x1", "nor_conv_1x1", "nor_conv_1x1", "nor_conv_3x3"], "init_channel": 16, "blck_len": 5, "params": 0.40034600000000004, "flops": 54.96896999999999, "latency": 0.019002563075015418, "train_per_time": 21.60980967680609, "train_time_200": 4321.961935361218, "train_accuracy_200": 0.9980933333333333, "test_accuracy_200": 0.9255, "train_time_12": 259.3177161216735, "train_accuracy_12": 0.87818, "test_accuracy_12": 0.8554, "valtest_accuracy_200": 0.687, "valtest_accuracy_12": 0.5158, "proxy_losses": [2.285933494567871, 1.8976263999938965, 1.7672797441482544, 1.6791144609451294, 1.6146612167358398, 1.560843586921692, 1.5142961740493774, 1.4733214378356934, 1.4306432008743286, 1.3972134590148926, 1.3635039329528809, 1.3351647853851318, 1.3053679466247559, 1.2773489952087402, 1.250590443611145, 1.2266600131988525, 1.2084089517593384, 1.1817556619644165, 1.1632130146026611, 1.1405842304229736, 1.1221356391906738, 1.1025155782699585, 1.0932612419128418, 1.078060507774353, 1.0563867092132568, 1.046280860900879, 1.0350841283798218, 1.0249968767166138, 1.0038260221481323, 0.9920909404754639, 0.9775742292404175, 0.9661062359809875, 0.9534080028533936, 0.9400954842567444, 0.9329488277435303, 0.9200822114944458, 0.9092692136764526, 0.903479278087616, 0.8914735317230225, 0.8766972422599792, 0.8683534860610962, 0.8597928881645203, 0.8465002179145813, 0.8394026160240173, 0.8411111235618591, 0.8257592916488647, 0.8116586804389954, 0.8041332960128784, 0.7947166562080383, 0.7922335863113403], "landscape_losses": [2.3848321437835693, 2.0473172664642334, 1.8200937509536743, 1.6317493915557861, 1.4510340690612793, 1.2858006954193115, 1.1349495649337769, 1.0221296548843384, 0.9257737398147583, 0.8377300500869751, 0.7854644060134888], "proxy_train_time": 8.186348502524197, "proxy_train_epochs": 50, "dirty_bit": 1, "landscape_term": 8.94336900655284, "speed_term": 7.1580307127933125, "mote": 7.240610528765604}