{"id": 3634, "adj_matrix": [[0, 1, 1, 1], [0, 0, 1, 1], [0, 0, 0, 1], [0, 0, 0, 0]], "operations": ["skip_connect", "avg_pool_3x3", "zeros", "avg_pool_3x3", "nor_conv_1x1", "skip_connect"], "init_channel": 16, "blck_len": 5, "params": 0.101306, "flops": 11.71521, "latency": 0.012523051939512553, "train_per_time": 13.084246317545565, "train_time_200": 2616.849263509113, "train_accuracy_200": 0.9088400000000001, "test_accuracy_200": 0.8633666666666666, "train_time_12": 157.01095581054688, "train_accuracy_12": 0.71592, "test_accuracy_12": 0.7044, "valtest_accuracy_200": 0.5406666666666666, "valtest_accuracy_12": 0.3151, "proxy_losses": [4.060787677764893, 3.040003538131714, 2.5558438301086426, 2.268528938293457, 2.123605966567993, 2.010800361633301, 1.9244555234909058, 1.8671648502349854, 1.8259824514389038, 1.7897909879684448, 1.7625925540924072, 1.7377558946609497, 1.7166978120803833, 1.6986579895019531, 1.681401014328003, 1.6654107570648193, 1.6518394947052002, 1.6370619535446167, 1.6246190071105957, 1.6124216318130493, 1.6009628772735596, 1.5891380310058594, 1.578681468963623, 1.5665355920791626, 1.556457281112671, 1.5455189943313599, 1.5359984636306763, 1.5255621671676636, 1.5150142908096313, 1.5068291425704956, 1.4985084533691406, 1.4894819259643555, 1.4808903932571411, 1.472061276435852, 1.464177131652832, 1.4552301168441772, 1.4473776817321777, 1.4399664402008057, 1.4306968450546265, 1.4234648942947388, 1.4188958406448364, 1.406848669052124, 1.3983584642410278, 1.3932353258132935, 1.3865015506744385, 1.3807817697525024, 1.3746447563171387, 1.3699079751968384, 1.3628783226013184, 1.3587019443511963], "landscape_losses": [4.13335657119751, 3.31211256980896, 2.8419225215911865, 2.430370569229126, 2.1176257133483887, 1.8765746355056763, 1.6867843866348267, 1.540137529373169, 1.4486685991287231, 1.3883466720581055, 1.3576552867889404], "proxy_train_time": 5.1710515869781375, "proxy_train_epochs": 50, "dirty_bit": 1, "landscape_term": 5.701574239991192, "speed_term": 3.069648306032433, "mote": 4.218733872229029}