{"id": 3709, "adj_matrix": [[0, 1, 1, 1], [0, 0, 1, 1], [0, 0, 0, 1], [0, 0, 0, 0]], "operations": ["avg_pool_3x3", "zeros", "nor_conv_1x1", "avg_pool_3x3", "zeros", "nor_conv_3x3"], "init_channel": 16, "blck_len": 5, "params": 0.344346, "flops": 47.10465, "latency": 0.016285551221747147, "train_per_time": 18.84989356994629, "train_time_200": 3769.978713989258, "train_accuracy_200": 0.9860099999999999, "test_accuracy_200": 0.8517500000000001, "train_time_12": 226.19872283935547, "train_accuracy_12": 0.72036, "test_accuracy_12": 0.7092, "valtest_accuracy_200": 0.5686, "valtest_accuracy_12": 0.3674, "proxy_losses": [2.3828539848327637, 1.9627089500427246, 1.8157166242599487, 1.7309041023254395, 1.6703886985778809, 1.6170798540115356, 1.5717411041259766, 1.5333236455917358, 1.4949413537979126, 1.4678542613983154, 1.436447024345398, 1.4060020446777344, 1.3781204223632812, 1.3563389778137207, 1.331801414489746, 1.3135145902633667, 1.2863799333572388, 1.2637825012207031, 1.2461953163146973, 1.2218153476715088, 1.2034499645233154, 1.1864224672317505, 1.1678155660629272, 1.150862455368042, 1.1375596523284912, 1.1225898265838623, 1.1146831512451172, 1.102595329284668, 1.0846301317214966, 1.068533182144165, 1.0540251731872559, 1.0368168354034424, 1.031108021736145, 1.0300571918487549, 1.0211213827133179, 1.0114914178848267, 1.002981185913086, 0.9988448023796082, 0.9954758882522583, 0.9855758547782898, 0.968421459197998, 0.9534879922866821, 0.945759654045105, 0.9394224882125854, 0.93179851770401, 0.9290356636047363, 0.9253923892974854, 0.9146966934204102, 0.9069392681121826, 0.8948047161102295], "landscape_losses": [2.4752237796783447, 2.1168460845947266, 1.9038376808166504, 1.7125238180160522, 1.5402841567993164, 1.3684923648834229, 1.2152782678604126, 1.0816595554351807, 0.9890473484992981, 0.9212673902511597, 0.8959393501281738], "proxy_train_time": 7.717856740579009, "proxy_train_epochs": 50, "dirty_bit": 1, "landscape_term": 8.325599361887237, "speed_term": 6.294709892897835, "mote": 6.677486548171897}