{"id": 3767, "adj_matrix": [[0, 1, 1, 1], [0, 0, 1, 1], [0, 0, 0, 1], [0, 0, 0, 0]], "operations": ["nor_conv_3x3", "nor_conv_1x1", "nor_conv_1x1", "nor_conv_3x3", "nor_conv_3x3", "nor_conv_3x3"], "init_channel": 16, "blck_len": 5, "params": 1.101466, "flops": 157.20513, "latency": 0.024053633213043213, "train_per_time": 33.01717396577192, "train_time_200": 6603.434793154383, "train_accuracy_200": 0.99965, "test_accuracy_200": 0.9317, "train_time_12": 396.20608758926386, "train_accuracy_12": 0.85554, "test_accuracy_12": 0.8337, "valtest_accuracy_200": 0.7021000000000001, "valtest_accuracy_12": 0.4607, "proxy_losses": [2.303987979888916, 1.7813689708709717, 1.6212598085403442, 1.5265529155731201, 1.4535411596298218, 1.389906644821167, 1.335428237915039, 1.279113531112671, 1.2343498468399048, 1.1892151832580566, 1.1424963474273682, 1.1017488241195679, 1.0752209424972534, 1.0374780893325806, 0.9988853335380554, 0.970329761505127, 0.9473070502281189, 0.9198366403579712, 0.8915648460388184, 0.8673431873321533, 0.8479965925216675, 0.8293911814689636, 0.8079200387001038, 0.7867751717567444, 0.77065110206604, 0.759044885635376, 0.7377592325210571, 0.7277193069458008, 0.7129774689674377, 0.7016492486000061, 0.6851276159286499, 0.669200599193573, 0.6579226851463318, 0.6378517150878906, 0.6260828971862793, 0.6217737197875977, 0.6046189665794373, 0.6041874885559082, 0.5881673693656921, 0.5867498517036438, 0.5793270468711853, 0.572187066078186, 0.5601287484169006, 0.5544295907020569, 0.5475989580154419, 0.5336920619010925, 0.5269193053245544, 0.5113986134529114, 0.5023605823516846, 0.4962141513824463], "landscape_losses": [2.447378396987915, 1.9773318767547607, 1.700433373451233, 1.4762383699417114, 1.2433910369873047, 1.0552020072937012, 0.8815423846244812, 0.7268397212028503, 0.6106209754943848, 0.5234649181365967, 0.4933903217315674], "proxy_train_time": 12.202150614000857, "proxy_train_epochs": 50, "dirty_bit": 1, "landscape_term": 12.016765551656086, "speed_term": 13.736594556380728, "mote": 10.219803528763324}