{"id": 3796, "adj_matrix": [[0, 1, 1, 1], [0, 0, 1, 1], [0, 0, 0, 1], [0, 0, 0, 0]], "operations": ["avg_pool_3x3", "avg_pool_3x3", "zeros", "skip_connect", "nor_conv_3x3", "skip_connect"], "init_channel": 16, "blck_len": 5, "params": 0.316346, "flops": 43.17249, "latency": 0.012794137001037598, "train_per_time": 14.824726025263441, "train_time_200": 2964.9452050526884, "train_accuracy_200": 0.9226800000000001, "test_accuracy_200": 0.8654999999999999, "train_time_12": 177.89671230316162, "train_accuracy_12": 0.70116, "test_accuracy_12": 0.6994, "valtest_accuracy_200": 0.5753, "valtest_accuracy_12": 0.3172, "proxy_losses": [3.4942336082458496, 2.173532724380493, 1.8796237707138062, 1.7779195308685303, 1.7160577774047852, 1.6708718538284302, 1.6345309019088745, 1.5993925333023071, 1.5750705003738403, 1.5497429370880127, 1.5281230211257935, 1.5066661834716797, 1.4878236055374146, 1.4664345979690552, 1.449171543121338, 1.4299172163009644, 1.4120961427688599, 1.3963452577590942, 1.3817269802093506, 1.3662328720092773, 1.3524988889694214, 1.3435221910476685, 1.3255672454833984, 1.3148365020751953, 1.3003093004226685, 1.2884401082992554, 1.2745376825332642, 1.262465476989746, 1.2514731884002686, 1.2449593544006348, 1.2374582290649414, 1.2231138944625854, 1.2165238857269287, 1.2138677835464478, 1.2051265239715576, 1.1970220804214478, 1.18314790725708, 1.175916075706482, 1.1640069484710693, 1.1594395637512207, 1.1502126455307007, 1.1445069313049316, 1.1318975687026978, 1.1296982765197754, 1.12742280960083, 1.1138988733291626, 1.1097427606582642, 1.1026370525360107, 1.0950191020965576, 1.0966342687606812], "landscape_losses": [3.610166072845459, 2.637611150741577, 2.2248682975769043, 1.9413373470306396, 1.7346166372299194, 1.5374183654785156, 1.4103602170944214, 1.2861995697021484, 1.1911120414733887, 1.1161653995513916, 1.0835742950439453], "proxy_train_time": 5.714779818430543, "proxy_train_epochs": 50, "dirty_bit": 1, "landscape_term": 6.9925082786610755, "speed_term": 4.103592954903173, "mote": 5.347678370955179}