{"id": 3799, "adj_matrix": [[0, 1, 1, 1], [0, 0, 1, 1], [0, 0, 0, 1], [0, 0, 0, 0]], "operations": ["nor_conv_1x1", "avg_pool_3x3", "zeros", "skip_connect", "avg_pool_3x3", "skip_connect"], "init_channel": 16, "blck_len": 5, "params": 0.101306, "flops": 11.71521, "latency": 0.01236836220088758, "train_per_time": 13.090094327926636, "train_time_200": 2618.018865585327, "train_accuracy_200": 0.9158700000000001, "test_accuracy_200": 0.8695, "train_time_12": 157.08113193511963, "train_accuracy_12": 0.71992, "test_accuracy_12": 0.7092, "valtest_accuracy_200": 0.54015, "valtest_accuracy_12": 0.31829999999999997, "proxy_losses": [3.8299598693847656, 2.9624173641204834, 2.518272638320923, 2.286029577255249, 2.1569905281066895, 2.042451858520508, 1.9576904773712158, 1.8887912034988403, 1.8411394357681274, 1.801330804824829, 1.771958827972412, 1.7469351291656494, 1.7267961502075195, 1.708004355430603, 1.6913189888000488, 1.6762232780456543, 1.662083625793457, 1.6489337682724, 1.6363139152526855, 1.6244343519210815, 1.612510323524475, 1.6001077890396118, 1.588366985321045, 1.5775622129440308, 1.5679314136505127, 1.5554625988006592, 1.546449899673462, 1.5370383262634277, 1.524572491645813, 1.5169403553009033, 1.5060518980026245, 1.4953194856643677, 1.4871668815612793, 1.4772566556930542, 1.4678471088409424, 1.461089015007019, 1.451240062713623, 1.4413224458694458, 1.433963418006897, 1.4280349016189575, 1.4201468229293823, 1.41388738155365, 1.4079337120056152, 1.3992419242858887, 1.3915618658065796, 1.3835314512252808, 1.3789585828781128, 1.3750280141830444, 1.368376612663269, 1.3603579998016357], "landscape_losses": [3.9004247188568115, 3.1293258666992188, 2.666120767593384, 2.3335347175598145, 2.072005271911621, 1.8751808404922485, 1.7150273323059082, 1.5707253217697144, 1.4709913730621338, 1.3980728387832642, 1.3594831228256226], "proxy_train_time": 5.484590076841414, "proxy_train_epochs": 50, "dirty_bit": 1, "landscape_term": 5.745844628828871, "speed_term": 3.2509622120171997, "mote": 4.292613894532498}