{"id": 3884, "adj_matrix": [[0, 1, 1, 1], [0, 0, 1, 1], [0, 0, 0, 1], [0, 0, 0, 0]], "operations": ["zeros", "avg_pool_3x3", "skip_connect", "nor_conv_3x3", "skip_connect", "nor_conv_1x1"], "init_channel": 16, "blck_len": 5, "params": 0.344346, "flops": 47.10465, "latency": 0.015080911025666353, "train_per_time": 16.717310349146484, "train_time_200": 3343.462069829297, "train_accuracy_200": 0.9969666666666668, "test_accuracy_200": 0.9195666666666666, "train_time_12": 200.60772418975827, "train_accuracy_12": 0.79778, "test_accuracy_12": 0.7831, "valtest_accuracy_200": 0.6724666666666667, "valtest_accuracy_12": 0.41369999999999996, "proxy_losses": [2.206848382949829, 1.8636267185211182, 1.737795352935791, 1.6619607210159302, 1.6086995601654053, 1.5562827587127686, 1.5113608837127686, 1.4700541496276855, 1.4318894147872925, 1.396897792816162, 1.3661766052246094, 1.337393879890442, 1.305406093597412, 1.2875640392303467, 1.264329433441162, 1.2459148168563843, 1.2245073318481445, 1.2121517658233643, 1.197567105293274, 1.1757218837738037, 1.168458342552185, 1.1464111804962158, 1.1281850337982178, 1.1144049167633057, 1.098281979560852, 1.0869736671447754, 1.076094388961792, 1.0603097677230835, 1.043190360069275, 1.032610297203064, 1.020694375038147, 1.002303123474121, 0.9910605549812317, 0.9843921661376953, 0.972815752029419, 0.9627376794815063, 0.9527762532234192, 0.9410532116889954, 0.9332218766212463, 0.9223963022232056, 0.9107972383499146, 0.8959638476371765, 0.8953043222427368, 0.8806548714637756, 0.8732221722602844, 0.8622133731842041, 0.8567454218864441, 0.8457226753234863, 0.8427711725234985, 0.8333307504653931], "landscape_losses": [2.2987542152404785, 2.018470287322998, 1.8308136463165283, 1.6541343927383423, 1.4892234802246094, 1.3236058950424194, 1.1842681169509888, 1.0603011846542358, 0.9537720680236816, 0.8692508935928345, 0.8307017683982849], "proxy_train_time": 6.8144676219671965, "proxy_train_epochs": 50, "dirty_bit": 1, "landscape_term": 8.698414201155298, "speed_term": 5.834579638756382, "mote": 6.8415142363038095}