{"id": 3951, "adj_matrix": [[0, 1, 1, 1], [0, 0, 1, 1], [0, 0, 0, 1], [0, 0, 0, 0]], "operations": ["skip_connect", "avg_pool_3x3", "avg_pool_3x3", "skip_connect", "avg_pool_3x3", "nor_conv_3x3"], "init_channel": 16, "blck_len": 5, "params": 0.316346, "flops": 43.17249, "latency": 0.012492306399763677, "train_per_time": 17.425664504369145, "train_time_200": 3485.132900873829, "train_accuracy_200": 0.9220933333333333, "test_accuracy_200": 0.8650333333333333, "train_time_12": 209.10797405242923, "train_accuracy_12": 0.69836, "test_accuracy_12": 0.6931, "valtest_accuracy_200": 0.5707333333333333, "valtest_accuracy_12": 0.3126, "proxy_losses": [4.232869625091553, 2.643867254257202, 2.1430504322052, 1.946385383605957, 1.835105299949646, 1.7677243947982788, 1.7221484184265137, 1.6795238256454468, 1.6408679485321045, 1.6068857908248901, 1.5761370658874512, 1.5507136583328247, 1.525632619857788, 1.5040240287780762, 1.4813928604125977, 1.4624189138412476, 1.4411927461624146, 1.419697880744934, 1.4018142223358154, 1.3809559345245361, 1.3660777807235718, 1.3482013940811157, 1.33086359500885, 1.3182542324066162, 1.300583839416504, 1.2825855016708374, 1.2681268453598022, 1.2540544271469116, 1.244263768196106, 1.2367994785308838, 1.2282943725585938, 1.213450312614441, 1.2050654888153076, 1.1901209354400635, 1.1857661008834839, 1.1796307563781738, 1.1694939136505127, 1.157270908355713, 1.161421537399292, 1.1416926383972168, 1.1290833950042725, 1.1209708452224731, 1.116508960723877, 1.1109422445297241, 1.0990031957626343, 1.0939291715621948, 1.0847116708755493, 1.0703378915786743, 1.0793129205703735, 1.0751224756240845], "landscape_losses": [4.38361930847168, 3.2151565551757812, 2.659580945968628, 2.2886569499969482, 1.9944156408309937, 1.750967025756836, 1.5344979763031006, 1.354760766029358, 1.2071609497070312, 1.111490249633789, 1.0660927295684814], "proxy_train_time": 4.989227380603552, "proxy_train_epochs": 50, "dirty_bit": 1, "landscape_term": 6.480502684992957, "speed_term": 3.4780569338954117, "mote": 4.857659386269055}