{"id": 3958, "adj_matrix": [[0, 1, 1, 1], [0, 0, 1, 1], [0, 0, 0, 1], [0, 0, 0, 0]], "operations": ["avg_pool_3x3", "zeros", "nor_conv_1x1", "zeros", "nor_conv_1x1", "zeros"], "init_channel": 16, "blck_len": 5, "params": 0.129306, "flops": 15.64737, "latency": 0.015892731515984783, "train_per_time": 16.096049666404724, "train_time_200": 3219.209933280945, "train_accuracy_200": 0.89056, "test_accuracy_200": 0.7982333333333332, "train_time_12": 193.1525959968567, "train_accuracy_12": 0.621, "test_accuracy_12": 0.6197, "valtest_accuracy_200": 0.4970333333333334, "valtest_accuracy_12": 0.2402, "proxy_losses": [2.310770273208618, 2.12066912651062, 2.0235674381256104, 1.965680480003357, 1.921556830406189, 1.8860554695129395, 1.8545831441879272, 1.8253834247589111, 1.801129937171936, 1.7763038873672485, 1.7546730041503906, 1.7329692840576172, 1.7117193937301636, 1.6904230117797852, 1.6710834503173828, 1.6513457298278809, 1.6324644088745117, 1.6137994527816772, 1.595329999923706, 1.577608346939087, 1.562568187713623, 1.5434496402740479, 1.5282763242721558, 1.513529896736145, 1.49910306930542, 1.4856456518173218, 1.4707202911376953, 1.4562369585037231, 1.4422452449798584, 1.430174469947815, 1.419568657875061, 1.4071706533432007, 1.397094964981079, 1.3860633373260498, 1.3768599033355713, 1.3669276237487793, 1.3560736179351807, 1.3478318452835083, 1.3350911140441895, 1.330302357673645, 1.3180433511734009, 1.3126001358032227, 1.3020778894424438, 1.2991771697998047, 1.2912033796310425, 1.2825138568878174, 1.2787816524505615, 1.266754150390625, 1.258330225944519, 1.253218173980713], "landscape_losses": [2.3591854572296143, 2.1723575592041016, 2.036865711212158, 1.908699631690979, 1.7905218601226807, 1.6711232662200928, 1.5614081621170044, 1.4486907720565796, 1.3570197820663452, 1.2839382886886597, 1.245337724685669], "proxy_train_time": 7.479564435780048, "proxy_train_epochs": 50, "dirty_bit": 1, "landscape_term": 6.705451627358865, "speed_term": 4.817149824297824, "mote": 5.297793559477787}