{"id": 4117, "adj_matrix": [[0, 1, 1, 1], [0, 0, 1, 1], [0, 0, 0, 1], [0, 0, 0, 0]], "operations": ["skip_connect", "skip_connect", "avg_pool_3x3", "zeros", "skip_connect", "nor_conv_3x3"], "init_channel": 16, "blck_len": 5, "params": 0.316346, "flops": 43.17249, "latency": 0.012427525562152528, "train_per_time": 12.970643679300936, "train_time_200": 2594.128735860187, "train_accuracy_200": 0.9963733333333333, "test_accuracy_200": 0.9155333333333334, "train_time_12": 155.64772415161133, "train_accuracy_12": 0.87362, "test_accuracy_12": 0.8534, "valtest_accuracy_200": 0.6610333333333334, "valtest_accuracy_12": 0.5174, "proxy_losses": [2.551007032394409, 2.070770502090454, 1.8982083797454834, 1.7972148656845093, 1.7323943376541138, 1.687910556793213, 1.6484533548355103, 1.6178749799728394, 1.586519479751587, 1.5536293983459473, 1.520765781402588, 1.4919122457504272, 1.4586994647979736, 1.4309684038162231, 1.4044537544250488, 1.3803074359893799, 1.3572834730148315, 1.3365802764892578, 1.314985752105713, 1.2975841760635376, 1.278757929801941, 1.2611788511276245, 1.249243140220642, 1.2435400485992432, 1.2271533012390137, 1.2137364149093628, 1.2038466930389404, 1.1949818134307861, 1.1710375547409058, 1.154113531112671, 1.142216682434082, 1.1317925453186035, 1.1234990358352661, 1.1114157438278198, 1.1037875413894653, 1.102423071861267, 1.0844258069992065, 1.0807578563690186, 1.0719109773635864, 1.0614186525344849, 1.05191969871521, 1.0429198741912842, 1.0305067300796509, 1.020254135131836, 1.0117741823196411, 1.0066763162612915, 0.9954754710197449, 0.9912432432174683, 0.9826308488845825, 0.9687091708183289], "landscape_losses": [2.678363084793091, 2.275097131729126, 2.0493531227111816, 1.8360207080841064, 1.6668530702590942, 1.4991772174835205, 1.3592859506607056, 1.2280045747756958, 1.1046292781829834, 1.021183729171753, 0.9745535254478455], "proxy_train_time": 5.459662687964737, "proxy_train_epochs": 50, "dirty_bit": 1, "landscape_term": 7.5731418179921475, "speed_term": 4.170809834228192, "mote": 5.757437421480573}