{"id": 4183, "adj_matrix": [[0, 1, 1, 1], [0, 0, 1, 1], [0, 0, 0, 1], [0, 0, 0, 0]], "operations": ["skip_connect", "zeros", "skip_connect", "avg_pool_3x3", "nor_conv_1x1", "zeros"], "init_channel": 16, "blck_len": 5, "params": 0.101306, "flops": 11.71521, "latency": 0.013190880156399914, "train_per_time": 11.487631519635508, "train_time_200": 2297.5263039271017, "train_accuracy_200": 0.9794533333333334, "test_accuracy_200": 0.8869666666666667, "train_time_12": 137.8515782356262, "train_accuracy_12": 0.8050400000000001, "test_accuracy_12": 0.7879999999999999, "valtest_accuracy_200": 0.6317666666666667, "valtest_accuracy_12": 0.4156, "proxy_losses": [2.7487008571624756, 2.3905813694000244, 2.193005323410034, 2.079472064971924, 2.000558614730835, 1.9430917501449585, 1.8981363773345947, 1.8597148656845093, 1.8269587755203247, 1.7963588237762451, 1.7680902481079102, 1.7439857721328735, 1.721439242362976, 1.701445460319519, 1.6811872720718384, 1.6632134914398193, 1.6467636823654175, 1.632254958152771, 1.616806983947754, 1.6035598516464233, 1.5895800590515137, 1.5770009756088257, 1.5656436681747437, 1.5529718399047852, 1.5396089553833008, 1.531053066253662, 1.5187761783599854, 1.5074931383132935, 1.4986019134521484, 1.4881545305252075, 1.4789150953292847, 1.4733269214630127, 1.4622873067855835, 1.4539979696273804, 1.4435285329818726, 1.435649037361145, 1.4233709573745728, 1.4143481254577637, 1.4071769714355469, 1.3982045650482178, 1.3880285024642944, 1.3801660537719727, 1.371500015258789, 1.3659502267837524, 1.3616925477981567, 1.3502943515777588, 1.3429620265960693, 1.3374648094177246, 1.3293184041976929, 1.3194934129714966], "landscape_losses": [2.7934951782226562, 2.4887351989746094, 2.274062395095825, 2.0867013931274414, 1.913209319114685, 1.7579792737960815, 1.6244571208953857, 1.5033400058746338, 1.413017988204956, 1.3514001369476318, 1.314978003501892], "proxy_train_time": 5.81865412928164, "proxy_train_epochs": 50, "dirty_bit": 1, "landscape_term": 6.259191961100215, "speed_term": 3.5996772788471887, "mote": 4.7314928252824595}