{"id": 4220, "adj_matrix": [[0, 1, 1, 1], [0, 0, 1, 1], [0, 0, 0, 1], [0, 0, 0, 0]], "operations": ["skip_connect", "skip_connect", "avg_pool_3x3", "zeros", "skip_connect", "nor_conv_1x1"], "init_channel": 16, "blck_len": 5, "params": 0.101306, "flops": 11.71521, "latency": 0.012246441422847277, "train_per_time": 11.69282547632854, "train_time_200": 2338.565095265708, "train_accuracy_200": 0.9708533333333332, "test_accuracy_200": 0.8942333333333334, "train_time_12": 140.31390571594238, "train_accuracy_12": 0.84136, "test_accuracy_12": 0.8277, "valtest_accuracy_200": 0.6416666666666667, "valtest_accuracy_12": 0.4697, "proxy_losses": [2.5928399562835693, 2.2792413234710693, 2.122821807861328, 2.006756067276001, 1.923470139503479, 1.862038254737854, 1.8137775659561157, 1.769079327583313, 1.7354296445846558, 1.7068058252334595, 1.6830345392227173, 1.6610002517700195, 1.6404763460159302, 1.6214072704315186, 1.6037518978118896, 1.5881798267364502, 1.5721640586853027, 1.5577473640441895, 1.543776512145996, 1.5300902128219604, 1.5190207958221436, 1.50432550907135, 1.4944539070129395, 1.4819238185882568, 1.4724401235580444, 1.4614968299865723, 1.4499040842056274, 1.4403657913208008, 1.4294066429138184, 1.4207581281661987, 1.4094403982162476, 1.4000953435897827, 1.3902226686477661, 1.3828203678131104, 1.372705101966858, 1.362233281135559, 1.3510494232177734, 1.346617341041565, 1.3397868871688843, 1.3318504095077515, 1.3250162601470947, 1.3132498264312744, 1.3048228025436401, 1.2981767654418945, 1.2909507751464844, 1.2822508811950684, 1.2751678228378296, 1.2683597803115845, 1.2630126476287842, 1.2600895166397095], "landscape_losses": [2.656458616256714, 2.3715438842773438, 2.1774673461914062, 2.003446102142334, 1.8430249691009521, 1.6935652494430542, 1.563171625137329, 1.438703179359436, 1.3555967807769775, 1.2882205247879028, 1.2561713457107544], "proxy_train_time": 5.004646243527532, "proxy_train_epochs": 50, "dirty_bit": 1, "landscape_term": 6.534365175913669, "speed_term": 3.2474126612063987, "mote": 4.841893230492747}