{"id": 4221, "adj_matrix": [[0, 1, 1, 1], [0, 0, 1, 1], [0, 0, 0, 1], [0, 0, 0, 0]], "operations": ["zeros", "skip_connect", "skip_connect", "skip_connect", "nor_conv_1x1", "nor_conv_1x1"], "init_channel": 16, "blck_len": 5, "params": 0.129306, "flops": 15.64737, "latency": 0.015301594608708433, "train_per_time": 13.23473902543387, "train_time_200": 2646.9478050867738, "train_accuracy_200": 0.9648300000000001, "test_accuracy_200": 0.8991499999999999, "train_time_12": 158.8168683052063, "train_accuracy_12": 0.85284, "test_accuracy_12": 0.8306999999999999, "valtest_accuracy_200": 0.64345, "valtest_accuracy_12": 0.4882, "proxy_losses": [2.6776301860809326, 2.4165828227996826, 2.2398362159729004, 2.115799903869629, 2.0249226093292236, 1.955518364906311, 1.8999390602111816, 1.853994369506836, 1.8177419900894165, 1.784143328666687, 1.755530834197998, 1.7307966947555542, 1.7086704969406128, 1.6901592016220093, 1.6718839406967163, 1.6553817987442017, 1.6391183137893677, 1.6254005432128906, 1.6109018325805664, 1.5975277423858643, 1.5852059125900269, 1.5716216564178467, 1.5600017309188843, 1.5476139783859253, 1.5358856916427612, 1.5235751867294312, 1.5127151012420654, 1.5011630058288574, 1.4926660060882568, 1.4816663265228271, 1.4724738597869873, 1.4659160375595093, 1.4565097093582153, 1.449258804321289, 1.439406394958496, 1.433547019958496, 1.426700472831726, 1.4187548160552979, 1.4064568281173706, 1.401120662689209, 1.3918343782424927, 1.3871614933013916, 1.3782836198806763, 1.3726370334625244, 1.3644535541534424, 1.3583413362503052, 1.350760817527771, 1.3414748907089233, 1.3349248170852661, 1.328735113143921], "landscape_losses": [2.7292191982269287, 2.4788942337036133, 2.2857608795166016, 2.0962884426116943, 1.926331639289856, 1.772716760635376, 1.6327145099639893, 1.527136206626892, 1.4269018173217773, 1.358747124671936, 1.3271801471710205], "proxy_train_time": 6.057505670003593, "proxy_train_epochs": 50, "dirty_bit": 1, "landscape_term": 6.2251286132376675, "speed_term": 3.7502041062815454, "mote": 4.741238958078184}