{"id": 4349, "adj_matrix": [[0, 1, 1, 1], [0, 0, 1, 1], [0, 0, 0, 1], [0, 0, 0, 0]], "operations": ["nor_conv_3x3", "zeros", "nor_conv_1x1", "avg_pool_3x3", "zeros", "nor_conv_1x1"], "init_channel": 16, "blck_len": 5, "params": 0.372346, "flops": 51.03681, "latency": 0.018555115189468653, "train_per_time": 20.438282529512982, "train_time_200": 4087.656505902596, "train_accuracy_200": 0.9986466666666667, "test_accuracy_200": 0.9173666666666668, "train_time_12": 245.25939035415647, "train_accuracy_12": 0.8610599999999999, "test_accuracy_12": 0.8356, "valtest_accuracy_200": 0.6790666666666667, "valtest_accuracy_12": 0.4941, "proxy_losses": [2.4540903568267822, 2.057267665863037, 1.8607995510101318, 1.737564206123352, 1.654503345489502, 1.5885413885116577, 1.5379877090454102, 1.4883733987808228, 1.4458872079849243, 1.4031023979187012, 1.3673607110977173, 1.3318920135498047, 1.3009235858917236, 1.276136875152588, 1.2461012601852417, 1.2229564189910889, 1.196337342262268, 1.1700328588485718, 1.144144892692566, 1.1205015182495117, 1.096500039100647, 1.0721744298934937, 1.0539964437484741, 1.0314420461654663, 1.0107372999191284, 0.9895846843719482, 0.9806651473045349, 0.9601926803588867, 0.9397668242454529, 0.923821210861206, 0.9130933880805969, 0.8960779309272766, 0.8819668889045715, 0.8681128621101379, 0.8589375019073486, 0.8486402630805969, 0.8369373083114624, 0.8207138776779175, 0.8138952255249023, 0.8011102676391602, 0.7876269817352295, 0.7808158993721008, 0.7745043039321899, 0.7726256251335144, 0.7683377861976624, 0.7712262868881226, 0.7476600408554077, 0.7357492446899414, 0.7272813320159912, 0.725692868232727], "landscape_losses": [2.5960214138031006, 2.2334232330322266, 1.9697461128234863, 1.7372117042541504, 1.5219193696975708, 1.313858985900879, 1.135617733001709, 0.9822953343391418, 0.8446692228317261, 0.7540903091430664, 0.7096456289291382], "proxy_train_time": 8.661085277795792, "proxy_train_epochs": 50, "dirty_bit": 1, "landscape_term": 9.152196765360506, "speed_term": 7.761609241945894, "mote": 7.480877285503163}