{"id": 4492, "adj_matrix": [[0, 1, 1, 1], [0, 0, 1, 1], [0, 0, 0, 1], [0, 0, 0, 0]], "operations": ["nor_conv_3x3", "zeros", "zeros", "zeros", "zeros", "skip_connect"], "init_channel": 16, "blck_len": 5, "params": 0.316346, "flops": 43.17249, "latency": 0.01365491277293155, "train_per_time": 11.282820224761963, "train_time_200": 2256.5640449523926, "train_accuracy_200": 0.1, "test_accuracy_200": 0.1, "train_time_12": 135.39384269714355, "train_accuracy_12": 0.09866, "test_accuracy_12": 0.1, "valtest_accuracy_200": 0.01, "valtest_accuracy_12": 0.01, "proxy_losses": [2.3026163578033447, 2.302593469619751, 2.3025996685028076, 2.302589178085327, 2.3025925159454346, 2.3025922775268555, 2.302597761154175, 2.30259108543396, 2.3025941848754883, 2.3026020526885986, 2.3025944232940674, 2.3025922775268555, 2.302590847015381, 2.30259108543396, 2.302595615386963, 2.3025922775268555, 2.3026041984558105, 2.3025903701782227, 2.302596092224121, 2.3025951385498047, 2.302591323852539, 2.302595615386963, 2.3025929927825928, 2.3025906085968018, 2.302588701248169, 2.3025925159454346, 2.302600860595703, 2.302593469619751, 2.3025944232940674, 2.3025949001312256, 2.30259108543396, 2.3025922775268555, 2.302591562271118, 2.302591323852539, 2.302588701248169, 2.302591323852539, 2.3025941848754883, 2.3025970458984375, 2.3025944232940674, 2.30259108543396, 2.302591323852539, 2.302600145339966, 2.3025941848754883, 2.302591323852539, 2.302596092224121, 2.3025901317596436, 2.3025927543640137, 2.3025944232940674, 2.302591323852539, 2.302595615386963], "landscape_losses": [2.3025898933410645, 2.302591323852539, 2.302595615386963, 2.302588701248169, 2.3025898933410645, 2.3025944232940674, 2.302591323852539, 2.3025944232940674, 2.3025879859924316, 2.302591323852539, 2.302595853805542], "proxy_train_time": 5.463072755374014, "proxy_train_epochs": 50, "dirty_bit": 1, "landscape_term": 4.777225204461065, "speed_term": 2.372573037708699, "mote": 3.385261630514106}