{"id": 4550, "adj_matrix": [[0, 1, 1, 1], [0, 0, 1, 1], [0, 0, 0, 1], [0, 0, 0, 0]], "operations": ["nor_conv_3x3", "nor_conv_3x3", "zeros", "zeros", "nor_conv_3x3", "nor_conv_1x1"], "init_channel": 16, "blck_len": 5, "params": 0.830426, "flops": 117.88353, "latency": 0.018660852783604673, "train_per_time": 24.50170270601908, "train_time_200": 4900.340541203816, "train_accuracy_200": 0.99879, "test_accuracy_200": 0.9266, "train_time_12": 294.02043247222895, "train_accuracy_12": 0.83256, "test_accuracy_12": 0.8142, "valtest_accuracy_200": 0.6535, "valtest_accuracy_12": 0.39549999999999996, "proxy_losses": [2.1503608226776123, 1.729780912399292, 1.5889843702316284, 1.4980206489562988, 1.4272229671478271, 1.3666179180145264, 1.3171075582504272, 1.2681493759155273, 1.2197035551071167, 1.1759010553359985, 1.136491060256958, 1.0936483144760132, 1.0615359544754028, 1.036607265472412, 1.006593942642212, 0.9733019471168518, 0.9426692128181458, 0.9177984595298767, 0.9051080942153931, 0.8777791857719421, 0.8541337847709656, 0.8302234411239624, 0.822993278503418, 0.8139855265617371, 0.793128252029419, 0.7807971239089966, 0.7726302146911621, 0.7533970475196838, 0.7319738268852234, 0.7181425094604492, 0.7024326920509338, 0.6957342624664307, 0.6856887936592102, 0.6679850816726685, 0.6559175252914429, 0.6465709805488586, 0.636123538017273, 0.6241216063499451, 0.617217481136322, 0.6129210591316223, 0.6015538573265076, 0.5911002159118652, 0.5814162492752075, 0.5711501836776733, 0.5683399438858032, 0.5552794933319092, 0.5437113046646118, 0.5438998341560364, 0.5393356084823608, 0.5328456163406372], "landscape_losses": [2.283576488494873, 1.882588267326355, 1.6232959032058716, 1.407840609550476, 1.1888471841812134, 1.0063104629516602, 0.849257230758667, 0.7200871109962463, 0.6365940570831299, 0.5622872114181519, 0.5294404029846191], "proxy_train_time": 10.513206369243562, "proxy_train_epochs": 50, "dirty_bit": 1, "landscape_term": 11.934629045361625, "speed_term": 11.749715148078492, "mote": 9.893227515557106}