{"id": 4565, "adj_matrix": [[0, 1, 1, 1], [0, 0, 1, 1], [0, 0, 0, 1], [0, 0, 0, 0]], "operations": ["nor_conv_3x3", "zeros", "nor_conv_1x1", "zeros", "zeros", "zeros"], "init_channel": 16, "blck_len": 5, "params": 0.344346, "flops": 47.10465, "latency": 0.016481260458628338, "train_per_time": 15.005232334136963, "train_time_200": 3001.0464668273926, "train_accuracy_200": 0.1, "test_accuracy_200": 0.1, "train_time_12": 180.06278800964355, "train_accuracy_12": 0.1, "test_accuracy_12": 0.1, "valtest_accuracy_200": 0.01, "valtest_accuracy_12": 0.01, "proxy_losses": [2.3026371002197266, 2.3025944232940674, 2.3025946617126465, 2.302593231201172, 2.302595376968384, 2.302597761154175, 2.302593231201172, 2.30259108543396, 2.302591323852539, 2.302591562271118, 2.3025875091552734, 2.3025965690612793, 2.3025949001312256, 2.302593469619751, 2.3025927543640137, 2.302597761154175, 2.3025925159454346, 2.3025901317596436, 2.302596092224121, 2.302593469619751, 2.3025896549224854, 2.302591323852539, 2.3025906085968018, 2.302595376968384, 2.3025901317596436, 2.3025901317596436, 2.3025970458984375, 2.302591323852539, 2.302591323852539, 2.3025906085968018, 2.3025918006896973, 2.3025903701782227, 2.3025941848754883, 2.3025925159454346, 2.3025949001312256, 2.3025927543640137, 2.302595376968384, 2.3025898933410645, 2.3025927543640137, 2.3025929927825928, 2.3025949001312256, 2.3025922775268555, 2.3025901317596436, 2.302591323852539, 2.3025903701782227, 2.302589178085327, 2.3025906085968018, 2.302593469619751, 2.30259108543396, 2.3025949001312256], "landscape_losses": [2.3025922775268555, 2.3025903701782227, 2.3025922775268555, 2.302591562271118, 2.302591562271118, 2.302595615386963, 2.3025906085968018, 2.3025906085968018, 2.30259108543396, 2.30259108543396, 2.3025920391082764], "proxy_train_time": 8.08187721669674, "proxy_train_epochs": 50, "dirty_bit": 1, "landscape_term": 4.777225519234391, "speed_term": 3.509901764509503, "mote": 3.6614375990060433}