{"id": 4571, "adj_matrix": [[0, 1, 1, 1], [0, 0, 1, 1], [0, 0, 0, 1], [0, 0, 0, 0]], "operations": ["nor_conv_3x3", "nor_conv_1x1", "skip_connect", "avg_pool_3x3", "nor_conv_1x1", "nor_conv_3x3"], "init_channel": 16, "blck_len": 5, "params": 0.615386, "flops": 86.42625, "latency": 0.01793050765991211, "train_per_time": 24.698315024375916, "train_time_200": 4939.663004875183, "train_accuracy_200": 0.9993000000000001, "test_accuracy_200": 0.9293, "train_time_12": 296.379780292511, "train_accuracy_12": 0.8654000000000001, "test_accuracy_12": 0.8423, "valtest_accuracy_200": 0.69075, "valtest_accuracy_12": 0.5119, "proxy_losses": [2.4107935428619385, 1.9262943267822266, 1.7443156242370605, 1.6387125253677368, 1.5495779514312744, 1.4729666709899902, 1.4057495594024658, 1.3505311012268066, 1.3002699613571167, 1.2510700225830078, 1.2093251943588257, 1.169691801071167, 1.1419113874435425, 1.1158642768859863, 1.081025242805481, 1.0566868782043457, 1.0383753776550293, 1.0127004384994507, 0.9930935502052307, 0.9667486548423767, 0.9576424956321716, 0.9435498118400574, 0.9186586141586304, 0.9017537832260132, 0.8866057395935059, 0.8756473660469055, 0.8607762455940247, 0.8511205911636353, 0.8458358645439148, 0.8306710124015808, 0.8124386668205261, 0.8216999769210815, 0.8006249070167542, 0.780292809009552, 0.7804566621780396, 0.7647204995155334, 0.7466344237327576, 0.7362051010131836, 0.7222875952720642, 0.722133219242096, 0.7134873270988464, 0.7029386758804321, 0.690727710723877, 0.6861324906349182, 0.6892655491828918, 0.6764164566993713, 0.6724447011947632, 0.6566258072853088, 0.6514137387275696, 0.6431897282600403], "landscape_losses": [2.552748918533325, 2.1270663738250732, 1.8471624851226807, 1.6004911661148071, 1.4003480672836304, 1.1760245561599731, 1.017499327659607, 0.8595272302627563, 0.749215304851532, 0.6885982155799866, 0.655335009098053], "proxy_train_time": 9.14757508598268, "proxy_train_epochs": 50, "dirty_bit": 1, "landscape_term": 10.0515997567273, "speed_term": 9.115106773249735, "mote": 8.289134506002641}