{"id": 4581, "adj_matrix": [[0, 1, 1, 1], [0, 0, 1, 1], [0, 0, 0, 1], [0, 0, 0, 0]], "operations": ["nor_conv_3x3", "avg_pool_3x3", "avg_pool_3x3", "zeros", "nor_conv_3x3", "avg_pool_3x3"], "init_channel": 16, "blck_len": 5, "params": 0.559386, "flops": 78.56193, "latency": 0.016233811252995542, "train_per_time": 21.773654103279114, "train_time_200": 4354.730820655823, "train_accuracy_200": 0.9967900000000001, "test_accuracy_200": 0.9085499999999999, "train_time_12": 261.28384923934937, "train_accuracy_12": 0.7934399999999999, "test_accuracy_12": 0.7773, "valtest_accuracy_200": 0.6459999999999999, "valtest_accuracy_12": 0.4129, "proxy_losses": [2.6117911338806152, 1.9361785650253296, 1.774049997329712, 1.6792659759521484, 1.6088563203811646, 1.544700026512146, 1.4840446710586548, 1.4316673278808594, 1.3818142414093018, 1.3349158763885498, 1.2877177000045776, 1.2496533393859863, 1.209541916847229, 1.1785975694656372, 1.1509480476379395, 1.1251440048217773, 1.093598484992981, 1.075064778327942, 1.0479135513305664, 1.0273243188858032, 1.0098212957382202, 0.9910428524017334, 0.9766483306884766, 0.9602160453796387, 0.9479876756668091, 0.9269572496414185, 0.9215162992477417, 0.9066413044929504, 0.8868200182914734, 0.8724528551101685, 0.8657662868499756, 0.857603907585144, 0.8511298894882202, 0.8385406136512756, 0.8192566633224487, 0.8054335713386536, 0.810940682888031, 0.7936269640922546, 0.7840669751167297, 0.780634343624115, 0.7742258906364441, 0.7603609561920166, 0.7614448666572571, 0.7377174496650696, 0.7310966849327087, 0.7281907796859741, 0.7157995104789734, 0.7048333287239075, 0.705577552318573, 0.7162683010101318], "landscape_losses": [2.7739813327789307, 2.2002172470092773, 1.9161550998687744, 1.677251935005188, 1.44140625, 1.2511167526245117, 1.0945631265640259, 0.9525726437568665, 0.8517178893089294, 0.7450478672981262, 0.6917858123779297], "proxy_train_time": 8.042526680976152, "proxy_train_epochs": 50, "dirty_bit": 1, "landscape_term": 9.351360559733983, "speed_term": 7.562261518863648, "mote": 7.578622550508963}