{"id": 4665, "adj_matrix": [[0, 1, 1, 1], [0, 0, 1, 1], [0, 0, 0, 1], [0, 0, 0, 0]], "operations": ["avg_pool_3x3", "nor_conv_3x3", "zeros", "avg_pool_3x3", "zeros", "avg_pool_3x3"], "init_channel": 16, "blck_len": 5, "params": 0.316346, "flops": 43.17249, "latency": 0.013170690912949411, "train_per_time": 17.281737764676457, "train_time_200": 3456.3475529352913, "train_accuracy_200": 0.9846299999999999, "test_accuracy_200": 0.8887999999999999, "train_time_12": 207.38085317611697, "train_accuracy_12": 0.77372, "test_accuracy_12": 0.7609999999999999, "valtest_accuracy_200": 0.6182500000000001, "valtest_accuracy_12": 0.39890000000000003, "proxy_losses": [2.3565492630004883, 1.9503728151321411, 1.8228389024734497, 1.7446714639663696, 1.6848548650741577, 1.6314551830291748, 1.5847722291946411, 1.544761061668396, 1.5131388902664185, 1.4804353713989258, 1.4512478113174438, 1.4233561754226685, 1.3993645906448364, 1.3786945343017578, 1.358601689338684, 1.337634563446045, 1.3152562379837036, 1.2990189790725708, 1.2755000591278076, 1.2606450319290161, 1.2469817399978638, 1.2262296676635742, 1.212777853012085, 1.1946358680725098, 1.180625557899475, 1.1656525135040283, 1.1573020219802856, 1.1482291221618652, 1.128190040588379, 1.1231746673583984, 1.1100693941116333, 1.098997712135315, 1.0866668224334717, 1.0717313289642334, 1.0589520931243896, 1.053626537322998, 1.0441768169403076, 1.0383225679397583, 1.0257060527801514, 1.0161552429199219, 1.0119729042053223, 0.9977585077285767, 0.9916898608207703, 0.9775285124778748, 0.9680882692337036, 0.964670717716217, 0.950818657875061, 0.9478701949119568, 0.9380661249160767, 0.9307581782341003], "landscape_losses": [2.467292070388794, 2.1399128437042236, 1.934644341468811, 1.755658745765686, 1.5833841562271118, 1.4337451457977295, 1.2781927585601807, 1.1569244861602783, 1.0510973930358887, 0.9789401292800903, 0.9377503991127014], "proxy_train_time": 6.611524250358343, "proxy_train_epochs": 50, "dirty_bit": 1, "landscape_term": 7.974118402418543, "speed_term": 5.257205519686874, "mote": 6.247791310958034}