{"id": 4700, "adj_matrix": [[0, 1, 1, 1], [0, 0, 1, 1], [0, 0, 0, 1], [0, 0, 0, 0]], "operations": ["avg_pool_3x3", "nor_conv_1x1", "zeros", "avg_pool_3x3", "zeros", "zeros"], "init_channel": 16, "blck_len": 5, "params": 0.101306, "flops": 11.71521, "latency": 0.013042773071088289, "train_per_time": 14.025486270586633, "train_time_200": 2805.0972541173264, "train_accuracy_200": 0.8073733333333333, "test_accuracy_200": 0.7585000000000001, "train_time_12": 168.3058352470398, "train_accuracy_12": 0.61554, "test_accuracy_12": 0.6082, "valtest_accuracy_200": 0.4709, "valtest_accuracy_12": 0.29719999999999996, "proxy_losses": [2.5352325439453125, 2.393195390701294, 2.2875888347625732, 2.2097718715667725, 2.145761728286743, 2.094764471054077, 2.051067352294922, 2.0143980979919434, 1.9866000413894653, 1.9640580415725708, 1.9447314739227295, 1.9279441833496094, 1.912966012954712, 1.8987326622009277, 1.8864116668701172, 1.8748390674591064, 1.8651667833328247, 1.8558388948440552, 1.84847891330719, 1.8402695655822754, 1.8330793380737305, 1.8258503675460815, 1.8190165758132935, 1.8123528957366943, 1.8079265356063843, 1.8023197650909424, 1.7961519956588745, 1.7915353775024414, 1.7864797115325928, 1.7823883295059204, 1.7772263288497925, 1.7729240655899048, 1.7680752277374268, 1.7640448808670044, 1.7597699165344238, 1.755367636680603, 1.7522642612457275, 1.7483140230178833, 1.7447642087936401, 1.741134762763977, 1.7377828359603882, 1.7352616786956787, 1.7308613061904907, 1.7280837297439575, 1.7248197793960571, 1.7217129468917847, 1.719196081161499, 1.7166152000427246, 1.713719367980957, 1.7109507322311401], "landscape_losses": [2.560854911804199, 2.4178948402404785, 2.283696174621582, 2.153374195098877, 2.0339338779449463, 1.9377093315124512, 1.8579578399658203, 1.796593189239502, 1.752137303352356, 1.7264716625213623, 1.708746075630188], "proxy_train_time": 6.438968000933528, "proxy_train_epochs": 50, "dirty_bit": 1, "landscape_term": 5.544089307783406, "speed_term": 3.446327941116699, "mote": 4.195201967114504}