{"id": 479, "adj_matrix": [[0, 1, 1, 1], [0, 0, 1, 1], [0, 0, 0, 1], [0, 0, 0, 0]], "operations": ["skip_connect", "zeros", "nor_conv_1x1", "nor_conv_1x1", "skip_connect", "nor_conv_1x1"], "init_channel": 16, "blck_len": 5, "params": 0.157306, "flops": 19.57953, "latency": 0.016957340533273264, "train_per_time": 16.841416478157043, "train_time_200": 3368.2832956314087, "train_accuracy_200": 0.9865133333333334, "test_accuracy_200": 0.9062, "train_time_12": 202.09699773788452, "train_accuracy_12": 0.8584999999999999, "test_accuracy_12": 0.8375, "valtest_accuracy_200": 0.6732333333333332, "valtest_accuracy_12": 0.4964, "proxy_losses": [2.905762195587158, 2.351933002471924, 2.04931902885437, 1.8727927207946777, 1.7858959436416626, 1.7275469303131104, 1.6841074228286743, 1.6442558765411377, 1.6127159595489502, 1.5842357873916626, 1.5611094236373901, 1.5370622873306274, 1.5162196159362793, 1.4971818923950195, 1.4785760641098022, 1.4601860046386719, 1.4457076787948608, 1.4316357374191284, 1.4174784421920776, 1.4024842977523804, 1.390349268913269, 1.3744683265686035, 1.3632739782333374, 1.3482747077941895, 1.3353818655014038, 1.3247008323669434, 1.3118250370025635, 1.300352692604065, 1.2902153730392456, 1.2790380716323853, 1.2689790725708008, 1.2605174779891968, 1.249159812927246, 1.2395665645599365, 1.2307273149490356, 1.2236955165863037, 1.211747646331787, 1.2060143947601318, 1.1931710243225098, 1.184911847114563, 1.1743351221084595, 1.1663246154785156, 1.1567142009735107, 1.1491482257843018, 1.1423100233078003, 1.1343896389007568, 1.1272045373916626, 1.1209217309951782, 1.1098829507827759, 1.1060395240783691], "landscape_losses": [2.9996237754821777, 2.532485246658325, 2.2225067615509033, 1.9626245498657227, 1.7556990385055542, 1.569167137145996, 1.4119479656219482, 1.294281244277954, 1.2079977989196777, 1.1362874507904053, 1.0971201658248901], "proxy_train_time": 7.170225781388581, "proxy_train_epochs": 50, "dirty_bit": 1, "landscape_term": 6.994786072554335, "speed_term": 5.0537363788317045, "mote": 5.543521355060925}