{"id": 4856, "adj_matrix": [[0, 1, 1, 1], [0, 0, 1, 1], [0, 0, 0, 1], [0, 0, 0, 0]], "operations": ["nor_conv_1x1", "nor_conv_1x1", "zeros", "nor_conv_1x1", "nor_conv_1x1", "nor_conv_3x3"], "init_channel": 16, "blck_len": 5, "params": 0.428346, "flops": 58.90113, "latency": 0.02162185468171772, "train_per_time": 26.19537103176117, "train_time_200": 5239.074206352234, "train_accuracy_200": 0.9978400000000001, "test_accuracy_200": 0.9181999999999999, "train_time_12": 314.34445238113403, "train_accuracy_12": 0.86572, "test_accuracy_12": 0.8465, "valtest_accuracy_200": 0.69785, "valtest_accuracy_12": 0.4718, "proxy_losses": [2.478226661682129, 1.9847972393035889, 1.8124046325683594, 1.7096320390701294, 1.626280426979065, 1.5562509298324585, 1.4969321489334106, 1.4466911554336548, 1.39958655834198, 1.3606467247009277, 1.3276413679122925, 1.2933361530303955, 1.262582778930664, 1.2332717180252075, 1.2063244581222534, 1.1829973459243774, 1.1582822799682617, 1.1389726400375366, 1.1217646598815918, 1.0932196378707886, 1.0712624788284302, 1.0492788553237915, 1.034290075302124, 1.0112409591674805, 0.9967504739761353, 0.9892433881759644, 0.9696961045265198, 0.9579923748970032, 0.9412014484405518, 0.9323389530181885, 0.9186451435089111, 0.9121771454811096, 0.8987085819244385, 0.8885844945907593, 0.8757573962211609, 0.8666955232620239, 0.8570025563240051, 0.844721794128418, 0.8387129902839661, 0.8276757001876831, 0.8214351534843445, 0.8071646690368652, 0.8004993200302124, 0.7873242497444153, 0.7867514491081238, 0.7751930952072144, 0.7705878615379333, 0.7619326114654541, 0.7558618783950806, 0.7503647208213806], "landscape_losses": [2.600221633911133, 2.1699609756469727, 1.8871800899505615, 1.6572144031524658, 1.4570517539978027, 1.2841554880142212, 1.1367793083190918, 0.9983019828796387, 0.877546489238739, 0.7869651317596436, 0.7488629221916199], "proxy_train_time": 10.30412519723177, "proxy_train_epochs": 50, "dirty_bit": 1, "landscape_term": 9.070755157013533, "speed_term": 9.301610121902154, "mote": 7.675172509166025}