{"id": 4871, "adj_matrix": [[0, 1, 1, 1], [0, 0, 1, 1], [0, 0, 0, 1], [0, 0, 0, 0]], "operations": ["zeros", "avg_pool_3x3", "skip_connect", "nor_conv_3x3", "skip_connect", "avg_pool_3x3"], "init_channel": 16, "blck_len": 5, "params": 0.316346, "flops": 43.17249, "latency": 0.012264416928876911, "train_per_time": 14.464516123135907, "train_time_200": 2892.9032246271813, "train_accuracy_200": 0.9916133333333333, "test_accuracy_200": 0.9014333333333333, "train_time_12": 173.57419347763064, "train_accuracy_12": 0.78192, "test_accuracy_12": 0.7652, "valtest_accuracy_200": 0.6347, "valtest_accuracy_12": 0.39270000000000005, "proxy_losses": [2.2753052711486816, 1.9293588399887085, 1.7827340364456177, 1.7086037397384644, 1.6500400304794312, 1.6060528755187988, 1.5662014484405518, 1.5321978330612183, 1.4999890327453613, 1.469355583190918, 1.4423480033874512, 1.4189165830612183, 1.3929554224014282, 1.370991826057434, 1.352288842201233, 1.3331934213638306, 1.3098622560501099, 1.2960765361785889, 1.2817797660827637, 1.2609459161758423, 1.2413575649261475, 1.223569393157959, 1.2102941274642944, 1.1946686506271362, 1.183047890663147, 1.1702908277511597, 1.159737467765808, 1.1483933925628662, 1.1284366846084595, 1.115277886390686, 1.1021215915679932, 1.0876033306121826, 1.0811012983322144, 1.070062279701233, 1.057068109512329, 1.0461963415145874, 1.0400068759918213, 1.026220679283142, 1.0140771865844727, 1.0011670589447021, 0.9908427000045776, 0.981446385383606, 0.9722805619239807, 0.9638960957527161, 0.9573211073875427, 0.9495599865913391, 0.949766993522644, 0.9532886743545532, 0.9316173791885376, 0.9270077347755432], "landscape_losses": [2.3624534606933594, 2.0810530185699463, 1.8614535331726074, 1.6874144077301025, 1.5252560377120972, 1.36954665184021, 1.2242251634597778, 1.1017253398895264, 1.008504867553711, 0.9442274570465088, 0.9101449251174927], "proxy_train_time": 5.935329627245665, "proxy_train_epochs": 50, "dirty_bit": 1, "landscape_term": 8.293318487971353, "speed_term": 4.759158480042894, "mote": 6.363533150970208}