{"id": 501, "adj_matrix": [[0, 1, 1, 1], [0, 0, 1, 1], [0, 0, 0, 1], [0, 0, 0, 0]], "operations": ["zeros", "avg_pool_3x3", "avg_pool_3x3", "skip_connect", "nor_conv_1x1", "skip_connect"], "init_channel": 16, "blck_len": 5, "params": 0.101306, "flops": 11.71521, "latency": 0.012315010815335994, "train_per_time": 12.729074954986574, "train_time_200": 2545.814990997315, "train_accuracy_200": 0.8125933333333335, "test_accuracy_200": 0.7901333333333334, "train_time_12": 152.7488994598389, "train_accuracy_12": 0.60036, "test_accuracy_12": 0.5951, "valtest_accuracy_200": 0.5055333333333334, "valtest_accuracy_12": 0.2686, "proxy_losses": [3.3840270042419434, 2.877675771713257, 2.561652421951294, 2.364558696746826, 2.220968246459961, 2.1097309589385986, 2.017800807952881, 1.946613073348999, 1.897943377494812, 1.8577650785446167, 1.8291082382202148, 1.8081742525100708, 1.7909061908721924, 1.774590253829956, 1.757442593574524, 1.7462183237075806, 1.7360882759094238, 1.7273815870285034, 1.7192914485931396, 1.7102717161178589, 1.7032861709594727, 1.696774959564209, 1.6889342069625854, 1.6820379495620728, 1.6757032871246338, 1.6716984510421753, 1.6655395030975342, 1.6612509489059448, 1.6558889150619507, 1.6511719226837158, 1.646088719367981, 1.6420847177505493, 1.6362113952636719, 1.6300336122512817, 1.6265125274658203, 1.6236023902893066, 1.6189693212509155, 1.6170814037322998, 1.6112726926803589, 1.6085437536239624, 1.606121301651001, 1.6029125452041626, 1.598686695098877, 1.5973854064941406, 1.5926082134246826, 1.5898460149765015, 1.58474600315094, 1.584274411201477, 1.578409194946289, 1.578214168548584], "landscape_losses": [3.440793752670288, 2.957934856414795, 2.644899845123291, 2.3892343044281006, 2.168888807296753, 1.9730658531188965, 1.832243800163269, 1.709498405456543, 1.64302659034729, 1.5922179222106934, 1.5756911039352417], "proxy_train_time": 5.917236239649355, "proxy_train_epochs": 50, "dirty_bit": 1, "landscape_term": 5.395301221374472, "speed_term": 3.2959926616468755, "mote": 4.055185136710399}