{"id": 5026, "adj_matrix": [[0, 1, 1, 1], [0, 0, 1, 1], [0, 0, 0, 1], [0, 0, 0, 0]], "operations": ["nor_conv_1x1", "nor_conv_3x3", "avg_pool_3x3", "avg_pool_3x3", "skip_connect", "avg_pool_3x3"], "init_channel": 16, "blck_len": 5, "params": 0.344346, "flops": 47.10465, "latency": 0.015313537497269481, "train_per_time": 19.80627961953487, "train_time_200": 3961.2559239069737, "train_accuracy_200": 0.98646, "test_accuracy_200": 0.8930000000000001, "train_time_12": 237.67535543441775, "train_accuracy_12": 0.7741800000000001, "test_accuracy_12": 0.7565999999999999, "valtest_accuracy_200": 0.62815, "valtest_accuracy_12": 0.3935, "proxy_losses": [2.7592129707336426, 2.1020655632019043, 1.8965574502944946, 1.7780213356018066, 1.6967359781265259, 1.6350730657577515, 1.5884369611740112, 1.5463956594467163, 1.5094764232635498, 1.4758870601654053, 1.449008822441101, 1.4194717407226562, 1.3933690786361694, 1.370123267173767, 1.347286343574524, 1.3258576393127441, 1.3090243339538574, 1.2889355421066284, 1.2757688760757446, 1.2550086975097656, 1.2381545305252075, 1.2271023988723755, 1.2133036851882935, 1.201427698135376, 1.1865203380584717, 1.1786589622497559, 1.1661206483840942, 1.1561659574508667, 1.1444575786590576, 1.1374104022979736, 1.1248226165771484, 1.1101417541503906, 1.1006845235824585, 1.0943560600280762, 1.0914984941482544, 1.0816895961761475, 1.071091651916504, 1.0691109895706177, 1.059935212135315, 1.0550588369369507, 1.048635482788086, 1.0337893962860107, 1.025242805480957, 1.0201247930526733, 1.0135632753372192, 0.9964795112609863, 0.989159345626831, 0.9903347492218018, 0.9907776117324829, 0.9801157116889954], "landscape_losses": [2.87313175201416, 2.3235483169555664, 2.006930351257324, 1.7592090368270874, 1.5471065044403076, 1.3804302215576172, 1.2475032806396484, 1.162213921546936, 1.0633318424224854, 1.000786304473877, 0.9699118137359619], "proxy_train_time": 6.987678523175418, "proxy_train_epochs": 50, "dirty_bit": 1, "landscape_term": 7.8486229003750285, "speed_term": 5.440621361823971, "mote": 6.198604908344743}