{"id": 5048, "adj_matrix": [[0, 1, 1, 1], [0, 0, 1, 1], [0, 0, 0, 1], [0, 0, 0, 0]], "operations": ["avg_pool_3x3", "nor_conv_3x3", "nor_conv_3x3", "zeros", "zeros", "skip_connect"], "init_channel": 16, "blck_len": 5, "params": 0.559386, "flops": 78.56193, "latency": 0.015295019275263735, "train_per_time": 18.352582812309265, "train_time_200": 3670.516562461853, "train_accuracy_200": 0.9967400000000001, "test_accuracy_200": 0.92235, "train_time_12": 220.23099374771118, "train_accuracy_12": 0.7836799999999999, "test_accuracy_12": 0.7701, "valtest_accuracy_200": 0.6774000000000001, "valtest_accuracy_12": 0.39770000000000005, "proxy_losses": [2.216392993927002, 1.8304938077926636, 1.7097492218017578, 1.6264429092407227, 1.5581046342849731, 1.5043104887008667, 1.4553216695785522, 1.4165886640548706, 1.3807262182235718, 1.3549113273620605, 1.323106288909912, 1.2924104928970337, 1.2670350074768066, 1.2415050268173218, 1.2187269926071167, 1.1963826417922974, 1.1724045276641846, 1.1493102312088013, 1.1356675624847412, 1.1131885051727295, 1.094559907913208, 1.0807167291641235, 1.0578862428665161, 1.0443521738052368, 1.0300847291946411, 1.0221278667449951, 1.0141780376434326, 0.9898821115493774, 0.9702800512313843, 0.9521151185035706, 0.9438439607620239, 0.9291641712188721, 0.9176758527755737, 0.9047606587409973, 0.898500382900238, 0.8832054734230042, 0.8784124851226807, 0.8644813299179077, 0.8591704964637756, 0.8484827280044556, 0.839740514755249, 0.8226779103279114, 0.8117725849151611, 0.8077037334442139, 0.7966569066047668, 0.7917807698249817, 0.7768259644508362, 0.7755392789840698, 0.7701718807220459, 0.7695936560630798], "landscape_losses": [2.3143796920776367, 1.9621778726577759, 1.751078486442566, 1.5567057132720947, 1.3948941230773926, 1.234375238418579, 1.0852036476135254, 0.959251880645752, 0.8541355729103088, 0.7865534424781799, 0.7577915191650391], "proxy_train_time": 7.7559550097212195, "proxy_train_epochs": 50, "dirty_bit": 1, "landscape_term": 9.407937538836386, "speed_term": 7.011460858757844, "mote": 7.521629027654887}