{"id": 5095, "adj_matrix": [[0, 1, 1, 1], [0, 0, 1, 1], [0, 0, 0, 1], [0, 0, 0, 0]], "operations": ["nor_conv_3x3", "nor_conv_3x3", "nor_conv_3x3", "avg_pool_3x3", "nor_conv_3x3", "nor_conv_1x1"], "init_channel": 16, "blck_len": 5, "params": 1.073466, "flops": 153.27297, "latency": 0.020168228107586242, "train_per_time": 31.008756875991818, "train_time_200": 6201.751375198363, "train_accuracy_200": 0.9997333333333331, "test_accuracy_200": 0.9379000000000001, "train_time_12": 372.1050825119018, "train_accuracy_12": 0.87834, "test_accuracy_12": 0.8542000000000001, "valtest_accuracy_200": 0.7103333333333333, "valtest_accuracy_12": 0.5232, "proxy_losses": [2.425515651702881, 1.845963478088379, 1.63193678855896, 1.5055001974105835, 1.417140007019043, 1.3474608659744263, 1.287335753440857, 1.2301212549209595, 1.1839324235916138, 1.1395792961120605, 1.0973896980285645, 1.0610003471374512, 1.0283751487731934, 0.9972692131996155, 0.9771751761436462, 0.9477713108062744, 0.9245287179946899, 0.9030265808105469, 0.8841262459754944, 0.8561896681785583, 0.83475661277771, 0.8115580081939697, 0.7984558343887329, 0.7770143747329712, 0.7766083478927612, 0.7631115913391113, 0.7358896732330322, 0.7246599197387695, 0.7074635028839111, 0.6884332299232483, 0.6906088590621948, 0.6668565273284912, 0.6558336615562439, 0.6461952328681946, 0.6315420269966125, 0.6215454339981079, 0.6110071539878845, 0.6011751294136047, 0.6040429472923279, 0.6073828935623169, 0.5814043283462524, 0.5747846961021423, 0.5529133081436157, 0.5468563437461853, 0.5325679779052734, 0.5343499779701233, 0.525696337223053, 0.5295658111572266, 0.530381441116333, 0.5078643560409546], "landscape_losses": [2.553311347961426, 2.036409616470337, 1.723628282546997, 1.4673120975494385, 1.2414695024490356, 1.064227819442749, 0.8767831921577454, 0.738588273525238, 0.61326003074646, 0.5304163694381714, 0.49880439043045044], "proxy_train_time": 11.709096513688564, "proxy_train_epochs": 50, "dirty_bit": 1, "landscape_term": 11.904745881525825, "speed_term": 13.287110008580635, "mote": 10.08795928397086}