{"id": 5157, "adj_matrix": [[0, 1, 1, 1], [0, 0, 1, 1], [0, 0, 0, 1], [0, 0, 0, 0]], "operations": ["zeros", "skip_connect", "nor_conv_3x3", "zeros", "nor_conv_1x1", "nor_conv_1x1"], "init_channel": 16, "blck_len": 5, "params": 0.372346, "flops": 51.03681, "latency": 0.017776632518099064, "train_per_time": 18.42125670115148, "train_time_200": 3684.251340230296, "train_accuracy_200": 0.9464199999999999, "test_accuracy_200": 0.8865000000000002, "train_time_12": 221.05508041381833, "train_accuracy_12": 0.8172799999999999, "test_accuracy_12": 0.8064, "valtest_accuracy_200": 0.6175666666666666, "valtest_accuracy_12": 0.41859999999999997, "proxy_losses": [2.3689815998077393, 2.2017416954040527, 2.1082890033721924, 2.042431354522705, 1.9870381355285645, 1.941236972808838, 1.8984285593032837, 1.8602367639541626, 1.8263988494873047, 1.7964463233947754, 1.7700483798980713, 1.744889259338379, 1.7233951091766357, 1.7027946710586548, 1.6867635250091553, 1.667468547821045, 1.6524736881256104, 1.6368858814239502, 1.6232898235321045, 1.608884334564209, 1.5952750444412231, 1.5820322036743164, 1.570192575454712, 1.559688925743103, 1.5463148355484009, 1.5345110893249512, 1.5226916074752808, 1.5109041929244995, 1.5010319948196411, 1.4890879392623901, 1.4791196584701538, 1.4696271419525146, 1.4566917419433594, 1.4466898441314697, 1.436283826828003, 1.4276951551437378, 1.418282151222229, 1.408385157585144, 1.3986824750900269, 1.3874133825302124, 1.3785367012023926, 1.3695632219314575, 1.3624162673950195, 1.3525522947311401, 1.3407779932022095, 1.3305763006210327, 1.321510910987854, 1.31278657913208, 1.3035653829574585, 1.295432209968567], "landscape_losses": [2.4085047245025635, 2.2444474697113037, 2.1088624000549316, 1.9830633401870728, 1.8520127534866333, 1.7196463346481323, 1.5985122919082642, 1.4909756183624268, 1.4097750186920166, 1.337265133857727, 1.2972142696380615], "proxy_train_time": 7.856441859155893, "proxy_train_epochs": 50, "dirty_bit": 1, "landscape_term": 6.4849609901310465, "speed_term": 4.912951185087379, "mote": 5.164638589214351}