{"id": 5234, "adj_matrix": [[0, 1, 1, 1], [0, 0, 1, 1], [0, 0, 0, 1], [0, 0, 0, 0]], "operations": ["nor_conv_3x3", "nor_conv_1x1", "nor_conv_1x1", "avg_pool_3x3", "avg_pool_3x3", "nor_conv_3x3"], "init_channel": 16, "blck_len": 5, "params": 0.615386, "flops": 86.42625, "latency": 0.0195705022728234, "train_per_time": 26.51874339580536, "train_time_200": 5303.748679161072, "train_accuracy_200": 0.9992066666666666, "test_accuracy_200": 0.9212, "train_time_12": 318.2249207496643, "train_accuracy_12": 0.84356, "test_accuracy_12": 0.8165, "valtest_accuracy_200": 0.6798666666666666, "valtest_accuracy_12": 0.4891, "proxy_losses": [2.331634759902954, 1.7665743827819824, 1.6139228343963623, 1.5192962884902954, 1.4509588479995728, 1.394623041152954, 1.3473269939422607, 1.302419662475586, 1.2616424560546875, 1.2217990159988403, 1.1922398805618286, 1.1539314985275269, 1.1229327917099, 1.095239281654358, 1.0642898082733154, 1.0312812328338623, 1.0055335760116577, 0.9803263545036316, 0.9536928534507751, 0.9369423985481262, 0.922126829624176, 0.8995298743247986, 0.8764384984970093, 0.8561125993728638, 0.8434181809425354, 0.8263570070266724, 0.8085641264915466, 0.7939504981040955, 0.7804064154624939, 0.7662612199783325, 0.7488536834716797, 0.7339783906936646, 0.7278075814247131, 0.7202250957489014, 0.7084119915962219, 0.6950879096984863, 0.6845520734786987, 0.674992561340332, 0.6655438542366028, 0.6551390886306763, 0.6504817605018616, 0.6484563946723938, 0.6534872651100159, 0.6415069103240967, 0.6187323927879333, 0.6158726811408997, 0.6046551465988159, 0.5978436470031738, 0.5849040746688843, 0.5687846541404724], "landscape_losses": [2.4946680068969727, 1.9703418016433716, 1.6798282861709595, 1.4515732526779175, 1.255129337310791, 1.0832393169403076, 0.9267165064811707, 0.7919589877128601, 0.6812089085578918, 0.6093246340751648, 0.577717661857605], "proxy_train_time": 9.581736057065427, "proxy_train_epochs": 50, "dirty_bit": 1, "landscape_term": 11.09433479601477, "speed_term": 10.124598743213102, "mote": 9.118486960846585}