{"id": 5257, "adj_matrix": [[0, 1, 1, 1], [0, 0, 1, 1], [0, 0, 0, 1], [0, 0, 0, 0]], "operations": ["skip_connect", "skip_connect", "avg_pool_3x3", "nor_conv_1x1", "avg_pool_3x3", "nor_conv_3x3"], "init_channel": 16, "blck_len": 5, "params": 0.344346, "flops": 47.10465, "latency": 0.014576331565254612, "train_per_time": 18.18704895178472, "train_time_200": 3637.409790356944, "train_accuracy_200": 0.9947133333333333, "test_accuracy_200": 0.9090666666666665, "train_time_12": 218.2445874214172, "train_accuracy_12": 0.8196599999999999, "test_accuracy_12": 0.8062, "valtest_accuracy_200": 0.6504333333333334, "valtest_accuracy_12": 0.41450000000000004, "proxy_losses": [2.4452459812164307, 1.93832266330719, 1.7804163694381714, 1.6826666593551636, 1.617447853088379, 1.5664145946502686, 1.5184582471847534, 1.4808897972106934, 1.442956805229187, 1.4090291261672974, 1.3800467252731323, 1.3522589206695557, 1.3256820440292358, 1.3002583980560303, 1.2788207530975342, 1.2582757472991943, 1.2387603521347046, 1.2181718349456787, 1.2104835510253906, 1.192968487739563, 1.1747541427612305, 1.1648362874984741, 1.1541416645050049, 1.1391527652740479, 1.1299725770950317, 1.1164450645446777, 1.1030317544937134, 1.093488097190857, 1.0898711681365967, 1.0737593173980713, 1.068455457687378, 1.0554542541503906, 1.0505790710449219, 1.0495892763137817, 1.0313929319381714, 1.019176721572876, 1.0131889581680298, 1.0105488300323486, 1.0000284910202026, 0.9900521636009216, 0.9797136783599854, 0.9686172604560852, 0.9617136716842651, 0.9566800594329834, 0.9463378190994263, 0.9376310706138611, 0.9406663179397583, 0.9273620843887329, 0.9185975790023804, 0.9121626019477844], "landscape_losses": [2.5755884647369385, 2.1498379707336426, 1.9035146236419678, 1.718169927597046, 1.5361120700836182, 1.3766601085662842, 1.239243745803833, 1.1044256687164307, 1.0278311967849731, 0.9485361576080322, 0.916001558303833], "proxy_train_time": 6.636480019427836, "proxy_train_epochs": 50, "dirty_bit": 1, "landscape_term": 8.169432031919516, "speed_term": 5.4742907215876055, "mote": 6.420651499614357}