{"id": 5270, "adj_matrix": [[0, 1, 1, 1], [0, 0, 1, 1], [0, 0, 0, 1], [0, 0, 0, 0]], "operations": ["skip_connect", "skip_connect", "skip_connect", "avg_pool_3x3", "skip_connect", "nor_conv_3x3"], "init_channel": 16, "blck_len": 5, "params": 0.316346, "flops": 43.17249, "latency": 0.012053894369225753, "train_per_time": 12.182427287101746, "train_time_200": 2436.485457420349, "train_accuracy_200": 0.9408, "test_accuracy_200": 0.8831, "train_time_12": 146.18912744522095, "train_accuracy_12": 0.74816, "test_accuracy_12": 0.7375, "valtest_accuracy_200": 0.5895999999999999, "valtest_accuracy_12": 0.34990000000000004, "proxy_losses": [3.188992977142334, 2.2646725177764893, 2.00221848487854, 1.8876118659973145, 1.8007699251174927, 1.735090970993042, 1.692728877067566, 1.6570167541503906, 1.621794581413269, 1.590556263923645, 1.5631284713745117, 1.5349693298339844, 1.5092098712921143, 1.4871774911880493, 1.4636359214782715, 1.4428335428237915, 1.421280860900879, 1.402152180671692, 1.3841495513916016, 1.3646637201309204, 1.3510234355926514, 1.3323369026184082, 1.3191909790039062, 1.3058220148086548, 1.2938326597213745, 1.2817424535751343, 1.2666285037994385, 1.2576321363449097, 1.24727201461792, 1.2330107688903809, 1.223606824874878, 1.2135813236236572, 1.2048228979110718, 1.1962275505065918, 1.186842679977417, 1.171587347984314, 1.1673961877822876, 1.1549433469772339, 1.1482902765274048, 1.1360015869140625, 1.1269015073776245, 1.1232644319534302, 1.1146891117095947, 1.1100345849990845, 1.100260853767395, 1.0900241136550903, 1.0848673582077026, 1.0763622522354126, 1.0675253868103027, 1.0615309476852417], "landscape_losses": [3.2942168712615967, 2.6056180000305176, 2.273247718811035, 1.9871232509613037, 1.7399259805679321, 1.553346872329712, 1.3901790380477905, 1.267596960067749, 1.173690676689148, 1.114314079284668, 1.0593820810317993], "proxy_train_time": 4.726650384254754, "proxy_train_epochs": 50, "dirty_bit": 1, "landscape_term": 7.050594898136174, "speed_term": 3.392564613107257, "mote": 5.230495058784373}