{"id": 5277, "adj_matrix": [[0, 1, 1, 1], [0, 0, 1, 1], [0, 0, 0, 1], [0, 0, 0, 0]], "operations": ["nor_conv_3x3", "nor_conv_3x3", "skip_connect", "avg_pool_3x3", "zeros", "nor_conv_3x3"], "init_channel": 16, "blck_len": 5, "params": 0.802426, "flops": 113.95137, "latency": 0.017087719942394056, "train_per_time": 22.50778492291771, "train_time_200": 4501.5569845835425, "train_accuracy_200": 0.9990899999999999, "test_accuracy_200": 0.92485, "train_time_12": 270.09341907501226, "train_accuracy_12": 0.853, "test_accuracy_12": 0.8319, "valtest_accuracy_200": 0.68325, "valtest_accuracy_12": 0.5192, "proxy_losses": [2.0898075103759766, 1.741377353668213, 1.6222490072250366, 1.5372306108474731, 1.4662158489227295, 1.4047374725341797, 1.3480815887451172, 1.2974504232406616, 1.2495107650756836, 1.2097256183624268, 1.1711422204971313, 1.1304206848144531, 1.099845290184021, 1.0857504606246948, 1.0627979040145874, 1.0328651666641235, 1.0009312629699707, 0.9766533970832825, 0.9553069472312927, 0.9356817603111267, 0.9209669232368469, 0.9042935371398926, 0.8916189670562744, 0.8687929511070251, 0.8520442247390747, 0.8434417843818665, 0.8221215009689331, 0.8200318217277527, 0.8090948462486267, 0.7888112664222717, 0.7741609215736389, 0.7619938850402832, 0.7527350783348083, 0.7520194053649902, 0.7352948188781738, 0.7243513464927673, 0.7125176787376404, 0.703407347202301, 0.693396806716919, 0.6799697279930115, 0.6666854619979858, 0.660581648349762, 0.6516947746276855, 0.6408170461654663, 0.6358775496482849, 0.6251286864280701, 0.6242195963859558, 0.6167285442352295, 0.6034417748451233, 0.5940409898757935], "landscape_losses": [2.2126636505126953, 1.8728737831115723, 1.658929467201233, 1.4675062894821167, 1.2746649980545044, 1.1085622310638428, 0.9479345679283142, 0.8328447341918945, 0.7187036275863647, 0.6273170709609985, 0.5801040530204773], "proxy_train_time": 9.75264656636864, "proxy_train_epochs": 50, "dirty_bit": 1, "landscape_term": 10.921640573028482, "speed_term": 10.255566803391778, "mote": 9.027168730593264}