{"id": 5280, "adj_matrix": [[0, 1, 1, 1], [0, 0, 1, 1], [0, 0, 0, 1], [0, 0, 0, 0]], "operations": ["nor_conv_3x3", "skip_connect", "nor_conv_1x1", "zeros", "nor_conv_1x1", "skip_connect"], "init_channel": 16, "blck_len": 5, "params": 0.372346, "flops": 51.03681, "latency": 0.018081407797963994, "train_per_time": 18.153760075569153, "train_time_200": 3630.7520151138306, "train_accuracy_200": 0.99909, "test_accuracy_200": 0.93255, "train_time_12": 217.84512090682983, "train_accuracy_12": 0.9102, "test_accuracy_12": 0.8756, "valtest_accuracy_200": 0.6986, "valtest_accuracy_12": 0.5621, "proxy_losses": [2.503216505050659, 1.9503941535949707, 1.7732582092285156, 1.673661470413208, 1.597256064414978, 1.532257080078125, 1.4799855947494507, 1.4274746179580688, 1.384972333908081, 1.3447569608688354, 1.306334376335144, 1.2755564451217651, 1.2481333017349243, 1.2201405763626099, 1.197486400604248, 1.1728301048278809, 1.1498401165008545, 1.1316300630569458, 1.1073611974716187, 1.0888712406158447, 1.0704883337020874, 1.0516650676727295, 1.0366672277450562, 1.0195353031158447, 1.0056743621826172, 0.9853578805923462, 0.9704551696777344, 0.9600023627281189, 0.9499436616897583, 0.9381299018859863, 0.9306476712226868, 0.9237066507339478, 0.9069802761077881, 0.8855722546577454, 0.8742882609367371, 0.8548163771629333, 0.8459379076957703, 0.8376715779304504, 0.8283457159996033, 0.8144299983978271, 0.8037512898445129, 0.7988204956054688, 0.7896952033042908, 0.7896556854248047, 0.7710894346237183, 0.7648584246635437, 0.7610626220703125, 0.7559118866920471, 0.7473351359367371, 0.7444365620613098], "landscape_losses": [2.6259989738464355, 2.1384053230285645, 1.8618515729904175, 1.644852876663208, 1.4478567838668823, 1.2552181482315063, 1.0950708389282227, 0.9500579833984375, 0.8591499924659729, 0.7756086587905884, 0.7265951633453369], "proxy_train_time": 7.525112058967352, "proxy_train_epochs": 50, "dirty_bit": 1, "landscape_term": 9.27613641633294, "speed_term": 6.843207070406927, "mote": 7.405604132188129}