{"id": 5348, "adj_matrix": [[0, 1, 1, 1], [0, 0, 1, 1], [0, 0, 0, 1], [0, 0, 0, 0]], "operations": ["nor_conv_3x3", "zeros", "skip_connect", "avg_pool_3x3", "zeros", "skip_connect"], "init_channel": 16, "blck_len": 5, "params": 0.316346, "flops": 43.17249, "latency": 0.012666930232131689, "train_per_time": 12.801612218221035, "train_time_200": 2560.322443644207, "train_accuracy_200": 0.9966666666666667, "test_accuracy_200": 0.9120999999999999, "train_time_12": 153.61934661865234, "train_accuracy_12": 0.81646, "test_accuracy_12": 0.8020999999999999, "valtest_accuracy_200": 0.6492666666666667, "valtest_accuracy_12": 0.42700000000000005, "proxy_losses": [2.46435809135437, 2.024494171142578, 1.868285894393921, 1.776009202003479, 1.7088990211486816, 1.6594507694244385, 1.6164755821228027, 1.5779615640640259, 1.5438920259475708, 1.510678768157959, 1.4794467687606812, 1.4511970281600952, 1.4245465993881226, 1.4026272296905518, 1.3797043561935425, 1.3605949878692627, 1.3433043956756592, 1.3241173028945923, 1.30794358253479, 1.2956677675247192, 1.2824230194091797, 1.2660692930221558, 1.2532234191894531, 1.2390778064727783, 1.2256568670272827, 1.217309594154358, 1.204951524734497, 1.1922776699066162, 1.1808414459228516, 1.1708942651748657, 1.1588950157165527, 1.1510905027389526, 1.1418031454086304, 1.144300937652588, 1.133202075958252, 1.1239262819290161, 1.1069304943084717, 1.0936479568481445, 1.0912253856658936, 1.0810613632202148, 1.069188117980957, 1.0552449226379395, 1.051756739616394, 1.0461161136627197, 1.0379970073699951, 1.0210537910461426, 1.017708420753479, 1.010692834854126, 1.001814603805542, 0.9932698011398315], "landscape_losses": [2.56662917137146, 2.2029314041137695, 1.9873273372650146, 1.799282193183899, 1.6135227680206299, 1.4563552141189575, 1.3115426301956177, 1.1922314167022705, 1.0958102941513062, 1.0302093029022217, 0.9855239987373352], "proxy_train_time": 6.0773881478235126, "proxy_train_epochs": 50, "dirty_bit": 1, "landscape_term": 7.708085987906227, "speed_term": 4.654626553356442, "mote": 5.9490017185949124}