{"id": 543, "adj_matrix": [[0, 1, 1, 1], [0, 0, 1, 1], [0, 0, 0, 1], [0, 0, 0, 0]], "operations": ["nor_conv_3x3", "nor_conv_3x3", "nor_conv_1x1", "skip_connect", "nor_conv_3x3", "skip_connect"], "init_channel": 16, "blck_len": 5, "params": 0.830426, "flops": 117.88353, "latency": 0.019411954963416383, "train_per_time": 22.88141544659935, "train_time_200": 4576.28308931987, "train_accuracy_200": 0.9997400000000001, "test_accuracy_200": 0.9371333333333333, "train_time_12": 274.57698535919195, "train_accuracy_12": 0.91668, "test_accuracy_12": 0.8834000000000001, "valtest_accuracy_200": 0.7098, "valtest_accuracy_12": 0.5805, "proxy_losses": [2.2142679691314697, 1.7206107378005981, 1.5675235986709595, 1.4700566530227661, 1.3963298797607422, 1.3381681442260742, 1.291817545890808, 1.2497187852859497, 1.2184456586837769, 1.1821184158325195, 1.1454750299453735, 1.115708589553833, 1.0915453433990479, 1.0584654808044434, 1.0348544120788574, 1.0085315704345703, 0.9983357191085815, 0.972905158996582, 0.9478527307510376, 0.9258666038513184, 0.9021986126899719, 0.8926519751548767, 0.8775510787963867, 0.8582223653793335, 0.8398348689079285, 0.834867000579834, 0.8208130598068237, 0.7986279129981995, 0.7891642451286316, 0.7735698223114014, 0.7641713619232178, 0.7514163255691528, 0.7507763504981995, 0.7327874898910522, 0.7271245121955872, 0.7096538543701172, 0.7056093215942383, 0.7027013301849365, 0.6907675266265869, 0.6817513704299927, 0.6694087386131287, 0.6595026254653931, 0.6535313725471497, 0.6464313268661499, 0.6370294690132141, 0.633840024471283, 0.6289554238319397, 0.6151762008666992, 0.6089758276939392, 0.6009405255317688], "landscape_losses": [2.3229079246520996, 1.8617534637451172, 1.613727331161499, 1.3912714719772339, 1.208305835723877, 1.0496456623077393, 0.9173636436462402, 0.8146677017211914, 0.7160940170288086, 0.6368207931518555, 0.6030821204185486], "proxy_train_time": 9.05382331367582, "proxy_train_epochs": 50, "dirty_bit": 1, "landscape_term": 11.02886954158844, "speed_term": 9.650895260985003, "mote": 9.004372044206146}