{"id": 5535, "adj_matrix": [[0, 1, 1, 1], [0, 0, 1, 1], [0, 0, 0, 1], [0, 0, 0, 0]], "operations": ["avg_pool_3x3", "avg_pool_3x3", "avg_pool_3x3", "nor_conv_3x3", "skip_connect", "nor_conv_1x1"], "init_channel": 16, "blck_len": 5, "params": 0.344346, "flops": 47.10465, "latency": 0.015554060015762062, "train_per_time": 20.813489238421067, "train_time_200": 4162.697847684213, "train_accuracy_200": 0.9964733333333333, "test_accuracy_200": 0.9135666666666666, "train_time_12": 249.76187086105344, "train_accuracy_12": 0.80214, "test_accuracy_12": 0.7851, "valtest_accuracy_200": 0.6502333333333332, "valtest_accuracy_12": 0.4081, "proxy_losses": [2.392380475997925, 1.9028862714767456, 1.759841799736023, 1.6749080419540405, 1.6104117631912231, 1.5560567378997803, 1.5102814435958862, 1.4707698822021484, 1.4367923736572266, 1.404833436012268, 1.378719687461853, 1.3566745519638062, 1.3316843509674072, 1.3090847730636597, 1.2917156219482422, 1.2737923860549927, 1.2521815299987793, 1.2353707551956177, 1.217569351196289, 1.2035859823226929, 1.187880039215088, 1.177126169204712, 1.1638801097869873, 1.1528085470199585, 1.1358433961868286, 1.125511646270752, 1.114417314529419, 1.0972905158996582, 1.0898535251617432, 1.0786676406860352, 1.0835105180740356, 1.0690339803695679, 1.051590085029602, 1.0376737117767334, 1.0277059078216553, 1.0147026777267456, 1.0063693523406982, 0.9991410374641418, 0.9923534989356995, 0.9852402210235596, 0.975374698638916, 0.9684330224990845, 0.9525463581085205, 0.9446925520896912, 0.9385259747505188, 0.941102921962738, 0.9325057864189148, 0.9224541187286377, 0.9209718704223633, 0.9098464846611023], "landscape_losses": [2.525766372680664, 2.1150825023651123, 1.8889750242233276, 1.7045772075653076, 1.5218232870101929, 1.382734775543213, 1.256370186805725, 1.1446011066436768, 1.0391162633895874, 0.9504605531692505, 0.9004321098327637], "proxy_train_time": 6.834215932525694, "proxy_train_epochs": 50, "dirty_bit": 1, "landscape_term": 8.159734804241092, "speed_term": 5.6419020616530515, "mote": 6.4459422208836346}