{"id": 5599, "adj_matrix": [[0, 1, 1, 1], [0, 0, 1, 1], [0, 0, 0, 1], [0, 0, 0, 0]], "operations": ["nor_conv_3x3", "skip_connect", "skip_connect", "skip_connect", "avg_pool_3x3", "zeros"], "init_channel": 16, "blck_len": 5, "params": 0.316346, "flops": 43.17249, "latency": 0.011727685991086458, "train_per_time": 12.493406057357788, "train_time_200": 2498.6812114715576, "train_accuracy_200": 0.9917266666666668, "test_accuracy_200": 0.9125666666666666, "train_time_12": 149.92087268829346, "train_accuracy_12": 0.8703799999999999, "test_accuracy_12": 0.8447, "valtest_accuracy_200": 0.6546666666666667, "valtest_accuracy_12": 0.5079, "proxy_losses": [2.296109437942505, 1.898177146911621, 1.7643548250198364, 1.6955780982971191, 1.6464240550994873, 1.6032569408416748, 1.5676566362380981, 1.5340222120285034, 1.5031540393829346, 1.4782613515853882, 1.4551482200622559, 1.438700556755066, 1.4132682085037231, 1.3922947645187378, 1.3743683099746704, 1.3534283638000488, 1.3333213329315186, 1.316501498222351, 1.3013556003570557, 1.2800745964050293, 1.2610422372817993, 1.24302339553833, 1.230012059211731, 1.2055693864822388, 1.1903769969940186, 1.1755837202072144, 1.16373610496521, 1.1542203426361084, 1.1314641237258911, 1.1191850900650024, 1.104118824005127, 1.0930180549621582, 1.0775635242462158, 1.073439121246338, 1.067244052886963, 1.0540817975997925, 1.0506789684295654, 1.0339162349700928, 1.0244580507278442, 1.0100700855255127, 1.0008429288864136, 0.9954274296760559, 0.9823669195175171, 0.9774131774902344, 0.9689707159996033, 0.958800196647644, 0.9507114291191101, 0.9406273365020752, 0.9314883947372437, 0.9265373945236206], "landscape_losses": [2.4192864894866943, 2.0991761684417725, 1.9164533615112305, 1.75847327709198, 1.6096917390823364, 1.4913983345031738, 1.3487095832824707, 1.2251254320144653, 1.102691411972046, 0.987858772277832, 0.9236924052238464], "proxy_train_time": 5.6334213223308325, "proxy_train_epochs": 50, "dirty_bit": 1, "landscape_term": 7.831409702605443, "speed_term": 4.489394040979271, "mote": 5.99846570571327}