{"id": 5609, "adj_matrix": [[0, 1, 1, 1], [0, 0, 1, 1], [0, 0, 0, 1], [0, 0, 0, 0]], "operations": ["nor_conv_3x3", "avg_pool_3x3", "zeros", "nor_conv_3x3", "nor_conv_3x3", "nor_conv_3x3"], "init_channel": 16, "blck_len": 5, "params": 1.045466, "flops": 149.34081, "latency": 0.01928753445022985, "train_per_time": 27.76643466949463, "train_time_200": 5553.286933898926, "train_accuracy_200": 0.9991733333333334, "test_accuracy_200": 0.9320333333333334, "train_time_12": 333.19721603393555, "train_accuracy_12": 0.83782, "test_accuracy_12": 0.8173, "valtest_accuracy_200": 0.7020000000000001, "valtest_accuracy_12": 0.445, "proxy_losses": [2.3419559001922607, 1.840402364730835, 1.7052804231643677, 1.6182708740234375, 1.5489596128463745, 1.489067792892456, 1.430139422416687, 1.3770134449005127, 1.327936053276062, 1.2863794565200806, 1.2480374574661255, 1.212780237197876, 1.1696527004241943, 1.136344313621521, 1.103165626525879, 1.0763381719589233, 1.0521937608718872, 1.0235140323638916, 0.9900052547454834, 0.9735451936721802, 0.9578866362571716, 0.9447585940361023, 0.9142870306968689, 0.8961731195449829, 0.8693485260009766, 0.8687341809272766, 0.8600698113441467, 0.8382467031478882, 0.8221436738967896, 0.8042252063751221, 0.7906445264816284, 0.7696033120155334, 0.7645969986915588, 0.7644209861755371, 0.7388433814048767, 0.7290980815887451, 0.7214358448982239, 0.7034143805503845, 0.6959855556488037, 0.6879990696907043, 0.6812697052955627, 0.6795496344566345, 0.6689801812171936, 0.6612727642059326, 0.6512460708618164, 0.634071946144104, 0.6261118054389954, 0.6227147579193115, 0.6162546873092651, 0.5985318422317505], "landscape_losses": [2.4428982734680176, 1.9832078218460083, 1.749063491821289, 1.5315570831298828, 1.3254770040512085, 1.1453460454940796, 0.9919572472572327, 0.8409321308135986, 0.7344491481781006, 0.6374166011810303, 0.6020568609237671], "proxy_train_time": 11.521892916411161, "proxy_train_epochs": 50, "dirty_bit": 1, "landscape_term": 10.554426789596484, "speed_term": 11.63054521198704, "mote": 8.991548496520668}