{"id": 561, "adj_matrix": [[0, 1, 1, 1], [0, 0, 1, 1], [0, 0, 0, 1], [0, 0, 0, 0]], "operations": ["skip_connect", "nor_conv_3x3", "zeros", "skip_connect", "zeros", "zeros"], "init_channel": 16, "blck_len": 5, "params": 0.316346, "flops": 43.17249, "latency": 0.01296378436841463, "train_per_time": 10.776948014895142, "train_time_200": 2155.3896029790285, "train_accuracy_200": 0.9010333333333334, "test_accuracy_200": 0.8687999999999999, "train_time_12": 129.32337617874148, "train_accuracy_12": 0.7996800000000001, "test_accuracy_12": 0.785, "valtest_accuracy_200": 0.5817, "valtest_accuracy_12": 0.444, "proxy_losses": [2.3272671699523926, 2.2348239421844482, 2.164687395095825, 2.1124417781829834, 2.0720736980438232, 2.0384910106658936, 2.0107853412628174, 1.9856088161468506, 1.9629802703857422, 1.9413859844207764, 1.9214140176773071, 1.9032055139541626, 1.887834906578064, 1.8730612993240356, 1.8596785068511963, 1.8483991622924805, 1.8376898765563965, 1.8288213014602661, 1.8189388513565063, 1.8116267919540405, 1.803597092628479, 1.7964146137237549, 1.7890340089797974, 1.7833009958267212, 1.7763264179229736, 1.7700849771499634, 1.764033555984497, 1.7587504386901855, 1.7542229890823364, 1.7486937046051025, 1.7439194917678833, 1.7389084100723267, 1.7343099117279053, 1.7307392358779907, 1.7253925800323486, 1.720212697982788, 1.7166187763214111, 1.7126413583755493, 1.7091974020004272, 1.7060437202453613, 1.7011008262634277, 1.6981106996536255, 1.6954504251480103, 1.692001223564148, 1.6877459287643433, 1.6843652725219727, 1.6806906461715698, 1.6776906251907349, 1.674390435218811, 1.671341061592102], "landscape_losses": [2.344541311264038, 2.230726957321167, 2.1280360221862793, 2.0300662517547607, 1.9431068897247314, 1.8661179542541504, 1.8007545471191406, 1.7528272867202759, 1.7146127223968506, 1.6870747804641724, 1.669085144996643], "proxy_train_time": 6.117025204002857, "proxy_train_epochs": 50, "dirty_bit": 1, "landscape_term": 5.788754447503725, "speed_term": 3.3504527931544845, "mote": 4.345848712227819}