{"id": 5660, "adj_matrix": [[0, 1, 1, 1], [0, 0, 1, 1], [0, 0, 0, 1], [0, 0, 0, 0]], "operations": ["skip_connect", "zeros", "skip_connect", "zeros", "nor_conv_3x3", "skip_connect"], "init_channel": 16, "blck_len": 5, "params": 0.316346, "flops": 43.17249, "latency": 0.012843553434338484, "train_per_time": 10.753240664799987, "train_time_200": 2150.6481329599974, "train_accuracy_200": 0.9977133333333335, "test_accuracy_200": 0.9206666666666667, "train_time_12": 129.03888797760007, "train_accuracy_12": 0.8880800000000001, "test_accuracy_12": 0.8622, "valtest_accuracy_200": 0.6692, "valtest_accuracy_12": 0.536, "proxy_losses": [2.310861825942993, 1.9444268941879272, 1.8049583435058594, 1.714840054512024, 1.6522681713104248, 1.5999126434326172, 1.5521626472473145, 1.512277364730835, 1.4761366844177246, 1.444826602935791, 1.415757656097412, 1.3874937295913696, 1.3641130924224854, 1.340244174003601, 1.3170362710952759, 1.2987568378448486, 1.2817301750183105, 1.2648999691009521, 1.2489757537841797, 1.229156494140625, 1.2147902250289917, 1.1972869634628296, 1.1885080337524414, 1.172737717628479, 1.159987449645996, 1.145843744277954, 1.1331336498260498, 1.1208879947662354, 1.1153615713119507, 1.1023749113082886, 1.089613676071167, 1.0752077102661133, 1.0695726871490479, 1.0604956150054932, 1.0445867776870728, 1.0383620262145996, 1.024388074874878, 1.0130921602249146, 1.0084092617034912, 1.0033814907073975, 0.9976966977119446, 0.9886559844017029, 0.9761054515838623, 0.9678340554237366, 0.9596914052963257, 0.9527904391288757, 0.9414384961128235, 0.9338475465774536, 0.930061936378479, 0.9315886497497559], "landscape_losses": [2.41198468208313, 2.0904033184051514, 1.8724751472473145, 1.685402750968933, 1.523183822631836, 1.3781145811080933, 1.2420560121536255, 1.1283247470855713, 1.0438727140426636, 0.9720287322998047, 0.9265240430831909], "proxy_train_time": 5.277223221026361, "proxy_train_epochs": 50, "dirty_bit": 1, "landscape_term": 8.159940557926188, "speed_term": 4.275231433676459, "mote": 6.174830417608799}