{"id": 5664, "adj_matrix": [[0, 1, 1, 1], [0, 0, 1, 1], [0, 0, 0, 1], [0, 0, 0, 0]], "operations": ["avg_pool_3x3", "nor_conv_3x3", "nor_conv_3x3", "skip_connect", "nor_conv_1x1", "nor_conv_3x3"], "init_channel": 16, "blck_len": 5, "params": 0.830426, "flops": 117.88353, "latency": 0.018955040919153315, "train_per_time": 26.02324791749317, "train_time_200": 5204.649583498634, "train_accuracy_200": 0.9997133333333333, "test_accuracy_200": 0.9376333333333333, "train_time_12": 312.2789750099182, "train_accuracy_12": 0.90432, "test_accuracy_12": 0.8697, "valtest_accuracy_200": 0.7101000000000001, "valtest_accuracy_12": 0.5671, "proxy_losses": [2.366812229156494, 1.869150161743164, 1.6897951364517212, 1.5979499816894531, 1.5155888795852661, 1.439720630645752, 1.3741486072540283, 1.3095718622207642, 1.2631416320800781, 1.2120931148529053, 1.1681174039840698, 1.1386873722076416, 1.1122560501098633, 1.0754880905151367, 1.0505385398864746, 1.02634859085083, 1.0092713832855225, 0.98471999168396, 0.9586496353149414, 0.9425367116928101, 0.9222259521484375, 0.9134711623191833, 0.889387309551239, 0.8714891672134399, 0.853064775466919, 0.8321790099143982, 0.8273050785064697, 0.8177729249000549, 0.8024687767028809, 0.7747471928596497, 0.7671143412590027, 0.7563496828079224, 0.748492956161499, 0.7384176850318909, 0.7332237958908081, 0.713737428188324, 0.7039940357208252, 0.6893309354782104, 0.6802203059196472, 0.6785664558410645, 0.6690427660942078, 0.6659518480300903, 0.6401036977767944, 0.6351267695426941, 0.623631477355957, 0.6234970092773438, 0.6162909865379333, 0.5985435843467712, 0.5952422022819519, 0.591099202632904], "landscape_losses": [2.5368895530700684, 2.1013123989105225, 1.7853902578353882, 1.5348368883132935, 1.3155720233917236, 1.1351401805877686, 0.9717673063278198, 0.8418830037117004, 0.7075418829917908, 0.6237124800682068, 0.5807843804359436], "proxy_train_time": 9.61507825832814, "proxy_train_epochs": 50, "dirty_bit": 1, "landscape_term": 10.678109893757737, "speed_term": 9.9997330869197, "mote": 8.831641264879341}