{"id": 5702, "adj_matrix": [[0, 1, 1, 1], [0, 0, 1, 1], [0, 0, 0, 1], [0, 0, 0, 0]], "operations": ["nor_conv_3x3", "skip_connect", "skip_connect", "avg_pool_3x3", "avg_pool_3x3", "zeros"], "init_channel": 16, "blck_len": 5, "params": 0.316346, "flops": 43.17249, "latency": 0.012803996864118074, "train_per_time": 14.270713726679462, "train_time_200": 2854.1427453358924, "train_accuracy_200": 0.9818866666666668, "test_accuracy_200": 0.8877333333333336, "train_time_12": 171.24856472015378, "train_accuracy_12": 0.77372, "test_accuracy_12": 0.7609999999999999, "valtest_accuracy_200": 0.6161333333333334, "valtest_accuracy_12": 0.39890000000000003, "proxy_losses": [2.4063150882720947, 1.9799997806549072, 1.8431744575500488, 1.7641525268554688, 1.707999587059021, 1.6655277013778687, 1.6262435913085938, 1.5901432037353516, 1.55708909034729, 1.5243382453918457, 1.4928903579711914, 1.4647250175476074, 1.4338957071304321, 1.4048243761062622, 1.379286766052246, 1.35646390914917, 1.3330225944519043, 1.3082977533340454, 1.2874308824539185, 1.2715715169906616, 1.24922776222229, 1.2305188179016113, 1.2178839445114136, 1.2004778385162354, 1.1835334300994873, 1.1673825979232788, 1.1527048349380493, 1.1415448188781738, 1.1268272399902344, 1.113771915435791, 1.0978660583496094, 1.0918312072753906, 1.0788339376449585, 1.0679664611816406, 1.055429458618164, 1.047059416770935, 1.033890962600708, 1.0209455490112305, 1.01066255569458, 0.9972635507583618, 0.9908213019371033, 0.9793318510055542, 0.9677680730819702, 0.9618726372718811, 0.9481967091560364, 0.9432515501976013, 0.9364925026893616, 0.9233902096748352, 0.9215577244758606, 0.9138416051864624], "landscape_losses": [2.525343179702759, 2.1642839908599854, 1.9522738456726074, 1.7701011896133423, 1.6061737537384033, 1.4525024890899658, 1.3169306516647339, 1.1718164682388306, 1.0539569854736328, 0.9615925550460815, 0.9077105522155762], "proxy_train_time": 6.034163212403655, "proxy_train_epochs": 50, "dirty_bit": 1, "landscape_term": 7.94939663534063, "speed_term": 4.776165331270377, "mote": 6.136254036127783}