{"id": 5733, "adj_matrix": [[0, 1, 1, 1], [0, 0, 1, 1], [0, 0, 0, 1], [0, 0, 0, 0]], "operations": ["skip_connect", "skip_connect", "avg_pool_3x3", "avg_pool_3x3", "nor_conv_3x3", "skip_connect"], "init_channel": 16, "blck_len": 5, "params": 0.316346, "flops": 43.17249, "latency": 0.012121564463565222, "train_per_time": 14.15001841386161, "train_time_200": 2830.003682772322, "train_accuracy_200": 0.8213733333333334, "test_accuracy_200": 0.7939333333333333, "train_time_12": 169.8002209663391, "train_accuracy_12": 0.6607599999999999, "test_accuracy_12": 0.6527, "valtest_accuracy_200": 0.43126666666666663, "valtest_accuracy_12": 0.2554, "proxy_losses": [5.972219467163086, 3.47639799118042, 2.5474438667297363, 2.1459789276123047, 2.000117301940918, 1.8516384363174438, 1.7749956846237183, 1.712519884109497, 1.6742852926254272, 1.6424468755722046, 1.6122359037399292, 1.590356469154358, 1.5708167552947998, 1.5547513961791992, 1.5362123250961304, 1.5222958326339722, 1.507130742073059, 1.4946430921554565, 1.4805619716644287, 1.4679499864578247, 1.4558680057525635, 1.442375898361206, 1.4307589530944824, 1.4201945066452026, 1.4091360569000244, 1.3987905979156494, 1.3912441730499268, 1.3787270784378052, 1.372165322303772, 1.3597919940948486, 1.3493402004241943, 1.3397527933120728, 1.3294485807418823, 1.322890043258667, 1.3160359859466553, 1.3040688037872314, 1.2985090017318726, 1.2908576726913452, 1.2839561700820923, 1.2773926258087158, 1.2746556997299194, 1.2685997486114502, 1.2587696313858032, 1.2494550943374634, 1.2380720376968384, 1.236126184463501, 1.2266427278518677, 1.2151902914047241, 1.208846926689148, 1.2027342319488525], "landscape_losses": [6.060405254364014, 4.219964027404785, 3.31735897064209, 2.68501877784729, 2.2057313919067383, 1.8589328527450562, 1.6179906129837036, 1.4339970350265503, 1.315185785293579, 1.2316898107528687, 1.2038155794143677], "proxy_train_time": 4.587822271510959, "proxy_train_epochs": 50, "dirty_bit": 1, "landscape_term": 5.785498877155361, "speed_term": 2.8787096165163213, "mote": 4.231808809931042}