{"id": 5825, "adj_matrix": [[0, 1, 1, 1], [0, 0, 1, 1], [0, 0, 0, 1], [0, 0, 0, 0]], "operations": ["skip_connect", "nor_conv_3x3", "zeros", "avg_pool_3x3", "zeros", "nor_conv_1x1"], "init_channel": 16, "blck_len": 5, "params": 0.344346, "flops": 47.10465, "latency": 0.01514478419956408, "train_per_time": 16.571691473325135, "train_time_200": 3314.3382946650268, "train_accuracy_200": 0.998533333333333, "test_accuracy_200": 0.9211666666666666, "train_time_12": 198.86029767990115, "train_accuracy_12": 0.8606999999999999, "test_accuracy_12": 0.8364, "valtest_accuracy_200": 0.6697666666666667, "valtest_accuracy_12": 0.49090000000000006, "proxy_losses": [2.313744068145752, 1.9536093473434448, 1.831180453300476, 1.7490696907043457, 1.689989447593689, 1.6420999765396118, 1.6006351709365845, 1.5637800693511963, 1.5284619331359863, 1.4973639249801636, 1.4639043807983398, 1.4323269128799438, 1.4030519723892212, 1.373089075088501, 1.3453134298324585, 1.3111120462417603, 1.2886152267456055, 1.2592625617980957, 1.233148217201233, 1.2103164196014404, 1.1826459169387817, 1.1643733978271484, 1.1424089670181274, 1.123091459274292, 1.0968706607818604, 1.0803250074386597, 1.0637123584747314, 1.041351318359375, 1.0241973400115967, 1.0061372518539429, 0.9900665879249573, 0.9779869318008423, 0.963916003704071, 0.9422524571418762, 0.9358718991279602, 0.9231074452400208, 0.9105222821235657, 0.9007902145385742, 0.8829839825630188, 0.8738420605659485, 0.8562556505203247, 0.8456151485443115, 0.8305095434188843, 0.8222676515579224, 0.8207699060440063, 0.8177669048309326, 0.8083987236022949, 0.7992352247238159, 0.7846084833145142, 0.7717995047569275], "landscape_losses": [2.4014205932617188, 2.0946247577667236, 1.8803644180297852, 1.6920607089996338, 1.5181362628936768, 1.3561609983444214, 1.1942561864852905, 1.0600576400756836, 0.9270290732383728, 0.8211911916732788, 0.7709511518478394], "proxy_train_time": 7.240894161164761, "proxy_train_epochs": 50, "dirty_bit": 1, "landscape_term": 8.786961071541409, "speed_term": 6.128689643257252, "mote": 6.9545383332086885}