{"id": 587, "adj_matrix": [[0, 1, 1, 1], [0, 0, 1, 1], [0, 0, 0, 1], [0, 0, 0, 0]], "operations": ["nor_conv_3x3", "nor_conv_1x1", "skip_connect", "skip_connect", "avg_pool_3x3", "nor_conv_3x3"], "init_channel": 16, "blck_len": 5, "params": 0.587386, "flops": 82.49409, "latency": 0.01680996438913178, "train_per_time": 20.405115763346295, "train_time_200": 4081.0231526692587, "train_accuracy_200": 0.9997133333333333, "test_accuracy_200": 0.9366333333333334, "train_time_12": 244.86138916015622, "train_accuracy_12": 0.9090600000000001, "test_accuracy_12": 0.8765999999999999, "valtest_accuracy_200": 0.7011000000000002, "valtest_accuracy_12": 0.5761999999999999, "proxy_losses": [2.4142258167266846, 1.816194772720337, 1.683457374572754, 1.5915230512619019, 1.5164613723754883, 1.4516093730926514, 1.401465892791748, 1.3502066135406494, 1.3052409887313843, 1.265699028968811, 1.230829119682312, 1.2062536478042603, 1.1685502529144287, 1.1382288932800293, 1.1101654767990112, 1.0871737003326416, 1.0622079372406006, 1.0425934791564941, 1.024289846420288, 1.0012894868850708, 0.9848429560661316, 0.9681897163391113, 0.9496350288391113, 0.9344439506530762, 0.9108223915100098, 0.8965943455696106, 0.8879246115684509, 0.8738011717796326, 0.8639437556266785, 0.8474839925765991, 0.841808021068573, 0.8392964005470276, 0.8190443515777588, 0.8082588911056519, 0.7957549095153809, 0.7835491895675659, 0.7741513848304749, 0.7652207016944885, 0.7593604326248169, 0.7468112111091614, 0.7435670495033264, 0.7350689172744751, 0.733129620552063, 0.7198078632354736, 0.7300511002540588, 0.7162609100341797, 0.6995068192481995, 0.6841362118721008, 0.6803755164146423, 0.6635425090789795], "landscape_losses": [2.551037073135376, 2.0493948459625244, 1.7875851392745972, 1.5827836990356445, 1.4076297283172607, 1.2154532670974731, 1.0498064756393433, 0.9099560379981995, 0.7895288467407227, 0.7123401165008545, 0.6697613596916199], "proxy_train_time": 7.884164587594569, "proxy_train_epochs": 50, "dirty_bit": 1, "landscape_term": 9.819292748624079, "speed_term": 7.725929810351346, "mote": 7.912785212461701}