{"id": 5875, "adj_matrix": [[0, 1, 1, 1], [0, 0, 1, 1], [0, 0, 0, 1], [0, 0, 0, 0]], "operations": ["avg_pool_3x3", "avg_pool_3x3", "zeros", "avg_pool_3x3", "nor_conv_1x1", "nor_conv_3x3"], "init_channel": 16, "blck_len": 5, "params": 0.344346, "flops": 47.10465, "latency": 0.015078150389487283, "train_per_time": 21.13616979122162, "train_time_200": 4227.233958244324, "train_accuracy_200": 0.9561200000000001, "test_accuracy_200": 0.8468666666666667, "train_time_12": 253.63403749465942, "train_accuracy_12": 0.7147, "test_accuracy_12": 0.7042, "valtest_accuracy_200": 0.5636333333333333, "valtest_accuracy_12": 0.3372, "proxy_losses": [2.8908088207244873, 2.1552164554595947, 1.8987566232681274, 1.7845808267593384, 1.7179114818572998, 1.6666769981384277, 1.6314921379089355, 1.6001838445663452, 1.5720053911209106, 1.5454773902893066, 1.522778868675232, 1.4985299110412598, 1.4741421937942505, 1.4520273208618164, 1.4324126243591309, 1.410200834274292, 1.3897290229797363, 1.3687777519226074, 1.3510414361953735, 1.338152289390564, 1.3216094970703125, 1.3006600141525269, 1.2872154712677002, 1.273315191268921, 1.2563519477844238, 1.2396173477172852, 1.228515863418579, 1.216230034828186, 1.1997082233428955, 1.1897821426391602, 1.1791235208511353, 1.1658903360366821, 1.1505340337753296, 1.1410681009292603, 1.1241506338119507, 1.11190927028656, 1.098981499671936, 1.089997410774231, 1.0779199600219727, 1.0721983909606934, 1.05804443359375, 1.048067569732666, 1.0460923910140991, 1.0393998622894287, 1.0288970470428467, 1.0167419910430908, 1.0194424390792847, 1.00783109664917, 1.0032602548599243, 1.003562569618225], "landscape_losses": [2.9852209091186523, 2.3898732662200928, 2.110396146774292, 1.8992677927017212, 1.6845645904541016, 1.52188241481781, 1.374655842781067, 1.2416082620620728, 1.1024707555770874, 1.024782419204712, 0.9828052520751953], "proxy_train_time": 7.333359360694885, "proxy_train_epochs": 50, "dirty_bit": 1, "landscape_term": 7.437713221154276, "speed_term": 5.497516437863318, "mote": 5.931474319400278}