{"id": 5880, "adj_matrix": [[0, 1, 1, 1], [0, 0, 1, 1], [0, 0, 0, 1], [0, 0, 0, 0]], "operations": ["nor_conv_3x3", "nor_conv_3x3", "nor_conv_1x1", "nor_conv_1x1", "avg_pool_3x3", "zeros"], "init_channel": 16, "blck_len": 5, "params": 0.615386, "flops": 86.42625, "latency": 0.01972728444818865, "train_per_time": 24.995556513468433, "train_time_200": 4999.111302693686, "train_accuracy_200": 0.9923466666666667, "test_accuracy_200": 0.9143000000000001, "train_time_12": 299.9466781616212, "train_accuracy_12": 0.8280200000000001, "test_accuracy_12": 0.8138, "valtest_accuracy_200": 0.6699666666666667, "valtest_accuracy_12": 0.44049999999999995, "proxy_losses": [2.2655327320098877, 1.9497170448303223, 1.819942831993103, 1.7353206872940063, 1.6712884902954102, 1.6135019063949585, 1.56591796875, 1.5240478515625, 1.489742398262024, 1.4541840553283691, 1.4225928783416748, 1.3938616514205933, 1.366019368171692, 1.339150309562683, 1.3164604902267456, 1.2945435047149658, 1.2763876914978027, 1.2537999153137207, 1.2384679317474365, 1.223357081413269, 1.1995935440063477, 1.1851322650909424, 1.1677790880203247, 1.157173991203308, 1.141802430152893, 1.1261876821517944, 1.1179070472717285, 1.1122311353683472, 1.0933270454406738, 1.0818661451339722, 1.0704922676086426, 1.060234785079956, 1.0470865964889526, 1.0466517210006714, 1.025450348854065, 1.0169131755828857, 1.004989504814148, 0.9944750070571899, 0.983375072479248, 0.975226640701294, 0.9646446108818054, 0.959270715713501, 0.9498764872550964, 0.9430177807807922, 0.9421611428260803, 0.9397059679031372, 0.9259955883026123, 0.9136984348297119, 0.9077832102775574, 0.8988762497901917], "landscape_losses": [2.3577587604522705, 2.0901076793670654, 1.9126181602478027, 1.7351539134979248, 1.5760934352874756, 1.443996548652649, 1.292680025100708, 1.1704659461975098, 1.0309494733810425, 0.9331860542297363, 0.8957991003990173], "proxy_train_time": 9.787679566070437, "proxy_train_epochs": 50, "dirty_bit": 1, "landscape_term": 8.114585987312969, "speed_term": 8.000815451593553, "mote": 6.830420629308515}