{"id": 5906, "adj_matrix": [[0, 1, 1, 1], [0, 0, 1, 1], [0, 0, 0, 1], [0, 0, 0, 0]], "operations": ["skip_connect", "nor_conv_1x1", "avg_pool_3x3", "nor_conv_1x1", "zeros", "skip_connect"], "init_channel": 16, "blck_len": 5, "params": 0.129306, "flops": 15.64737, "latency": 0.014640353227916519, "train_per_time": 15.010839303334581, "train_time_200": 3002.167860666916, "train_accuracy_200": 0.97964, "test_accuracy_200": 0.8904666666666666, "train_time_12": 180.13007164001468, "train_accuracy_12": 0.80974, "test_accuracy_12": 0.7944, "valtest_accuracy_200": 0.6335666666666666, "valtest_accuracy_12": 0.43229999999999996, "proxy_losses": [2.6625852584838867, 2.210966110229492, 2.0114011764526367, 1.901221513748169, 1.8271628618240356, 1.7745330333709717, 1.7340457439422607, 1.700295090675354, 1.6710418462753296, 1.645569920539856, 1.6212522983551025, 1.5997025966644287, 1.580223560333252, 1.5607658624649048, 1.5442925691604614, 1.5271952152252197, 1.5146490335464478, 1.4988123178482056, 1.483142614364624, 1.4702895879745483, 1.4558662176132202, 1.4453712701797485, 1.4329344034194946, 1.4217008352279663, 1.4128210544586182, 1.4003158807754517, 1.3895047903060913, 1.3788233995437622, 1.3697044849395752, 1.3587156534194946, 1.3501020669937134, 1.3426679372787476, 1.334194302558899, 1.320780873298645, 1.3116369247436523, 1.3053256273269653, 1.292806625366211, 1.2849814891815186, 1.2755022048950195, 1.2684956789016724, 1.2612857818603516, 1.2585521936416626, 1.2514142990112305, 1.2415978908538818, 1.2334864139556885, 1.2292749881744385, 1.216842770576477, 1.2103137969970703, 1.200891137123108, 1.195146918296814], "landscape_losses": [2.714503049850464, 2.3396928310394287, 2.122032403945923, 1.9421875476837158, 1.7883576154708862, 1.6586552858352661, 1.535080909729004, 1.4113167524337769, 1.311532735824585, 1.2431992292404175, 1.1967588663101196], "proxy_train_time": 6.205626096576452, "proxy_train_epochs": 50, "dirty_bit": 1, "landscape_term": 6.706420875857041, "speed_term": 4.19354562028844, "mote": 5.170225738479227}