{"id": 5942, "adj_matrix": [[0, 1, 1, 1], [0, 0, 1, 1], [0, 0, 0, 1], [0, 0, 0, 0]], "operations": ["avg_pool_3x3", "avg_pool_3x3", "avg_pool_3x3", "avg_pool_3x3", "nor_conv_3x3", "skip_connect"], "init_channel": 16, "blck_len": 5, "params": 0.316346, "flops": 43.17249, "latency": 0.01229294350272731, "train_per_time": 18.23730965455378, "train_time_200": 3647.461930910756, "train_accuracy_200": 0.7481266666666666, "test_accuracy_200": 0.7325, "train_time_12": 218.8477158546448, "train_accuracy_12": 0.5562, "test_accuracy_12": 0.5496, "valtest_accuracy_200": 0.3894, "valtest_accuracy_12": 0.2028, "proxy_losses": [7.575739860534668, 3.5431787967681885, 2.728907585144043, 2.344163656234741, 2.065302610397339, 1.9250242710113525, 1.8215820789337158, 1.750878930091858, 1.714103102684021, 1.68827223777771, 1.6595886945724487, 1.6385862827301025, 1.6196974515914917, 1.6025012731552124, 1.5847218036651611, 1.5674549341201782, 1.5529570579528809, 1.5388017892837524, 1.521659255027771, 1.5081707239151, 1.4928220510482788, 1.4811748266220093, 1.4652831554412842, 1.4525089263916016, 1.4419972896575928, 1.4328683614730835, 1.4230010509490967, 1.4189473390579224, 1.4049979448318481, 1.391213297843933, 1.3808032274246216, 1.3749750852584839, 1.3633923530578613, 1.3578664064407349, 1.3471431732177734, 1.3356857299804688, 1.3307576179504395, 1.323809027671814, 1.3164252042770386, 1.3109201192855835, 1.3008538484573364, 1.3044514656066895, 1.2918176651000977, 1.2877815961837769, 1.2903884649276733, 1.2798289060592651, 1.2719097137451172, 1.2661025524139404, 1.2552822828292847, 1.256480097770691], "landscape_losses": [7.822967052459717, 4.841996192932129, 3.60386323928833, 2.8360276222229004, 2.2727596759796143, 1.8915646076202393, 1.6287482976913452, 1.451507568359375, 1.335282325744629, 1.2738878726959229, 1.2498879432678223], "proxy_train_time": 5.32310017477721, "proxy_train_epochs": 50, "dirty_bit": 1, "landscape_term": 5.569980371131572, "speed_term": 3.183566443522345, "mote": 4.152763016417511}