{"id": 5948, "adj_matrix": [[0, 1, 1, 1], [0, 0, 1, 1], [0, 0, 0, 1], [0, 0, 0, 0]], "operations": ["zeros", "nor_conv_1x1", "skip_connect", "avg_pool_3x3", "zeros", "nor_conv_1x1"], "init_channel": 16, "blck_len": 5, "params": 0.129306, "flops": 15.64737, "latency": 0.015352847283346613, "train_per_time": 15.20420217514038, "train_time_200": 3040.840435028076, "train_accuracy_200": 0.99314, "test_accuracy_200": 0.8938999999999999, "train_time_12": 182.45042610168457, "train_accuracy_12": 0.80686, "test_accuracy_12": 0.7914, "valtest_accuracy_200": 0.6497333333333334, "valtest_accuracy_12": 0.4384, "proxy_losses": [2.6717560291290283, 2.3273181915283203, 2.1507515907287598, 2.0282444953918457, 1.9434820413589478, 1.8777503967285156, 1.8270511627197266, 1.785196304321289, 1.7523829936981201, 1.7234991788864136, 1.6989859342575073, 1.67570960521698, 1.6536344289779663, 1.634655475616455, 1.6138808727264404, 1.597995638847351, 1.5793242454528809, 1.5604257583618164, 1.5431492328643799, 1.5264760255813599, 1.5085029602050781, 1.493361473083496, 1.476723313331604, 1.4596787691116333, 1.4419296979904175, 1.4269535541534424, 1.412100076675415, 1.4002373218536377, 1.3800642490386963, 1.3624520301818848, 1.3491923809051514, 1.3357353210449219, 1.3183201551437378, 1.3073315620422363, 1.2959085702896118, 1.2816182374954224, 1.2677253484725952, 1.2572554349899292, 1.2483004331588745, 1.2348525524139404, 1.2231144905090332, 1.2134959697723389, 1.204679012298584, 1.1937448978424072, 1.1826926469802856, 1.171670913696289, 1.1640771627426147, 1.155655026435852, 1.143687129020691, 1.1369221210479736], "landscape_losses": [2.742741584777832, 2.4244065284729004, 2.1964833736419678, 2.008258104324341, 1.8314625024795532, 1.6661587953567505, 1.5175914764404297, 1.3822907209396362, 1.2678353786468506, 1.1724882125854492, 1.1273219585418701], "proxy_train_time": 7.028506365604699, "proxy_train_epochs": 50, "dirty_bit": 1, "landscape_term": 6.787549229933012, "speed_term": 4.6719880642963885, "mote": 5.325058950681436}