{"id": 6086, "adj_matrix": [[0, 1, 1, 1], [0, 0, 1, 1], [0, 0, 0, 1], [0, 0, 0, 0]], "operations": ["nor_conv_1x1", "zeros", "skip_connect", "nor_conv_1x1", "avg_pool_3x3", "skip_connect"], "init_channel": 16, "blck_len": 5, "params": 0.129306, "flops": 15.64737, "latency": 0.014995311435900237, "train_per_time": 15.29404628276825, "train_time_200": 3058.80925655365, "train_accuracy_200": 0.9718799999999999, "test_accuracy_200": 0.8913499999999999, "train_time_12": 183.528555393219, "train_accuracy_12": 0.8271, "test_accuracy_12": 0.8139, "valtest_accuracy_200": 0.64095, "valtest_accuracy_12": 0.40369999999999995, "proxy_losses": [2.7143771648406982, 2.3116161823272705, 2.1101882457733154, 1.9785603284835815, 1.885835886001587, 1.8199812173843384, 1.7695306539535522, 1.7269216775894165, 1.6921935081481934, 1.6607745885849, 1.6336795091629028, 1.6099517345428467, 1.5881880521774292, 1.5689817667007446, 1.5514018535614014, 1.5330593585968018, 1.5161482095718384, 1.4998292922973633, 1.4817945957183838, 1.4677164554595947, 1.451142430305481, 1.43473482131958, 1.4242254495620728, 1.4066256284713745, 1.3938298225402832, 1.3794317245483398, 1.3662521839141846, 1.3556756973266602, 1.3410444259643555, 1.3305203914642334, 1.3204522132873535, 1.3063420057296753, 1.295466423034668, 1.2837910652160645, 1.2717339992523193, 1.2640496492385864, 1.2541173696517944, 1.244998812675476, 1.234947681427002, 1.2286752462387085, 1.2206876277923584, 1.210671067237854, 1.203702688217163, 1.1945252418518066, 1.1861509084701538, 1.1785054206848145, 1.1717263460159302, 1.1685566902160645, 1.1571670770645142, 1.1524969339370728], "landscape_losses": [2.7725491523742676, 2.4278228282928467, 2.1924805641174316, 1.9917442798614502, 1.8100318908691406, 1.627821922302246, 1.4834082126617432, 1.3582029342651367, 1.268769383430481, 1.1931359767913818, 1.1469810009002686], "proxy_train_time": 6.309940611943603, "proxy_train_epochs": 50, "dirty_bit": 1, "landscape_term": 6.806078746633155, "speed_term": 4.2893849042905, "mote": 5.2589799939708834}