{"id": 6116, "adj_matrix": [[0, 1, 1, 1], [0, 0, 1, 1], [0, 0, 0, 1], [0, 0, 0, 0]], "operations": ["nor_conv_3x3", "avg_pool_3x3", "nor_conv_3x3", "nor_conv_1x1", "nor_conv_1x1", "skip_connect"], "init_channel": 16, "blck_len": 5, "params": 0.615386, "flops": 86.42625, "latency": 0.017810984661704617, "train_per_time": 24.681529680887863, "train_time_200": 4936.305936177572, "train_accuracy_200": 0.9993099999999999, "test_accuracy_200": 0.93045, "train_time_12": 296.1783561706543, "train_accuracy_12": 0.8728400000000001, "test_accuracy_12": 0.8472, "valtest_accuracy_200": 0.6825999999999999, "valtest_accuracy_12": 0.501, "proxy_losses": [2.7400426864624023, 1.9502261877059937, 1.7505568265914917, 1.634461522102356, 1.551621675491333, 1.4851168394088745, 1.4296467304229736, 1.375898003578186, 1.3289899826049805, 1.2874727249145508, 1.2558753490447998, 1.2147406339645386, 1.1853381395339966, 1.1594289541244507, 1.1352158784866333, 1.1071994304656982, 1.0839883089065552, 1.0612677335739136, 1.0359513759613037, 1.019643783569336, 1.002517580986023, 0.9889501929283142, 0.9675750136375427, 0.9539477825164795, 0.9408064484596252, 0.9202501773834229, 0.9130082726478577, 0.8964319229125977, 0.8806840777397156, 0.869627058506012, 0.8587198257446289, 0.8432237505912781, 0.8353590965270996, 0.8267069458961487, 0.8255951404571533, 0.812551736831665, 0.7934815287590027, 0.7867251038551331, 0.7731443047523499, 0.7660415768623352, 0.7469464540481567, 0.7442681193351746, 0.7344297170639038, 0.7250208854675293, 0.7145558595657349, 0.7221372723579407, 0.7070262432098389, 0.7038846015930176, 0.6879417896270752, 0.6830740571022034], "landscape_losses": [2.8782565593719482, 2.2202036380767822, 1.919689655303955, 1.670342206954956, 1.4261064529418945, 1.2324702739715576, 1.0585178136825562, 0.9133412837982178, 0.80971360206604, 0.7193249464035034, 0.6784672141075134], "proxy_train_time": 8.990095887333155, "proxy_train_epochs": 50, "dirty_bit": 1, "landscape_term": 9.568733086935172, "speed_term": 8.575502040829631, "mote": 7.888017766144689}