{"id": 6145, "adj_matrix": [[0, 1, 1, 1], [0, 0, 1, 1], [0, 0, 0, 1], [0, 0, 0, 0]], "operations": ["nor_conv_1x1", "nor_conv_1x1", "nor_conv_1x1", "skip_connect", "avg_pool_3x3", "zeros"], "init_channel": 16, "blck_len": 5, "params": 0.157306, "flops": 19.57953, "latency": 0.016232082718297056, "train_per_time": 18.88804586728419, "train_time_200": 3777.6091734568386, "train_accuracy_200": 0.9763900000000001, "test_accuracy_200": 0.89655, "train_time_12": 226.6565504074097, "train_accuracy_12": 0.85588, "test_accuracy_12": 0.8319, "valtest_accuracy_200": 0.6431, "valtest_accuracy_12": 0.47619999999999996, "proxy_losses": [2.610928773880005, 2.2998180389404297, 2.1420960426330566, 2.045856475830078, 1.979730248451233, 1.9273072481155396, 1.886926531791687, 1.852299451828003, 1.8202728033065796, 1.7906574010849, 1.764299750328064, 1.7376400232315063, 1.7141681909561157, 1.693241000175476, 1.6725435256958008, 1.6540377140045166, 1.6335716247558594, 1.6176252365112305, 1.6008214950561523, 1.5850756168365479, 1.5727092027664185, 1.5577224493026733, 1.5451056957244873, 1.5324559211730957, 1.519148349761963, 1.5081562995910645, 1.496551752090454, 1.484268307685852, 1.475125789642334, 1.4621540307998657, 1.4502074718475342, 1.441849946975708, 1.4304959774017334, 1.420852780342102, 1.4091945886611938, 1.400121808052063, 1.3899052143096924, 1.3829538822174072, 1.3752400875091553, 1.363340139389038, 1.356706976890564, 1.3486697673797607, 1.338194727897644, 1.3334687948226929, 1.3228542804718018, 1.3164523839950562, 1.3074150085449219, 1.3034683465957642, 1.2967523336410522, 1.2889107465744019], "landscape_losses": [2.6543216705322266, 2.3826358318328857, 2.205000400543213, 2.0414633750915527, 1.8870879411697388, 1.7423756122589111, 1.602455973625183, 1.4811623096466064, 1.3926643133163452, 1.3232702016830444, 1.2831125259399414], "proxy_train_time": 7.706110630184412, "proxy_train_epochs": 50, "dirty_bit": 1, "landscape_term": 6.395946876755617, "speed_term": 4.8490886634316706, "mote": 5.090228588318387}