{"id": 6156, "adj_matrix": [[0, 1, 1, 1], [0, 0, 1, 1], [0, 0, 0, 1], [0, 0, 0, 0]], "operations": ["nor_conv_1x1", "avg_pool_3x3", "nor_conv_1x1", "skip_connect", "nor_conv_1x1", "nor_conv_1x1"], "init_channel": 16, "blck_len": 5, "params": 0.185306, "flops": 23.51169, "latency": 0.019567166504107024, "train_per_time": 22.782202442487105, "train_time_200": 4556.440488497421, "train_accuracy_200": 0.99497, "test_accuracy_200": 0.9094, "train_time_12": 273.386429309845, "train_accuracy_12": 0.8678199999999999, "test_accuracy_12": 0.843, "valtest_accuracy_200": 0.6770499999999999, "valtest_accuracy_12": 0.5172, "proxy_losses": [3.1537928581237793, 2.414362668991089, 2.087789535522461, 1.8973675966262817, 1.7901462316513062, 1.7203195095062256, 1.6672987937927246, 1.6239300966262817, 1.5881290435791016, 1.5563358068466187, 1.5255537033081055, 1.499648094177246, 1.4721856117248535, 1.4490044116973877, 1.4261348247528076, 1.405305027961731, 1.3860784769058228, 1.367781639099121, 1.3510115146636963, 1.3345881700515747, 1.3172708749771118, 1.3004028797149658, 1.2846921682357788, 1.271053671836853, 1.2563681602478027, 1.2451826333999634, 1.2274123430252075, 1.216493010520935, 1.2049639225006104, 1.1968621015548706, 1.183532953262329, 1.173826813697815, 1.1584069728851318, 1.1513698101043701, 1.1420605182647705, 1.1291470527648926, 1.1216089725494385, 1.111391305923462, 1.1005067825317383, 1.0943336486816406, 1.0886822938919067, 1.0730620622634888, 1.0693649053573608, 1.0625149011611938, 1.055065631866455, 1.0451009273529053, 1.0337738990783691, 1.0292946100234985, 1.0228246450424194, 1.0142203569412231], "landscape_losses": [3.2692909240722656, 2.6340982913970947, 2.2688214778900146, 1.977194905281067, 1.7307443618774414, 1.52705717086792, 1.364593267440796, 1.2394821643829346, 1.1449579000473022, 1.065446376800537, 1.0109705924987793], "proxy_train_time": 8.287517635151744, "proxy_train_epochs": 50, "dirty_bit": 1, "landscape_term": 7.2054025759642055, "speed_term": 6.085033231121993, "mote": 5.883080871284969}