{"id": 6205, "adj_matrix": [[0, 1, 1, 1], [0, 0, 1, 1], [0, 0, 0, 1], [0, 0, 0, 0]], "operations": ["avg_pool_3x3", "nor_conv_1x1", "avg_pool_3x3", "avg_pool_3x3", "skip_connect", "avg_pool_3x3"], "init_channel": 16, "blck_len": 5, "params": 0.101306, "flops": 11.71521, "latency": 0.012298248316112318, "train_per_time": 16.814924915631654, "train_time_200": 3362.9849831263305, "train_accuracy_200": 0.77826, "test_accuracy_200": 0.7596, "train_time_12": 201.77909898757937, "train_accuracy_12": 0.57674, "test_accuracy_12": 0.5695, "valtest_accuracy_200": 0.40375, "valtest_accuracy_12": 0.2469, "proxy_losses": [7.362172603607178, 5.304271697998047, 4.025627136230469, 3.331176280975342, 2.9128403663635254, 2.5808801651000977, 2.3384130001068115, 2.1420562267303467, 1.9930750131607056, 1.9057393074035645, 1.8466496467590332, 1.7998285293579102, 1.7610279321670532, 1.7355486154556274, 1.7131189107894897, 1.6974644660949707, 1.6831036806106567, 1.6720573902130127, 1.6595256328582764, 1.6479662656784058, 1.638904333114624, 1.6284629106521606, 1.6181052923202515, 1.610472321510315, 1.6019266843795776, 1.5940150022506714, 1.5862805843353271, 1.578713297843933, 1.573567509651184, 1.5663001537322998, 1.5575801134109497, 1.5521820783615112, 1.5459486246109009, 1.5393608808517456, 1.5324764251708984, 1.52741539478302, 1.5199766159057617, 1.515532374382019, 1.5096839666366577, 1.5037447214126587, 1.4982984066009521, 1.4933475255966187, 1.4883898496627808, 1.479861855506897, 1.4773964881896973, 1.4725366830825806, 1.4659215211868286, 1.4639965295791626, 1.4580049514770508, 1.452996850013733], "landscape_losses": [7.560030460357666, 5.819187641143799, 4.659524440765381, 3.867410898208618, 3.2093067169189453, 2.6281697750091553, 2.1920645236968994, 1.8423665761947632, 1.6373721361160278, 1.504351019859314, 1.4588474035263062], "proxy_train_time": 5.463630156591535, "proxy_train_epochs": 50, "dirty_bit": 1, "landscape_term": 4.429308624616411, "speed_term": 2.811552309614295, "mote": 3.2441490402407784}