{"id": 6456, "adj_matrix": [[0, 1, 1, 1], [0, 0, 1, 1], [0, 0, 0, 1], [0, 0, 0, 0]], "operations": ["skip_connect", "zeros", "skip_connect", "skip_connect", "nor_conv_3x3", "nor_conv_3x3"], "init_channel": 16, "blck_len": 5, "params": 0.559386, "flops": 78.56193, "latency": 0.015370539405889679, "train_per_time": 15.327437241872182, "train_time_200": 3065.4874483744366, "train_accuracy_200": 0.9981, "test_accuracy_200": 0.9199, "train_time_12": 183.92924690246585, "train_accuracy_12": 0.89032, "test_accuracy_12": 0.8673000000000001, "valtest_accuracy_200": 0.6702333333333332, "valtest_accuracy_12": 0.5379, "proxy_losses": [2.6784863471984863, 2.0033047199249268, 1.7961513996124268, 1.6903737783432007, 1.6089972257614136, 1.545974850654602, 1.4961739778518677, 1.4539062976837158, 1.4165549278259277, 1.3842543363571167, 1.3589707612991333, 1.3288631439208984, 1.3057621717453003, 1.2838667631149292, 1.2586371898651123, 1.2394236326217651, 1.2162635326385498, 1.1986883878707886, 1.1763207912445068, 1.1643998622894287, 1.1456458568572998, 1.12921142578125, 1.1132838726043701, 1.102486252784729, 1.0813910961151123, 1.0675214529037476, 1.0530534982681274, 1.0334562063217163, 1.0279183387756348, 1.0183132886886597, 1.004205584526062, 0.989076554775238, 0.9775846600532532, 0.9693562388420105, 0.9526246190071106, 0.9431842565536499, 0.937802255153656, 0.9346765875816345, 0.9279113411903381, 0.9137144684791565, 0.9063497185707092, 0.8987738490104675, 0.8819659352302551, 0.8852049708366394, 0.8803480267524719, 0.877418041229248, 0.8665904402732849, 0.8481269478797913, 0.8418046832084656, 0.8428797125816345], "landscape_losses": [2.7943437099456787, 2.205839157104492, 1.9030168056488037, 1.6561437845230103, 1.456827163696289, 1.300567626953125, 1.1479889154434204, 1.028775930404663, 0.9459265470504761, 0.8667116165161133, 0.8301939368247986], "proxy_train_time": 6.732216821052134, "proxy_train_epochs": 50, "dirty_bit": 1, "landscape_term": 8.654426190168504, "speed_term": 5.738605483534704, "mote": 6.794355314060605}