{"id": 6474, "adj_matrix": [[0, 1, 1, 1], [0, 0, 1, 1], [0, 0, 0, 1], [0, 0, 0, 0]], "operations": ["avg_pool_3x3", "nor_conv_1x1", "nor_conv_3x3", "avg_pool_3x3", "nor_conv_1x1", "nor_conv_3x3"], "init_channel": 16, "blck_len": 5, "params": 0.615386, "flops": 86.42625, "latency": 0.018855665859423186, "train_per_time": 27.00175551573438, "train_time_200": 5400.351103146876, "train_accuracy_200": 0.99861, "test_accuracy_200": 0.9153999999999999, "train_time_12": 324.02106618881226, "train_accuracy_12": 0.82186, "test_accuracy_12": 0.7994, "valtest_accuracy_200": 0.6701999999999999, "valtest_accuracy_12": 0.4592, "proxy_losses": [2.6273562908172607, 1.920722484588623, 1.7482261657714844, 1.656859040260315, 1.5891667604446411, 1.5308537483215332, 1.4802054166793823, 1.4328670501708984, 1.3857696056365967, 1.3460832834243774, 1.3109749555587769, 1.275622010231018, 1.2470132112503052, 1.2138999700546265, 1.1896257400512695, 1.1615186929702759, 1.1402056217193604, 1.1140555143356323, 1.0933356285095215, 1.0758752822875977, 1.052059531211853, 1.0337611436843872, 1.015075922012329, 0.9910535216331482, 0.9746459722518921, 0.9670936465263367, 0.9482002854347229, 0.9367193579673767, 0.915555477142334, 0.9017032384872437, 0.902093768119812, 0.8823783993721008, 0.8637568354606628, 0.8507961630821228, 0.8360360264778137, 0.8224375247955322, 0.8139703273773193, 0.8142284154891968, 0.8079606294631958, 0.7992919087409973, 0.7915137410163879, 0.7874393463134766, 0.7641675472259521, 0.7567600607872009, 0.7562116980552673, 0.7372571229934692, 0.7366844415664673, 0.722553551197052, 0.7179880142211914, 0.7141602635383606], "landscape_losses": [2.8299405574798584, 2.2087786197662354, 1.8800703287124634, 1.639492392539978, 1.4293020963668823, 1.246996521949768, 1.0845762491226196, 0.930420994758606, 0.8381889462471008, 0.7686169147491455, 0.7109969854354858], "proxy_train_time": 9.45318222232163, "proxy_train_epochs": 50, "dirty_bit": 1, "landscape_term": 9.346875860265278, "speed_term": 8.72808917012046, "mote": 7.766768264175767}