{"id": 6488, "adj_matrix": [[0, 1, 1, 1], [0, 0, 1, 1], [0, 0, 0, 1], [0, 0, 0, 0]], "operations": ["nor_conv_3x3", "skip_connect", "skip_connect", "zeros", "avg_pool_3x3", "avg_pool_3x3"], "init_channel": 16, "blck_len": 5, "params": 0.316346, "flops": 43.17249, "latency": 0.012607922679499577, "train_per_time": 14.343747615814207, "train_time_200": 2868.7495231628413, "train_accuracy_200": 0.98363, "test_accuracy_200": 0.88705, "train_time_12": 172.12497138977048, "train_accuracy_12": 0.77602, "test_accuracy_12": 0.7613, "valtest_accuracy_200": 0.61885, "valtest_accuracy_12": 0.3945, "proxy_losses": [2.7104344367980957, 1.9889323711395264, 1.76665198802948, 1.660330891609192, 1.5861361026763916, 1.5248980522155762, 1.4741911888122559, 1.4339358806610107, 1.3956490755081177, 1.360148549079895, 1.3295036554336548, 1.3043785095214844, 1.278761386871338, 1.2552542686462402, 1.2346725463867188, 1.2181811332702637, 1.1967146396636963, 1.1800086498260498, 1.158677577972412, 1.1451348066329956, 1.1299020051956177, 1.1159312725067139, 1.1033532619476318, 1.0918830633163452, 1.0804829597473145, 1.0626901388168335, 1.0450183153152466, 1.0312749147415161, 1.0177149772644043, 1.0064753293991089, 0.9988516569137573, 0.9876095652580261, 0.9871879816055298, 0.9661535024642944, 0.9574483633041382, 0.9520136713981628, 0.9337630867958069, 0.9242368936538696, 0.9091033339500427, 0.9060473442077637, 0.901766300201416, 0.8891964554786682, 0.8852515816688538, 0.8764366507530212, 0.8649662137031555, 0.8592570424079895, 0.8460621237754822, 0.8397137522697449, 0.8389465808868408, 0.8384377956390381], "landscape_losses": [2.8434054851531982, 2.278822422027588, 2.0093233585357666, 1.7993582487106323, 1.59178626537323, 1.433107852935791, 1.2770323753356934, 1.1311273574829102, 1.0026562213897705, 0.8847898244857788, 0.8350552916526794], "proxy_train_time": 5.971501221880317, "proxy_train_epochs": 50, "dirty_bit": 1, "landscape_term": 8.162184472175037, "speed_term": 5.143432120448213, "mote": 6.351923530646472}