{"id": 6599, "adj_matrix": [[0, 1, 1, 1], [0, 0, 1, 1], [0, 0, 0, 1], [0, 0, 0, 0]], "operations": ["avg_pool_3x3", "zeros", "nor_conv_3x3", "nor_conv_3x3", "avg_pool_3x3", "nor_conv_3x3"], "init_channel": 16, "blck_len": 5, "params": 0.802426, "flops": 113.95137, "latency": 0.01854271637765985, "train_per_time": 24.281333724657692, "train_time_200": 4856.266744931539, "train_accuracy_200": 0.9974199999999999, "test_accuracy_200": 0.91125, "train_time_12": 291.37600469589233, "train_accuracy_12": 0.7862600000000001, "test_accuracy_12": 0.767, "valtest_accuracy_200": 0.6397499999999999, "valtest_accuracy_12": 0.4102, "proxy_losses": [2.3215742111206055, 1.813604712486267, 1.6659185886383057, 1.553297519683838, 1.4818921089172363, 1.4203541278839111, 1.365146517753601, 1.3155622482299805, 1.2644482851028442, 1.2212860584259033, 1.189298391342163, 1.1565519571304321, 1.1336475610733032, 1.1030162572860718, 1.0799468755722046, 1.0541510581970215, 1.0334491729736328, 1.0146818161010742, 0.9993970990180969, 0.9842195510864258, 0.9694135785102844, 0.9500941634178162, 0.9282947182655334, 0.9133625030517578, 0.8981557488441467, 0.8852164149284363, 0.8795297741889954, 0.8596386909484863, 0.8519749045372009, 0.8292738199234009, 0.8201937675476074, 0.8187023401260376, 0.7993311285972595, 0.8029176592826843, 0.7891508936882019, 0.7735124230384827, 0.76188063621521, 0.7540573477745056, 0.7471970915794373, 0.734416127204895, 0.7247253060340881, 0.7187377214431763, 0.7104385495185852, 0.6978803873062134, 0.6915915012359619, 0.6801867485046387, 0.6800525188446045, 0.6692251563072205, 0.6592150926589966, 0.6488138437271118], "landscape_losses": [2.451517105102539, 1.9943554401397705, 1.7334742546081543, 1.5247483253479004, 1.3496757745742798, 1.1867824792861938, 1.0330694913864136, 0.8941512703895569, 0.7902671098709106, 0.6928852796554565, 0.6495120525360107], "proxy_train_time": 9.278427912853658, "proxy_train_epochs": 50, "dirty_bit": 1, "landscape_term": 10.060201703668731, "speed_term": 9.312208007880587, "mote": 8.325538711959322}