{"id": 663, "adj_matrix": [[0, 1, 1, 1], [0, 0, 1, 1], [0, 0, 0, 1], [0, 0, 0, 0]], "operations": ["nor_conv_3x3", "skip_connect", "nor_conv_3x3", "nor_conv_3x3", "skip_connect", "nor_conv_1x1"], "init_channel": 16, "blck_len": 5, "params": 0.830426, "flops": 117.88353, "latency": 0.01967568460263704, "train_per_time": 23.020400762557983, "train_time_200": 4604.080152511597, "train_accuracy_200": 0.9995133333333333, "test_accuracy_200": 0.9328333333333334, "train_time_12": 276.2448091506958, "train_accuracy_12": 0.89342, "test_accuracy_12": 0.8667, "valtest_accuracy_200": 0.6999666666666667, "valtest_accuracy_12": 0.5382, "proxy_losses": [2.3044114112854004, 1.8258594274520874, 1.675245761871338, 1.5685343742370605, 1.480947732925415, 1.4044467210769653, 1.3400328159332275, 1.2885451316833496, 1.2426884174346924, 1.1956884860992432, 1.1519110202789307, 1.1170212030410767, 1.0789165496826172, 1.0485560894012451, 1.019059419631958, 0.9851062297821045, 0.9652965068817139, 0.9419809579849243, 0.9228867292404175, 0.9012361168861389, 0.8820720911026001, 0.8646440505981445, 0.8380208015441895, 0.8369015455245972, 0.8085747957229614, 0.793828010559082, 0.7827638387680054, 0.7703974843025208, 0.7593653798103333, 0.7437490820884705, 0.7318354249000549, 0.7227383852005005, 0.720070481300354, 0.7069134712219238, 0.6928731203079224, 0.6832414865493774, 0.6721009016036987, 0.6586209535598755, 0.6489099264144897, 0.6400963664054871, 0.6357088088989258, 0.6196385025978088, 0.6115818619728088, 0.6075035929679871, 0.5979132056236267, 0.5914331674575806, 0.5801932215690613, 0.5842459797859192, 0.5702261924743652, 0.5714544057846069], "landscape_losses": [2.4539523124694824, 2.0192606449127197, 1.777738094329834, 1.541513442993164, 1.3468703031539917, 1.1604089736938477, 0.9893149137496948, 0.848537027835846, 0.7147617936134338, 0.6202031373977661, 0.5791588425636292], "proxy_train_time": 9.273845968768, "proxy_train_epochs": 50, "dirty_bit": 1, "landscape_term": 10.645573380537495, "speed_term": 9.996387315126833, "mote": 8.810125499893974}