{"id": 6736, "adj_matrix": [[0, 1, 1, 1], [0, 0, 1, 1], [0, 0, 0, 1], [0, 0, 0, 0]], "operations": ["skip_connect", "avg_pool_3x3", "avg_pool_3x3", "avg_pool_3x3", "nor_conv_1x1", "nor_conv_3x3"], "init_channel": 16, "blck_len": 5, "params": 0.344346, "flops": 47.10465, "latency": 0.015024218642920778, "train_per_time": 21.075842777887928, "train_time_200": 4215.168555577586, "train_accuracy_200": 0.9923666666666668, "test_accuracy_200": 0.9015333333333335, "train_time_12": 252.91011333465573, "train_accuracy_12": 0.80524, "test_accuracy_12": 0.794, "valtest_accuracy_200": 0.6447000000000002, "valtest_accuracy_12": 0.4057, "proxy_losses": [3.0667173862457275, 2.3396048545837402, 2.074094772338867, 1.9117348194122314, 1.8138396739959717, 1.7428275346755981, 1.6804627180099487, 1.6297613382339478, 1.583374261856079, 1.541113257408142, 1.5041972398757935, 1.4683480262756348, 1.4347913265228271, 1.4045590162277222, 1.377799391746521, 1.3559792041778564, 1.3330777883529663, 1.3121470212936401, 1.2925688028335571, 1.2762478590011597, 1.2649641036987305, 1.2409430742263794, 1.2239372730255127, 1.211443305015564, 1.1960171461105347, 1.18156099319458, 1.166808843612671, 1.1521471738815308, 1.1433393955230713, 1.1239506006240845, 1.1238943338394165, 1.1088443994522095, 1.0901659727096558, 1.0768944025039673, 1.067490577697754, 1.0523017644882202, 1.0396801233291626, 1.028043508529663, 1.022223949432373, 1.0251505374908447, 1.0080676078796387, 0.9963940382003784, 0.9996293187141418, 0.9899849891662598, 0.9752471446990967, 0.9640132784843445, 0.9572035074234009, 0.9509004950523376, 0.944270133972168, 0.93715500831604], "landscape_losses": [3.1925418376922607, 2.5550942420959473, 2.2194924354553223, 1.9324960708618164, 1.7128829956054688, 1.5366089344024658, 1.3645977973937988, 1.2428176403045654, 1.1008024215698242, 0.9843098521232605, 0.9343529343605042], "proxy_train_time": 6.322785664349794, "proxy_train_epochs": 50, "dirty_bit": 1, "landscape_term": 7.439286489576502, "speed_term": 4.833496962262831, "mote": 5.802970774503319}