{"id": 6889, "adj_matrix": [[0, 1, 1, 1], [0, 0, 1, 1], [0, 0, 0, 1], [0, 0, 0, 0]], "operations": ["zeros", "avg_pool_3x3", "skip_connect", "zeros", "skip_connect", "avg_pool_3x3"], "init_channel": 16, "blck_len": 5, "params": 0.073306, "flops": 7.78305, "latency": 0.00948339491559748, "train_per_time": 9.632663607597351, "train_time_200": 1926.5327215194702, "train_accuracy_200": 0.71956, "test_accuracy_200": 0.6782666666666667, "train_time_12": 115.59196329116821, "train_accuracy_12": 0.5389, "test_accuracy_12": 0.5366, "valtest_accuracy_200": 0.3937, "valtest_accuracy_12": 0.24670000000000003, "proxy_losses": [2.4661428928375244, 2.3548696041107178, 2.273364782333374, 2.2069966793060303, 2.1569249629974365, 2.1142592430114746, 2.076549768447876, 2.042325496673584, 2.011838436126709, 1.9848543405532837, 1.9596409797668457, 1.9380886554718018, 1.9217712879180908, 1.9052263498306274, 1.8887269496917725, 1.8736250400543213, 1.8612576723098755, 1.849632978439331, 1.8385136127471924, 1.8284351825714111, 1.818203091621399, 1.8091773986816406, 1.8006548881530762, 1.7934162616729736, 1.7858636379241943, 1.778354525566101, 1.7717829942703247, 1.7661947011947632, 1.7611583471298218, 1.7556781768798828, 1.7506603002548218, 1.7465251684188843, 1.7421412467956543, 1.7395480871200562, 1.7343863248825073, 1.7306181192398071, 1.727005124092102, 1.7240773439407349, 1.7209135293960571, 1.7170288562774658, 1.7135298252105713, 1.7115392684936523, 1.7073363065719604, 1.7051279544830322, 1.7026926279067993, 1.699035882949829, 1.6974809169769287, 1.6946302652359009, 1.6927851438522339, 1.690557837486267], "landscape_losses": [2.485485315322876, 2.3611953258514404, 2.242668867111206, 2.1332616806030273, 2.0235378742218018, 1.9220283031463623, 1.8397926092147827, 1.7759826183319092, 1.7320857048034668, 1.7032746076583862, 1.6880700588226318], "proxy_train_time": 4.59699641354382, "proxy_train_epochs": 50, "dirty_bit": 1, "landscape_term": 5.618424547347395, "speed_term": 2.478401691022399, "mote": 4.013583020530797}