{"id": 6953, "adj_matrix": [[0, 1, 1, 1], [0, 0, 1, 1], [0, 0, 0, 1], [0, 0, 0, 0]], "operations": ["nor_conv_3x3", "zeros", "zeros", "zeros", "skip_connect", "zeros"], "init_channel": 16, "blck_len": 5, "params": 0.316346, "flops": 43.17249, "latency": 0.01311748278768439, "train_per_time": 11.359594742457084, "train_time_200": 2271.918948491417, "train_accuracy_200": 0.99765, "test_accuracy_200": 0.92145, "train_time_12": 136.3151369094849, "train_accuracy_12": 0.8660800000000001, "test_accuracy_12": 0.8434, "valtest_accuracy_200": 0.6736, "valtest_accuracy_12": 0.4714, "proxy_losses": [2.2808163166046143, 1.98756742477417, 1.8763972520828247, 1.8020074367523193, 1.7494810819625854, 1.703552484512329, 1.6631890535354614, 1.6271203756332397, 1.5915693044662476, 1.5612168312072754, 1.5303468704223633, 1.5032140016555786, 1.4773168563842773, 1.4558796882629395, 1.4311624765396118, 1.410380244255066, 1.3905366659164429, 1.3705824613571167, 1.3512645959854126, 1.3318307399749756, 1.3123539686203003, 1.2904196977615356, 1.279037356376648, 1.2550221681594849, 1.236781120300293, 1.2229125499725342, 1.2060168981552124, 1.1976410150527954, 1.1747474670410156, 1.1598681211471558, 1.1404324769973755, 1.1253561973571777, 1.1113229990005493, 1.0992475748062134, 1.0854376554489136, 1.071494460105896, 1.0587637424468994, 1.051647424697876, 1.033250331878662, 1.0216492414474487, 1.0089874267578125, 0.9973011612892151, 0.9901548624038696, 0.9775599837303162, 0.9656497240066528, 0.9557498097419739, 0.949349582195282, 0.9413765668869019, 0.9255506992340088, 0.922031819820404], "landscape_losses": [2.3689284324645996, 2.093606948852539, 1.8918730020523071, 1.722288727760315, 1.5632531642913818, 1.419747233390808, 1.280959963798523, 1.1567150354385376, 1.051477313041687, 0.9640169143676758, 0.9126734137535095], "proxy_train_time": 6.811356835067272, "proxy_train_epochs": 50, "dirty_bit": 1, "landscape_term": 8.082251129725162, "speed_term": 5.250608577117749, "mote": 6.319163859593897}