{"id": 7005, "adj_matrix": [[0, 1, 1, 1], [0, 0, 1, 1], [0, 0, 0, 1], [0, 0, 0, 0]], "operations": ["skip_connect", "nor_conv_1x1", "nor_conv_3x3", "nor_conv_3x3", "avg_pool_3x3", "skip_connect"], "init_channel": 16, "blck_len": 5, "params": 0.587386, "flops": 82.49409, "latency": 0.017611490007032427, "train_per_time": 20.867717146873474, "train_time_200": 4173.543429374695, "train_accuracy_200": 0.9967133333333333, "test_accuracy_200": 0.9112333333333333, "train_time_12": 250.4126057624817, "train_accuracy_12": 0.82458, "test_accuracy_12": 0.8090999999999999, "valtest_accuracy_200": 0.6644666666666668, "valtest_accuracy_12": 0.44520000000000004, "proxy_losses": [2.3296453952789307, 1.8380728960037231, 1.6837185621261597, 1.5833988189697266, 1.521920919418335, 1.470302939414978, 1.4239721298217773, 1.3847142457962036, 1.3520320653915405, 1.3233845233917236, 1.2955961227416992, 1.269234538078308, 1.2425874471664429, 1.2181988954544067, 1.197920322418213, 1.179399013519287, 1.1616076231002808, 1.143906593322754, 1.1268664598464966, 1.1127938032150269, 1.0955969095230103, 1.0811392068862915, 1.0626498460769653, 1.049630045890808, 1.0431066751480103, 1.0372912883758545, 1.0246564149856567, 1.012568473815918, 1.0057648420333862, 0.9944074153900146, 0.9803469777107239, 0.9723039269447327, 0.9660115242004395, 0.9541891813278198, 0.9446548819541931, 0.9340212941169739, 0.9189729690551758, 0.9180383086204529, 0.9078167676925659, 0.8967515826225281, 0.8936068415641785, 0.8861017823219299, 0.8802109360694885, 0.8768260478973389, 0.8599594831466675, 0.8597087860107422, 0.8532702326774597, 0.849798321723938, 0.8459474444389343, 0.8402679562568665], "landscape_losses": [2.468834400177002, 2.0350353717803955, 1.7939990758895874, 1.6047126054763794, 1.4149972200393677, 1.2628039121627808, 1.1300803422927856, 1.0297616720199585, 0.9461053609848022, 0.8707983493804932, 0.8305115103721619], "proxy_train_time": 7.617839383892715, "proxy_train_epochs": 50, "dirty_bit": 1, "landscape_term": 8.84102835686219, "speed_term": 6.764811570832376, "mote": 7.104404444173265}