{"id": 7040, "adj_matrix": [[0, 1, 1, 1], [0, 0, 1, 1], [0, 0, 0, 1], [0, 0, 0, 0]], "operations": ["avg_pool_3x3", "skip_connect", "zeros", "nor_conv_3x3", "avg_pool_3x3", "nor_conv_3x3"], "init_channel": 16, "blck_len": 5, "params": 0.559386, "flops": 78.56193, "latency": 0.01541686580892195, "train_per_time": 19.1831716299057, "train_time_200": 3836.63432598114, "train_accuracy_200": 0.9921733333333335, "test_accuracy_200": 0.9002333333333332, "train_time_12": 230.1980595588684, "train_accuracy_12": 0.7859, "test_accuracy_12": 0.7752, "valtest_accuracy_200": 0.6360666666666667, "valtest_accuracy_12": 0.3936, "proxy_losses": [2.4152023792266846, 1.831612467765808, 1.7002695798873901, 1.6095775365829468, 1.546325445175171, 1.4950004816055298, 1.4476234912872314, 1.4114896059036255, 1.377497911453247, 1.348780870437622, 1.3211033344268799, 1.295211672782898, 1.271134853363037, 1.2495628595352173, 1.2315634489059448, 1.208533763885498, 1.190902829170227, 1.1751176118850708, 1.1592923402786255, 1.145377516746521, 1.1308507919311523, 1.1215230226516724, 1.1096727848052979, 1.0992448329925537, 1.0911139249801636, 1.0753777027130127, 1.0657693147659302, 1.0506197214126587, 1.045628547668457, 1.0290000438690186, 1.0147628784179688, 1.002763032913208, 0.9917776584625244, 0.990666389465332, 0.9762493968009949, 0.974541187286377, 0.9567257761955261, 0.9472221732139587, 0.9394534230232239, 0.9262681603431702, 0.9189578890800476, 0.9103154540061951, 0.9042966961860657, 0.8927016854286194, 0.8849962949752808, 0.8758584260940552, 0.8668193221092224, 0.8673719763755798, 0.8507526516914368, 0.8498533368110657], "landscape_losses": [2.5131235122680664, 2.0406079292297363, 1.7926405668258667, 1.586788535118103, 1.4131075143814087, 1.2705371379852295, 1.1442255973815918, 1.0391602516174316, 0.9434794783592224, 0.8816434741020203, 0.8445230722427368], "proxy_train_time": 7.654342241585255, "proxy_train_epochs": 50, "dirty_bit": 1, "landscape_term": 8.785251268688526, "speed_term": 6.622281577832706, "mote": 7.042240331275467}