{"id": 7049, "adj_matrix": [[0, 1, 1, 1], [0, 0, 1, 1], [0, 0, 0, 1], [0, 0, 0, 0]], "operations": ["skip_connect", "nor_conv_1x1", "avg_pool_3x3", "avg_pool_3x3", "avg_pool_3x3", "zeros"], "init_channel": 16, "blck_len": 5, "params": 0.101306, "flops": 11.71521, "latency": 0.012882946876057406, "train_per_time": 15.207294861475596, "train_time_200": 3041.458972295119, "train_accuracy_200": 0.7611933333333333, "test_accuracy_200": 0.7360333333333334, "train_time_12": 182.48753833770743, "train_accuracy_12": 0.55498, "test_accuracy_12": 0.5472, "valtest_accuracy_200": 0.44583333333333336, "valtest_accuracy_12": 0.23, "proxy_losses": [3.7534239292144775, 3.12735915184021, 2.7316105365753174, 2.502662420272827, 2.329336404800415, 2.1922993659973145, 2.0917727947235107, 2.0137102603912354, 1.9449492692947388, 1.895631194114685, 1.8591840267181396, 1.8305017948150635, 1.809722900390625, 1.7941185235977173, 1.7801562547683716, 1.7680046558380127, 1.755593180656433, 1.7468730211257935, 1.7368550300598145, 1.727155089378357, 1.7191369533538818, 1.7111257314682007, 1.7061370611190796, 1.6987404823303223, 1.693739891052246, 1.6890435218811035, 1.6841636896133423, 1.681248426437378, 1.6770837306976318, 1.6732079982757568, 1.6693509817123413, 1.6645689010620117, 1.6637667417526245, 1.6583707332611084, 1.654618501663208, 1.6518796682357788, 1.6484482288360596, 1.6452407836914062, 1.6432585716247559, 1.6389967203140259, 1.6381105184555054, 1.6318333148956299, 1.628936529159546, 1.62660551071167, 1.623371958732605, 1.6202812194824219, 1.6167820692062378, 1.6133984327316284, 1.6105693578720093, 1.6069735288619995], "landscape_losses": [3.8086764812469482, 3.237126111984253, 2.8886756896972656, 2.6185109615325928, 2.357966661453247, 2.1424286365509033, 1.93559730052948, 1.7855925559997559, 1.6850488185882568, 1.6265147924423218, 1.6087701320648193], "proxy_train_time": 5.323622344993055, "proxy_train_epochs": 50, "dirty_bit": 1, "landscape_term": 5.096937948952674, "speed_term": 2.8907621490152318, "mote": 3.7461832191906037}