{"id": 7088, "adj_matrix": [[0, 1, 1, 1], [0, 0, 1, 1], [0, 0, 0, 1], [0, 0, 0, 0]], "operations": ["nor_conv_1x1", "skip_connect", "skip_connect", "zeros", "zeros", "avg_pool_3x3"], "init_channel": 16, "blck_len": 5, "params": 0.101306, "flops": 11.71521, "latency": 0.012574899614902964, "train_per_time": 11.381396055221558, "train_time_200": 2276.2792110443115, "train_accuracy_200": 0.9705066666666669, "test_accuracy_200": 0.8675333333333333, "train_time_12": 136.5767526626587, "train_accuracy_12": 0.7692, "test_accuracy_12": 0.7609, "valtest_accuracy_200": 0.5984666666666667, "valtest_accuracy_12": 0.37920000000000004, "proxy_losses": [2.5311923027038574, 2.305990219116211, 2.182634115219116, 2.0848588943481445, 2.0074379444122314, 1.9444971084594727, 1.8918172121047974, 1.8472065925598145, 1.8068572282791138, 1.7734447717666626, 1.7455047369003296, 1.7202717065811157, 1.6972708702087402, 1.6785410642623901, 1.6599234342575073, 1.6429177522659302, 1.6274300813674927, 1.6127119064331055, 1.5993311405181885, 1.5840845108032227, 1.5705416202545166, 1.5581727027893066, 1.546994686126709, 1.5355064868927002, 1.5240919589996338, 1.5115339756011963, 1.4995031356811523, 1.4885964393615723, 1.4777445793151855, 1.4690873622894287, 1.4588617086410522, 1.4480161666870117, 1.4392260313034058, 1.4284379482269287, 1.4181575775146484, 1.4133645296096802, 1.4016354084014893, 1.3925867080688477, 1.3851187229156494, 1.3797240257263184, 1.3698925971984863, 1.3617794513702393, 1.352827787399292, 1.3449013233184814, 1.3387532234191895, 1.3315041065216064, 1.3258670568466187, 1.3164385557174683, 1.3116999864578247, 1.305731177330017], "landscape_losses": [2.5804011821746826, 2.3934991359710693, 2.240557909011841, 2.071554183959961, 1.897584319114685, 1.742123007774353, 1.6002172231674194, 1.486298680305481, 1.3924845457077026, 1.33843994140625, 1.2993625402450562], "proxy_train_time": 5.689706971868873, "proxy_train_epochs": 50, "dirty_bit": 1, "landscape_term": 6.367994736948446, "speed_term": 3.5716831207015423, "mote": 4.8008146868126}