{"id": 7099, "adj_matrix": [[0, 1, 1, 1], [0, 0, 1, 1], [0, 0, 0, 1], [0, 0, 0, 0]], "operations": ["zeros", "avg_pool_3x3", "zeros", "nor_conv_1x1", "nor_conv_3x3", "avg_pool_3x3"], "init_channel": 16, "blck_len": 5, "params": 0.344346, "flops": 47.10465, "latency": 0.01607116272574977, "train_per_time": 18.204216361045837, "train_time_200": 3640.8432722091675, "train_accuracy_200": 0.9709266666666667, "test_accuracy_200": 0.8844, "train_time_12": 218.45059633255005, "train_accuracy_12": 0.77086, "test_accuracy_12": 0.7573000000000001, "valtest_accuracy_200": 0.6263333333333333, "valtest_accuracy_12": 0.38159999999999994, "proxy_losses": [2.5781092643737793, 2.279834747314453, 2.1077892780303955, 1.9976259469985962, 1.9278990030288696, 1.8775988817214966, 1.8358074426651, 1.804701328277588, 1.7795581817626953, 1.7582365274429321, 1.739015817642212, 1.721861720085144, 1.7049471139907837, 1.689504861831665, 1.675049066543579, 1.6601635217666626, 1.643579125404358, 1.6327135562896729, 1.61503267288208, 1.5996264219284058, 1.5860090255737305, 1.5738312005996704, 1.5606915950775146, 1.5448529720306396, 1.5324805974960327, 1.5197827816009521, 1.505446434020996, 1.4940063953399658, 1.4828499555587769, 1.4739638566970825, 1.464043378829956, 1.4474717378616333, 1.4356650114059448, 1.4259170293807983, 1.4153051376342773, 1.4039578437805176, 1.3945266008377075, 1.386026382446289, 1.379210352897644, 1.371077299118042, 1.3599270582199097, 1.3540408611297607, 1.3403860330581665, 1.331986665725708, 1.324174165725708, 1.3166879415512085, 1.308900237083435, 1.3011797666549683, 1.293961524963379, 1.2865235805511475], "landscape_losses": [2.6311898231506348, 2.3832900524139404, 2.1952154636383057, 2.0376367568969727, 1.8828835487365723, 1.7464067935943604, 1.6190783977508545, 1.502240777015686, 1.3985750675201416, 1.3225195407867432, 1.2828749418258667], "proxy_train_time": 7.8641860000789165, "proxy_train_epochs": 50, "dirty_bit": 1, "landscape_term": 6.383602292726931, "speed_term": 4.962036153485434, "mote": 5.104137323294932}