{"id": 717, "adj_matrix": [[0, 1, 1, 1], [0, 0, 1, 1], [0, 0, 0, 1], [0, 0, 0, 0]], "operations": ["nor_conv_1x1", "avg_pool_3x3", "skip_connect", "nor_conv_1x1", "nor_conv_3x3", "skip_connect"], "init_channel": 16, "blck_len": 5, "params": 0.372346, "flops": 51.03681, "latency": 0.017838013799566975, "train_per_time": 19.19867777824402, "train_time_200": 3839.7355556488037, "train_accuracy_200": 0.99767, "test_accuracy_200": 0.91435, "train_time_12": 230.38413333892822, "train_accuracy_12": 0.84418, "test_accuracy_12": 0.8198000000000001, "valtest_accuracy_200": 0.6663499999999999, "valtest_accuracy_12": 0.4854, "proxy_losses": [2.5850460529327393, 1.940671443939209, 1.7310470342636108, 1.6149663925170898, 1.545356273651123, 1.4917594194412231, 1.452423095703125, 1.4152202606201172, 1.3845385313034058, 1.357906699180603, 1.3316307067871094, 1.3072859048843384, 1.2841461896896362, 1.2633097171783447, 1.2403981685638428, 1.2195273637771606, 1.2015103101730347, 1.179934024810791, 1.1633830070495605, 1.1492854356765747, 1.133764386177063, 1.1181340217590332, 1.1022852659225464, 1.092024326324463, 1.076184868812561, 1.0598540306091309, 1.0456688404083252, 1.0346753597259521, 1.0198235511779785, 1.0130680799484253, 1.0005674362182617, 0.987549901008606, 0.9730804562568665, 0.9611539244651794, 0.9461072087287903, 0.9290677905082703, 0.9218192100524902, 0.9145614504814148, 0.9013819098472595, 0.8919815421104431, 0.8808427453041077, 0.8678533434867859, 0.864101767539978, 0.8562130928039551, 0.8479147553443909, 0.8351709246635437, 0.8322681784629822, 0.8218923807144165, 0.8121570348739624, 0.7996309399604797], "landscape_losses": [2.729762077331543, 2.2026002407073975, 1.9359090328216553, 1.6759501695632935, 1.4848207235336304, 1.3358793258666992, 1.1664477586746216, 1.0237337350845337, 0.9065641760826111, 0.8332853317260742, 0.7969564199447632], "proxy_train_time": 7.2078558169305325, "proxy_train_epochs": 50, "dirty_bit": 1, "landscape_term": 8.747652341800888, "speed_term": 6.2786042157125, "mote": 6.955713787049238}