{"id": 7353, "adj_matrix": [[0, 1, 1, 1], [0, 0, 1, 1], [0, 0, 0, 1], [0, 0, 0, 0]], "operations": ["zeros", "nor_conv_3x3", "nor_conv_3x3", "skip_connect", "nor_conv_3x3", "nor_conv_3x3"], "init_channel": 16, "blck_len": 5, "params": 1.045466, "flops": 149.34081, "latency": 0.019830637856533655, "train_per_time": 24.645764946937565, "train_time_200": 4929.152989387513, "train_accuracy_200": 0.99969, "test_accuracy_200": 0.9367500000000001, "train_time_12": 295.7491793632508, "train_accuracy_12": 0.92078, "test_accuracy_12": 0.8802, "valtest_accuracy_200": 0.7006999999999999, "valtest_accuracy_12": 0.5856, "proxy_losses": [2.1549184322357178, 1.778137445449829, 1.6375694274902344, 1.5515421628952026, 1.4854220151901245, 1.427855134010315, 1.3731135129928589, 1.3308552503585815, 1.2872506380081177, 1.2484856843948364, 1.214880108833313, 1.1826233863830566, 1.1540906429290771, 1.1273220777511597, 1.094442367553711, 1.0690100193023682, 1.047149658203125, 1.0187268257141113, 1.0012106895446777, 0.9802752733230591, 0.9657071232795715, 0.9430238008499146, 0.9266939163208008, 0.9140852689743042, 0.8883055448532104, 0.87456876039505, 0.8633318543434143, 0.8563879132270813, 0.8412832021713257, 0.8249866962432861, 0.8242179751396179, 0.8180409073829651, 0.8050163984298706, 0.7850244641304016, 0.7754278182983398, 0.7613075971603394, 0.7455132603645325, 0.738669216632843, 0.7403446435928345, 0.7204239964485168, 0.7289186716079712, 0.7094908952713013, 0.7104945182800293, 0.6945478916168213, 0.6800180673599243, 0.6742655038833618, 0.6691753268241882, 0.6571343541145325, 0.653412938117981, 0.6430392861366272], "landscape_losses": [2.270214319229126, 1.9264620542526245, 1.6942943334579468, 1.4799941778182983, 1.2923743724822998, 1.1175554990768433, 0.9814157485961914, 0.853068470954895, 0.7472807765007019, 0.6668670773506165, 0.6318090558052063], "proxy_train_time": 10.278758315369487, "proxy_train_epochs": 50, "dirty_bit": 1, "landscape_term": 10.505713613327275, "speed_term": 10.362123972752283, "mote": 8.774734434761122}