{"id": 7431, "adj_matrix": [[0, 1, 1, 1], [0, 0, 1, 1], [0, 0, 0, 1], [0, 0, 0, 0]], "operations": ["avg_pool_3x3", "avg_pool_3x3", "skip_connect", "nor_conv_1x1", "zeros", "zeros"], "init_channel": 16, "blck_len": 5, "params": 0.101306, "flops": 11.71521, "latency": 0.01244055701975237, "train_per_time": 13.966481367746972, "train_time_200": 2793.2962735493943, "train_accuracy_200": 0.94806, "test_accuracy_200": 0.8889333333333334, "train_time_12": 167.59777641296387, "train_accuracy_12": 0.80502, "test_accuracy_12": 0.7946, "valtest_accuracy_200": 0.62, "valtest_accuracy_12": 0.3996, "proxy_losses": [2.5289525985717773, 2.327648878097534, 2.199043035507202, 2.107544422149658, 2.0386111736297607, 1.9835796356201172, 1.9393093585968018, 1.901107668876648, 1.8704265356063843, 1.8418917655944824, 1.8169920444488525, 1.7931550741195679, 1.7712490558624268, 1.7518359422683716, 1.732317328453064, 1.7151286602020264, 1.6985869407653809, 1.6814216375350952, 1.665289044380188, 1.650924563407898, 1.6367652416229248, 1.6222429275512695, 1.6096571683883667, 1.5973351001739502, 1.586019515991211, 1.5725553035736084, 1.5618890523910522, 1.5481685400009155, 1.5373191833496094, 1.5262372493743896, 1.516114592552185, 1.5058073997497559, 1.495141625404358, 1.485237717628479, 1.4770936965942383, 1.4663894176483154, 1.4573447704315186, 1.4474929571151733, 1.4385713338851929, 1.4284862279891968, 1.4190901517868042, 1.4099528789520264, 1.4035226106643677, 1.3920035362243652, 1.384299397468567, 1.3770872354507446, 1.3660331964492798, 1.356321930885315, 1.346814751625061, 1.3392837047576904], "landscape_losses": [2.56563663482666, 2.3587656021118164, 2.1936893463134766, 2.0363335609436035, 1.881516456604004, 1.737694501876831, 1.6146128177642822, 1.5140408277511597, 1.4282419681549072, 1.3697218894958496, 1.332827091217041], "proxy_train_time": 5.937293267808855, "proxy_train_epochs": 50, "dirty_bit": 1, "landscape_term": 6.3279596938992615, "speed_term": 3.6059957974279713, "mote": 4.780712308873966}