{"id": 7573, "adj_matrix": [[0, 1, 1, 1], [0, 0, 1, 1], [0, 0, 0, 1], [0, 0, 0, 0]], "operations": ["nor_conv_3x3", "skip_connect", "zeros", "nor_conv_3x3", "avg_pool_3x3", "avg_pool_3x3"], "init_channel": 16, "blck_len": 5, "params": 0.559386, "flops": 78.56193, "latency": 0.015275814031299791, "train_per_time": 19.0107298692068, "train_time_200": 3802.14597384136, "train_accuracy_200": 0.9956499999999999, "test_accuracy_200": 0.90985, "train_time_12": 228.12875843048099, "train_accuracy_12": 0.80326, "test_accuracy_12": 0.7859, "valtest_accuracy_200": 0.65275, "valtest_accuracy_12": 0.41100000000000003, "proxy_losses": [2.416095018386841, 1.8591101169586182, 1.7231765985488892, 1.6449381113052368, 1.5864001512527466, 1.531156063079834, 1.482650637626648, 1.4420799016952515, 1.4038366079330444, 1.3679625988006592, 1.336209774017334, 1.3071105480194092, 1.2798957824707031, 1.2600212097167969, 1.2348988056182861, 1.2116479873657227, 1.1925780773162842, 1.1718724966049194, 1.1556339263916016, 1.141401767730713, 1.12628972530365, 1.108535647392273, 1.0914156436920166, 1.0809201002120972, 1.067913293838501, 1.0516554117202759, 1.0391485691070557, 1.027390480041504, 1.0215234756469727, 1.0100332498550415, 1.0061484575271606, 0.9941912293434143, 0.980769157409668, 0.978783905506134, 0.9655209183692932, 0.9469178915023804, 0.942715048789978, 0.9390482306480408, 0.922919750213623, 0.9153702855110168, 0.9085811376571655, 0.8917990326881409, 0.891862690448761, 0.8715445399284363, 0.8787946105003357, 0.8759257793426514, 0.86859530210495, 0.868154764175415, 0.8529328107833862, 0.8359040021896362], "landscape_losses": [2.5332908630371094, 2.0752243995666504, 1.828895092010498, 1.6513943672180176, 1.4990277290344238, 1.3394720554351807, 1.1799978017807007, 1.0520795583724976, 0.9501355290412903, 0.8719598650932312, 0.8298625946044922], "proxy_train_time": 7.640615643002093, "proxy_train_epochs": 50, "dirty_bit": 1, "landscape_term": 8.64490764991146, "speed_term": 6.619838949810199, "mote": 6.948592061716761}