{"id": 7591, "adj_matrix": [[0, 1, 1, 1], [0, 0, 1, 1], [0, 0, 0, 1], [0, 0, 0, 0]], "operations": ["nor_conv_1x1", "nor_conv_3x3", "nor_conv_1x1", "zeros", "skip_connect", "skip_connect"], "init_channel": 16, "blck_len": 5, "params": 0.372346, "flops": 51.03681, "latency": 0.017832936424958076, "train_per_time": 17.98141098022461, "train_time_200": 3596.282196044922, "train_accuracy_200": 0.99797, "test_accuracy_200": 0.9198, "train_time_12": 215.7769317626953, "train_accuracy_12": 0.87092, "test_accuracy_12": 0.8426, "valtest_accuracy_200": 0.6859999999999999, "valtest_accuracy_12": 0.4968, "proxy_losses": [2.230363130569458, 1.888191819190979, 1.7737294435501099, 1.6971282958984375, 1.642510175704956, 1.5958454608917236, 1.553556203842163, 1.5153638124465942, 1.4772804975509644, 1.4425464868545532, 1.4097756147384644, 1.379045009613037, 1.3448418378829956, 1.3154666423797607, 1.2884889841079712, 1.2649688720703125, 1.2432142496109009, 1.2204543352127075, 1.1974687576293945, 1.1796375513076782, 1.1594855785369873, 1.1372424364089966, 1.124184012413025, 1.1160064935684204, 1.0932483673095703, 1.0700523853302002, 1.0583769083023071, 1.0460015535354614, 1.0340603590011597, 1.022437334060669, 1.0100462436676025, 0.9988453388214111, 0.9832595586776733, 0.9713740944862366, 0.9611855745315552, 0.9460203051567078, 0.9363667964935303, 0.9285587072372437, 0.9154756665229797, 0.9061383605003357, 0.9045085906982422, 0.893747866153717, 0.8857555389404297, 0.8768729567527771, 0.8671373128890991, 0.8613882064819336, 0.8517881035804749, 0.8487860560417175, 0.8416457772254944, 0.8366362452507019], "landscape_losses": [2.3150877952575684, 2.006373643875122, 1.8300144672393799, 1.6555668115615845, 1.4839199781417847, 1.327955961227417, 1.1922646760940552, 1.0758099555969238, 0.9784261584281921, 0.8964352607727051, 0.8339820504188538], "proxy_train_time": 7.616937343031168, "proxy_train_epochs": 50, "dirty_bit": 1, "landscape_term": 8.612672799886864, "speed_term": 6.482884987336574, "mote": 6.902761820127798}