{"id": 7619, "adj_matrix": [[0, 1, 1, 1], [0, 0, 1, 1], [0, 0, 0, 1], [0, 0, 0, 0]], "operations": ["nor_conv_3x3", "nor_conv_3x3", "nor_conv_3x3", "nor_conv_3x3", "zeros", "nor_conv_1x1"], "init_channel": 16, "blck_len": 5, "params": 1.073466, "flops": 153.27297, "latency": 0.021495502246053594, "train_per_time": 28.890797535578454, "train_time_200": 5778.159507115691, "train_accuracy_200": 0.9996799999999999, "test_accuracy_200": 0.9353999999999999, "train_time_12": 346.689570426941, "train_accuracy_12": 0.87104, "test_accuracy_12": 0.8454999999999999, "valtest_accuracy_200": 0.70485, "valtest_accuracy_12": 0.47450000000000003, "proxy_losses": [2.3290483951568604, 1.912675380706787, 1.7387616634368896, 1.6190601587295532, 1.529038667678833, 1.455000877380371, 1.3904324769973755, 1.334212064743042, 1.2811343669891357, 1.2435379028320312, 1.2054194211959839, 1.1599711179733276, 1.1262215375900269, 1.0896004438400269, 1.0611580610275269, 1.0318353176116943, 1.0054258108139038, 0.9834207892417908, 0.9547382593154907, 0.9261367917060852, 0.8972523212432861, 0.8830497860908508, 0.8520363569259644, 0.8393675684928894, 0.8203043937683105, 0.8056175112724304, 0.7801923751831055, 0.7576939463615417, 0.7472943067550659, 0.7348688244819641, 0.7197038531303406, 0.6992305517196655, 0.6927306652069092, 0.6846403479576111, 0.6799546480178833, 0.6687816381454468, 0.6476690173149109, 0.6273074746131897, 0.6205688714981079, 0.5987910032272339, 0.6041052937507629, 0.5885956287384033, 0.5852372050285339, 0.57554030418396, 0.5645193457603455, 0.5568442344665527, 0.5489752292633057, 0.5438888669013977, 0.5252570509910583, 0.507836103439331], "landscape_losses": [2.439788818359375, 2.0563204288482666, 1.7603906393051147, 1.5008865594863892, 1.2920985221862793, 1.1053941249847412, 0.9261771440505981, 0.7902969717979431, 0.6543778777122498, 0.5476775169372559, 0.5016006827354431], "proxy_train_time": 11.488755965605378, "proxy_train_epochs": 50, "dirty_bit": 1, "landscape_term": 11.501828089563782, "speed_term": 12.291466343642934, "mote": 9.693907161406361}