{"id": 7675, "adj_matrix": [[0, 1, 1, 1], [0, 0, 1, 1], [0, 0, 0, 1], [0, 0, 0, 0]], "operations": ["zeros", "avg_pool_3x3", "avg_pool_3x3", "nor_conv_1x1", "nor_conv_3x3", "zeros"], "init_channel": 16, "blck_len": 5, "params": 0.344346, "flops": 47.10465, "latency": 0.015186918409247147, "train_per_time": 18.778666377067566, "train_time_200": 3755.733275413513, "train_accuracy_200": 0.94911, "test_accuracy_200": 0.88935, "train_time_12": 225.3439965248108, "train_accuracy_12": 0.8123600000000001, "test_accuracy_12": 0.7958, "valtest_accuracy_200": 0.62355, "valtest_accuracy_12": 0.4086, "proxy_losses": [2.3925366401672363, 2.239217758178711, 2.149491786956787, 2.087683916091919, 2.03725004196167, 1.9910601377487183, 1.9492017030715942, 1.9143998622894287, 1.8838554620742798, 1.8569283485412598, 1.831699252128601, 1.8060152530670166, 1.7827874422073364, 1.7586883306503296, 1.7369115352630615, 1.7151777744293213, 1.6928136348724365, 1.67141854763031, 1.6524103879928589, 1.634340763092041, 1.6149342060089111, 1.5956312417984009, 1.579685091972351, 1.564064860343933, 1.5480740070343018, 1.5344974994659424, 1.519960641860962, 1.5057721138000488, 1.4968334436416626, 1.4798811674118042, 1.4665277004241943, 1.4536573886871338, 1.4418400526046753, 1.4275323152542114, 1.414962887763977, 1.405251145362854, 1.3920539617538452, 1.3843672275543213, 1.368957281112671, 1.3576840162277222, 1.3494179248809814, 1.3392351865768433, 1.3305283784866333, 1.3188387155532837, 1.307235598564148, 1.3064637184143066, 1.2911752462387085, 1.2812750339508057, 1.277496337890625, 1.2663072347640991], "landscape_losses": [2.4318883419036865, 2.3031983375549316, 2.170018196105957, 2.031757354736328, 1.8865394592285156, 1.7396069765090942, 1.5918711423873901, 1.4749393463134766, 1.3705023527145386, 1.2995630502700806, 1.2589821815490723], "proxy_train_time": 8.01353520154953, "proxy_train_epochs": 50, "dirty_bit": 1, "landscape_term": 6.502932695144366, "speed_term": 4.983291994963256, "mote": 5.191025760733947}