{"id": 7690, "adj_matrix": [[0, 1, 1, 1], [0, 0, 1, 1], [0, 0, 0, 1], [0, 0, 0, 0]], "operations": ["zeros", "skip_connect", "zeros", "zeros", "zeros", "skip_connect"], "init_channel": 16, "blck_len": 5, "params": 0.073306, "flops": 7.78305, "latency": 0.009744710043856972, "train_per_time": 6.581872940063477, "train_time_200": 1316.3745880126953, "train_accuracy_200": 0.8976900000000001, "test_accuracy_200": 0.86235, "train_time_12": 78.98247528076172, "train_accuracy_12": 0.79522, "test_accuracy_12": 0.7851, "valtest_accuracy_200": 0.57795, "valtest_accuracy_12": 0.44179999999999997, "proxy_losses": [2.4738845825195312, 2.3629631996154785, 2.2684524059295654, 2.1979424953460693, 2.1422171592712402, 2.0948784351348877, 2.0574090480804443, 2.0248165130615234, 1.996425747871399, 1.9725925922393799, 1.9509201049804688, 1.9336588382720947, 1.9171992540359497, 1.901546835899353, 1.885922908782959, 1.871440052986145, 1.8600960969924927, 1.8501380681991577, 1.8396488428115845, 1.8314687013626099, 1.824142336845398, 1.8160125017166138, 1.8094054460525513, 1.802480697631836, 1.7961314916610718, 1.7910730838775635, 1.785185694694519, 1.7802908420562744, 1.7754316329956055, 1.7713242769241333, 1.766484022140503, 1.761592984199524, 1.7571675777435303, 1.752840280532837, 1.7496417760849, 1.7457932233810425, 1.7420457601547241, 1.738179087638855, 1.7341164350509644, 1.7313051223754883, 1.7275687456130981, 1.7243521213531494, 1.7203470468521118, 1.7177066802978516, 1.7146166563034058, 1.7109910249710083, 1.707577109336853, 1.7038971185684204, 1.7010446786880493, 1.6982146501541138], "landscape_losses": [2.4949941635131836, 2.366654634475708, 2.2359368801116943, 2.1131210327148438, 2.0039420127868652, 1.9111765623092651, 1.8360975980758667, 1.7800546884536743, 1.7385814189910889, 1.712251901626587, 1.6966683864593506], "proxy_train_time": 4.284156900830567, "proxy_train_epochs": 50, "dirty_bit": 1, "landscape_term": 5.621079714302661, "speed_term": 2.303543439121643, "mote": 3.9696401831464754}