{"id": 7745, "adj_matrix": [[0, 1, 1, 1], [0, 0, 1, 1], [0, 0, 0, 1], [0, 0, 0, 0]], "operations": ["zeros", "skip_connect", "avg_pool_3x3", "avg_pool_3x3", "avg_pool_3x3", "zeros"], "init_channel": 16, "blck_len": 5, "params": 0.073306, "flops": 7.78305, "latency": 0.00968007351222791, "train_per_time": 12.017064650853472, "train_time_200": 2403.4129301706944, "train_accuracy_200": 0.80616, "test_accuracy_200": 0.7591, "train_time_12": 144.2047758102417, "train_accuracy_12": 0.60558, "test_accuracy_12": 0.5981000000000001, "valtest_accuracy_200": 0.46735, "valtest_accuracy_12": 0.2956, "proxy_losses": [2.2913284301757812, 2.2087271213531494, 2.15108323097229, 2.1066784858703613, 2.069220781326294, 2.0367321968078613, 2.007931709289551, 1.9837865829467773, 1.9638155698776245, 1.9457505941390991, 1.9279351234436035, 1.9123899936676025, 1.8982255458831787, 1.8867933750152588, 1.8750693798065186, 1.8640834093093872, 1.8541829586029053, 1.8439644575119019, 1.8346956968307495, 1.8240725994110107, 1.8159582614898682, 1.8075357675552368, 1.8009003400802612, 1.7940022945404053, 1.7874336242675781, 1.7825435400009155, 1.7762157917022705, 1.772108793258667, 1.7663238048553467, 1.7620078325271606, 1.7564269304275513, 1.7522839307785034, 1.7484160661697388, 1.7444400787353516, 1.741190791130066, 1.7363935708999634, 1.7322291135787964, 1.7291769981384277, 1.7258405685424805, 1.722800374031067, 1.7188671827316284, 1.715900182723999, 1.7127175331115723, 1.711652159690857, 1.7084107398986816, 1.7048171758651733, 1.7016732692718506, 1.698564052581787, 1.6963201761245728, 1.6936472654342651], "landscape_losses": [2.3070309162139893, 2.2068052291870117, 2.115755558013916, 2.0308525562286377, 1.9507925510406494, 1.876832365989685, 1.8176162242889404, 1.7683576345443726, 1.732805848121643, 1.7078131437301636, 1.6915314197540283], "proxy_train_time": 5.2381475027650595, "proxy_train_epochs": 50, "dirty_bit": 1, "landscape_term": 5.766565285748845, "speed_term": 2.8529200333739206, "mote": 4.2121839044692875}