{"id": 7749, "adj_matrix": [[0, 1, 1, 1], [0, 0, 1, 1], [0, 0, 0, 1], [0, 0, 0, 0]], "operations": ["skip_connect", "zeros", "nor_conv_3x3", "nor_conv_3x3", "zeros", "nor_conv_1x1"], "init_channel": 16, "blck_len": 5, "params": 0.587386, "flops": 82.49409, "latency": 0.018088230961247495, "train_per_time": 19.41985789934789, "train_time_200": 3883.9715798695775, "train_accuracy_200": 0.9991000000000001, "test_accuracy_200": 0.9301333333333333, "train_time_12": 233.03829479217526, "train_accuracy_12": 0.87426, "test_accuracy_12": 0.8461, "valtest_accuracy_200": 0.6972, "valtest_accuracy_12": 0.4545, "proxy_losses": [2.2079250812530518, 1.8351572751998901, 1.7080328464508057, 1.6283915042877197, 1.5552442073822021, 1.4956953525543213, 1.4373291730880737, 1.390792965888977, 1.342146396636963, 1.3024508953094482, 1.2636089324951172, 1.2251886129379272, 1.1931426525115967, 1.1648895740509033, 1.1305675506591797, 1.098088026046753, 1.0717185735702515, 1.0561591386795044, 1.0418881177902222, 1.0153353214263916, 0.9918867945671082, 0.9740447402000427, 0.9519422054290771, 0.9274396300315857, 0.9163703322410583, 0.8976672887802124, 0.882275402545929, 0.8690313696861267, 0.8582441210746765, 0.8420528173446655, 0.8327782154083252, 0.8330662846565247, 0.8223710656166077, 0.8065887093544006, 0.792607307434082, 0.7789024114608765, 0.7658467888832092, 0.7619084119796753, 0.7553273439407349, 0.7437306642532349, 0.7385239601135254, 0.7318885326385498, 0.7259401082992554, 0.7167894244194031, 0.7128183841705322, 0.7041962146759033, 0.6888800859451294, 0.6881527304649353, 0.6732674241065979, 0.6716932654380798], "landscape_losses": [2.2769644260406494, 1.9537594318389893, 1.7382111549377441, 1.5486454963684082, 1.3805198669433594, 1.210468053817749, 1.0629874467849731, 0.9234715104103088, 0.8157139420509338, 0.726172924041748, 0.6727690100669861], "proxy_train_time": 8.304198073223233, "proxy_train_epochs": 50, "dirty_bit": 1, "landscape_term": 9.835548154213203, "speed_term": 8.106404362978601, "mote": 7.986426466513055}