{"id": 7805, "adj_matrix": [[0, 1, 1, 1], [0, 0, 1, 1], [0, 0, 0, 1], [0, 0, 0, 0]], "operations": ["skip_connect", "avg_pool_3x3", "nor_conv_3x3", "skip_connect", "skip_connect", "nor_conv_3x3"], "init_channel": 16, "blck_len": 5, "params": 0.559386, "flops": 78.56193, "latency": 0.014521209817183647, "train_per_time": 17.133214116096497, "train_time_200": 3426.6428232192993, "train_accuracy_200": 0.9606599999999998, "test_accuracy_200": 0.8834333333333332, "train_time_12": 205.59856939315796, "train_accuracy_12": 0.7547400000000001, "test_accuracy_12": 0.7414000000000001, "valtest_accuracy_200": 0.6162666666666666, "valtest_accuracy_12": 0.3664, "proxy_losses": [3.611969470977783, 2.2026684284210205, 1.8125008344650269, 1.6890051364898682, 1.6205005645751953, 1.5596742630004883, 1.5144412517547607, 1.4721707105636597, 1.4371187686920166, 1.402978539466858, 1.3728495836257935, 1.3414398431777954, 1.3156605958938599, 1.287579894065857, 1.2654786109924316, 1.238618016242981, 1.220901370048523, 1.195334553718567, 1.173215389251709, 1.156535029411316, 1.1347087621688843, 1.1152775287628174, 1.1000077724456787, 1.0816726684570312, 1.061147928237915, 1.044878363609314, 1.0280864238739014, 1.0163700580596924, 1.0036059617996216, 0.9957322478294373, 0.9922099709510803, 0.9753971695899963, 0.9695358276367188, 0.9526258707046509, 0.9508804678916931, 0.9262841939926147, 0.9162452220916748, 0.9090930819511414, 0.9051177501678467, 0.891226589679718, 0.8804261684417725, 0.8660168647766113, 0.8502407073974609, 0.8419822454452515, 0.8293842673301697, 0.8229186534881592, 0.812356173992157, 0.8071669936180115, 0.8043781518936157, 0.8045850396156311], "landscape_losses": [3.765615224838257, 2.6872618198394775, 2.14276123046875, 1.7884221076965332, 1.509609341621399, 1.3037382364273071, 1.1266899108886719, 0.9902178645133972, 0.8917476534843445, 0.8198103308677673, 0.7917248606681824], "proxy_train_time": 6.457033469341695, "proxy_train_epochs": 50, "dirty_bit": 1, "landscape_term": 8.594661984230301, "speed_term": 5.455400177292047, "mote": 6.701028595548715}