{"id": 7826, "adj_matrix": [[0, 1, 1, 1], [0, 0, 1, 1], [0, 0, 0, 1], [0, 0, 0, 0]], "operations": ["nor_conv_1x1", "nor_conv_3x3", "avg_pool_3x3", "nor_conv_1x1", "nor_conv_3x3", "nor_conv_1x1"], "init_channel": 16, "blck_len": 5, "params": 0.643386, "flops": 90.35841, "latency": 0.020879753848962613, "train_per_time": 28.923297564188683, "train_time_200": 5784.659512837737, "train_accuracy_200": 0.9988266666666668, "test_accuracy_200": 0.9293333333333332, "train_time_12": 347.07957077026373, "train_accuracy_12": 0.871, "test_accuracy_12": 0.8484, "valtest_accuracy_200": 0.7015666666666667, "valtest_accuracy_12": 0.4705, "proxy_losses": [2.2523531913757324, 1.8568904399871826, 1.7077336311340332, 1.6083548069000244, 1.5286086797714233, 1.4709596633911133, 1.4247891902923584, 1.3785408735275269, 1.3384568691253662, 1.3002398014068604, 1.2677595615386963, 1.2369972467422485, 1.2061089277267456, 1.1766334772109985, 1.1466143131256104, 1.120750069618225, 1.0966564416885376, 1.0747610330581665, 1.0480684041976929, 1.026957392692566, 1.0083800554275513, 0.9907220005989075, 0.975313663482666, 0.9475908279418945, 0.9265199303627014, 0.9222121834754944, 0.9003081321716309, 0.8900097608566284, 0.8798569440841675, 0.8566861152648926, 0.8391685485839844, 0.8284074068069458, 0.8186355233192444, 0.8007147908210754, 0.7940536141395569, 0.7827009558677673, 0.766563355922699, 0.761364758014679, 0.7854878902435303, 0.7631034255027771, 0.7498704195022583, 0.7401840090751648, 0.7309719920158386, 0.720098078250885, 0.7075763940811157, 0.7079970240592957, 0.6913658976554871, 0.6894549131393433, 0.6739295125007629, 0.6746171116828918], "landscape_losses": [2.3735475540161133, 2.0041909217834473, 1.782922625541687, 1.5781633853912354, 1.3838260173797607, 1.2167787551879883, 1.0783296823501587, 0.9573386907577515, 0.8556484580039978, 0.7413248419761658, 0.6871070265769958], "proxy_train_time": 10.207914697937667, "proxy_train_epochs": 50, "dirty_bit": 1, "landscape_term": 9.604206318460415, "speed_term": 9.892904966513564, "mote": 8.117073324011804}