{"id": 7828, "adj_matrix": [[0, 1, 1, 1], [0, 0, 1, 1], [0, 0, 0, 1], [0, 0, 0, 0]], "operations": ["nor_conv_1x1", "skip_connect", "avg_pool_3x3", "skip_connect", "skip_connect", "skip_connect"], "init_channel": 16, "blck_len": 5, "params": 0.101306, "flops": 11.71521, "latency": 0.011820536956452486, "train_per_time": 10.719970226287842, "train_time_200": 2143.9940452575684, "train_accuracy_200": 0.9029866666666667, "test_accuracy_200": 0.8669666666666668, "train_time_12": 128.6396427154541, "train_accuracy_12": 0.71598, "test_accuracy_12": 0.7099, "valtest_accuracy_200": 0.5771666666666667, "valtest_accuracy_12": 0.33020000000000005, "proxy_losses": [5.359162330627441, 3.904151201248169, 3.2020516395568848, 2.6395535469055176, 2.298445224761963, 2.090118169784546, 1.968854308128357, 1.885528326034546, 1.8178982734680176, 1.7654167413711548, 1.7238718271255493, 1.6901148557662964, 1.662833571434021, 1.6376593112945557, 1.6144686937332153, 1.5961819887161255, 1.5764946937561035, 1.5600489377975464, 1.5435283184051514, 1.5297906398773193, 1.5172327756881714, 1.5027295351028442, 1.4910451173782349, 1.4806478023529053, 1.4694691896438599, 1.4605040550231934, 1.4506925344467163, 1.4411211013793945, 1.4311941862106323, 1.4235999584197998, 1.413810133934021, 1.4065968990325928, 1.3983354568481445, 1.3912044763565063, 1.3819280862808228, 1.3748035430908203, 1.36720871925354, 1.3627954721450806, 1.361233115196228, 1.3489501476287842, 1.3432316780090332, 1.3380379676818848, 1.3289813995361328, 1.3233379125595093, 1.317522406578064, 1.3120200634002686, 1.3053689002990723, 1.3024554252624512, 1.29531991481781, 1.289389729499817], "landscape_losses": [5.508304119110107, 4.3024582862854, 3.5718777179718018, 3.0138323307037354, 2.5802547931671143, 2.1870641708374023, 1.8790982961654663, 1.6449382305145264, 1.4596226215362549, 1.3502566814422607, 1.2914206981658936], "proxy_train_time": 4.343055413104594, "proxy_train_epochs": 50, "dirty_bit": 1, "landscape_term": 5.210675400464431, "speed_term": 2.563879756207978, "mote": 3.7460335506234217}