{"id": 7854, "adj_matrix": [[0, 1, 1, 1], [0, 0, 1, 1], [0, 0, 0, 1], [0, 0, 0, 0]], "operations": ["skip_connect", "avg_pool_3x3", "nor_conv_1x1", "avg_pool_3x3", "zeros", "nor_conv_3x3"], "init_channel": 16, "blck_len": 5, "params": 0.344346, "flops": 47.10465, "latency": 0.01588547334336398, "train_per_time": 18.355812072753906, "train_time_200": 3671.1624145507812, "train_accuracy_200": 0.9956333333333334, "test_accuracy_200": 0.9034666666666668, "train_time_12": 220.26974487304688, "train_accuracy_12": 0.7944, "test_accuracy_12": 0.7809, "valtest_accuracy_200": 0.642, "valtest_accuracy_12": 0.4216, "proxy_losses": [2.611527442932129, 2.044605255126953, 1.8386740684509277, 1.736782193183899, 1.670041561126709, 1.6170408725738525, 1.5738778114318848, 1.5383065938949585, 1.5062562227249146, 1.4786126613616943, 1.4476398229599, 1.4188952445983887, 1.395027995109558, 1.3664461374282837, 1.3400541543960571, 1.3139954805374146, 1.29225492477417, 1.2642461061477661, 1.2405825853347778, 1.219841718673706, 1.1993106603622437, 1.1808382272720337, 1.161045789718628, 1.1415612697601318, 1.128556489944458, 1.1078364849090576, 1.0903990268707275, 1.0759987831115723, 1.063006043434143, 1.0475796461105347, 1.0390361547470093, 1.0232772827148438, 1.0120658874511719, 1.0024912357330322, 0.9932392835617065, 0.9887989163398743, 0.9783669710159302, 0.972156822681427, 0.9656243920326233, 0.949877917766571, 0.9425146579742432, 0.9288926720619202, 0.9197637438774109, 0.9147877097129822, 0.910165548324585, 0.9007408022880554, 0.8891067504882812, 0.8786031007766724, 0.8681647181510925, 0.8677635788917542], "landscape_losses": [2.712873697280884, 2.237189769744873, 1.9671138525009155, 1.7322040796279907, 1.5453630685806274, 1.369299292564392, 1.2207989692687988, 1.1126446723937988, 0.9864492416381836, 0.895102322101593, 0.8546528220176697], "proxy_train_time": 6.982281222008169, "proxy_train_epochs": 50, "dirty_bit": 1, "landscape_term": 8.29754656789204, "speed_term": 5.717905912576371, "mote": 6.552510712277354}