{"id": 7898, "adj_matrix": [[0, 1, 1, 1], [0, 0, 1, 1], [0, 0, 0, 1], [0, 0, 0, 0]], "operations": ["nor_conv_3x3", "skip_connect", "nor_conv_3x3", "skip_connect", "nor_conv_3x3", "skip_connect"], "init_channel": 16, "blck_len": 5, "params": 0.802426, "flops": 113.95137, "latency": 0.017633514968972457, "train_per_time": 19.868935068448444, "train_time_200": 3973.7870136896886, "train_accuracy_200": 0.9851099999999999, "test_accuracy_200": 0.9065000000000001, "train_time_12": 238.42722082138064, "train_accuracy_12": 0.78846, "test_accuracy_12": 0.7731, "valtest_accuracy_200": 0.67285, "valtest_accuracy_12": 0.41009999999999996, "proxy_losses": [4.535824298858643, 2.6060378551483154, 2.1437056064605713, 1.8914626836776733, 1.7234119176864624, 1.6072804927825928, 1.5161441564559937, 1.4416717290878296, 1.3879927396774292, 1.3389594554901123, 1.2944315671920776, 1.258849859237671, 1.2249538898468018, 1.1948001384735107, 1.1733081340789795, 1.1464020013809204, 1.116830825805664, 1.0919197797775269, 1.0710841417312622, 1.0501596927642822, 1.0304104089736938, 1.0078898668289185, 0.9899308681488037, 0.9665683507919312, 0.9480074048042297, 0.9412826299667358, 0.9160175919532776, 0.90069979429245, 0.8805029392242432, 0.8653632998466492, 0.8446714878082275, 0.8301703333854675, 0.8300429582595825, 0.813880980014801, 0.8103296160697937, 0.7906609177589417, 0.7745975852012634, 0.7654554843902588, 0.7674340605735779, 0.7511186003684998, 0.7363635897636414, 0.7275001406669617, 0.7194479703903198, 0.7170302867889404, 0.7071892619132996, 0.6887779235839844, 0.6786978244781494, 0.6721270680427551, 0.6669086217880249, 0.6607564687728882], "landscape_losses": [4.73136568069458, 3.1887731552124023, 2.4549076557159424, 1.9366953372955322, 1.5767371654510498, 1.2875080108642578, 1.0734695196151733, 0.8992629051208496, 0.7683968544006348, 0.6878432631492615, 0.6479739546775818], "proxy_train_time": 7.5872385036200285, "proxy_train_epochs": 50, "dirty_bit": 1, "landscape_term": 9.201644777406218, "speed_term": 6.748403175436068, "mote": 7.339881698726915}