{"id": 7901, "adj_matrix": [[0, 1, 1, 1], [0, 0, 1, 1], [0, 0, 0, 1], [0, 0, 0, 0]], "operations": ["nor_conv_3x3", "skip_connect", "nor_conv_3x3", "nor_conv_1x1", "nor_conv_1x1", "nor_conv_1x1"], "init_channel": 16, "blck_len": 5, "params": 0.643386, "flops": 90.35841, "latency": 0.020761961999692415, "train_per_time": 26.392024954160032, "train_time_200": 5278.404990832007, "train_accuracy_200": 0.9991300000000001, "test_accuracy_200": 0.93345, "train_time_12": 316.70429944992065, "train_accuracy_12": 0.8904000000000001, "test_accuracy_12": 0.8590000000000001, "valtest_accuracy_200": 0.6972, "valtest_accuracy_12": 0.5054, "proxy_losses": [2.262005090713501, 1.860599160194397, 1.6891160011291504, 1.5826834440231323, 1.5102328062057495, 1.447313904762268, 1.3880493640899658, 1.336186408996582, 1.2920536994934082, 1.251779317855835, 1.214540958404541, 1.1781855821609497, 1.1447930335998535, 1.1097071170806885, 1.089130163192749, 1.0572372674942017, 1.0253554582595825, 1.0018978118896484, 0.9698565602302551, 0.9498205184936523, 0.9335678815841675, 0.9133844971656799, 0.9022929668426514, 0.8889145255088806, 0.8720389604568481, 0.8488521575927734, 0.8363533020019531, 0.8142336010932922, 0.8037229776382446, 0.791912317276001, 0.7801093459129333, 0.7563616633415222, 0.7473267912864685, 0.7230587005615234, 0.7144743204116821, 0.7144068479537964, 0.6986412405967712, 0.6907544136047363, 0.6829106211662292, 0.6723442673683167, 0.6548033952713013, 0.655579149723053, 0.6427870392799377, 0.6246755123138428, 0.6141862273216248, 0.6002582311630249, 0.5952627658843994, 0.5888176560401917, 0.5854747295379639, 0.5827799439430237], "landscape_losses": [2.401143789291382, 2.0271127223968506, 1.769921064376831, 1.5490224361419678, 1.3585015535354614, 1.1819742918014526, 1.029100775718689, 0.8880561590194702, 0.7453673481941223, 0.6387707591056824, 0.5870414972305298], "proxy_train_time": 9.826649916358292, "proxy_train_epochs": 50, "dirty_bit": 1, "landscape_term": 10.410854633085352, "speed_term": 10.174447171149462, "mote": 8.685179300144226}