{"id": 7913, "adj_matrix": [[0, 1, 1, 1], [0, 0, 1, 1], [0, 0, 0, 1], [0, 0, 0, 0]], "operations": ["avg_pool_3x3", "skip_connect", "nor_conv_3x3", "nor_conv_3x3", "skip_connect", "nor_conv_1x1"], "init_channel": 16, "blck_len": 5, "params": 0.587386, "flops": 82.49409, "latency": 0.01736146839041459, "train_per_time": 20.68909291426335, "train_time_200": 4137.81858285267, "train_accuracy_200": 0.9990700000000001, "test_accuracy_200": 0.9206, "train_time_12": 248.26911497116086, "train_accuracy_12": 0.8436, "test_accuracy_12": 0.8237000000000001, "valtest_accuracy_200": 0.6657500000000001, "valtest_accuracy_12": 0.4658, "proxy_losses": [2.3725407123565674, 1.9238396883010864, 1.7434871196746826, 1.6362955570220947, 1.5633056163787842, 1.5038107633590698, 1.4526580572128296, 1.4043852090835571, 1.3567091226577759, 1.3146872520446777, 1.2835968732833862, 1.2479534149169922, 1.2227312326431274, 1.19553804397583, 1.1736650466918945, 1.1493149995803833, 1.1240876913070679, 1.1046849489212036, 1.079302191734314, 1.060022234916687, 1.0394119024276733, 1.017682671546936, 0.9959142804145813, 0.9783836007118225, 0.9669244885444641, 0.9504689574241638, 0.939841628074646, 0.9233944416046143, 0.9087649583816528, 0.9006972908973694, 0.8913602828979492, 0.8722673654556274, 0.8705507516860962, 0.8628531098365784, 0.8501118421554565, 0.8320344686508179, 0.8236550688743591, 0.8191410899162292, 0.808229386806488, 0.7995508909225464, 0.7974708676338196, 0.7916772365570068, 0.7787718176841736, 0.7672458291053772, 0.7582269310951233, 0.7485576868057251, 0.7404323220252991, 0.737514078617096, 0.7325296401977539, 0.7261094450950623], "landscape_losses": [2.488454818725586, 2.098008632659912, 1.856491208076477, 1.637331485748291, 1.460205316543579, 1.3037034273147583, 1.140305995941162, 0.9962342977523804, 0.8658512830734253, 0.7710545659065247, 0.738029420375824], "proxy_train_time": 7.897757976315916, "proxy_train_epochs": 50, "dirty_bit": 1, "landscape_term": 9.167334380502481, "speed_term": 7.375238535643808, "mote": 7.425749319731247}