{"id": 7918, "adj_matrix": [[0, 1, 1, 1], [0, 0, 1, 1], [0, 0, 0, 1], [0, 0, 0, 0]], "operations": ["nor_conv_3x3", "skip_connect", "skip_connect", "nor_conv_3x3", "nor_conv_1x1", "skip_connect"], "init_channel": 16, "blck_len": 5, "params": 0.587386, "flops": 82.49409, "latency": 0.017109308326453493, "train_per_time": 18.57898143927251, "train_time_200": 3715.796287854502, "train_accuracy_200": 0.9994266666666666, "test_accuracy_200": 0.9330333333333333, "train_time_12": 222.94777727127072, "train_accuracy_12": 0.9063800000000001, "test_accuracy_12": 0.8715999999999999, "valtest_accuracy_200": 0.6983, "valtest_accuracy_12": 0.5729, "proxy_losses": [2.8697471618652344, 1.9979382753372192, 1.8020799160003662, 1.6881921291351318, 1.6036359071731567, 1.5359455347061157, 1.4770249128341675, 1.4300756454467773, 1.3853241205215454, 1.3474491834640503, 1.3187055587768555, 1.2866517305374146, 1.2587536573410034, 1.236108422279358, 1.2159826755523682, 1.1891485452651978, 1.1673400402069092, 1.147545576095581, 1.1291673183441162, 1.109920859336853, 1.0987800359725952, 1.0804826021194458, 1.0614815950393677, 1.0435305833816528, 1.034829020500183, 1.019303560256958, 1.0081098079681396, 0.995438277721405, 0.9750107526779175, 0.9689335823059082, 0.947938859462738, 0.9414204955101013, 0.92423015832901, 0.929928719997406, 0.916151762008667, 0.9006521701812744, 0.8797671794891357, 0.8680375814437866, 0.8606486320495605, 0.8487713932991028, 0.8371443152427673, 0.8294867277145386, 0.8158180713653564, 0.808733344078064, 0.7988756895065308, 0.789864718914032, 0.7827889919281006, 0.7705652117729187, 0.7680209875106812, 0.7595347762107849], "landscape_losses": [2.983968734741211, 2.302443504333496, 1.9729220867156982, 1.7342076301574707, 1.5403180122375488, 1.3679730892181396, 1.1951488256454468, 1.0439767837524414, 0.9123091101646423, 0.8138543963432312, 0.7808390259742737], "proxy_train_time": 7.33748940192163, "proxy_train_epochs": 50, "dirty_bit": 1, "landscape_term": 8.633271079602798, "speed_term": 6.497836756348879, "mote": 6.919135676177107}