{"id": 7925, "adj_matrix": [[0, 1, 1, 1], [0, 0, 1, 1], [0, 0, 0, 1], [0, 0, 0, 0]], "operations": ["nor_conv_1x1", "zeros", "nor_conv_1x1", "nor_conv_1x1", "avg_pool_3x3", "avg_pool_3x3"], "init_channel": 16, "blck_len": 5, "params": 0.157306, "flops": 19.57953, "latency": 0.018046559471833076, "train_per_time": 21.200688759485832, "train_time_200": 4240.137751897167, "train_accuracy_200": 0.98567, "test_accuracy_200": 0.904, "train_time_12": 254.40826511383054, "train_accuracy_12": 0.79756, "test_accuracy_12": 0.7877, "valtest_accuracy_200": 0.64705, "valtest_accuracy_12": 0.3617, "proxy_losses": [2.295581579208374, 2.018869638442993, 1.9034961462020874, 1.8206433057785034, 1.75675368309021, 1.709611177444458, 1.6624410152435303, 1.6249048709869385, 1.5907268524169922, 1.561341643333435, 1.5352672338485718, 1.510451078414917, 1.4897030591964722, 1.4700448513031006, 1.4524900913238525, 1.4339736700057983, 1.4176884889602661, 1.401918649673462, 1.3884453773498535, 1.3742072582244873, 1.3584860563278198, 1.3428281545639038, 1.3273236751556396, 1.317718505859375, 1.3040732145309448, 1.2878373861312866, 1.2724595069885254, 1.2653888463974, 1.2448461055755615, 1.2293567657470703, 1.216686725616455, 1.2064589262008667, 1.2000246047973633, 1.1922427415847778, 1.1804168224334717, 1.1696399450302124, 1.1624245643615723, 1.1533762216567993, 1.1475193500518799, 1.1401456594467163, 1.1283068656921387, 1.1172759532928467, 1.1085422039031982, 1.0995968580245972, 1.0958017110824585, 1.0896806716918945, 1.0783030986785889, 1.0703357458114624, 1.0625550746917725, 1.050196886062622], "landscape_losses": [2.365690231323242, 2.1317601203918457, 1.967667579650879, 1.8139015436172485, 1.6633055210113525, 1.5158289670944214, 1.3814748525619507, 1.25308358669281, 1.151891827583313, 1.0849055051803589, 1.047571063041687], "proxy_train_time": 8.063313566148281, "proxy_train_epochs": 50, "dirty_bit": 1, "landscape_term": 7.478597736859279, "speed_term": 5.925560093042399, "mote": 6.039580493504908}