{"id": 8042, "adj_matrix": [[0, 1, 1, 1], [0, 0, 1, 1], [0, 0, 0, 1], [0, 0, 0, 0]], "operations": ["zeros", "avg_pool_3x3", "nor_conv_3x3", "nor_conv_3x3", "nor_conv_1x1", "skip_connect"], "init_channel": 16, "blck_len": 5, "params": 0.587386, "flops": 82.49409, "latency": 0.01824741300783659, "train_per_time": 20.914984901746166, "train_time_200": 4182.996980349233, "train_accuracy_200": 0.9960899999999999, "test_accuracy_200": 0.9123500000000001, "train_time_12": 250.9798188209534, "train_accuracy_12": 0.80172, "test_accuracy_12": 0.7859999999999999, "valtest_accuracy_200": 0.6531999999999999, "valtest_accuracy_12": 0.4255, "proxy_losses": [2.2769672870635986, 1.9135334491729736, 1.7756109237670898, 1.6989293098449707, 1.6419095993041992, 1.5990359783172607, 1.561609148979187, 1.5279879570007324, 1.4984053373336792, 1.4712814092636108, 1.4424424171447754, 1.4214246273040771, 1.3987951278686523, 1.3725875616073608, 1.355379343032837, 1.3378369808197021, 1.3201390504837036, 1.2996710538864136, 1.2856025695800781, 1.2677141427993774, 1.2527835369110107, 1.2359718084335327, 1.2248036861419678, 1.2066349983215332, 1.187937617301941, 1.180708646774292, 1.165369987487793, 1.1536842584609985, 1.1435048580169678, 1.1322828531265259, 1.124664545059204, 1.1107674837112427, 1.098299264907837, 1.0856417417526245, 1.0704082250595093, 1.0625224113464355, 1.0524548292160034, 1.0351872444152832, 1.0242878198623657, 1.0109829902648926, 0.9964868426322937, 0.9918655157089233, 0.9945452213287354, 0.990229606628418, 0.9682213068008423, 0.9657841920852661, 0.950340211391449, 0.9448240399360657, 0.9478042721748352, 0.9408742189407349], "landscape_losses": [2.394432306289673, 2.0705506801605225, 1.8755478858947754, 1.7053464651107788, 1.5544626712799072, 1.4283720254898071, 1.2876256704330444, 1.1765353679656982, 1.0729262828826904, 0.9778565168380737, 0.9327478408813477], "proxy_train_time": 8.411586206406355, "proxy_train_epochs": 50, "dirty_bit": 1, "landscape_term": 8.01692724796288, "speed_term": 6.706013849356888, "mote": 6.5440849374268275}