{"id": 815, "adj_matrix": [[0, 1, 1, 1], [0, 0, 1, 1], [0, 0, 0, 1], [0, 0, 0, 0]], "operations": ["avg_pool_3x3", "nor_conv_3x3", "zeros", "avg_pool_3x3", "nor_conv_3x3", "nor_conv_3x3"], "init_channel": 16, "blck_len": 5, "params": 0.802426, "flops": 113.95137, "latency": 0.017275341770105195, "train_per_time": 24.310081680615745, "train_time_200": 4862.016336123149, "train_accuracy_200": 0.9992266666666667, "test_accuracy_200": 0.9242, "train_time_12": 291.7209801673889, "train_accuracy_12": 0.84108, "test_accuracy_12": 0.8237000000000001, "valtest_accuracy_200": 0.6860333333333334, "valtest_accuracy_12": 0.4806, "proxy_losses": [2.2717723846435547, 1.7524240016937256, 1.5996030569076538, 1.5015536546707153, 1.428249478340149, 1.371262788772583, 1.3200606107711792, 1.2727768421173096, 1.2382475137710571, 1.2069883346557617, 1.181026816368103, 1.1442817449569702, 1.1143066883087158, 1.091118574142456, 1.0680818557739258, 1.0563067197799683, 1.028419852256775, 1.0119506120681763, 0.9920223355293274, 0.9657210111618042, 0.9623263478279114, 0.9398549795150757, 0.9266746044158936, 0.9038093686103821, 0.8897538185119629, 0.8695983290672302, 0.8684807419776917, 0.8478041887283325, 0.8394071459770203, 0.8377200365066528, 0.8251034021377563, 0.8067776560783386, 0.7908834218978882, 0.776958703994751, 0.7674928307533264, 0.7528318166732788, 0.7344009280204773, 0.7433035373687744, 0.7281365394592285, 0.7334666848182678, 0.7183963656425476, 0.7176320552825928, 0.6948866248130798, 0.689423680305481, 0.6785768270492554, 0.6746439337730408, 0.6592023968696594, 0.6528868079185486, 0.6548593640327454, 0.6642201542854309], "landscape_losses": [2.417789936065674, 1.9282872676849365, 1.664292812347412, 1.4376195669174194, 1.2533221244812012, 1.1075619459152222, 0.9664031267166138, 0.846116304397583, 0.7433052659034729, 0.6742798089981079, 0.6382943391799927], "proxy_train_time": 9.31310123577714, "proxy_train_epochs": 50, "dirty_bit": 1, "landscape_term": 10.541126361636845, "speed_term": 9.509823699029262, "mote": 8.668215358036896}