{"id": 8181, "adj_matrix": [[0, 1, 1, 1], [0, 0, 1, 1], [0, 0, 0, 1], [0, 0, 0, 0]], "operations": ["skip_connect", "nor_conv_1x1", "skip_connect", "skip_connect", "nor_conv_1x1", "zeros"], "init_channel": 16, "blck_len": 5, "params": 0.129306, "flops": 15.64737, "latency": 0.015144325139229758, "train_per_time": 12.300178289413452, "train_time_200": 2460.0356578826904, "train_accuracy_200": 0.9635866666666668, "test_accuracy_200": 0.8952333333333332, "train_time_12": 147.60213947296143, "train_accuracy_12": 0.84816, "test_accuracy_12": 0.8308, "valtest_accuracy_200": 0.6409333333333334, "valtest_accuracy_12": 0.4838, "proxy_losses": [2.4677703380584717, 2.212334632873535, 2.087200880050659, 1.9959129095077515, 1.9312578439712524, 1.8758189678192139, 1.830196499824524, 1.794297695159912, 1.7623193264007568, 1.7349523305892944, 1.7104601860046387, 1.689218521118164, 1.6687461137771606, 1.6509300470352173, 1.6341090202331543, 1.618971347808838, 1.6053433418273926, 1.5913695096969604, 1.5780727863311768, 1.5661152601242065, 1.556326985359192, 1.543198823928833, 1.535056233406067, 1.5228509902954102, 1.5121095180511475, 1.501539707183838, 1.493788719177246, 1.4840811491012573, 1.4743647575378418, 1.4655510187149048, 1.4580482244491577, 1.4494282007217407, 1.4420101642608643, 1.4353256225585938, 1.4297529458999634, 1.4224019050598145, 1.4147545099258423, 1.4064414501190186, 1.3996931314468384, 1.3928505182266235, 1.3868029117584229, 1.3777905702590942, 1.3696039915084839, 1.3640172481536865, 1.3571600914001465, 1.3495562076568604, 1.3447651863098145, 1.3389531373977661, 1.3318392038345337, 1.3263168334960938], "landscape_losses": [2.528233289718628, 2.2831621170043945, 2.1135897636413574, 1.9623255729675293, 1.8263897895812988, 1.700043797492981, 1.5939288139343262, 1.4902013540267944, 1.4046486616134644, 1.3473386764526367, 1.3166711330413818], "proxy_train_time": 5.976290095597506, "proxy_train_epochs": 50, "dirty_bit": 1, "landscape_term": 6.464046320601716, "speed_term": 3.7876508071009347, "mote": 4.915380677952675}