{"id": 8252, "adj_matrix": [[0, 1, 1, 1], [0, 0, 1, 1], [0, 0, 0, 1], [0, 0, 0, 0]], "operations": ["skip_connect", "skip_connect", "skip_connect", "zeros", "nor_conv_3x3", "skip_connect"], "init_channel": 16, "blck_len": 5, "params": 0.316346, "flops": 43.17249, "latency": 0.01243834955650463, "train_per_time": 9.807519117991156, "train_time_200": 1961.5038235982313, "train_accuracy_200": 0.9442666666666666, "test_accuracy_200": 0.8893333333333334, "train_time_12": 117.69022941589357, "train_accuracy_12": 0.7590600000000001, "test_accuracy_12": 0.747, "valtest_accuracy_200": 0.6098, "valtest_accuracy_12": 0.373, "proxy_losses": [3.3590176105499268, 2.231900215148926, 1.9590681791305542, 1.8136959075927734, 1.725527286529541, 1.6747816801071167, 1.6333402395248413, 1.5993881225585938, 1.5671943426132202, 1.5415617227554321, 1.5148917436599731, 1.4902006387710571, 1.466356873512268, 1.447739601135254, 1.4276973009109497, 1.407871127128601, 1.3914989233016968, 1.3737149238586426, 1.360071063041687, 1.3445255756378174, 1.3313822746276855, 1.31834876537323, 1.3081943988800049, 1.2914011478424072, 1.2791019678115845, 1.2664921283721924, 1.2546427249908447, 1.243497610092163, 1.2316367626190186, 1.2178059816360474, 1.2129319906234741, 1.1994210481643677, 1.1902341842651367, 1.180527925491333, 1.1678287982940674, 1.1611480712890625, 1.1499474048614502, 1.138877272605896, 1.1313071250915527, 1.1172393560409546, 1.1122328042984009, 1.0999740362167358, 1.0884345769882202, 1.0840262174606323, 1.0800890922546387, 1.0745962858200073, 1.0637400150299072, 1.0673110485076904, 1.0618066787719727, 1.0471038818359375], "landscape_losses": [3.4922616481781006, 2.6213598251342773, 2.229182004928589, 1.9609894752502441, 1.7221535444259644, 1.54375422000885, 1.3717349767684937, 1.2552512884140015, 1.1488007307052612, 1.0654383897781372, 1.0297696590423584], "proxy_train_time": 5.847236546687782, "proxy_train_epochs": 50, "dirty_bit": 1, "landscape_term": 7.160612043893357, "speed_term": 4.267973339387322, "mote": 5.497390168155526}