{"id": 8260, "adj_matrix": [[0, 1, 1, 1], [0, 0, 1, 1], [0, 0, 0, 1], [0, 0, 0, 0]], "operations": ["nor_conv_3x3", "zeros", "skip_connect", "skip_connect", "avg_pool_3x3", "nor_conv_1x1"], "init_channel": 16, "blck_len": 5, "params": 0.344346, "flops": 47.10465, "latency": 0.014764605906971713, "train_per_time": 15.29231325785316, "train_time_200": 3058.462651570632, "train_accuracy_200": 0.9991599999999999, "test_accuracy_200": 0.9312666666666667, "train_time_12": 183.50775909423828, "train_accuracy_12": 0.9028400000000001, "test_accuracy_12": 0.8689, "valtest_accuracy_200": 0.6867, "valtest_accuracy_12": 0.5555, "proxy_losses": [2.6742682456970215, 2.0172879695892334, 1.7938421964645386, 1.6919581890106201, 1.6143641471862793, 1.5553456544876099, 1.5070676803588867, 1.468782663345337, 1.4326515197753906, 1.3999111652374268, 1.369938850402832, 1.3405526876449585, 1.3127347230911255, 1.2850315570831299, 1.2637807130813599, 1.236366868019104, 1.2166180610656738, 1.191834568977356, 1.170672059059143, 1.1522581577301025, 1.135020136833191, 1.1147550344467163, 1.0975580215454102, 1.0824252367019653, 1.0632914304733276, 1.0512142181396484, 1.0454212427139282, 1.0256078243255615, 1.0154730081558228, 0.9944956302642822, 0.9779340028762817, 0.9676162004470825, 0.9555591940879822, 0.9409872889518738, 0.9295034408569336, 0.928415060043335, 0.9284607172012329, 0.9160338044166565, 0.8911715745925903, 0.8812776207923889, 0.86870938539505, 0.8601505160331726, 0.8496983647346497, 0.8486691117286682, 0.8330637812614441, 0.8206698298454285, 0.8067039847373962, 0.8033135533332825, 0.7869114875793457, 0.778714656829834], "landscape_losses": [2.810267925262451, 2.277036666870117, 1.955436110496521, 1.7111257314682007, 1.494432806968689, 1.3009099960327148, 1.1562410593032837, 1.0068752765655518, 0.9108847379684448, 0.822868287563324, 0.7774397730827332], "proxy_train_time": 6.812871616333723, "proxy_train_epochs": 50, "dirty_bit": 1, "landscape_term": 8.786065134023255, "speed_term": 5.883909099345099, "mote": 6.908874717872039}