{"id": 8298, "adj_matrix": [[0, 1, 1, 1], [0, 0, 1, 1], [0, 0, 0, 1], [0, 0, 0, 0]], "operations": ["zeros", "avg_pool_3x3", "nor_conv_1x1", "avg_pool_3x3", "zeros", "nor_conv_3x3"], "init_channel": 16, "blck_len": 5, "params": 0.344346, "flops": 47.10465, "latency": 0.015617979200262772, "train_per_time": 17.948937098185173, "train_time_200": 3589.787419637035, "train_accuracy_200": 0.95567, "test_accuracy_200": 0.8489, "train_time_12": 215.38724517822263, "train_accuracy_12": 0.7149, "test_accuracy_12": 0.7034, "valtest_accuracy_200": 0.57445, "valtest_accuracy_12": 0.3652, "proxy_losses": [2.3389031887054443, 1.9358519315719604, 1.804283618927002, 1.7189252376556396, 1.6487196683883667, 1.5954265594482422, 1.5513653755187988, 1.5145316123962402, 1.4760874509811401, 1.4478144645690918, 1.4181363582611084, 1.3969824314117432, 1.3735641241073608, 1.348373293876648, 1.3279297351837158, 1.308815836906433, 1.2893215417861938, 1.2796752452850342, 1.2666150331497192, 1.2484736442565918, 1.2324066162109375, 1.2179409265518188, 1.202525019645691, 1.1864466667175293, 1.1692723035812378, 1.1555986404418945, 1.142609715461731, 1.1259899139404297, 1.1148029565811157, 1.1089969873428345, 1.0963754653930664, 1.0820666551589966, 1.078307032585144, 1.0692733526229858, 1.0552815198898315, 1.0478993654251099, 1.0371150970458984, 1.0308727025985718, 1.0275654792785645, 1.0187656879425049, 1.011157751083374, 1.0050592422485352, 1.0051871538162231, 0.9989011883735657, 0.9895612597465515, 0.9788397550582886, 0.9751666188240051, 0.9648622870445251, 0.9594582319259644, 0.9515990018844604], "landscape_losses": [2.435450315475464, 2.097029209136963, 1.906922459602356, 1.7448023557662964, 1.5752277374267578, 1.4184836149215698, 1.2863173484802246, 1.184773325920105, 1.077803611755371, 0.9975096583366394, 0.9543302655220032], "proxy_train_time": 7.674765375442803, "proxy_train_epochs": 50, "dirty_bit": 1, "landscape_term": 7.924430862140381, "speed_term": 6.1565876771913635, "mote": 6.383318311454164}