{"id": 8345, "adj_matrix": [[0, 1, 1, 1], [0, 0, 1, 1], [0, 0, 0, 1], [0, 0, 0, 0]], "operations": ["nor_conv_1x1", "zeros", "nor_conv_1x1", "avg_pool_3x3", "avg_pool_3x3", "avg_pool_3x3"], "init_channel": 16, "blck_len": 5, "params": 0.129306, "flops": 15.64737, "latency": 0.015270192372171502, "train_per_time": 17.769847234090218, "train_time_200": 3553.9694468180433, "train_accuracy_200": 0.98804, "test_accuracy_200": 0.8772999999999999, "train_time_12": 213.23816680908206, "train_accuracy_12": 0.7743800000000001, "test_accuracy_12": 0.7574, "valtest_accuracy_200": 0.62335, "valtest_accuracy_12": 0.3864, "proxy_losses": [2.7151360511779785, 2.354778289794922, 2.1625113487243652, 2.0270931720733643, 1.9272392988204956, 1.850646734237671, 1.792707085609436, 1.7445765733718872, 1.7037855386734009, 1.6673798561096191, 1.6348592042922974, 1.6031147241592407, 1.5768439769744873, 1.5499705076217651, 1.5284183025360107, 1.5043429136276245, 1.4867686033248901, 1.4671406745910645, 1.4489184617996216, 1.4353904724121094, 1.4154951572418213, 1.4016982316970825, 1.3869221210479736, 1.371233344078064, 1.3595174551010132, 1.3435391187667847, 1.3294711112976074, 1.3149899244308472, 1.3058785200119019, 1.2936533689498901, 1.2818012237548828, 1.2691140174865723, 1.2553130388259888, 1.2445964813232422, 1.230719804763794, 1.2234596014022827, 1.2161980867385864, 1.2050198316574097, 1.1924047470092773, 1.1839191913604736, 1.1723911762237549, 1.1685127019882202, 1.155104637145996, 1.1479402780532837, 1.1454378366470337, 1.139085292816162, 1.119198203086853, 1.1148490905761719, 1.1056163311004639, 1.0977745056152344], "landscape_losses": [2.8058910369873047, 2.478916645050049, 2.2418770790100098, 2.0213539600372314, 1.8250398635864258, 1.6499574184417725, 1.4936933517456055, 1.368575930595398, 1.2515971660614014, 1.154899001121521, 1.0971639156341553], "proxy_train_time": 7.328747685067356, "proxy_train_epochs": 50, "dirty_bit": 1, "landscape_term": 6.831041758006909, "speed_term": 5.0632146831455325, "mote": 5.4330421578929515}