{"id": 836, "adj_matrix": [[0, 1, 1, 1], [0, 0, 1, 1], [0, 0, 0, 1], [0, 0, 0, 0]], "operations": ["zeros", "zeros", "nor_conv_3x3", "nor_conv_1x1", "zeros", "zeros"], "init_channel": 16, "blck_len": 5, "params": 0.344346, "flops": 47.10465, "latency": 0.01603477879574424, "train_per_time": 14.979152401288378, "train_time_200": 2995.8304802576754, "train_accuracy_200": 0.9489533333333333, "test_accuracy_200": 0.8897666666666667, "train_time_12": 179.74982881546023, "train_accuracy_12": 0.80688, "test_accuracy_12": 0.7897, "valtest_accuracy_200": 0.6188999999999999, "valtest_accuracy_12": 0.405, "proxy_losses": [2.4111576080322266, 2.1941654682159424, 2.0686452388763428, 1.9972443580627441, 1.9472944736480713, 1.9117015600204468, 1.879800796508789, 1.8521744012832642, 1.827236294746399, 1.804079294204712, 1.7823195457458496, 1.7629421949386597, 1.7442654371261597, 1.7272285223007202, 1.7114288806915283, 1.6975878477096558, 1.683058261871338, 1.6697547435760498, 1.6572951078414917, 1.6455519199371338, 1.6322667598724365, 1.6189643144607544, 1.6080052852630615, 1.5973548889160156, 1.5838596820831299, 1.5749619007110596, 1.5637683868408203, 1.5548650026321411, 1.5414423942565918, 1.5333101749420166, 1.5242232084274292, 1.5136239528656006, 1.5018527507781982, 1.4922677278518677, 1.4820446968078613, 1.4715814590454102, 1.463964581489563, 1.4533305168151855, 1.4448695182800293, 1.4436442852020264, 1.4294464588165283, 1.41581130027771, 1.4082070589065552, 1.4026460647583008, 1.3928892612457275, 1.3855493068695068, 1.3849326372146606, 1.3678730726242065, 1.360001564025879, 1.3521785736083984], "landscape_losses": [2.4589874744415283, 2.2653815746307373, 2.094472646713257, 1.9430080652236938, 1.815727949142456, 1.7014185190200806, 1.5947948694229126, 1.5112892389297485, 1.4398921728134155, 1.3887722492218018, 1.3468538522720337], "proxy_train_time": 8.227175741456449, "proxy_train_epochs": 50, "dirty_bit": 1, "landscape_term": 6.424453978780113, "speed_term": 5.048916349440459, "mote": 5.149619300982073}