{"id": 8455, "adj_matrix": [[0, 1, 1, 1], [0, 0, 1, 1], [0, 0, 0, 1], [0, 0, 0, 0]], "operations": ["nor_conv_1x1", "zeros", "avg_pool_3x3", "nor_conv_3x3", "nor_conv_3x3", "avg_pool_3x3"], "init_channel": 16, "blck_len": 5, "params": 0.587386, "flops": 82.49409, "latency": 0.018141919060757287, "train_per_time": 22.829625248908997, "train_time_200": 4565.925049781799, "train_accuracy_200": 0.99862, "test_accuracy_200": 0.9233, "train_time_12": 273.95550298690796, "train_accuracy_12": 0.8302200000000001, "test_accuracy_12": 0.8107, "valtest_accuracy_200": 0.6831499999999999, "valtest_accuracy_12": 0.41759999999999997, "proxy_losses": [2.308309555053711, 1.8682142496109009, 1.7042410373687744, 1.607444167137146, 1.5305551290512085, 1.4690355062484741, 1.4245342016220093, 1.381798267364502, 1.3416398763656616, 1.30894136428833, 1.2773486375808716, 1.2423968315124512, 1.211820363998413, 1.188267707824707, 1.1644188165664673, 1.1405836343765259, 1.1171801090240479, 1.1006653308868408, 1.0774307250976562, 1.05841863155365, 1.0388002395629883, 1.0238142013549805, 1.0059276819229126, 0.9822832942008972, 0.9757277369499207, 0.9553825259208679, 0.9407877922058105, 0.9277836084365845, 0.9088457822799683, 0.9015588164329529, 0.8941966891288757, 0.8863673806190491, 0.8747616410255432, 0.8648322224617004, 0.8515828847885132, 0.8309087157249451, 0.8223332166671753, 0.8171190619468689, 0.8136985898017883, 0.8084668517112732, 0.7973331212997437, 0.7903364300727844, 0.7872591614723206, 0.7748240232467651, 0.760154664516449, 0.7518208026885986, 0.7458148002624512, 0.732840359210968, 0.726920485496521, 0.7254945635795593], "landscape_losses": [2.405473470687866, 2.0235912799835205, 1.7610557079315186, 1.5412012338638306, 1.3606044054031372, 1.1937313079833984, 1.033866286277771, 0.9173868894577026, 0.8233310580253601, 0.7463582754135132, 0.7158212661743164], "proxy_train_time": 8.891891496255994, "proxy_train_epochs": 50, "dirty_bit": 1, "landscape_term": 9.707962032133963, "speed_term": 8.350570523950076, "mote": 7.942881047833113}