{"id": 8492, "adj_matrix": [[0, 1, 1, 1], [0, 0, 1, 1], [0, 0, 0, 1], [0, 0, 0, 0]], "operations": ["avg_pool_3x3", "skip_connect", "skip_connect", "skip_connect", "nor_conv_3x3", "zeros"], "init_channel": 16, "blck_len": 5, "params": 0.316346, "flops": 43.17249, "latency": 0.011805427701849686, "train_per_time": 12.198385000228882, "train_time_200": 2439.6770000457764, "train_accuracy_200": 0.98773, "test_accuracy_200": 0.8972999999999999, "train_time_12": 146.38062000274658, "train_accuracy_12": 0.8558, "test_accuracy_12": 0.8397, "valtest_accuracy_200": 0.6379, "valtest_accuracy_12": 0.48719999999999997, "proxy_losses": [2.3088395595550537, 1.9311150312423706, 1.7898505926132202, 1.7182320356369019, 1.6687754392623901, 1.628697156906128, 1.5879509449005127, 1.5532011985778809, 1.5212050676345825, 1.4912081956863403, 1.4634621143341064, 1.4394139051437378, 1.4131749868392944, 1.3929939270019531, 1.3699824810028076, 1.3460556268692017, 1.3296968936920166, 1.3077670335769653, 1.2893060445785522, 1.2726117372512817, 1.258541464805603, 1.2460997104644775, 1.2224477529525757, 1.2092255353927612, 1.189923644065857, 1.1763522624969482, 1.1690419912338257, 1.1525312662124634, 1.1366634368896484, 1.1246237754821777, 1.1210925579071045, 1.1082181930541992, 1.0968378782272339, 1.0737121105194092, 1.0729434490203857, 1.0605775117874146, 1.047789454460144, 1.0460618734359741, 1.0349829196929932, 1.0283920764923096, 1.0334111452102661, 1.0231049060821533, 1.0097484588623047, 1.0023095607757568, 0.9876404404640198, 0.9726499915122986, 0.9665088653564453, 0.9644351601600647, 0.9499917030334473, 0.952380359172821], "landscape_losses": [2.431424617767334, 2.1222589015960693, 1.9250880479812622, 1.7706420421600342, 1.6213274002075195, 1.4812462329864502, 1.3203473091125488, 1.1836907863616943, 1.0647199153900146, 0.9833800792694092, 0.9478245973587036], "proxy_train_time": 5.632741580717266, "proxy_train_epochs": 50, "dirty_bit": 1, "landscape_term": 7.871941174137017, "speed_term": 4.451931032994446, "mote": 6.0180590733752775}