{"id": 8498, "adj_matrix": [[0, 1, 1, 1], [0, 0, 1, 1], [0, 0, 0, 1], [0, 0, 0, 0]], "operations": ["avg_pool_3x3", "zeros", "nor_conv_3x3", "nor_conv_3x3", "nor_conv_3x3", "nor_conv_3x3"], "init_channel": 16, "blck_len": 5, "params": 1.045466, "flops": 149.34081, "latency": 0.019050089936507374, "train_per_time": 26.551561792691526, "train_time_200": 5310.3123585383055, "train_accuracy_200": 0.99819, "test_accuracy_200": 0.9258, "train_time_12": 318.6187415122986, "train_accuracy_12": 0.7598999999999999, "test_accuracy_12": 0.7458, "valtest_accuracy_200": 0.6946000000000001, "valtest_accuracy_12": 0.376, "proxy_losses": [2.166983127593994, 1.7651480436325073, 1.6403101682662964, 1.542932391166687, 1.461262822151184, 1.3918110132217407, 1.3361643552780151, 1.2820252180099487, 1.236946702003479, 1.1929513216018677, 1.1661664247512817, 1.1241317987442017, 1.085248351097107, 1.060278296470642, 1.0324525833129883, 1.0121064186096191, 0.981208860874176, 0.959688663482666, 0.9403521418571472, 0.9203200936317444, 0.8949580192565918, 0.8785501718521118, 0.8662522435188293, 0.848120927810669, 0.8356308341026306, 0.823678731918335, 0.8282580375671387, 0.7969589829444885, 0.7795007824897766, 0.7650327682495117, 0.7584076523780823, 0.7507485151290894, 0.7352346777915955, 0.7249280214309692, 0.7115039229393005, 0.6895973086357117, 0.6796444654464722, 0.6785028576850891, 0.6655222177505493, 0.6639996767044067, 0.6559804677963257, 0.6396674513816833, 0.627970278263092, 0.6147913336753845, 0.6157532334327698, 0.6003152132034302, 0.5970041155815125, 0.5831710696220398, 0.576509952545166, 0.5815380811691284], "landscape_losses": [2.2559146881103516, 1.9005718231201172, 1.670798420906067, 1.463082194328308, 1.2821484804153442, 1.1310648918151855, 0.9754447340965271, 0.8499463796615601, 0.7199391722679138, 0.6318634748458862, 0.5832581520080566], "proxy_train_time": 10.817252116277814, "proxy_train_epochs": 50, "dirty_bit": 1, "landscape_term": 10.803356391260564, "speed_term": 11.565240818454832, "mote": 9.142903146467141}