{"id": 8571, "adj_matrix": [[0, 1, 1, 1], [0, 0, 1, 1], [0, 0, 0, 1], [0, 0, 0, 0]], "operations": ["avg_pool_3x3", "avg_pool_3x3", "nor_conv_1x1", "skip_connect", "avg_pool_3x3", "nor_conv_3x3"], "init_channel": 16, "blck_len": 5, "params": 0.344346, "flops": 47.10465, "latency": 0.015053582818884598, "train_per_time": 19.345686356226548, "train_time_200": 3869.1372712453094, "train_accuracy_200": 0.8976400000000001, "test_accuracy_200": 0.8464499999999999, "train_time_12": 232.1482362747192, "train_accuracy_12": 0.65704, "test_accuracy_12": 0.6455, "valtest_accuracy_200": 0.545, "valtest_accuracy_12": 0.2814, "proxy_losses": [3.961859703063965, 2.3516299724578857, 1.9440900087356567, 1.8176137208938599, 1.732912302017212, 1.675517201423645, 1.6331640481948853, 1.5981537103652954, 1.5726269483566284, 1.5506644248962402, 1.5303475856781006, 1.5084500312805176, 1.4885300397872925, 1.470030426979065, 1.4519736766815186, 1.4316935539245605, 1.412381649017334, 1.3947553634643555, 1.3768302202224731, 1.3591129779815674, 1.3435028791427612, 1.330337643623352, 1.3169381618499756, 1.2985159158706665, 1.28593111038208, 1.2713282108306885, 1.2559866905212402, 1.2379285097122192, 1.2242558002471924, 1.2160067558288574, 1.20820951461792, 1.192685604095459, 1.1787561178207397, 1.1623566150665283, 1.1505451202392578, 1.1400655508041382, 1.1327821016311646, 1.1166936159133911, 1.1155411005020142, 1.103948950767517, 1.090781807899475, 1.0831760168075562, 1.0904468297958374, 1.0715442895889282, 1.0655592679977417, 1.050369143486023, 1.045413613319397, 1.0359692573547363, 1.0256198644638062, 1.0202934741973877], "landscape_losses": [4.114569187164307, 2.8888137340545654, 2.3361079692840576, 1.9873595237731934, 1.7442293167114258, 1.5308767557144165, 1.3841215372085571, 1.2337278127670288, 1.1385648250579834, 1.0548757314682007, 1.021710753440857], "proxy_train_time": 6.816983053460717, "proxy_train_epochs": 50, "dirty_bit": 1, "landscape_term": 7.085043553833623, "speed_term": 4.930993652607258, "mote": 5.5810307182329035}