{"id": 8589, "adj_matrix": [[0, 1, 1, 1], [0, 0, 1, 1], [0, 0, 0, 1], [0, 0, 0, 0]], "operations": ["nor_conv_1x1", "skip_connect", "skip_connect", "nor_conv_1x1", "skip_connect", "zeros"], "init_channel": 16, "blck_len": 5, "params": 0.129306, "flops": 15.64737, "latency": 0.014953144809655976, "train_per_time": 12.388378302256264, "train_time_200": 2477.675660451253, "train_accuracy_200": 0.9507466666666666, "test_accuracy_200": 0.8919, "train_time_12": 148.6605396270752, "train_accuracy_12": 0.81624, "test_accuracy_12": 0.7986, "valtest_accuracy_200": 0.6256, "valtest_accuracy_12": 0.4004, "proxy_losses": [2.612725019454956, 2.2897326946258545, 2.1105477809906006, 1.995509386062622, 1.9114320278167725, 1.8475852012634277, 1.7989510297775269, 1.7561047077178955, 1.7196320295333862, 1.6893723011016846, 1.661544919013977, 1.6366726160049438, 1.613918423652649, 1.5925935506820679, 1.5726908445358276, 1.5546875, 1.5382282733917236, 1.5231057405471802, 1.5081119537353516, 1.4940133094787598, 1.4798846244812012, 1.4646484851837158, 1.4516794681549072, 1.440078854560852, 1.42702054977417, 1.4187898635864258, 1.4091579914093018, 1.39730703830719, 1.3845374584197998, 1.3753691911697388, 1.3663363456726074, 1.3558998107910156, 1.34718656539917, 1.3386483192443848, 1.3292089700698853, 1.3208327293395996, 1.3129677772521973, 1.3019421100616455, 1.2934235334396362, 1.2860805988311768, 1.2741485834121704, 1.2664520740509033, 1.2599848508834839, 1.2531193494796753, 1.2477712631225586, 1.24048912525177, 1.2324813604354858, 1.2232571840286255, 1.2167906761169434, 1.208604335784912], "landscape_losses": [2.6687445640563965, 2.360290050506592, 2.1217844486236572, 1.9193589687347412, 1.7450525760650635, 1.5969688892364502, 1.4724617004394531, 1.372829556465149, 1.2929019927978516, 1.2332578897476196, 1.2028162479400635], "proxy_train_time": 6.122045804746449, "proxy_train_epochs": 50, "dirty_bit": 1, "landscape_term": 6.813182153771368, "speed_term": 4.062338131423876, "mote": 5.215814010472748}