{"id": 8636, "adj_matrix": [[0, 1, 1, 1], [0, 0, 1, 1], [0, 0, 0, 1], [0, 0, 0, 0]], "operations": ["skip_connect", "nor_conv_1x1", "skip_connect", "nor_conv_1x1", "zeros", "nor_conv_3x3"], "init_channel": 16, "blck_len": 5, "params": 0.372346, "flops": 51.03681, "latency": 0.017022844992185895, "train_per_time": 17.001609643300416, "train_time_200": 3400.3219286600834, "train_accuracy_200": 0.9980133333333333, "test_accuracy_200": 0.9218333333333334, "train_time_12": 204.01931571960452, "train_accuracy_12": 0.8735599999999999, "test_accuracy_12": 0.8489, "valtest_accuracy_200": 0.6852333333333332, "valtest_accuracy_12": 0.4978, "proxy_losses": [2.4895713329315186, 2.122807502746582, 1.9592411518096924, 1.8579648733139038, 1.779544472694397, 1.7146695852279663, 1.6580617427825928, 1.60691499710083, 1.5635130405426025, 1.5222855806350708, 1.4868329763412476, 1.453019142150879, 1.4198342561721802, 1.3941401243209839, 1.366433024406433, 1.341264009475708, 1.315987467765808, 1.297433853149414, 1.2719597816467285, 1.254922866821289, 1.235715627670288, 1.2113972902297974, 1.1935594081878662, 1.1783149242401123, 1.1597869396209717, 1.140426754951477, 1.1237895488739014, 1.1128519773483276, 1.0949286222457886, 1.0766552686691284, 1.066840648651123, 1.0494050979614258, 1.031780481338501, 1.0166537761688232, 1.0057293176651, 0.9917818307876587, 0.9771686792373657, 0.9675533175468445, 0.9516876935958862, 0.9398534893989563, 0.925765335559845, 0.9156818389892578, 0.8992933630943298, 0.8945969939231873, 0.8772905468940735, 0.8711373805999756, 0.8639867305755615, 0.856697142124176, 0.8560947179794312, 0.8540728688240051], "landscape_losses": [2.57669734954834, 2.2622649669647217, 2.031400680541992, 1.8146687746047974, 1.6169180870056152, 1.4362609386444092, 1.243722677230835, 1.0878711938858032, 0.9619784355163574, 0.8831502199172974, 0.8406298756599426], "proxy_train_time": 7.487969117239118, "proxy_train_epochs": 50, "dirty_bit": 1, "landscape_term": 8.27286028048408, "speed_term": 6.017632821672084, "mote": 6.591680366467694}