{"id": 8683, "adj_matrix": [[0, 1, 1, 1], [0, 0, 1, 1], [0, 0, 0, 1], [0, 0, 0, 0]], "operations": ["zeros", "nor_conv_3x3", "skip_connect", "nor_conv_1x1", "zeros", "nor_conv_1x1"], "init_channel": 16, "blck_len": 5, "params": 0.372346, "flops": 51.03681, "latency": 0.01802349717993485, "train_per_time": 17.340632279713994, "train_time_200": 3468.1264559427987, "train_accuracy_200": 0.99774, "test_accuracy_200": 0.92905, "train_time_12": 208.0875873565674, "train_accuracy_12": 0.8721, "test_accuracy_12": 0.8525, "valtest_accuracy_200": 0.6872499999999999, "valtest_accuracy_12": 0.47950000000000004, "proxy_losses": [2.2716567516326904, 1.9850655794143677, 1.849604845046997, 1.7546656131744385, 1.6828858852386475, 1.6249732971191406, 1.5712813138961792, 1.5232292413711548, 1.480591058731079, 1.441160798072815, 1.4029572010040283, 1.373379111289978, 1.3381657600402832, 1.3073073625564575, 1.2771210670471191, 1.2527858018875122, 1.2272080183029175, 1.1979187726974487, 1.1735687255859375, 1.1567625999450684, 1.1317505836486816, 1.111269235610962, 1.0911359786987305, 1.0705798864364624, 1.0621894598007202, 1.043375849723816, 1.0283757448196411, 1.0108312368392944, 0.9940378069877625, 0.9741895794868469, 0.9590131044387817, 0.9470298886299133, 0.930613100528717, 0.9182300567626953, 0.9072299003601074, 0.8954103589057922, 0.8829749226570129, 0.8658947348594666, 0.8589372038841248, 0.8552930951118469, 0.8496124744415283, 0.8352627754211426, 0.8232569098472595, 0.813759446144104, 0.8053507804870605, 0.7924659848213196, 0.7810289263725281, 0.7710282802581787, 0.7632750272750854, 0.7565909028053284], "landscape_losses": [2.368497133255005, 2.1284687519073486, 1.9023791551589966, 1.704456090927124, 1.5065855979919434, 1.3359804153442383, 1.1682941913604736, 1.0238326787948608, 0.91458660364151, 0.8199429512023926, 0.7596111297607422], "proxy_train_time": 8.24428896047175, "proxy_train_epochs": 50, "dirty_bit": 1, "landscape_term": 8.878772637515747, "speed_term": 7.178649704927889, "mote": 7.201387223069876}