{"id": 8726, "adj_matrix": [[0, 1, 1, 1], [0, 0, 1, 1], [0, 0, 0, 1], [0, 0, 0, 0]], "operations": ["avg_pool_3x3", "skip_connect", "nor_conv_3x3", "zeros", "nor_conv_3x3", "nor_conv_3x3"], "init_channel": 16, "blck_len": 5, "params": 0.802426, "flops": 113.95137, "latency": 0.017023130467063503, "train_per_time": 21.881630301475525, "train_time_200": 4376.326060295105, "train_accuracy_200": 0.9978999999999999, "test_accuracy_200": 0.9243000000000001, "train_time_12": 262.5795636177063, "train_accuracy_12": 0.77668, "test_accuracy_12": 0.7604000000000001, "valtest_accuracy_200": 0.6833500000000001, "valtest_accuracy_12": 0.39590000000000003, "proxy_losses": [2.0381855964660645, 1.7116895914077759, 1.586480975151062, 1.5101710557937622, 1.4424978494644165, 1.3842947483062744, 1.33734929561615, 1.278766393661499, 1.2359408140182495, 1.197845458984375, 1.1637409925460815, 1.1270878314971924, 1.1004316806793213, 1.071564793586731, 1.040503740310669, 1.0177874565124512, 0.9981680512428284, 0.9776427745819092, 0.9649884700775146, 0.9387096762657166, 0.9264441132545471, 0.911984384059906, 0.8911994099617004, 0.8814523220062256, 0.8672994375228882, 0.8467607498168945, 0.8391431570053101, 0.8267146348953247, 0.8122757077217102, 0.808448851108551, 0.7976663112640381, 0.7867399454116821, 0.7791929841041565, 0.7720276117324829, 0.7602285146713257, 0.74554443359375, 0.7353320717811584, 0.7342897653579712, 0.7261552214622498, 0.7092057466506958, 0.7033793926239014, 0.6982914209365845, 0.6921609044075012, 0.6924828290939331, 0.6779888272285461, 0.6688256859779358, 0.6478214263916016, 0.6496561169624329, 0.6376376152038574, 0.6325919032096863], "landscape_losses": [2.136796712875366, 1.8442492485046387, 1.6434212923049927, 1.4539556503295898, 1.2904001474380493, 1.1293214559555054, 0.9777954816818237, 0.8377377986907959, 0.7317015528678894, 0.6625913381576538, 0.6325110793113708], "proxy_train_time": 8.968330895528197, "proxy_train_epochs": 50, "dirty_bit": 1, "landscape_term": 10.640225733624785, "speed_term": 9.345362296288323, "mote": 8.706786365918855}