{"id": 8748, "adj_matrix": [[0, 1, 1, 1], [0, 0, 1, 1], [0, 0, 0, 1], [0, 0, 0, 0]], "operations": ["skip_connect", "avg_pool_3x3", "avg_pool_3x3", "nor_conv_3x3", "zeros", "skip_connect"], "init_channel": 16, "blck_len": 5, "params": 0.316346, "flops": 43.17249, "latency": 0.012463238155632689, "train_per_time": 13.6378639539083, "train_time_200": 2727.57279078166, "train_accuracy_200": 0.9344733333333334, "test_accuracy_200": 0.8750333333333333, "train_time_12": 163.6543674468994, "train_accuracy_12": 0.74226, "test_accuracy_12": 0.7323999999999999, "valtest_accuracy_200": 0.5741666666666666, "valtest_accuracy_12": 0.33270000000000005, "proxy_losses": [4.2925567626953125, 2.6767287254333496, 2.2741618156433105, 2.0820372104644775, 1.9361073970794678, 1.8241461515426636, 1.7552728652954102, 1.7075140476226807, 1.6720750331878662, 1.639296054840088, 1.6113343238830566, 1.5854613780975342, 1.5614204406738281, 1.5381765365600586, 1.5176337957382202, 1.4981813430786133, 1.4804571866989136, 1.4666842222213745, 1.4508661031723022, 1.4352765083312988, 1.4222030639648438, 1.4111069440841675, 1.3998242616653442, 1.3842467069625854, 1.372887134552002, 1.3607014417648315, 1.350864291191101, 1.339867353439331, 1.3290462493896484, 1.3171091079711914, 1.3078786134719849, 1.2937933206558228, 1.2856048345565796, 1.276459813117981, 1.2611497640609741, 1.2510321140289307, 1.2426892518997192, 1.2316194772720337, 1.2252696752548218, 1.21531081199646, 1.2038451433181763, 1.19062340259552, 1.1806973218917847, 1.1698178052902222, 1.1574493646621704, 1.1526448726654053, 1.1475539207458496, 1.1479458808898926, 1.1259664297103882, 1.1173039674758911], "landscape_losses": [4.42538595199585, 3.1946864128112793, 2.6739044189453125, 2.279651641845703, 1.9879887104034424, 1.7531566619873047, 1.555737018585205, 1.4012529850006104, 1.2830342054367065, 1.176226019859314, 1.115739107131958], "proxy_train_time": 5.285985143855214, "proxy_train_epochs": 50, "dirty_bit": 1, "landscape_term": 6.307333089864054, "speed_term": 3.5297364954909436, "mote": 4.749240875874537}