{"id": 8786, "adj_matrix": [[0, 1, 1, 1], [0, 0, 1, 1], [0, 0, 0, 1], [0, 0, 0, 0]], "operations": ["avg_pool_3x3", "avg_pool_3x3", "avg_pool_3x3", "skip_connect", "nor_conv_1x1", "nor_conv_3x3"], "init_channel": 16, "blck_len": 5, "params": 0.344346, "flops": 47.10465, "latency": 0.014111035748531942, "train_per_time": 20.246535102526288, "train_time_200": 4049.3070205052577, "train_accuracy_200": 0.9842400000000001, "test_accuracy_200": 0.8963499999999999, "train_time_12": 242.95842123031613, "train_accuracy_12": 0.84504, "test_accuracy_12": 0.8291, "valtest_accuracy_200": 0.635, "valtest_accuracy_12": 0.4603, "proxy_losses": [2.6534323692321777, 2.0722014904022217, 1.9000693559646606, 1.8022085428237915, 1.728696346282959, 1.6684203147888184, 1.6198644638061523, 1.5771992206573486, 1.5368332862854004, 1.5001437664031982, 1.4675014019012451, 1.4356948137283325, 1.4076511859893799, 1.3762552738189697, 1.3516658544540405, 1.323891043663025, 1.3040952682495117, 1.2806248664855957, 1.2585715055465698, 1.2419005632400513, 1.2208772897720337, 1.2045388221740723, 1.1890151500701904, 1.1687633991241455, 1.1595946550369263, 1.140636682510376, 1.1314212083816528, 1.1271615028381348, 1.1118727922439575, 1.1029951572418213, 1.0942023992538452, 1.0786499977111816, 1.0699915885925293, 1.0554763078689575, 1.0524404048919678, 1.0450468063354492, 1.037259578704834, 1.0349279642105103, 1.0209709405899048, 1.0117485523223877, 1.0052833557128906, 0.9985241293907166, 0.9884432554244995, 0.9871259927749634, 0.9757415056228638, 0.9731552600860596, 0.9684422016143799, 0.9530593752861023, 0.9475605487823486, 0.9398140907287598], "landscape_losses": [2.7858879566192627, 2.2872323989868164, 2.015342950820923, 1.7935374975204468, 1.612831950187683, 1.4314886331558228, 1.2703675031661987, 1.1538974046707153, 1.0561696290969849, 0.981759786605835, 0.9481909871101379], "proxy_train_time": 6.8273832108825445, "proxy_train_epochs": 50, "dirty_bit": 1, "landscape_term": 7.84235180315913, "speed_term": 5.392736155305247, "mote": 6.185205703524031}