{"id": 8974, "adj_matrix": [[0, 1, 1, 1], [0, 0, 1, 1], [0, 0, 0, 1], [0, 0, 0, 0]], "operations": ["zeros", "avg_pool_3x3", "nor_conv_3x3", "zeros", "avg_pool_3x3", "nor_conv_3x3"], "init_channel": 16, "blck_len": 5, "params": 0.559386, "flops": 78.56193, "latency": 0.015499084665064227, "train_per_time": 19.856996218363385, "train_time_200": 3971.399243672677, "train_accuracy_200": 0.93452, "test_accuracy_200": 0.8502333333333333, "train_time_12": 238.2839546203613, "train_accuracy_12": 0.6089800000000001, "test_accuracy_12": 0.6124, "valtest_accuracy_200": 0.5725666666666666, "valtest_accuracy_12": 0.2594, "proxy_losses": [2.143415927886963, 1.8618913888931274, 1.774658441543579, 1.7108234167099, 1.6683013439178467, 1.6277246475219727, 1.5930360555648804, 1.5604045391082764, 1.5262408256530762, 1.4931573867797852, 1.459351897239685, 1.4274929761886597, 1.3973308801651, 1.3691505193710327, 1.3419904708862305, 1.317868709564209, 1.2915964126586914, 1.2731682062149048, 1.2515348196029663, 1.2280820608139038, 1.2132846117019653, 1.1917808055877686, 1.1779885292053223, 1.1629855632781982, 1.1501202583312988, 1.1313472986221313, 1.1121617555618286, 1.1000754833221436, 1.0884594917297363, 1.0805329084396362, 1.0692797899246216, 1.0572253465652466, 1.0510408878326416, 1.0450366735458374, 1.0327918529510498, 1.016709327697754, 1.0100001096725464, 1.0068711042404175, 0.9964271187782288, 0.9843056797981262, 0.9811855554580688, 0.9721903204917908, 0.9688769578933716, 0.9552636742591858, 0.9568946361541748, 0.9498145580291748, 0.9467504024505615, 0.9300342798233032, 0.9225186705589294, 0.9071335792541504], "landscape_losses": [2.233043909072876, 1.979948878288269, 1.8226531744003296, 1.688238263130188, 1.554603934288025, 1.4252262115478516, 1.2878038883209229, 1.175858974456787, 1.0603880882263184, 0.9589065313339233, 0.9098246097564697], "proxy_train_time": 8.114324757829309, "proxy_train_epochs": 50, "dirty_bit": 1, "landscape_term": 8.150736890869618, "speed_term": 6.598481028533607, "mote": 6.614861803087118}