{"id": 9035, "adj_matrix": [[0, 1, 1, 1], [0, 0, 1, 1], [0, 0, 0, 1], [0, 0, 0, 0]], "operations": ["nor_conv_1x1", "nor_conv_3x3", "avg_pool_3x3", "skip_connect", "nor_conv_1x1", "zeros"], "init_channel": 16, "blck_len": 5, "params": 0.372346, "flops": 51.03681, "latency": 0.01767510646267941, "train_per_time": 19.884235223134418, "train_time_200": 3976.8470446268834, "train_accuracy_200": 0.98713, "test_accuracy_200": 0.9068999999999999, "train_time_12": 238.61082267761233, "train_accuracy_12": 0.85642, "test_accuracy_12": 0.8399, "valtest_accuracy_200": 0.66805, "valtest_accuracy_12": 0.4939, "proxy_losses": [3.1274008750915527, 2.621173143386841, 2.340378761291504, 2.167503833770752, 2.0450286865234375, 1.9525498151779175, 1.8848193883895874, 1.8319191932678223, 1.7929463386535645, 1.7600829601287842, 1.7308683395385742, 1.7041066884994507, 1.6796480417251587, 1.6583038568496704, 1.6383882761001587, 1.6178836822509766, 1.5987657308578491, 1.581099271774292, 1.5632277727127075, 1.546335220336914, 1.5321323871612549, 1.5154474973678589, 1.5017492771148682, 1.4872777462005615, 1.4715996980667114, 1.4586267471313477, 1.4439154863357544, 1.4314180612564087, 1.4163832664489746, 1.4068264961242676, 1.3936564922332764, 1.3802794218063354, 1.369722843170166, 1.3595800399780273, 1.348694086074829, 1.334879994392395, 1.3270572423934937, 1.3202641010284424, 1.3094799518585205, 1.3003524541854858, 1.2898815870285034, 1.2790261507034302, 1.2693305015563965, 1.2605581283569336, 1.2526556253433228, 1.2434414625167847, 1.2343156337738037, 1.226871132850647, 1.2206591367721558, 1.2110497951507568], "landscape_losses": [3.2077488899230957, 2.750609874725342, 2.4207499027252197, 2.151233196258545, 1.9036812782287598, 1.7039068937301636, 1.5443687438964844, 1.4154189825057983, 1.3144350051879883, 1.2473156452178955, 1.2098408937454224], "proxy_train_time": 8.001693962141871, "proxy_train_epochs": 50, "dirty_bit": 1, "landscape_term": 6.4085082991927935, "speed_term": 5.100547303812086, "mote": 5.148704326424686}