{"id": 905, "adj_matrix": [[0, 1, 1, 1], [0, 0, 1, 1], [0, 0, 0, 1], [0, 0, 0, 0]], "operations": ["skip_connect", "skip_connect", "avg_pool_3x3", "nor_conv_3x3", "nor_conv_1x1", "avg_pool_3x3"], "init_channel": 16, "blck_len": 5, "params": 0.344346, "flops": 47.10465, "latency": 0.014945474632999355, "train_per_time": 17.438045938809758, "train_time_200": 3487.6091877619515, "train_accuracy_200": 0.9234866666666666, "test_accuracy_200": 0.8697333333333331, "train_time_12": 209.25655126571658, "train_accuracy_12": 0.723, "test_accuracy_12": 0.7054, "valtest_accuracy_200": 0.5676666666666665, "valtest_accuracy_12": 0.3256, "proxy_losses": [3.0588669776916504, 2.102813243865967, 1.858630657196045, 1.7426371574401855, 1.6736420392990112, 1.6227388381958008, 1.5831058025360107, 1.5507620573043823, 1.5234625339508057, 1.4993500709533691, 1.4769527912139893, 1.4546090364456177, 1.4359956979751587, 1.415552020072937, 1.3973369598388672, 1.376235008239746, 1.3575663566589355, 1.3410828113555908, 1.3230050802230835, 1.3053083419799805, 1.2915846109390259, 1.2755675315856934, 1.2603046894073486, 1.2493481636047363, 1.231886863708496, 1.2201247215270996, 1.209018588066101, 1.2031301259994507, 1.1896718740463257, 1.1767456531524658, 1.1664166450500488, 1.149126410484314, 1.1420880556106567, 1.1340643167495728, 1.1247608661651611, 1.1132920980453491, 1.1041327714920044, 1.0981987714767456, 1.0875284671783447, 1.0780091285705566, 1.069724678993225, 1.060758352279663, 1.0536924600601196, 1.0598398447036743, 1.0514252185821533, 1.0401402711868286, 1.031224012374878, 1.0164803266525269, 1.011354684829712, 1.0063968896865845], "landscape_losses": [3.1329503059387207, 2.4299910068511963, 2.0974860191345215, 1.833962082862854, 1.6026625633239746, 1.4438626766204834, 1.2935986518859863, 1.1839063167572021, 1.0966793298721313, 1.034323811531067, 1.0034971237182617], "proxy_train_time": 6.454324938356876, "proxy_train_epochs": 50, "dirty_bit": 1, "landscape_term": 7.562161757683405, "speed_term": 4.889218552344108, "mote": 5.897440858677079}