{"id": 9059, "adj_matrix": [[0, 1, 1, 1], [0, 0, 1, 1], [0, 0, 0, 1], [0, 0, 0, 0]], "operations": ["nor_conv_1x1", "nor_conv_1x1", "zeros", "nor_conv_3x3", "nor_conv_3x3", "nor_conv_1x1"], "init_channel": 16, "blck_len": 5, "params": 0.643386, "flops": 90.35841, "latency": 0.021379331224843076, "train_per_time": 26.484221577644348, "train_time_200": 5296.84431552887, "train_accuracy_200": 0.99895, "test_accuracy_200": 0.9268500000000001, "train_time_12": 317.8106589317322, "train_accuracy_12": 0.8703, "test_accuracy_12": 0.8432, "valtest_accuracy_200": 0.69485, "valtest_accuracy_12": 0.4815, "proxy_losses": [2.245328187942505, 1.8452833890914917, 1.6935627460479736, 1.5956941843032837, 1.5196137428283691, 1.461574673652649, 1.4048693180084229, 1.3597071170806885, 1.3170428276062012, 1.2822439670562744, 1.2514944076538086, 1.2208789587020874, 1.1984636783599854, 1.1707831621170044, 1.1489061117172241, 1.1236572265625, 1.1038676500320435, 1.0843654870986938, 1.0691757202148438, 1.058599829673767, 1.0359481573104858, 1.0163965225219727, 0.9973105192184448, 0.9828246235847473, 0.9652245044708252, 0.9494789838790894, 0.9368981719017029, 0.922415018081665, 0.909689724445343, 0.8991466760635376, 0.8877300024032593, 0.8708938360214233, 0.8595734238624573, 0.8459307551383972, 0.845622181892395, 0.8331778049468994, 0.8163923025131226, 0.8103539347648621, 0.8012722730636597, 0.7956025004386902, 0.7875162959098816, 0.7789838910102844, 0.7651406526565552, 0.7525244355201721, 0.7468692660331726, 0.7415931820869446, 0.7337502837181091, 0.7242814898490906, 0.7219728827476501, 0.7089564204216003], "landscape_losses": [2.338475227355957, 1.9762791395187378, 1.7385308742523193, 1.5448893308639526, 1.3701109886169434, 1.2141859531402588, 1.0898407697677612, 0.979426383972168, 0.855091392993927, 0.7552465200424194, 0.7038845419883728], "proxy_train_time": 10.700413459911942, "proxy_train_epochs": 50, "dirty_bit": 1, "landscape_term": 9.562384451221218, "speed_term": 10.171769683525033, "mote": 8.131847477457669}