{"id": 9074, "adj_matrix": [[0, 1, 1, 1], [0, 0, 1, 1], [0, 0, 0, 1], [0, 0, 0, 0]], "operations": ["skip_connect", "zeros", "zeros", "nor_conv_3x3", "nor_conv_3x3", "zeros"], "init_channel": 16, "blck_len": 5, "params": 0.559386, "flops": 78.56193, "latency": 0.015883306139393857, "train_per_time": 15.616344253222117, "train_time_200": 3123.2688506444233, "train_accuracy_200": 0.99774, "test_accuracy_200": 0.9198000000000001, "train_time_12": 187.39613103866574, "train_accuracy_12": 0.8708, "test_accuracy_12": 0.8517, "valtest_accuracy_200": 0.672, "valtest_accuracy_12": 0.49340000000000006, "proxy_losses": [2.171520233154297, 1.8023675680160522, 1.671942949295044, 1.5897407531738281, 1.531357765197754, 1.4847148656845093, 1.4447197914123535, 1.4093401432037354, 1.3728693723678589, 1.3409106731414795, 1.3110675811767578, 1.2825567722320557, 1.2555142641067505, 1.2298848628997803, 1.2076464891433716, 1.1879199743270874, 1.1587272882461548, 1.1364840269088745, 1.1260879039764404, 1.1037975549697876, 1.0862129926681519, 1.0642060041427612, 1.046288013458252, 1.0285593271255493, 1.0114892721176147, 0.998982310295105, 0.9786952137947083, 0.9656520485877991, 0.9586683511734009, 0.9421370029449463, 0.92702716588974, 0.9154632091522217, 0.9019769430160522, 0.8994876742362976, 0.8898122310638428, 0.8818709850311279, 0.8741284012794495, 0.8652381896972656, 0.8526681661605835, 0.8499578237533569, 0.8385211229324341, 0.8384661078453064, 0.8256673812866211, 0.8175609111785889, 0.8129104375839233, 0.7972090840339661, 0.7922331094741821, 0.7891501784324646, 0.7803025841712952, 0.7809240818023682], "landscape_losses": [2.2708280086517334, 1.9317357540130615, 1.7317146062850952, 1.5495543479919434, 1.4065093994140625, 1.2629345655441284, 1.1382049322128296, 1.0221092700958252, 0.9048401117324829, 0.8196550607681274, 0.7767866253852844], "proxy_train_time": 7.3807353656739, "proxy_train_epochs": 50, "dirty_bit": 1, "landscape_term": 9.15312620245046, "speed_term": 6.730484769441135, "mote": 7.3047318028147}