{"id": 9110, "adj_matrix": [[0, 1, 1, 1], [0, 0, 1, 1], [0, 0, 0, 1], [0, 0, 0, 0]], "operations": ["nor_conv_1x1", "skip_connect", "nor_conv_1x1", "avg_pool_3x3", "avg_pool_3x3", "zeros"], "init_channel": 16, "blck_len": 5, "params": 0.129306, "flops": 15.64737, "latency": 0.014891762482492547, "train_per_time": 16.496571620305417, "train_time_200": 3299.3143240610834, "train_accuracy_200": 0.9727899999999999, "test_accuracy_200": 0.8692, "train_time_12": 197.95885944366458, "train_accuracy_12": 0.76884, "test_accuracy_12": 0.7536, "valtest_accuracy_200": 0.5905, "valtest_accuracy_12": 0.38299999999999995, "proxy_losses": [2.3686764240264893, 2.130476951599121, 2.000581979751587, 1.913658618927002, 1.854501724243164, 1.8122203350067139, 1.7765699625015259, 1.7474249601364136, 1.722652554512024, 1.6999499797821045, 1.6809767484664917, 1.6617984771728516, 1.6424849033355713, 1.6266525983810425, 1.612106442451477, 1.5958088636398315, 1.581025242805481, 1.5679752826690674, 1.5534517765045166, 1.5418256521224976, 1.5282353162765503, 1.5165784358978271, 1.5059319734573364, 1.495395541191101, 1.4822417497634888, 1.4695662260055542, 1.459176778793335, 1.4504337310791016, 1.4409828186035156, 1.4284714460372925, 1.4190887212753296, 1.413021445274353, 1.400876760482788, 1.3905788660049438, 1.3812888860702515, 1.3745986223220825, 1.3672462701797485, 1.3560352325439453, 1.3450217247009277, 1.3374353647232056, 1.3292819261550903, 1.320600986480713, 1.3128129243850708, 1.304840326309204, 1.3004618883132935, 1.296552300453186, 1.2844479084014893, 1.275301456451416, 1.26570463180542, 1.2591638565063477], "landscape_losses": [2.4167466163635254, 2.1926534175872803, 2.038362503051758, 1.901989459991455, 1.773187279701233, 1.6589423418045044, 1.546148657798767, 1.4468371868133545, 1.3676668405532837, 1.2986418008804321, 1.2573845386505127], "proxy_train_time": 6.864968026056886, "proxy_train_epochs": 50, "dirty_bit": 1, "landscape_term": 6.687393172353899, "speed_term": 4.480921305233019, "mote": 5.217055257185212}