{"id": 9256, "adj_matrix": [[0, 1, 1, 1], [0, 0, 1, 1], [0, 0, 0, 1], [0, 0, 0, 0]], "operations": ["nor_conv_1x1", "avg_pool_3x3", "zeros", "nor_conv_1x1", "skip_connect", "zeros"], "init_channel": 16, "blck_len": 5, "params": 0.129306, "flops": 15.64737, "latency": 0.016291925781651548, "train_per_time": 15.642762382825248, "train_time_200": 3128.55247656505, "train_accuracy_200": 0.95164, "test_accuracy_200": 0.8916, "train_time_12": 187.71314859390262, "train_accuracy_12": 0.81624, "test_accuracy_12": 0.7986, "valtest_accuracy_200": 0.6297, "valtest_accuracy_12": 0.4004, "proxy_losses": [2.8293159008026123, 2.4382030963897705, 2.2344300746917725, 2.1160829067230225, 2.036527633666992, 1.9744212627410889, 1.9169007539749146, 1.8682167530059814, 1.8284250497817993, 1.793436884880066, 1.764302134513855, 1.7371439933776855, 1.7140412330627441, 1.6909672021865845, 1.668358564376831, 1.6465657949447632, 1.628544807434082, 1.6088663339614868, 1.5897009372711182, 1.5730626583099365, 1.5560096502304077, 1.540403962135315, 1.5268959999084473, 1.512662410736084, 1.499467134475708, 1.4878462553024292, 1.4743239879608154, 1.46193528175354, 1.4506943225860596, 1.4387568235397339, 1.4299653768539429, 1.4184315204620361, 1.410709261894226, 1.3999403715133667, 1.3900847434997559, 1.3781968355178833, 1.3706035614013672, 1.36160147190094, 1.3512283563613892, 1.3396714925765991, 1.332410454750061, 1.323581337928772, 1.3154921531677246, 1.308827519416809, 1.2989023923873901, 1.288979411125183, 1.2812869548797607, 1.2729382514953613, 1.2676513195037842, 1.2547800540924072], "landscape_losses": [2.8880934715270996, 2.529158115386963, 2.276827096939087, 2.0740766525268555, 1.8832132816314697, 1.7248259782791138, 1.5886836051940918, 1.4635357856750488, 1.3610568046569824, 1.2908811569213867, 1.252244472503662], "proxy_train_time": 7.091613346710801, "proxy_train_epochs": 50, "dirty_bit": 1, "landscape_term": 6.394446238095073, "speed_term": 4.465650655002423, "mote": 5.011356134845333}