{"id": 9261, "adj_matrix": [[0, 1, 1, 1], [0, 0, 1, 1], [0, 0, 0, 1], [0, 0, 0, 0]], "operations": ["nor_conv_1x1", "skip_connect", "zeros", "zeros", "skip_connect", "skip_connect"], "init_channel": 16, "blck_len": 5, "params": 0.101306, "flops": 11.71521, "latency": 0.012659637551558644, "train_per_time": 9.610852003097534, "train_time_200": 1922.1704006195068, "train_accuracy_200": 0.96636, "test_accuracy_200": 0.8955, "train_time_12": 115.33022403717041, "train_accuracy_12": 0.84556, "test_accuracy_12": 0.8237000000000001, "valtest_accuracy_200": 0.6365999999999999, "valtest_accuracy_12": 0.4792, "proxy_losses": [2.8190274238586426, 2.400313377380371, 2.17262601852417, 2.044311046600342, 1.9538213014602661, 1.8946174383163452, 1.8502488136291504, 1.8130301237106323, 1.7807819843292236, 1.7542338371276855, 1.7309876680374146, 1.7105590105056763, 1.691558837890625, 1.6766990423202515, 1.662811279296875, 1.6489444971084595, 1.636852741241455, 1.6256192922592163, 1.6152797937393188, 1.6034057140350342, 1.5919911861419678, 1.580691933631897, 1.5684573650360107, 1.5588449239730835, 1.548445463180542, 1.5370317697525024, 1.5267282724380493, 1.5169193744659424, 1.5058740377426147, 1.4965342283248901, 1.4866249561309814, 1.4786893129348755, 1.4718420505523682, 1.4608601331710815, 1.4543744325637817, 1.4446296691894531, 1.4389591217041016, 1.4305102825164795, 1.421709418296814, 1.414254903793335, 1.40968656539917, 1.4035277366638184, 1.3959038257598877, 1.392164945602417, 1.3859211206436157, 1.3764383792877197, 1.3758618831634521, 1.3710306882858276, 1.3626620769500732, 1.3559542894363403], "landscape_losses": [2.8786885738372803, 2.530216932296753, 2.273239850997925, 2.060347318649292, 1.8859045505523682, 1.7426587343215942, 1.6168757677078247, 1.5144908428192139, 1.4292837381362915, 1.3748887777328491, 1.3490263223648071], "proxy_train_time": 5.204602214507759, "proxy_train_epochs": 50, "dirty_bit": 1, "landscape_term": 6.218967332944818, "speed_term": 3.2187235709137756, "mote": 4.616343701397824}