{"id": 9293, "adj_matrix": [[0, 1, 1, 1], [0, 0, 1, 1], [0, 0, 0, 1], [0, 0, 0, 0]], "operations": ["nor_conv_3x3", "skip_connect", "avg_pool_3x3", "zeros", "zeros", "avg_pool_3x3"], "init_channel": 16, "blck_len": 5, "params": 0.316346, "flops": 43.17249, "latency": 0.012891574909812525, "train_per_time": 14.260153253873211, "train_time_200": 2852.0306507746423, "train_accuracy_200": 0.9773000000000001, "test_accuracy_200": 0.87485, "train_time_12": 171.1218390464783, "train_accuracy_12": 0.7482, "test_accuracy_12": 0.7336, "valtest_accuracy_200": 0.61285, "valtest_accuracy_12": 0.36560000000000004, "proxy_losses": [2.5210061073303223, 2.0005102157592773, 1.85758376121521, 1.7707252502441406, 1.704694390296936, 1.6489546298980713, 1.5980432033538818, 1.5584311485290527, 1.517930507659912, 1.4831390380859375, 1.4507989883422852, 1.4228923320770264, 1.395514726638794, 1.3726723194122314, 1.3521225452423096, 1.3354142904281616, 1.3177658319473267, 1.2980189323425293, 1.278982162475586, 1.2636574506759644, 1.246811032295227, 1.2256680727005005, 1.2177985906600952, 1.2031550407409668, 1.1857300996780396, 1.1755441427230835, 1.15461266040802, 1.139448642730713, 1.1250754594802856, 1.1167041063308716, 1.1132646799087524, 1.1088553667068481, 1.0837340354919434, 1.0728062391281128, 1.0712101459503174, 1.052570104598999, 1.0427366495132446, 1.037527084350586, 1.030397891998291, 1.0203962326049805, 1.0121597051620483, 1.00101637840271, 0.987326443195343, 0.9860764741897583, 0.9846677780151367, 0.974205493927002, 0.9648985266685486, 0.9502446055412292, 0.9467549920082092, 0.9390921592712402], "landscape_losses": [2.6425037384033203, 2.2194480895996094, 1.977278470993042, 1.7789539098739624, 1.6068402528762817, 1.4629210233688354, 1.320831537246704, 1.2080262899398804, 1.0976595878601074, 1.0123176574707031, 0.9494022727012634], "proxy_train_time": 6.533899482339621, "proxy_train_epochs": 50, "dirty_bit": 1, "landscape_term": 7.739819666730657, "speed_term": 5.159481127285059, "mote": 6.070894497820364}