{"id": 9372, "adj_matrix": [[0, 1, 1, 1], [0, 0, 1, 1], [0, 0, 0, 1], [0, 0, 0, 0]], "operations": ["nor_conv_3x3", "nor_conv_3x3", "zeros", "nor_conv_1x1", "avg_pool_3x3", "nor_conv_1x1"], "init_channel": 16, "blck_len": 5, "params": 0.615386, "flops": 86.42625, "latency": 0.02039551107507003, "train_per_time": 24.540043075879417, "train_time_200": 4908.008615175883, "train_accuracy_200": 0.99874, "test_accuracy_200": 0.93375, "train_time_12": 294.480516910553, "train_accuracy_12": 0.8486400000000001, "test_accuracy_12": 0.8291, "valtest_accuracy_200": 0.7019999999999998, "valtest_accuracy_12": 0.4797, "proxy_losses": [2.1007986068725586, 1.7619699239730835, 1.6329494714736938, 1.54430091381073, 1.4776924848556519, 1.4225064516067505, 1.375733733177185, 1.331752061843872, 1.2942707538604736, 1.257610559463501, 1.2286783456802368, 1.2022755146026611, 1.1786105632781982, 1.1541413068771362, 1.1332734823226929, 1.1089965105056763, 1.0835570096969604, 1.0665314197540283, 1.041515588760376, 1.0287095308303833, 1.0076446533203125, 0.9910439252853394, 0.9728509783744812, 0.9561957120895386, 0.9451923966407776, 0.9291715621948242, 0.911596953868866, 0.9045966863632202, 0.8909657001495361, 0.8798679709434509, 0.8567754030227661, 0.8462183475494385, 0.835946261882782, 0.835235059261322, 0.8251314163208008, 0.8226223587989807, 0.8135536909103394, 0.7899960875511169, 0.7785012722015381, 0.7626192569732666, 0.7566973567008972, 0.7533868551254272, 0.7360067963600159, 0.7269837856292725, 0.7194117307662964, 0.7171643376350403, 0.7094746828079224, 0.6970179677009583, 0.6917597651481628, 0.6821629405021667], "landscape_losses": [2.1976726055145264, 1.872166395187378, 1.6774176359176636, 1.4884551763534546, 1.3286129236221313, 1.1699663400650024, 1.0271586179733276, 0.9094285368919373, 0.7964887619018555, 0.7240873575210571, 0.6979565620422363], "proxy_train_time": 9.594285169616342, "proxy_train_epochs": 50, "dirty_bit": 1, "landscape_term": 10.007013789630168, "speed_term": 9.374606977198182, "mote": 8.300601689073291}