{"id": 9388, "adj_matrix": [[0, 1, 1, 1], [0, 0, 1, 1], [0, 0, 0, 1], [0, 0, 0, 0]], "operations": ["nor_conv_3x3", "nor_conv_3x3", "zeros", "avg_pool_3x3", "avg_pool_3x3", "skip_connect"], "init_channel": 16, "blck_len": 5, "params": 0.559386, "flops": 78.56193, "latency": 0.014809597479669671, "train_per_time": 18.72786351044978, "train_time_200": 3745.572702089956, "train_accuracy_200": 0.9958199999999999, "test_accuracy_200": 0.9117000000000001, "train_time_12": 224.73436212539676, "train_accuracy_12": 0.81188, "test_accuracy_12": 0.7951, "valtest_accuracy_200": 0.6511, "valtest_accuracy_12": 0.4174, "proxy_losses": [2.3183083534240723, 1.8577443361282349, 1.719582438468933, 1.6399388313293457, 1.5801647901535034, 1.5294814109802246, 1.4866245985031128, 1.443265676498413, 1.4108457565307617, 1.3745120763778687, 1.3358272314071655, 1.3035447597503662, 1.2760568857192993, 1.2542786598205566, 1.2231450080871582, 1.1958669424057007, 1.1742990016937256, 1.1535065174102783, 1.1350635290145874, 1.1131834983825684, 1.1021219491958618, 1.0793367624282837, 1.074376106262207, 1.0627249479293823, 1.0455385446548462, 1.0354254245758057, 1.0152045488357544, 1.001645565032959, 0.9860941171646118, 0.9793933629989624, 0.9640218615531921, 0.9651250839233398, 0.9602056741714478, 0.9398881793022156, 0.9233638644218445, 0.9176620841026306, 0.9109853506088257, 0.9058469533920288, 0.9164113402366638, 0.9000161290168762, 0.8925765752792358, 0.8839232325553894, 0.8707775473594666, 0.8658550977706909, 0.8462680578231812, 0.8461592793464661, 0.8427277207374573, 0.8341480493545532, 0.8325580358505249, 0.8231152296066284], "landscape_losses": [2.4138145446777344, 2.032111883163452, 1.8250808715820312, 1.6605867147445679, 1.503653645515442, 1.358022928237915, 1.224699854850769, 1.0900861024856567, 0.9673998951911926, 0.8685977458953857, 0.8344224691390991], "proxy_train_time": 7.438306364230812, "proxy_train_epochs": 50, "dirty_bit": 1, "landscape_term": 8.57520861138638, "speed_term": 6.553719748132778, "mote": 6.890469096575313}