{"id": 9408, "adj_matrix": [[0, 1, 1, 1], [0, 0, 1, 1], [0, 0, 0, 1], [0, 0, 0, 0]], "operations": ["zeros", "nor_conv_3x3", "avg_pool_3x3", "nor_conv_3x3", "nor_conv_3x3", "zeros"], "init_channel": 16, "blck_len": 5, "params": 0.802426, "flops": 113.95137, "latency": 0.017322919870677744, "train_per_time": 22.32438262303673, "train_time_200": 4464.876524607346, "train_accuracy_200": 0.99775, "test_accuracy_200": 0.9222499999999999, "train_time_12": 267.8925914764405, "train_accuracy_12": 0.86516, "test_accuracy_12": 0.8423, "valtest_accuracy_200": 0.67065, "valtest_accuracy_12": 0.4531, "proxy_losses": [2.2160704135894775, 1.9349349737167358, 1.8171707391738892, 1.7498338222503662, 1.6978769302368164, 1.652649998664856, 1.6129250526428223, 1.5768119096755981, 1.5441524982452393, 1.5143916606903076, 1.4856904745101929, 1.4579951763153076, 1.4321632385253906, 1.4025945663452148, 1.3769811391830444, 1.353489637374878, 1.3309168815612793, 1.3037461042404175, 1.27998948097229, 1.2625699043273926, 1.2348395586013794, 1.210204005241394, 1.1904079914093018, 1.172120451927185, 1.152077555656433, 1.1321914196014404, 1.1149324178695679, 1.0956273078918457, 1.0738580226898193, 1.0568606853485107, 1.045727014541626, 1.0257978439331055, 1.0127650499343872, 0.9948869347572327, 0.9844701886177063, 0.9714005589485168, 0.9593123197555542, 0.9462050795555115, 0.9337230324745178, 0.922290027141571, 0.9107964038848877, 0.9034015536308289, 0.9000250101089478, 0.8959367275238037, 0.8793798089027405, 0.8673899173736572, 0.8624768257141113, 0.8541024327278137, 0.85125333070755, 0.8458294868469238], "landscape_losses": [2.3037915229797363, 2.0466153621673584, 1.8626608848571777, 1.7025097608566284, 1.5360835790634155, 1.3979910612106323, 1.25120210647583, 1.1279572248458862, 0.9920487403869629, 0.9013904333114624, 0.8471430540084839], "proxy_train_time": 9.679538168944418, "proxy_train_epochs": 50, "dirty_bit": 1, "landscape_term": 8.396871742516815, "speed_term": 7.933625823143277, "mote": 7.0082383777548625}