{"id": 9419, "adj_matrix": [[0, 1, 1, 1], [0, 0, 1, 1], [0, 0, 0, 1], [0, 0, 0, 0]], "operations": ["zeros", "avg_pool_3x3", "zeros", "avg_pool_3x3", "skip_connect", "avg_pool_3x3"], "init_channel": 16, "blck_len": 5, "params": 0.073306, "flops": 7.78305, "latency": 0.00933468969244706, "train_per_time": 11.329148689905814, "train_time_200": 2265.829737981163, "train_accuracy_200": 0.71607, "test_accuracy_200": 0.6884999999999999, "train_time_12": 135.94978427886966, "train_accuracy_12": 0.5201, "test_accuracy_12": 0.5132, "valtest_accuracy_200": 0.40785, "valtest_accuracy_12": 0.2205, "proxy_losses": [3.5351946353912354, 2.9518795013427734, 2.5484135150909424, 2.312854290008545, 2.1631877422332764, 2.0606186389923096, 1.9736731052398682, 1.9068092107772827, 1.8677326440811157, 1.8405519723892212, 1.8199995756149292, 1.8026854991912842, 1.7890443801879883, 1.777281641960144, 1.7678347826004028, 1.7590410709381104, 1.7524892091751099, 1.744006872177124, 1.7352386713027954, 1.7283517122268677, 1.7216546535491943, 1.7148358821868896, 1.7065995931625366, 1.6999878883361816, 1.6936609745025635, 1.6875941753387451, 1.6816803216934204, 1.6757383346557617, 1.6709320545196533, 1.6665418148040771, 1.6611168384552002, 1.6568355560302734, 1.651948094367981, 1.6475636959075928, 1.642473816871643, 1.6396762132644653, 1.6366482973098755, 1.6317591667175293, 1.6268423795700073, 1.623083472251892, 1.6184192895889282, 1.6161413192749023, 1.611335039138794, 1.6093183755874634, 1.6048873662948608, 1.602662205696106, 1.5987154245376587, 1.5978190898895264, 1.594430923461914, 1.5894123315811157], "landscape_losses": [3.623915910720825, 3.097625494003296, 2.745894432067871, 2.4566547870635986, 2.2170445919036865, 2.0157599449157715, 1.8545011281967163, 1.7381221055984497, 1.659912347793579, 1.607492446899414, 1.5897722244262695], "proxy_train_time": 5.0657915426418185, "proxy_train_epochs": 50, "dirty_bit": 1, "landscape_term": 5.285263338901094, "speed_term": 2.807552971949491, "mote": 3.8602931520905317}