{"id": 9510, "adj_matrix": [[0, 1, 1, 1], [0, 0, 1, 1], [0, 0, 0, 1], [0, 0, 0, 0]], "operations": ["zeros", "nor_conv_3x3", "skip_connect", "skip_connect", "nor_conv_1x1", "zeros"], "init_channel": 16, "blck_len": 5, "params": 0.344346, "flops": 47.10465, "latency": 0.014276281783455295, "train_per_time": 14.209694703420023, "train_time_200": 2841.9389406840046, "train_accuracy_200": 0.90075, "test_accuracy_200": 0.8686, "train_time_12": 170.51633644104004, "train_accuracy_12": 0.80372, "test_accuracy_12": 0.7878000000000001, "valtest_accuracy_200": 0.5801000000000001, "valtest_accuracy_12": 0.45520000000000005, "proxy_losses": [2.543107509613037, 2.4244375228881836, 2.3315744400024414, 2.2596211433410645, 2.201340436935425, 2.1544065475463867, 2.1122777462005615, 2.0810816287994385, 2.0555026531219482, 2.0321075916290283, 2.0096147060394287, 1.990042805671692, 1.9714984893798828, 1.9556527137756348, 1.9414677619934082, 1.928000569343567, 1.9159150123596191, 1.9028301239013672, 1.8909807205200195, 1.8786017894744873, 1.8679765462875366, 1.8575021028518677, 1.8474249839782715, 1.8373656272888184, 1.8279751539230347, 1.8196500539779663, 1.8120325803756714, 1.803985595703125, 1.7982769012451172, 1.7904330492019653, 1.7851097583770752, 1.778904914855957, 1.772459626197815, 1.767151951789856, 1.7622382640838623, 1.7581781148910522, 1.7522478103637695, 1.7477613687515259, 1.7431671619415283, 1.7391473054885864, 1.7346707582473755, 1.7299970388412476, 1.7267136573791504, 1.7225679159164429, 1.7192612886428833, 1.7150009870529175, 1.7111148834228516, 1.7082008123397827, 1.70573890209198, 1.7015734910964966], "landscape_losses": [2.5661399364471436, 2.4351131916046143, 2.3129305839538574, 2.1857926845550537, 2.0538010597229004, 1.9438586235046387, 1.8596222400665283, 1.7943695783615112, 1.7482956647872925, 1.718321442604065, 1.7006089687347412], "proxy_train_time": 7.201732084155083, "proxy_train_epochs": 50, "dirty_bit": 1, "landscape_term": 5.528559520855195, "speed_term": 3.8054512685135222, "mote": 4.2644479507221895}