{"id": 9545, "adj_matrix": [[0, 1, 1, 1], [0, 0, 1, 1], [0, 0, 0, 1], [0, 0, 0, 0]], "operations": ["nor_conv_1x1", "skip_connect", "zeros", "zeros", "zeros", "skip_connect"], "init_channel": 16, "blck_len": 5, "params": 0.101306, "flops": 11.71521, "latency": 0.012749835064536646, "train_per_time": 9.964394728342722, "train_time_200": 1992.8789456685442, "train_accuracy_200": 0.9011699999999999, "test_accuracy_200": 0.86565, "train_time_12": 119.57273674011232, "train_accuracy_12": 0.80452, "test_accuracy_12": 0.7938, "valtest_accuracy_200": 0.58235, "valtest_accuracy_12": 0.4493, "proxy_losses": [2.4107398986816406, 2.2794508934020996, 2.18768310546875, 2.123708963394165, 2.0735344886779785, 2.033468723297119, 1.999602198600769, 1.9705718755722046, 1.9474354982376099, 1.928529143333435, 1.911192536354065, 1.897465467453003, 1.883769154548645, 1.8715453147888184, 1.8594810962677002, 1.8491507768630981, 1.839495301246643, 1.830243706703186, 1.8207539319992065, 1.8128374814987183, 1.8043628931045532, 1.7971818447113037, 1.7893431186676025, 1.7815550565719604, 1.77481210231781, 1.7680957317352295, 1.7627675533294678, 1.757401943206787, 1.7518824338912964, 1.746130108833313, 1.7420780658721924, 1.7363495826721191, 1.7326195240020752, 1.7289048433303833, 1.7240484952926636, 1.7199681997299194, 1.716560959815979, 1.712062120437622, 1.7083914279937744, 1.7038500308990479, 1.7014362812042236, 1.6974214315414429, 1.6952316761016846, 1.6902029514312744, 1.6863601207733154, 1.6832937002182007, 1.679612636566162, 1.6776306629180908, 1.6739444732666016, 1.6700387001037598], "landscape_losses": [2.4336907863616943, 2.281444787979126, 2.1480374336242676, 2.0306143760681152, 1.9304327964782715, 1.853525161743164, 1.7894972562789917, 1.7441062927246094, 1.709045648574829, 1.6843199729919434, 1.668541431427002], "proxy_train_time": 5.5576396360993385, "proxy_train_epochs": 50, "dirty_bit": 1, "landscape_term": 5.7750862241996295, "speed_term": 3.0421415612474663, "mote": 4.2639412723369094}