{"id": 9594, "adj_matrix": [[0, 1, 1, 1], [0, 0, 1, 1], [0, 0, 0, 1], [0, 0, 0, 0]], "operations": ["nor_conv_3x3", "nor_conv_1x1", "skip_connect", "skip_connect", "avg_pool_3x3", "zeros"], "init_channel": 16, "blck_len": 5, "params": 0.344346, "flops": 47.10465, "latency": 0.014650451509576095, "train_per_time": 15.746850848197935, "train_time_200": 3149.370169639587, "train_accuracy_200": 0.99232, "test_accuracy_200": 0.9127500000000001, "train_time_12": 188.96221017837522, "train_accuracy_12": 0.87316, "test_accuracy_12": 0.8478, "valtest_accuracy_200": 0.6513499999999999, "valtest_accuracy_12": 0.5133, "proxy_losses": [2.2523422241210938, 1.9449248313903809, 1.8104737997055054, 1.7294892072677612, 1.6731748580932617, 1.628587007522583, 1.5918959379196167, 1.557228922843933, 1.528152585029602, 1.4966068267822266, 1.4700744152069092, 1.439948320388794, 1.4136383533477783, 1.3876228332519531, 1.3587992191314697, 1.3372197151184082, 1.3110073804855347, 1.2918050289154053, 1.2711515426635742, 1.249563217163086, 1.22859787940979, 1.2147358655929565, 1.192762851715088, 1.176391839981079, 1.1626739501953125, 1.1559110879898071, 1.1428724527359009, 1.125022053718567, 1.1171348094940186, 1.1051194667816162, 1.0869150161743164, 1.0762001276016235, 1.0704232454299927, 1.0544524192810059, 1.0428950786590576, 1.0457934141159058, 1.0400654077529907, 1.035361886024475, 1.0236808061599731, 1.008832573890686, 1.0015947818756104, 0.9897230267524719, 0.9817177653312683, 0.9771027565002441, 0.9733923077583313, 0.9717525243759155, 0.9603337645530701, 0.9626569151878357, 0.9444934725761414, 0.9373329877853394], "landscape_losses": [2.3389508724212646, 2.084505558013916, 1.8947206735610962, 1.7167577743530273, 1.552741527557373, 1.3951982259750366, 1.2652751207351685, 1.1467036008834839, 1.0557383298873901, 0.9781966805458069, 0.9440694451332092], "proxy_train_time": 6.857437937520444, "proxy_train_epochs": 50, "dirty_bit": 1, "landscape_term": 8.069458743696234, "speed_term": 5.481595878851638, "mote": 6.354982035904342}