{"id": 9599, "adj_matrix": [[0, 1, 1, 1], [0, 0, 1, 1], [0, 0, 0, 1], [0, 0, 0, 0]], "operations": ["nor_conv_1x1", "avg_pool_3x3", "skip_connect", "skip_connect", "avg_pool_3x3", "nor_conv_3x3"], "init_channel": 16, "blck_len": 5, "params": 0.344346, "flops": 47.10465, "latency": 0.01395778593264128, "train_per_time": 17.596321384111995, "train_time_200": 3519.264276822399, "train_accuracy_200": 0.99737, "test_accuracy_200": 0.9184, "train_time_12": 211.15585660934445, "train_accuracy_12": 0.8703, "test_accuracy_12": 0.8486, "valtest_accuracy_200": 0.6735500000000001, "valtest_accuracy_12": 0.5059, "proxy_losses": [2.8905153274536133, 2.2339608669281006, 1.9738210439682007, 1.8240119218826294, 1.7227894067764282, 1.6478512287139893, 1.5949934720993042, 1.5514283180236816, 1.512147068977356, 1.4777272939682007, 1.4484410285949707, 1.4196758270263672, 1.3887585401535034, 1.3641550540924072, 1.3379765748977661, 1.3130617141723633, 1.292569875717163, 1.2738606929779053, 1.253129005432129, 1.2370970249176025, 1.2208670377731323, 1.1973494291305542, 1.1938717365264893, 1.1739197969436646, 1.1563750505447388, 1.1405571699142456, 1.1203356981277466, 1.104124665260315, 1.0889357328414917, 1.0767923593521118, 1.0758558511734009, 1.0584163665771484, 1.0444142818450928, 1.0266621112823486, 1.023667335510254, 1.01459801197052, 1.0044233798980713, 1.0011632442474365, 0.9871512651443481, 0.9798223376274109, 0.9660187363624573, 0.9498835206031799, 0.9433514475822449, 0.932614266872406, 0.9216593503952026, 0.912860631942749, 0.9071892499923706, 0.896428108215332, 0.898066520690918, 0.8803733587265015], "landscape_losses": [3.0180723667144775, 2.462916374206543, 2.127533197402954, 1.8734592199325562, 1.6607757806777954, 1.4574711322784424, 1.2887146472930908, 1.1295925378799438, 1.015062689781189, 0.9225882887840271, 0.8870211839675903], "proxy_train_time": 6.562051091343164, "proxy_train_epochs": 50, "dirty_bit": 1, "landscape_term": 7.887086753306945, "speed_term": 5.236593850076392, "mote": 6.185220730925722}