{"id": 9603, "adj_matrix": [[0, 1, 1, 1], [0, 0, 1, 1], [0, 0, 0, 1], [0, 0, 0, 0]], "operations": ["zeros", "nor_conv_3x3", "zeros", "zeros", "nor_conv_1x1", "nor_conv_1x1"], "init_channel": 16, "blck_len": 5, "params": 0.372346, "flops": 51.03681, "latency": 0.018274523709949697, "train_per_time": 18.4362395604452, "train_time_200": 3687.24791208904, "train_accuracy_200": 0.99067, "test_accuracy_200": 0.9092, "train_time_12": 221.23487472534183, "train_accuracy_12": 0.80972, "test_accuracy_12": 0.7990999999999999, "valtest_accuracy_200": 0.64685, "valtest_accuracy_12": 0.35600000000000004, "proxy_losses": [2.25889253616333, 2.0437092781066895, 1.9199292659759521, 1.8360203504562378, 1.7664852142333984, 1.7072950601577759, 1.654302716255188, 1.606044054031372, 1.559872031211853, 1.517514705657959, 1.4754835367202759, 1.4360171556472778, 1.3987575769424438, 1.3633862733840942, 1.3315308094024658, 1.296924114227295, 1.2698545455932617, 1.2382051944732666, 1.2115784883499146, 1.1819738149642944, 1.1562082767486572, 1.1318652629852295, 1.111961841583252, 1.0887190103530884, 1.0708867311477661, 1.057335615158081, 1.0341652631759644, 1.0141276121139526, 0.9955883622169495, 0.9893700480461121, 0.9725158214569092, 0.9535086154937744, 0.9415534138679504, 0.9234574437141418, 0.9098454117774963, 0.8970667123794556, 0.8919916152954102, 0.875987708568573, 0.8630242347717285, 0.8540530204772949, 0.8419263958930969, 0.83809494972229, 0.8305240273475647, 0.8159083127975464, 0.7997589707374573, 0.7925296425819397, 0.7889118790626526, 0.7772196531295776, 0.7662724852561951, 0.7595368027687073], "landscape_losses": [2.3353431224823, 2.139612913131714, 1.946611762046814, 1.7580894231796265, 1.5781855583190918, 1.4043117761611938, 1.2315919399261475, 1.076337456703186, 0.949552059173584, 0.8379421830177307, 0.7549658417701721], "proxy_train_time": 8.750678153708577, "proxy_train_epochs": 50, "dirty_bit": 1, "landscape_term": 8.635945936834233, "speed_term": 7.438814646240237, "mote": 7.08464525809429}