{"id": 967, "adj_matrix": [[0, 1, 1, 1], [0, 0, 1, 1], [0, 0, 0, 1], [0, 0, 0, 0]], "operations": ["zeros", "nor_conv_3x3", "avg_pool_3x3", "zeros", "nor_conv_1x1", "avg_pool_3x3"], "init_channel": 16, "blck_len": 5, "params": 0.344346, "flops": 47.10465, "latency": 0.016385965179978756, "train_per_time": 18.8378484249115, "train_time_200": 3767.5696849823, "train_accuracy_200": 0.9695933333333335, "test_accuracy_200": 0.8848333333333334, "train_time_12": 226.054181098938, "train_accuracy_12": 0.71372, "test_accuracy_12": 0.7059000000000001, "valtest_accuracy_200": 0.6080666666666668, "valtest_accuracy_12": 0.27649999999999997, "proxy_losses": [2.1585421562194824, 1.9445571899414062, 1.8404241800308228, 1.7627763748168945, 1.7070677280426025, 1.6575297117233276, 1.6128461360931396, 1.5708004236221313, 1.5307015180587769, 1.4946831464767456, 1.4590420722961426, 1.429329514503479, 1.4009652137756348, 1.369262933731079, 1.3450061082839966, 1.319105863571167, 1.3012328147888184, 1.2793164253234863, 1.2567546367645264, 1.2381117343902588, 1.2206412553787231, 1.202070713043213, 1.190047025680542, 1.1696921586990356, 1.161824107170105, 1.1439599990844727, 1.1297285556793213, 1.1121646165847778, 1.097442626953125, 1.0834511518478394, 1.0739643573760986, 1.0659525394439697, 1.0483386516571045, 1.0356391668319702, 1.0196888446807861, 1.0076767206192017, 1.0036379098892212, 0.9896466732025146, 0.9821158051490784, 0.9724711775779724, 0.9671671986579895, 0.9455370903015137, 0.933806836605072, 0.9200274348258972, 0.9231461882591248, 0.9189333915710449, 0.8988613486289978, 0.8929839730262756, 0.8778541088104248, 0.8763553500175476], "landscape_losses": [2.223633050918579, 2.028996706008911, 1.872741460800171, 1.7239733934402466, 1.5809919834136963, 1.4331997632980347, 1.3033441305160522, 1.168410301208496, 1.0477237701416016, 0.9447306394577026, 0.8875391483306885], "proxy_train_time": 7.75505893304944, "proxy_train_epochs": 50, "dirty_bit": 1, "landscape_term": 8.149639001956418, "speed_term": 6.300532712066697, "mote": 6.560742294432255}