{"id": 9791, "adj_matrix": [[0, 1, 1, 1], [0, 0, 1, 1], [0, 0, 0, 1], [0, 0, 0, 0]], "operations": ["avg_pool_3x3", "zeros", "nor_conv_3x3", "nor_conv_3x3", "skip_connect", "skip_connect"], "init_channel": 16, "blck_len": 5, "params": 0.559386, "flops": 78.56193, "latency": 0.014008442037983944, "train_per_time": 16.732659339904785, "train_time_200": 3346.531867980957, "train_accuracy_200": 0.99675, "test_accuracy_200": 0.91165, "train_time_12": 200.79191207885742, "train_accuracy_12": 0.7927, "test_accuracy_12": 0.779, "valtest_accuracy_200": 0.65105, "valtest_accuracy_12": 0.4205, "proxy_losses": [2.264070510864258, 1.8276060819625854, 1.6773663759231567, 1.5862140655517578, 1.5190836191177368, 1.4608631134033203, 1.415992259979248, 1.378419280052185, 1.342903733253479, 1.3094605207443237, 1.2826300859451294, 1.255996584892273, 1.230744481086731, 1.2114897966384888, 1.1929771900177002, 1.165191888809204, 1.1486728191375732, 1.127400279045105, 1.1088601350784302, 1.0930861234664917, 1.0759787559509277, 1.061621069908142, 1.0498806238174438, 1.0340715646743774, 1.0224566459655762, 1.0112956762313843, 1.002236008644104, 0.9887025356292725, 0.9671906232833862, 0.9597928524017334, 0.9423593878746033, 0.9279634952545166, 0.915439248085022, 0.9072580933570862, 0.9041180610656738, 0.895791232585907, 0.8833630084991455, 0.8725513815879822, 0.8662704825401306, 0.8689995408058167, 0.8665791153907776, 0.8487294912338257, 0.8473832011222839, 0.8374884724617004, 0.8325808644294739, 0.8142790794372559, 0.811018168926239, 0.8053295612335205, 0.8025734424591064, 0.7962160110473633], "landscape_losses": [2.3777565956115723, 1.988774061203003, 1.7606902122497559, 1.5770297050476074, 1.4078896045684814, 1.2770215272903442, 1.1522750854492188, 1.0301741361618042, 0.9186624884605408, 0.8369768261909485, 0.7880960702896118], "proxy_train_time": 7.19597696326673, "proxy_train_epochs": 50, "dirty_bit": 1, "landscape_term": 9.00955858768143, "speed_term": 6.53959201270584, "mote": 7.176091636705978}