{"id": 990, "adj_matrix": [[0, 1, 1, 1], [0, 0, 1, 1], [0, 0, 0, 1], [0, 0, 0, 0]], "operations": ["skip_connect", "nor_conv_1x1", "zeros", "nor_conv_1x1", "nor_conv_1x1", "nor_conv_3x3"], "init_channel": 16, "blck_len": 5, "params": 0.40034600000000004, "flops": 54.96896999999999, "latency": 0.02010739058778997, "train_per_time": 21.73208510875702, "train_time_200": 4346.417021751404, "train_accuracy_200": 0.99692, "test_accuracy_200": 0.9206666666666666, "train_time_12": 260.78502130508423, "train_accuracy_12": 0.87322, "test_accuracy_12": 0.8482, "valtest_accuracy_200": 0.6888333333333334, "valtest_accuracy_12": 0.5053, "proxy_losses": [2.440600872039795, 1.949855089187622, 1.7665574550628662, 1.670864462852478, 1.605075716972351, 1.553257703781128, 1.5092657804489136, 1.468998908996582, 1.4321140050888062, 1.3982582092285156, 1.3680082559585571, 1.3362973928451538, 1.309984564781189, 1.2805691957473755, 1.25869619846344, 1.2347711324691772, 1.2126657962799072, 1.1957952976226807, 1.1791385412216187, 1.1585522890090942, 1.1427204608917236, 1.1261212825775146, 1.1066977977752686, 1.0902929306030273, 1.075584888458252, 1.0590271949768066, 1.041875958442688, 1.0275768041610718, 1.010167121887207, 0.9989359378814697, 0.9909932613372803, 0.9813030958175659, 0.9653456807136536, 0.9454295635223389, 0.9325970411300659, 0.9180603623390198, 0.9112228751182556, 0.9012789130210876, 0.89529949426651, 0.87945955991745, 0.8764325380325317, 0.8620565533638, 0.8485001921653748, 0.8381858468055725, 0.8330272436141968, 0.8253609538078308, 0.8248142600059509, 0.8242880702018738, 0.8111932277679443, 0.7978357672691345], "landscape_losses": [2.560781478881836, 2.1461477279663086, 1.8808180093765259, 1.670622706413269, 1.4904026985168457, 1.3189036846160889, 1.1909575462341309, 1.0434609651565552, 0.9373817443847656, 0.8568451404571533, 0.793613851070404], "proxy_train_time": 8.746073577553034, "proxy_train_epochs": 50, "dirty_bit": 1, "landscape_term": 8.707826400226805, "speed_term": 7.582729444806653, "mote": 7.156743710346066}