{"id": 10000, "adj_matrix": [[0, 1, 1, 1], [0, 0, 1, 1], [0, 0, 0, 1], [0, 0, 0, 0]], "operations": ["nor_conv_1x1", "nor_conv_3x3", "nor_conv_3x3", "skip_connect", "nor_conv_1x1", "nor_conv_3x3"], "init_channel": 16, "blck_len": 5, "params": 0.864276, "flops": 121.82154, "latency": 0.019641055001152888, "train_per_time": 27.102948427200317, "train_time_200": 5420.5896854400635, "train_accuracy_200": 0.9979400000000002, "test_accuracy_200": 0.730399999633789, "train_time_12": 325.2353811264038, "train_accuracy_12": 0.65932, "test_accuracy_12": 0.5918000001831054, "valtest_accuracy_200": 0.7295, "valtest_accuracy_12": 0.5941, "proxy_losses": [2.665964126586914, 1.9911112785339355, 1.7674492597579956, 1.6489003896713257, 1.5622178316116333, 1.484858751296997, 1.4211320877075195, 1.3662986755371094, 1.317122459411621, 1.2762399911880493, 1.2363733053207397, 1.1991790533065796, 1.1650675535202026, 1.1299570798873901, 1.1086077690124512, 1.0781347751617432, 1.0504698753356934, 1.0284706354141235, 1.0048105716705322, 0.9848531484603882, 0.9613627195358276, 0.9494763612747192, 0.923845112323761, 0.9063045978546143, 0.9081606268882751, 0.895492672920227, 0.8691984415054321, 0.8601086139678955, 0.8517763614654541, 0.8354599475860596, 0.8118879199028015, 0.7989780306816101, 0.7763636708259583, 0.7625817656517029, 0.7547228932380676, 0.7448157072067261, 0.733806848526001, 0.7266939282417297, 0.7128710746765137, 0.7083646655082703, 0.6989084482192993, 0.6814674139022827, 0.6682150363922119, 0.6583513617515564, 0.6576332449913025, 0.6487587094306946, 0.6489238142967224, 0.6305200457572937, 0.6143301725387573, 0.5980212688446045], "landscape_losses": [2.815918445587158, 2.2107739448547363, 1.8573570251464844, 1.5815826654434204, 1.3621002435684204, 1.1630222797393799, 0.9980185627937317, 0.8467049598693848, 0.74217289686203, 0.6455639600753784, 0.6042070388793945], "proxy_train_time": 10.399210782721639, "proxy_train_epochs": 50, "dirty_bit": 1, "landscape_term": 10.30664506747698, "speed_term": 10.29938500408356, "mote": 8.636372433688148}