{"id": 10042, "adj_matrix": [[0, 1, 1, 1], [0, 0, 1, 1], [0, 0, 0, 1], [0, 0, 0, 0]], "operations": ["nor_conv_1x1", "zeros", "avg_pool_3x3", "skip_connect", "skip_connect", "zeros"], "init_channel": 16, "blck_len": 5, "params": 0.107156, "flops": 11.72106, "latency": 0.012798560990227593, "train_per_time": 11.678808649380994, "train_time_200": 2335.761729876199, "train_accuracy_200": 0.75256, "test_accuracy_200": 0.644999999938965, "train_time_12": 140.14570379257202, "train_accuracy_12": 0.49742, "test_accuracy_12": 0.47959999981689455, "valtest_accuracy_200": 0.64345, "valtest_accuracy_12": 0.4792, "proxy_losses": [2.639267921447754, 2.3260560035705566, 2.173785448074341, 2.0637364387512207, 1.978729486465454, 1.9113799333572388, 1.8580859899520874, 1.8172900676727295, 1.78279447555542, 1.7531172037124634, 1.7241706848144531, 1.7009209394454956, 1.678280234336853, 1.6596230268478394, 1.639527678489685, 1.6225552558898926, 1.605444312095642, 1.5900394916534424, 1.5753651857376099, 1.5634181499481201, 1.5481771230697632, 1.5360212326049805, 1.5220837593078613, 1.5096874237060547, 1.4987159967422485, 1.4870880842208862, 1.4750049114227295, 1.4655721187591553, 1.4550141096115112, 1.4440083503723145, 1.4347257614135742, 1.4263296127319336, 1.4158719778060913, 1.408752679824829, 1.3984453678131104, 1.389716625213623, 1.3814923763275146, 1.3719327449798584, 1.3641746044158936, 1.3562326431274414, 1.3457547426223755, 1.3403713703155518, 1.3340752124786377, 1.3302080631256104, 1.3203494548797607, 1.3145910501480103, 1.305612564086914, 1.2995394468307495, 1.2907474040985107, 1.2821611166000366], "landscape_losses": [2.6936163902282715, 2.4092235565185547, 2.2142868041992188, 2.0268540382385254, 1.8604683876037598, 1.7163752317428589, 1.5814741849899292, 1.4708211421966553, 1.37897789478302, 1.3149356842041016, 1.2786922454833984], "proxy_train_time": 5.830780612304807, "proxy_train_epochs": 50, "dirty_bit": 1, "landscape_term": 6.431360955443188, "speed_term": 3.7036798208437443, "mote": 4.874210605848282}