{"id": 10054, "adj_matrix": [[0, 1, 1, 1], [0, 0, 1, 1], [0, 0, 0, 1], [0, 0, 0, 0]], "operations": ["nor_conv_3x3", "nor_conv_3x3", "nor_conv_3x3", "zeros", "nor_conv_1x1", "skip_connect"], "init_channel": 16, "blck_len": 5, "params": 0.836276, "flops": 117.88938, "latency": 0.018763091829088, "train_per_time": 23.51146113872528, "train_time_200": 4702.292227745056, "train_accuracy_200": 0.98753, "test_accuracy_200": 0.6918000001220703, "train_time_12": 282.13753366470337, "train_accuracy_12": 0.46352, "test_accuracy_12": 0.45319999981689457, "valtest_accuracy_200": 0.6937000000000001, "valtest_accuracy_12": 0.451, "proxy_losses": [2.200730562210083, 1.8481836318969727, 1.6894798278808594, 1.5834670066833496, 1.5051482915878296, 1.4453754425048828, 1.380885124206543, 1.3264570236206055, 1.2766928672790527, 1.2268584966659546, 1.1780788898468018, 1.136964201927185, 1.0929838418960571, 1.058689832687378, 1.0302695035934448, 0.9950087666511536, 0.9717951416969299, 0.9364091753959656, 0.9165332913398743, 0.9034151434898376, 0.8698632121086121, 0.8454858660697937, 0.8261824250221252, 0.8021917343139648, 0.7902601957321167, 0.7881280183792114, 0.7706167697906494, 0.762047529220581, 0.7477878928184509, 0.7234938740730286, 0.7106178998947144, 0.708659291267395, 0.6964534521102905, 0.6825851202011108, 0.6690704226493835, 0.6668124198913574, 0.6505282521247864, 0.6507692337036133, 0.6361157298088074, 0.6249580979347229, 0.6221703886985779, 0.6130537986755371, 0.6020553708076477, 0.6000391840934753, 0.5925788879394531, 0.5765479207038879, 0.5703374147415161, 0.5586099028587341, 0.5525879263877869, 0.542553722858429], "landscape_losses": [2.2942702770233154, 1.9597972631454468, 1.709383249282837, 1.4962306022644043, 1.296366810798645, 1.1059410572052002, 0.9523494243621826, 0.8280817270278931, 0.6925248503684998, 0.5967922210693359, 0.5456350445747375], "proxy_train_time": 9.773901646025479, "proxy_train_epochs": 50, "dirty_bit": 1, "landscape_term": 11.085060173091405, "speed_term": 10.587764461951215, "mote": 9.181750589863164}