{"id": 10051, "adj_matrix": [[0, 1, 1, 1], [0, 0, 1, 1], [0, 0, 0, 1], [0, 0, 0, 0]], "operations": ["skip_connect", "skip_connect", "skip_connect", "nor_conv_1x1", "zeros", "nor_conv_3x3"], "init_channel": 16, "blck_len": 5, "params": 0.350196, "flops": 47.1105, "latency": 0.014175785912407769, "train_per_time": 13.960355679194116, "train_time_200": 2792.071135838823, "train_accuracy_200": 0.9103999999999999, "test_accuracy_200": 0.6764999999389648, "train_time_12": 167.5242681503296, "train_accuracy_12": 0.5211, "test_accuracy_12": 0.4991999998168945, "valtest_accuracy_200": 0.6762999999999999, "valtest_accuracy_12": 0.4997, "proxy_losses": [2.3424644470214844, 2.022777557373047, 1.8650275468826294, 1.761722207069397, 1.682857632637024, 1.6269744634628296, 1.579605221748352, 1.5394927263259888, 1.5016416311264038, 1.4679936170578003, 1.4356768131256104, 1.4050484895706177, 1.372968077659607, 1.3459463119506836, 1.3216782808303833, 1.297521710395813, 1.271620512008667, 1.2506762742996216, 1.2285537719726562, 1.2063002586364746, 1.1891974210739136, 1.1716456413269043, 1.1587724685668945, 1.1462080478668213, 1.126800537109375, 1.1159870624542236, 1.10162353515625, 1.086370825767517, 1.0695204734802246, 1.0584038496017456, 1.044893503189087, 1.030551552772522, 1.023956298828125, 1.0066124200820923, 0.9971862435340881, 0.9746494293212891, 0.9775176048278809, 0.9588825106620789, 0.9476920962333679, 0.9302778244018555, 0.9226148724555969, 0.9147253632545471, 0.9117488265037537, 0.8995058536529541, 0.8959997296333313, 0.8816632628440857, 0.8722314238548279, 0.8722189664840698, 0.8613232374191284, 0.8503726720809937], "landscape_losses": [2.4396417140960693, 2.1718173027038574, 1.973453164100647, 1.7739337682724, 1.5849673748016357, 1.3951294422149658, 1.2362231016159058, 1.1037068367004395, 0.9902693629264832, 0.8992047905921936, 0.8524888753890991], "proxy_train_time": 6.292880952358246, "proxy_train_epochs": 50, "dirty_bit": 1, "landscape_term": 8.298401193220386, "speed_term": 5.198519668016345, "mote": 6.453866490036236}