{"id": 10077, "adj_matrix": [[0, 1, 1, 1], [0, 0, 1, 1], [0, 0, 0, 1], [0, 0, 0, 0]], "operations": ["skip_connect", "nor_conv_1x1", "zeros", "avg_pool_3x3", "nor_conv_1x1", "avg_pool_3x3"], "init_channel": 16, "blck_len": 5, "params": 0.135156, "flops": 15.65322, "latency": 0.014680579856589987, "train_per_time": 16.36143092314399, "train_time_200": 3272.2861846287974, "train_accuracy_200": 0.8103266666666665, "test_accuracy_200": 0.640933332865397, "train_time_12": 196.33717107772824, "train_accuracy_12": 0.41794, "test_accuracy_12": 0.39600000006103514, "valtest_accuracy_200": 0.6366333333333334, "valtest_accuracy_12": 0.402, "proxy_losses": [2.8382914066314697, 2.36193585395813, 2.1150543689727783, 1.968247652053833, 1.875380516052246, 1.8036751747131348, 1.7470265626907349, 1.698440670967102, 1.660786509513855, 1.6303600072860718, 1.604432463645935, 1.5821733474731445, 1.5616105794906616, 1.5433731079101562, 1.527498483657837, 1.5110514163970947, 1.4962921142578125, 1.4818966388702393, 1.4679763317108154, 1.4538984298706055, 1.442926287651062, 1.4291481971740723, 1.4165387153625488, 1.4070255756378174, 1.3959593772888184, 1.3839713335037231, 1.3725619316101074, 1.3635907173156738, 1.3508853912353516, 1.3429570198059082, 1.3331478834152222, 1.3268316984176636, 1.3148550987243652, 1.30781888961792, 1.3002883195877075, 1.2905224561691284, 1.2884057760238647, 1.2744379043579102, 1.2656346559524536, 1.2569392919540405, 1.251326322555542, 1.2448300123214722, 1.2378628253936768, 1.2299411296844482, 1.2229373455047607, 1.2221120595932007, 1.214107632637024, 1.2098841667175293, 1.2002683877944946, 1.1941235065460205], "landscape_losses": [2.91192626953125, 2.5140328407287598, 2.25376296043396, 2.0250351428985596, 1.8282862901687622, 1.6725513935089111, 1.5201226472854614, 1.412592887878418, 1.3016974925994873, 1.2294083833694458, 1.1882874965667725], "proxy_train_time": 6.7389395125210285, "proxy_train_epochs": 50, "dirty_bit": 1, "landscape_term": 6.612486687373364, "speed_term": 4.552030857495513, "mote": 5.179985983410197}