{"id": 10093, "adj_matrix": [[0, 1, 1, 1], [0, 0, 1, 1], [0, 0, 0, 1], [0, 0, 0, 0]], "operations": ["avg_pool_3x3", "zeros", "skip_connect", "avg_pool_3x3", "skip_connect", "avg_pool_3x3"], "init_channel": 16, "blck_len": 5, "params": 0.079156, "flops": 7.788900000000001, "latency": 0.0090940793355306, "train_per_time": 10.920172174771608, "train_time_200": 2184.0344349543216, "train_accuracy_200": 0.30835333333333337, "test_accuracy_200": 0.2985333331705729, "train_time_12": 131.0420660972595, "train_accuracy_12": 0.10514, "test_accuracy_12": 0.09739999995422365, "valtest_accuracy_200": 0.29600000000000004, "valtest_accuracy_12": 0.09699999999999999, "proxy_losses": [8.046089172363281, 5.997779846191406, 4.707311153411865, 3.887359380722046, 3.3121566772460938, 2.9008255004882812, 2.6104304790496826, 2.3971502780914307, 2.234837293624878, 2.1400809288024902, 2.0642402172088623, 2.0050406455993652, 1.963148832321167, 1.932237148284912, 1.9082058668136597, 1.8888477087020874, 1.8727197647094727, 1.8582956790924072, 1.8433586359024048, 1.830908179283142, 1.8224515914916992, 1.8116344213485718, 1.8021574020385742, 1.7938005924224854, 1.7871240377426147, 1.7785470485687256, 1.7708299160003662, 1.7634230852127075, 1.7570552825927734, 1.7503255605697632, 1.7449716329574585, 1.7391953468322754, 1.7316945791244507, 1.726782202720642, 1.7219455242156982, 1.7182166576385498, 1.7122787237167358, 1.7056282758712769, 1.701634168624878, 1.6974449157714844, 1.6925543546676636, 1.6876579523086548, 1.6850351095199585, 1.6788841485977173, 1.6732980012893677, 1.672468900680542, 1.6651262044906616, 1.662032961845398, 1.659210205078125, 1.6544009447097778], "landscape_losses": [8.252095222473145, 6.477194786071777, 5.2342209815979, 4.223597049713135, 3.3897290229797363, 2.796199083328247, 2.3364763259887695, 2.027113437652588, 1.8118187189102173, 1.7004486322402954, 1.6619930267333984], "proxy_train_time": 4.478623164817691, "proxy_train_epochs": 50, "dirty_bit": 1, "landscape_term": 4.0190278979233955, "speed_term": 2.051237077534488, "mote": 2.744188132514763}