{"id": 10166, "adj_matrix": [[0, 1, 1, 1], [0, 0, 1, 1], [0, 0, 0, 1], [0, 0, 0, 0]], "operations": ["nor_conv_1x1", "nor_conv_3x3", "skip_connect", "nor_conv_1x1", "zeros", "zeros"], "init_channel": 16, "blck_len": 5, "params": 0.378196, "flops": 51.04266, "latency": 0.016088783740997314, "train_per_time": 18.138384977976433, "train_time_200": 3627.6769955952864, "train_accuracy_200": 0.71929, "test_accuracy_200": 0.6270000000915528, "train_time_12": 217.66061973571775, "train_accuracy_12": 0.41326, "test_accuracy_12": 0.4027999996948243, "valtest_accuracy_200": 0.6236, "valtest_accuracy_12": 0.4039, "proxy_losses": [2.485193967819214, 2.3214478492736816, 2.2148900032043457, 2.1413393020629883, 2.0836610794067383, 2.0332963466644287, 1.9918121099472046, 1.956829309463501, 1.9254786968231201, 1.896001935005188, 1.8696919679641724, 1.846179723739624, 1.8200441598892212, 1.795746088027954, 1.7733519077301025, 1.7537046670913696, 1.7355843782424927, 1.715165615081787, 1.6974149942398071, 1.6813303232192993, 1.663608193397522, 1.6484938859939575, 1.6329656839370728, 1.618756651878357, 1.6040890216827393, 1.5897626876831055, 1.5758720636367798, 1.5624874830245972, 1.5493860244750977, 1.5352507829666138, 1.5237061977386475, 1.511220097541809, 1.4983588457107544, 1.4903335571289062, 1.4781144857406616, 1.4656935930252075, 1.4561711549758911, 1.4447288513183594, 1.4343886375427246, 1.4255106449127197, 1.4183685779571533, 1.4089363813400269, 1.3947398662567139, 1.3878278732299805, 1.379473328590393, 1.3714271783828735, 1.363521695137024, 1.3560998439788818, 1.3476675748825073, 1.3446956872940063], "landscape_losses": [2.5236735343933105, 2.3638999462127686, 2.2078354358673096, 2.0501368045806885, 1.8960410356521606, 1.7527916431427002, 1.630961298942566, 1.5182276964187622, 1.436283826828003, 1.368311882019043, 1.33467698097229], "proxy_train_time": 8.168815966695547, "proxy_train_epochs": 50, "dirty_bit": 1, "landscape_term": 6.306027136978063, "speed_term": 4.9079749697047035, "mote": 5.0395400270400454}