{"id": 10193, "adj_matrix": [[0, 1, 1, 1], [0, 0, 1, 1], [0, 0, 0, 1], [0, 0, 0, 0]], "operations": ["nor_conv_3x3", "skip_connect", "skip_connect", "avg_pool_3x3", "avg_pool_3x3", "nor_conv_1x1"], "init_channel": 16, "blck_len": 5, "params": 0.350196, "flops": 47.1105, "latency": 0.012526022063361274, "train_per_time": 17.209517200787904, "train_time_200": 3441.903440157581, "train_accuracy_200": 0.88613, "test_accuracy_200": 0.6563000003051758, "train_time_12": 206.51420640945437, "train_accuracy_12": 0.4393, "test_accuracy_12": 0.41719999981689454, "valtest_accuracy_200": 0.6580000000000001, "valtest_accuracy_12": 0.4218, "proxy_losses": [2.347632884979248, 1.9196581840515137, 1.8093549013137817, 1.7289152145385742, 1.675213098526001, 1.6200796365737915, 1.5732966661453247, 1.5286381244659424, 1.4874893426895142, 1.4477607011795044, 1.4195847511291504, 1.386687159538269, 1.3562265634536743, 1.3329778909683228, 1.3074238300323486, 1.2928203344345093, 1.2677953243255615, 1.2491451501846313, 1.2257914543151855, 1.2057232856750488, 1.1911978721618652, 1.1677833795547485, 1.1478277444839478, 1.1353763341903687, 1.123856544494629, 1.1069461107254028, 1.086768388748169, 1.0740312337875366, 1.0585483312606812, 1.0453855991363525, 1.0311616659164429, 1.024217963218689, 1.0125586986541748, 0.9969748258590698, 0.9899694323539734, 0.9716813564300537, 0.9588408470153809, 0.9540521502494812, 0.9423556923866272, 0.9262299537658691, 0.9164190292358398, 0.9031702280044556, 0.8937090039253235, 0.8888230323791504, 0.8740918040275574, 0.8758732676506042, 0.8596659898757935, 0.855297863483429, 0.8432068228721619, 0.8336097598075867], "landscape_losses": [2.4558563232421875, 2.0856375694274902, 1.9018349647521973, 1.7198889255523682, 1.5860629081726074, 1.4468672275543213, 1.2852288484573364, 1.1196939945220947, 0.9913017749786377, 0.8816315531730652, 0.8357329368591309], "proxy_train_time": 6.562072378583252, "proxy_train_epochs": 50, "dirty_bit": 1, "landscape_term": 8.326303366241572, "speed_term": 5.480098644106263, "mote": 6.526758773432396}