{"id": 10251, "adj_matrix": [[0, 1, 1, 1], [0, 0, 1, 1], [0, 0, 0, 1], [0, 0, 0, 0]], "operations": ["nor_conv_3x3", "skip_connect", "avg_pool_3x3", "avg_pool_3x3", "zeros", "avg_pool_3x3"], "init_channel": 16, "blck_len": 5, "params": 0.322196, "flops": 43.17834, "latency": 0.011452860302395292, "train_per_time": 15.834736545880668, "train_time_200": 3166.947309176134, "train_accuracy_200": 0.59599, "test_accuracy_200": 0.5465999998168946, "train_time_12": 190.0168385505677, "train_accuracy_12": 0.33832, "test_accuracy_12": 0.3174000000305176, "valtest_accuracy_200": 0.54655, "valtest_accuracy_12": 0.3201, "proxy_losses": [2.9962236881256104, 2.1841788291931152, 1.9355820417404175, 1.781556248664856, 1.6993974447250366, 1.635947585105896, 1.5901087522506714, 1.5526986122131348, 1.518266201019287, 1.4913084506988525, 1.4677201509475708, 1.4450809955596924, 1.4200459718704224, 1.3992371559143066, 1.3839595317840576, 1.367260217666626, 1.3502788543701172, 1.3338792324066162, 1.3169918060302734, 1.306716799736023, 1.2900036573410034, 1.2758662700653076, 1.266091227531433, 1.2556853294372559, 1.2394005060195923, 1.2293821573257446, 1.2241404056549072, 1.2163009643554688, 1.2045742273330688, 1.1919512748718262, 1.182407021522522, 1.1686604022979736, 1.1591603755950928, 1.1500506401062012, 1.1387455463409424, 1.1294788122177124, 1.1199328899383545, 1.115538477897644, 1.1050447225570679, 1.0984565019607544, 1.0887365341186523, 1.0801405906677246, 1.068581461906433, 1.064616322517395, 1.0487651824951172, 1.0474234819412231, 1.040544867515564, 1.0269924402236938, 1.0223302841186523, 1.0127668380737305], "landscape_losses": [3.0825557708740234, 2.451521158218384, 2.128713607788086, 1.8589730262756348, 1.632108449935913, 1.439054250717163, 1.2872661352157593, 1.1777523756027222, 1.0963119268417358, 1.0342925786972046, 1.0131911039352417], "proxy_train_time": 6.44945914670825, "proxy_train_epochs": 50, "dirty_bit": 1, "landscape_term": 7.539509310033072, "speed_term": 4.853727502903369, "mote": 5.875010127577224}