{"id": 10407, "adj_matrix": [[0, 1, 1, 1], [0, 0, 1, 1], [0, 0, 0, 1], [0, 0, 0, 0]], "operations": ["skip_connect", "skip_connect", "skip_connect", "nor_conv_1x1", "nor_conv_3x3", "skip_connect"], "init_channel": 16, "blck_len": 5, "params": 0.350196, "flops": 47.1105, "latency": 0.012476660587169506, "train_per_time": 13.620678663253786, "train_time_200": 2724.1357326507573, "train_accuracy_200": 0.6981600000000001, "test_accuracy_200": 0.6067333329671224, "train_time_12": 163.44814395904544, "train_accuracy_12": 0.35022, "test_accuracy_12": 0.33979999996948246, "valtest_accuracy_200": 0.6074666666666667, "valtest_accuracy_12": 0.3394, "proxy_losses": [4.345839977264404, 2.6536011695861816, 2.1101903915405273, 1.8476511240005493, 1.751348853111267, 1.678066372871399, 1.6368114948272705, 1.5967543125152588, 1.5677646398544312, 1.5439648628234863, 1.515172004699707, 1.4940106868743896, 1.4677796363830566, 1.4474047422409058, 1.4249824285507202, 1.407409429550171, 1.3877384662628174, 1.3700685501098633, 1.351890206336975, 1.3355457782745361, 1.3219698667526245, 1.3072017431259155, 1.297860026359558, 1.2811232805252075, 1.2657134532928467, 1.2582135200500488, 1.2454948425292969, 1.2345972061157227, 1.2226613759994507, 1.2146308422088623, 1.2048211097717285, 1.1925691366195679, 1.1848136186599731, 1.1832245588302612, 1.168770670890808, 1.1585359573364258, 1.1526597738265991, 1.1399749517440796, 1.1330877542495728, 1.124294638633728, 1.1171953678131104, 1.1102015972137451, 1.103177547454834, 1.1013916730880737, 1.1011559963226318, 1.0867286920547485, 1.0771690607070923, 1.0676158666610718, 1.0613051652908325, 1.056801438331604], "landscape_losses": [4.474936008453369, 3.1906723976135254, 2.5810844898223877, 2.1545255184173584, 1.8160011768341064, 1.5874577760696411, 1.398998498916626, 1.2578274011611938, 1.1476380825042725, 1.0775911808013916, 1.0504703521728516], "proxy_train_time": 5.457022635266185, "proxy_train_epochs": 50, "dirty_bit": 1, "landscape_term": 6.830176020283954, "speed_term": 3.891815652020643, "mote": 5.190727803481509}