{"id": 10447, "adj_matrix": [[0, 1, 1, 1], [0, 0, 1, 1], [0, 0, 0, 1], [0, 0, 0, 0]], "operations": ["skip_connect", "zeros", "zeros", "nor_conv_1x1", "zeros", "nor_conv_3x3"], "init_channel": 16, "blck_len": 5, "params": 0.350196, "flops": 47.1105, "latency": 0.013192852338155111, "train_per_time": 14.578569769859312, "train_time_200": 2915.7139539718623, "train_accuracy_200": 0.7126866666666668, "test_accuracy_200": 0.6167333333333332, "train_time_12": 174.94283723831174, "train_accuracy_12": 0.42122, "test_accuracy_12": 0.40539999963378903, "valtest_accuracy_200": 0.6172666666666666, "valtest_accuracy_12": 0.4086, "proxy_losses": [2.3215770721435547, 2.172792911529541, 2.067943811416626, 1.991042137145996, 1.9299858808517456, 1.8857381343841553, 1.848118782043457, 1.8168911933898926, 1.7889955043792725, 1.7645217180252075, 1.7421661615371704, 1.721631407737732, 1.7017158269882202, 1.6832914352416992, 1.6655561923980713, 1.6480792760849, 1.631311058998108, 1.6145929098129272, 1.6004738807678223, 1.5841277837753296, 1.5710134506225586, 1.5568197965621948, 1.5421117544174194, 1.527488112449646, 1.5140248537063599, 1.498833179473877, 1.4840928316116333, 1.4728113412857056, 1.461925745010376, 1.4505618810653687, 1.436489224433899, 1.4230464696884155, 1.4136826992034912, 1.3999180793762207, 1.3907740116119385, 1.3783659934997559, 1.3706152439117432, 1.3602524995803833, 1.349016785621643, 1.342466950416565, 1.333593487739563, 1.3241461515426636, 1.3136943578720093, 1.3028602600097656, 1.297452688217163, 1.287085771560669, 1.2780259847640991, 1.2734519243240356, 1.2672652006149292, 1.260103464126587], "landscape_losses": [2.35795521736145, 2.1939897537231445, 2.0475499629974365, 1.9105839729309082, 1.7824569940567017, 1.657332420349121, 1.5422779321670532, 1.4479564428329468, 1.3604172468185425, 1.297630786895752, 1.253298282623291], "proxy_train_time": 6.686861588619649, "proxy_train_epochs": 50, "dirty_bit": 1, "landscape_term": 6.698696825157846, "speed_term": 4.2830154567452245, "mote": 5.183729533774319}