{"id": 10469, "adj_matrix": [[0, 1, 1, 1], [0, 0, 1, 1], [0, 0, 0, 1], [0, 0, 0, 0]], "operations": ["zeros", "nor_conv_1x1", "nor_conv_1x1", "avg_pool_3x3", "avg_pool_3x3", "avg_pool_3x3"], "init_channel": 16, "blck_len": 5, "params": 0.135156, "flops": 15.65322, "latency": 0.013815138075086806, "train_per_time": 18.11524768670405, "train_time_200": 3623.04953734081, "train_accuracy_200": 0.75726, "test_accuracy_200": 0.5958999995422363, "train_time_12": 217.38297224044803, "train_accuracy_12": 0.39149999999999996, "test_accuracy_12": 0.37119999926757813, "valtest_accuracy_200": 0.59025, "valtest_accuracy_12": 0.3734, "proxy_losses": [2.620544910430908, 2.3058879375457764, 2.1260507106781006, 2.01370906829834, 1.9295560121536255, 1.8695778846740723, 1.8246525526046753, 1.7867040634155273, 1.7541879415512085, 1.7291730642318726, 1.7065982818603516, 1.6842113733291626, 1.66502046585083, 1.6471755504608154, 1.6307514905929565, 1.6174649000167847, 1.6016820669174194, 1.5897177457809448, 1.5767312049865723, 1.5631345510482788, 1.5510977506637573, 1.5396628379821777, 1.529077172279358, 1.516503095626831, 1.503980278968811, 1.4951752424240112, 1.4855728149414062, 1.4748975038528442, 1.463334321975708, 1.456886887550354, 1.4444046020507812, 1.4310883283615112, 1.424057960510254, 1.4113458395004272, 1.4022703170776367, 1.3952888250350952, 1.3849544525146484, 1.3734852075576782, 1.3661283254623413, 1.358004093170166, 1.3498867750167847, 1.3434447050094604, 1.33128023147583, 1.3254640102386475, 1.3202769756317139, 1.314253330230713, 1.302903413772583, 1.2978624105453491, 1.2908380031585693, 1.2881524562835693], "landscape_losses": [2.6822948455810547, 2.395219087600708, 2.1874501705169678, 2.009606122970581, 1.86052405834198, 1.7140445709228516, 1.5875393152236938, 1.4836074113845825, 1.3949326276779175, 1.321515679359436, 1.2814980745315552], "proxy_train_time": 7.407439744099975, "proxy_train_epochs": 50, "dirty_bit": 1, "landscape_term": 6.4238375401571695, "speed_term": 4.72328242281109, "mote": 5.084299674060193}