{"id": 10486, "adj_matrix": [[0, 1, 1, 1], [0, 0, 1, 1], [0, 0, 0, 1], [0, 0, 0, 0]], "operations": ["nor_conv_3x3", "skip_connect", "nor_conv_1x1", "nor_conv_1x1", "zeros", "nor_conv_3x3"], "init_channel": 16, "blck_len": 5, "params": 0.621236, "flops": 86.4321, "latency": 0.0170926120546129, "train_per_time": 22.379189888636244, "train_time_200": 4475.8379777272485, "train_accuracy_200": 0.9832, "test_accuracy_200": 0.7050999997558595, "train_time_12": 268.5502786636352, "train_accuracy_12": 0.5546, "test_accuracy_12": 0.5202000002441406, "valtest_accuracy_200": 0.7043, "valtest_accuracy_12": 0.5212, "proxy_losses": [2.4341769218444824, 2.050535202026367, 1.8579649925231934, 1.7173447608947754, 1.6088049411773682, 1.5212249755859375, 1.4503920078277588, 1.3940949440002441, 1.3381335735321045, 1.2864677906036377, 1.2414898872375488, 1.1999789476394653, 1.1565815210342407, 1.125784993171692, 1.095096230506897, 1.0657669305801392, 1.0392091274261475, 1.0056577920913696, 0.9835476279258728, 0.9659347534179688, 0.9446137547492981, 0.920508861541748, 0.8951908946037292, 0.8767816424369812, 0.8567484617233276, 0.84356290102005, 0.8222699165344238, 0.8157485723495483, 0.8000198006629944, 0.7838678359985352, 0.7700767517089844, 0.7572608590126038, 0.7456928491592407, 0.7338723540306091, 0.7320458292961121, 0.7144425511360168, 0.7052481770515442, 0.6933389902114868, 0.6734480261802673, 0.6623368859291077, 0.6498322486877441, 0.6389513611793518, 0.6329614520072937, 0.6291705965995789, 0.6190916895866394, 0.6068472266197205, 0.6049741506576538, 0.5930604338645935, 0.5867859721183777, 0.5764515995979309], "landscape_losses": [2.5555851459503174, 2.2276508808135986, 1.9458476305007935, 1.6919753551483154, 1.4415442943572998, 1.2402113676071167, 1.0379308462142944, 0.8714301586151123, 0.7311173677444458, 0.6290459036827087, 0.5846807360649109], "proxy_train_time": 9.814162131398916, "proxy_train_epochs": 50, "dirty_bit": 1, "landscape_term": 10.22396577242148, "speed_term": 9.928661326901885, "mote": 8.52679434184605}