{"id": 10610, "adj_matrix": [[0, 1, 1, 1], [0, 0, 1, 1], [0, 0, 0, 1], [0, 0, 0, 0]], "operations": ["avg_pool_3x3", "nor_conv_3x3", "nor_conv_1x1", "avg_pool_3x3", "skip_connect", "skip_connect"], "init_channel": 16, "blck_len": 5, "params": 0.350196, "flops": 47.1105, "latency": 0.013630039162105985, "train_per_time": 17.274816513061523, "train_time_200": 3454.9633026123047, "train_accuracy_200": 0.64821, "test_accuracy_200": 0.5739999994812012, "train_time_12": 207.29779815673828, "train_accuracy_12": 0.3337, "test_accuracy_12": 0.316, "valtest_accuracy_200": 0.57705, "valtest_accuracy_12": 0.32270000000000004, "proxy_losses": [3.6020114421844482, 2.326484441757202, 1.9726855754852295, 1.807618498802185, 1.7249642610549927, 1.6665441989898682, 1.6277085542678833, 1.5897542238235474, 1.5616662502288818, 1.5339998006820679, 1.509354591369629, 1.4850283861160278, 1.4677067995071411, 1.4436864852905273, 1.428329348564148, 1.4112855195999146, 1.3940573930740356, 1.3750723600387573, 1.3593244552612305, 1.3448909521102905, 1.3294649124145508, 1.3124116659164429, 1.3003125190734863, 1.2833101749420166, 1.273105263710022, 1.2593990564346313, 1.248149037361145, 1.2361750602722168, 1.2285698652267456, 1.214704990386963, 1.205277681350708, 1.194954514503479, 1.182359218597412, 1.1751350164413452, 1.167311668395996, 1.1630895137786865, 1.1511735916137695, 1.1460154056549072, 1.132828712463379, 1.128333568572998, 1.1196036338806152, 1.1183290481567383, 1.1045703887939453, 1.108500361442566, 1.1005523204803467, 1.0819499492645264, 1.0753130912780762, 1.0687191486358643, 1.0645443201065063, 1.0639053583145142], "landscape_losses": [3.684549331665039, 2.726318120956421, 2.2908244132995605, 1.9388216733932495, 1.707525372505188, 1.5113188028335571, 1.367110013961792, 1.2406235933303833, 1.1550182104110718, 1.0872371196746826, 1.0601856708526611], "proxy_train_time": 6.29539389628917, "proxy_train_epochs": 50, "dirty_bit": 1, "landscape_term": 7.104113597876308, "speed_term": 4.570474604865654, "mote": 5.5214433574335375}