{"id": 10619, "adj_matrix": [[0, 1, 1, 1], [0, 0, 1, 1], [0, 0, 0, 1], [0, 0, 0, 0]], "operations": ["skip_connect", "skip_connect", "skip_connect", "skip_connect", "nor_conv_1x1", "skip_connect"], "init_channel": 16, "blck_len": 5, "params": 0.10715599999999999, "flops": 11.72106, "latency": 0.009988996717664931, "train_per_time": 8.922884265581791, "train_time_200": 1784.5768531163583, "train_accuracy_200": 0.4574333333333334, "test_accuracy_200": 0.4416666663208008, "train_time_12": 107.07461118698122, "train_accuracy_12": 0.22612, "test_accuracy_12": 0.21100000000000002, "valtest_accuracy_200": 0.4377666666666667, "valtest_accuracy_12": 0.2119, "proxy_losses": [9.412158012390137, 6.963913440704346, 5.1529645919799805, 4.141243934631348, 3.4417028427124023, 2.962146043777466, 2.682302951812744, 2.4471755027770996, 2.2766687870025635, 2.1429858207702637, 2.048640012741089, 1.9732038974761963, 1.9134962558746338, 1.8569269180297852, 1.8070952892303467, 1.7618460655212402, 1.7258667945861816, 1.6924372911453247, 1.6663693189620972, 1.6421045064926147, 1.6227833032608032, 1.6079769134521484, 1.5935105085372925, 1.5810840129852295, 1.5667064189910889, 1.557500958442688, 1.5477126836776733, 1.5378273725509644, 1.5272254943847656, 1.51938796043396, 1.5104923248291016, 1.5024574995040894, 1.494037389755249, 1.4842708110809326, 1.4762510061264038, 1.4681999683380127, 1.4629319906234741, 1.4538847208023071, 1.4487913846969604, 1.4399365186691284, 1.4342454671859741, 1.424576997756958, 1.4183341264724731, 1.413724660873413, 1.4056482315063477, 1.4041169881820679, 1.3942599296569824, 1.390252709388733, 1.3837370872497559, 1.3777400255203247], "landscape_losses": [9.694313049316406, 7.4546732902526855, 5.895119667053223, 4.675052642822266, 3.7435531616210938, 2.9775731563568115, 2.3660261631011963, 1.9223078489303589, 1.6056898832321167, 1.443402886390686, 1.394965410232544], "proxy_train_time": 3.8697573440149426, "proxy_train_epochs": 50, "dirty_bit": 1, "landscape_term": 4.199114163752161, "speed_term": 1.8575871860374673, "mote": 2.822257319380846}