{"id": 10659, "adj_matrix": [[0, 1, 1, 1], [0, 0, 1, 1], [0, 0, 0, 1], [0, 0, 0, 0]], "operations": ["zeros", "zeros", "nor_conv_3x3", "zeros", "zeros", "avg_pool_3x3"], "init_channel": 16, "blck_len": 5, "params": 0.322196, "flops": 43.17834, "latency": 0.01351463794708252, "train_per_time": 13.269296209017424, "train_time_200": 2653.859241803485, "train_accuracy_200": 0.01, "test_accuracy_200": 0.009999999994913737, "train_time_12": 159.23155450820923, "train_accuracy_12": 0.00966, "test_accuracy_12": 0.01, "valtest_accuracy_200": 0.01, "valtest_accuracy_12": 0.01, "proxy_losses": [2.3026301860809326, 2.302600622177124, 2.3025944232940674, 2.302593469619751, 2.302593946456909, 2.3025925159454346, 2.302591562271118, 2.302595376968384, 2.3025951385498047, 2.30259108543396, 2.30259108543396, 2.3025920391082764, 2.302591562271118, 2.3025989532470703, 2.302593231201172, 2.302591323852539, 2.302589178085327, 2.302591323852539, 2.3025898933410645, 2.3025894165039062, 2.3025949001312256, 2.302593469619751, 2.302595615386963, 2.302589178085327, 2.302595376968384, 2.3025903701782227, 2.302591323852539, 2.3025918006896973, 2.3025918006896973, 2.3025906085968018, 2.3025949001312256, 2.30259108543396, 2.3025901317596436, 2.3025922775268555, 2.3025894165039062, 2.302595853805542, 2.302593469619751, 2.3025896549224854, 2.3025929927825928, 2.3025906085968018, 2.3025944232940674, 2.3025929927825928, 2.3025970458984375, 2.3025901317596436, 2.3025922775268555, 2.3025922775268555, 2.302589178085327, 2.3025918006896973, 2.302600860595703, 2.3025901317596436], "landscape_losses": [2.30258846282959, 2.302593946456909, 2.302588701248169, 2.3025925159454346, 2.3025901317596436, 2.3025922775268555, 2.3025963306427, 2.3025901317596436, 2.302593469619751, 2.3025898933410645, 2.3025946617126465], "proxy_train_time": 6.91470253188163, "proxy_train_epochs": 50, "dirty_bit": 1, "landscape_term": 4.77722524942851, "speed_term": 3.0030062599894234, "mote": 3.5433880572328422}