{"id": 10698, "adj_matrix": [[0, 1, 1, 1], [0, 0, 1, 1], [0, 0, 0, 1], [0, 0, 0, 0]], "operations": ["skip_connect", "nor_conv_1x1", "avg_pool_3x3", "skip_connect", "avg_pool_3x3", "nor_conv_3x3"], "init_channel": 16, "blck_len": 5, "params": 0.350196, "flops": 47.1105, "latency": 0.014118914250974302, "train_per_time": 17.627946098645573, "train_time_200": 3525.5892197291146, "train_accuracy_200": 0.6862066666666667, "test_accuracy_200": 0.6026666665445964, "train_time_12": 211.53535318374637, "train_accuracy_12": 0.37388, "test_accuracy_12": 0.36159999987792973, "valtest_accuracy_200": 0.5998333333333332, "valtest_accuracy_12": 0.36210000000000003, "proxy_losses": [3.470526933670044, 2.185208797454834, 1.8484185934066772, 1.7444480657577515, 1.6605900526046753, 1.6100969314575195, 1.5633625984191895, 1.523662805557251, 1.491357684135437, 1.4595791101455688, 1.4359556436538696, 1.410768747329712, 1.3867822885513306, 1.3672709465026855, 1.348265528678894, 1.3265620470046997, 1.3115042448043823, 1.2934187650680542, 1.2769349813461304, 1.2653627395629883, 1.2498306035995483, 1.2378722429275513, 1.2269742488861084, 1.2088080644607544, 1.1994458436965942, 1.18755042552948, 1.1730533838272095, 1.1584820747375488, 1.152391791343689, 1.1404826641082764, 1.131894588470459, 1.1183013916015625, 1.1033951044082642, 1.0962575674057007, 1.0881835222244263, 1.0837808847427368, 1.077175259590149, 1.073111891746521, 1.0554314851760864, 1.0457615852355957, 1.0339850187301636, 1.0300942659378052, 1.0232199430465698, 1.012772798538208, 1.005247712135315, 0.9934011697769165, 0.9868803024291992, 0.9765507578849792, 0.9733681678771973, 0.9684465527534485], "landscape_losses": [3.5716633796691895, 2.6006181240081787, 2.1793606281280518, 1.8981082439422607, 1.6688779592514038, 1.4879672527313232, 1.3030375242233276, 1.1665616035461426, 1.0571953058242798, 0.987738847732544, 0.9618354439735413], "proxy_train_time": 6.300935743376613, "proxy_train_epochs": 50, "dirty_bit": 1, "landscape_term": 7.544107781561258, "speed_term": 4.862416263747977, "mote": 5.879861990380552}