{"id": 10719, "adj_matrix": [[0, 1, 1, 1], [0, 0, 1, 1], [0, 0, 0, 1], [0, 0, 0, 0]], "operations": ["skip_connect", "nor_conv_1x1", "avg_pool_3x3", "zeros", "avg_pool_3x3", "nor_conv_3x3"], "init_channel": 16, "blck_len": 5, "params": 0.350196, "flops": 47.1105, "latency": 0.0138050670976992, "train_per_time": 17.849897265434265, "train_time_200": 3569.979453086853, "train_accuracy_200": 0.921, "test_accuracy_200": 0.6415333330688476, "train_time_12": 214.19876718521118, "train_accuracy_12": 0.43506, "test_accuracy_12": 0.42060000006103515, "valtest_accuracy_200": 0.6399666666666667, "valtest_accuracy_12": 0.4216, "proxy_losses": [2.2575268745422363, 1.9024758338928223, 1.7718433141708374, 1.694169282913208, 1.6322884559631348, 1.5799237489700317, 1.5285414457321167, 1.4832972288131714, 1.4456857442855835, 1.4074292182922363, 1.3772709369659424, 1.3493211269378662, 1.3268325328826904, 1.2989051342010498, 1.275612473487854, 1.257779836654663, 1.2418177127838135, 1.2217297554016113, 1.2070715427398682, 1.1872895956039429, 1.174275279045105, 1.1580259799957275, 1.1451139450073242, 1.1305042505264282, 1.1181819438934326, 1.1045010089874268, 1.0894581079483032, 1.0827046632766724, 1.0635783672332764, 1.0563772916793823, 1.0417615175247192, 1.0276211500167847, 1.0198252201080322, 1.0079460144042969, 1.001461148262024, 0.9922719597816467, 0.9764108657836914, 0.9662770628929138, 0.9514318108558655, 0.9460599422454834, 0.9371533989906311, 0.9280328154563904, 0.9334229230880737, 0.9146152138710022, 0.9125630855560303, 0.9019438624382019, 0.8940702080726624, 0.885635256767273, 0.8748675584793091, 0.8675646781921387], "landscape_losses": [2.3619861602783203, 2.051586627960205, 1.8595658540725708, 1.6879355907440186, 1.5158796310424805, 1.3623782396316528, 1.2272967100143433, 1.1152995824813843, 1.0146514177322388, 0.9164115190505981, 0.8644068241119385], "proxy_train_time": 6.932633111253381, "proxy_train_epochs": 50, "dirty_bit": 1, "landscape_term": 8.379747888190078, "speed_term": 5.820804861975696, "mote": 6.626686198756855}