{"id": 10723, "adj_matrix": [[0, 1, 1, 1], [0, 0, 1, 1], [0, 0, 0, 1], [0, 0, 0, 0]], "operations": ["nor_conv_1x1", "nor_conv_1x1", "zeros", "nor_conv_1x1", "skip_connect", "avg_pool_3x3"], "init_channel": 16, "blck_len": 5, "params": 0.163156, "flops": 19.58538, "latency": 0.015982641114128962, "train_per_time": 18.843975067138672, "train_time_200": 3768.7950134277344, "train_accuracy_200": 0.8115199999999999, "test_accuracy_200": 0.6524999997558594, "train_time_12": 226.12770080566406, "train_accuracy_12": 0.46776, "test_accuracy_12": 0.45479999932861326, "valtest_accuracy_200": 0.6536, "valtest_accuracy_12": 0.45539999999999997, "proxy_losses": [2.8878347873687744, 2.4119534492492676, 2.147361993789673, 2.008024215698242, 1.9134163856506348, 1.840572714805603, 1.7866348028182983, 1.7420363426208496, 1.7037652730941772, 1.6719835996627808, 1.6450250148773193, 1.6188654899597168, 1.5965818166732788, 1.5741995573043823, 1.5524952411651611, 1.5317989587783813, 1.5118952989578247, 1.4931401014328003, 1.4737292528152466, 1.455676794052124, 1.437719702720642, 1.41845703125, 1.4026249647140503, 1.3864037990570068, 1.374252200126648, 1.3593865633010864, 1.3457797765731812, 1.3310209512710571, 1.3202323913574219, 1.3093522787094116, 1.2993801832199097, 1.2846455574035645, 1.2757879495620728, 1.2655707597732544, 1.2564969062805176, 1.2472366094589233, 1.2368890047073364, 1.2306838035583496, 1.2153198719024658, 1.207223892211914, 1.196578860282898, 1.1904816627502441, 1.181930661201477, 1.1711605787277222, 1.1653859615325928, 1.1549853086471558, 1.147334098815918, 1.1416776180267334, 1.1344062089920044, 1.1313525438308716], "landscape_losses": [2.9656195640563965, 2.568781614303589, 2.2513222694396973, 1.9960567951202393, 1.7999249696731567, 1.6238822937011719, 1.4704619646072388, 1.3408972024917603, 1.2404752969741821, 1.1631407737731934, 1.1203323602676392], "proxy_train_time": 7.636803410016, "proxy_train_epochs": 50, "dirty_bit": 1, "landscape_term": 6.82734909116325, "speed_term": 5.203121500716706, "mote": 5.457860946302636}