{"id": 10820, "adj_matrix": [[0, 1, 1, 1], [0, 0, 1, 1], [0, 0, 0, 1], [0, 0, 0, 0]], "operations": ["skip_connect", "nor_conv_3x3", "nor_conv_1x1", "skip_connect", "nor_conv_1x1", "skip_connect"], "init_channel": 16, "blck_len": 5, "params": 0.378196, "flops": 51.04265999999999, "latency": 0.016103250009042242, "train_per_time": 17.466068506240845, "train_time_200": 3493.213701248169, "train_accuracy_200": 0.9094866666666667, "test_accuracy_200": 0.6678666664225261, "train_time_12": 209.59282207489014, "train_accuracy_12": 0.56382, "test_accuracy_12": 0.5363999998779296, "valtest_accuracy_200": 0.6710666666666667, "valtest_accuracy_12": 0.5338, "proxy_losses": [2.8036441802978516, 2.136579990386963, 1.8731656074523926, 1.7423462867736816, 1.6574677228927612, 1.5954673290252686, 1.5480767488479614, 1.5095351934432983, 1.4731512069702148, 1.4429197311401367, 1.4157018661499023, 1.388249158859253, 1.3616896867752075, 1.3394559621810913, 1.3170859813690186, 1.2962009906768799, 1.2779715061187744, 1.2610632181167603, 1.2413047552108765, 1.2256914377212524, 1.2102383375167847, 1.1935276985168457, 1.1790355443954468, 1.1644073724746704, 1.149809718132019, 1.1371543407440186, 1.1230223178863525, 1.113812804222107, 1.1038399934768677, 1.0898065567016602, 1.0721772909164429, 1.0601096153259277, 1.049727201461792, 1.0443212985992432, 1.0296764373779297, 1.0164300203323364, 1.0073727369308472, 0.9949395656585693, 0.9857768416404724, 0.974010169506073, 0.9657160043716431, 0.9686996340751648, 0.956091582775116, 0.948570728302002, 0.9406358599662781, 0.9305011034011841, 0.9253187775611877, 0.9151259064674377, 0.9042612314224243, 0.8941477537155151], "landscape_losses": [2.9065866470336914, 2.3656539916992188, 2.034083843231201, 1.7787889242172241, 1.5480468273162842, 1.3575408458709717, 1.216791033744812, 1.0886802673339844, 0.9965037107467651, 0.9241848587989807, 0.8923113346099854], "proxy_train_time": 6.757068210281432, "proxy_train_epochs": 50, "dirty_bit": 1, "landscape_term": 8.14977107774217, "speed_term": 5.453203624162553, "mote": 6.403446127811905}