{"id": 10924, "adj_matrix": [[0, 1, 1, 1], [0, 0, 1, 1], [0, 0, 0, 1], [0, 0, 0, 0]], "operations": ["nor_conv_3x3", "skip_connect", "nor_conv_3x3", "nor_conv_3x3", "nor_conv_3x3", "avg_pool_3x3"], "init_channel": 16, "blck_len": 5, "params": 1.051316, "flops": 149.34666, "latency": 0.017759848524022986, "train_per_time": 26.013960560162847, "train_time_200": 5202.792112032569, "train_accuracy_200": 0.9893266666666666, "test_accuracy_200": 0.6831999994303385, "train_time_12": 312.16752672195435, "train_accuracy_12": 0.5221399999999999, "test_accuracy_12": 0.49639999993896483, "valtest_accuracy_200": 0.6820999999999999, "valtest_accuracy_12": 0.49579999999999996, "proxy_losses": [2.560375690460205, 1.8863732814788818, 1.6737570762634277, 1.5531718730926514, 1.4538160562515259, 1.3840097188949585, 1.329105019569397, 1.2771623134613037, 1.2329210042953491, 1.1922632455825806, 1.1551764011383057, 1.1174622774124146, 1.0924718379974365, 1.0610262155532837, 1.0299341678619385, 1.0063116550445557, 0.9813685417175293, 0.9641015529632568, 0.9486641883850098, 0.9275462031364441, 0.9048300981521606, 0.8792690634727478, 0.8663997054100037, 0.8430923819541931, 0.8234736323356628, 0.809151828289032, 0.8005349636077881, 0.7844768762588501, 0.7660629153251648, 0.7462928891181946, 0.7508679032325745, 0.7337914109230042, 0.7078285217285156, 0.7029868960380554, 0.6970998048782349, 0.6828481554985046, 0.6909233927726746, 0.6680241227149963, 0.660499095916748, 0.6427578330039978, 0.6352900266647339, 0.6274318099021912, 0.6354634761810303, 0.6136797070503235, 0.5934727787971497, 0.5861135125160217, 0.5765590667724609, 0.5684745907783508, 0.558460533618927, 0.5551221966743469], "landscape_losses": [2.6534276008605957, 2.0850939750671387, 1.7581185102462769, 1.507840871810913, 1.3142364025115967, 1.1404683589935303, 0.9654985070228577, 0.8581820130348206, 0.715399980545044, 0.619766891002655, 0.5487411618232727], "proxy_train_time": 9.980511317029595, "proxy_train_epochs": 50, "dirty_bit": 1, "landscape_term": 10.760856892598694, "speed_term": 10.631522494900901, "mote": 8.979596697909372}