{"id": 10936, "adj_matrix": [[0, 1, 1, 1], [0, 0, 1, 1], [0, 0, 0, 1], [0, 0, 0, 0]], "operations": ["skip_connect", "zeros", "zeros", "nor_conv_3x3", "nor_conv_1x1", "nor_conv_1x1"], "init_channel": 16, "blck_len": 5, "params": 0.378196, "flops": 51.04265999999999, "latency": 0.016834616661071774, "train_per_time": 18.053530494372, "train_time_200": 3610.7060988744, "train_accuracy_200": 0.9170800000000001, "test_accuracy_200": 0.6755333332926432, "train_time_12": 216.64236593246457, "train_accuracy_12": 0.53196, "test_accuracy_12": 0.5067999993286133, "valtest_accuracy_200": 0.6754666666666667, "valtest_accuracy_12": 0.507, "proxy_losses": [2.406172275543213, 2.0063726902008057, 1.8468482494354248, 1.760023593902588, 1.696425199508667, 1.6454524993896484, 1.5988634824752808, 1.5584665536880493, 1.5193402767181396, 1.4825314283370972, 1.4468640089035034, 1.4129663705825806, 1.3758183717727661, 1.3498119115829468, 1.3216571807861328, 1.2946269512176514, 1.2676397562026978, 1.2452725172042847, 1.2240837812423706, 1.2057771682739258, 1.1876094341278076, 1.1727828979492188, 1.1620193719863892, 1.1464884281158447, 1.1254380941390991, 1.1075217723846436, 1.095013976097107, 1.0808383226394653, 1.0682835578918457, 1.0594642162322998, 1.0508053302764893, 1.0297127962112427, 1.0204100608825684, 1.014527440071106, 1.0026323795318604, 0.994672954082489, 0.9777445197105408, 0.9679250121116638, 0.9581564664840698, 0.95037841796875, 0.9345158338546753, 0.9271082282066345, 0.9118376970291138, 0.901974618434906, 0.904494047164917, 0.8989395499229431, 0.8887532353401184, 0.8871327042579651, 0.8790656328201294, 0.8589188456535339], "landscape_losses": [2.515972137451172, 2.185227870941162, 1.9472485780715942, 1.7508779764175415, 1.5631916522979736, 1.3938535451889038, 1.2528780698776245, 1.1231313943862915, 1.0058585405349731, 0.910163402557373, 0.8612569570541382], "proxy_train_time": 7.389114644378424, "proxy_train_epochs": 50, "dirty_bit": 1, "landscape_term": 8.239421424996276, "speed_term": 6.073559729062994, "mote": 6.579573025095534}