{"id": 11033, "adj_matrix": [[0, 1, 1, 1], [0, 0, 1, 1], [0, 0, 0, 1], [0, 0, 0, 0]], "operations": ["zeros", "zeros", "skip_connect", "nor_conv_1x1", "skip_connect", "avg_pool_3x3"], "init_channel": 16, "blck_len": 5, "params": 0.10715599999999999, "flops": 11.72106, "latency": 0.012343649510984067, "train_per_time": 11.668660362561535, "train_time_200": 2333.7320725123072, "train_accuracy_200": 0.71986, "test_accuracy_200": 0.6240666666463216, "train_time_12": 140.02392435073853, "train_accuracy_12": 0.41834000000000005, "test_accuracy_12": 0.3997999996948242, "valtest_accuracy_200": 0.6248333333333332, "valtest_accuracy_12": 0.4071, "proxy_losses": [2.466918706893921, 2.2791318893432617, 2.178450107574463, 2.099713087081909, 2.036123275756836, 1.980034351348877, 1.9344220161437988, 1.892632007598877, 1.8566573858261108, 1.822161078453064, 1.7921857833862305, 1.7643722295761108, 1.7395316362380981, 1.7146408557891846, 1.6913789510726929, 1.6701959371566772, 1.6519839763641357, 1.6329278945922852, 1.616377592086792, 1.6000169515609741, 1.5843995809555054, 1.5700881481170654, 1.5556226968765259, 1.5416001081466675, 1.529569387435913, 1.5162696838378906, 1.5044796466827393, 1.4917476177215576, 1.482421636581421, 1.4697167873382568, 1.4600703716278076, 1.4490727186203003, 1.4381657838821411, 1.4304314851760864, 1.416839599609375, 1.4098502397537231, 1.398169755935669, 1.3904837369918823, 1.383583903312683, 1.3733224868774414, 1.3651814460754395, 1.3577220439910889, 1.3484218120574951, 1.342713713645935, 1.3343760967254639, 1.3246264457702637, 1.3174760341644287, 1.3094966411590576, 1.3031284809112549, 1.298491358757019], "landscape_losses": [2.507831573486328, 2.3371963500976562, 2.202632427215576, 2.060863733291626, 1.9254761934280396, 1.7817562818527222, 1.6342196464538574, 1.5105088949203491, 1.416184902191162, 1.3403786420822144, 1.2933751344680786], "proxy_train_time": 5.5784230856224895, "proxy_train_epochs": 50, "dirty_bit": 1, "landscape_term": 6.345738221954929, "speed_term": 3.481405676196901, "mote": 4.764982613407789}