{"id": 11168, "adj_matrix": [[0, 1, 1, 1], [0, 0, 1, 1], [0, 0, 0, 1], [0, 0, 0, 0]], "operations": ["zeros", "nor_conv_3x3", "nor_conv_3x3", "zeros", "avg_pool_3x3", "zeros"], "init_channel": 16, "blck_len": 5, "params": 0.565236, "flops": 78.56778, "latency": 0.014714329331009475, "train_per_time": 17.684453288714042, "train_time_200": 3536.8906577428083, "train_accuracy_200": 0.01, "test_accuracy_200": 0.009999999998728434, "train_time_12": 212.21343946456906, "train_accuracy_12": 0.00938, "test_accuracy_12": 0.009999999992370605, "valtest_accuracy_200": 0.01, "valtest_accuracy_12": 0.01, "proxy_losses": [2.3026316165924072, 2.3025946617126465, 2.302598714828491, 2.3025968074798584, 2.3025925159454346, 2.30259108543396, 2.302595615386963, 2.3025922775268555, 2.3025999069213867, 2.302593469619751, 2.302593946456909, 2.3025941848754883, 2.3025903701782227, 2.302591323852539, 2.302591323852539, 2.3025922775268555, 2.3025906085968018, 2.3025901317596436, 2.3025925159454346, 2.30259370803833, 2.3025927543640137, 2.3025996685028076, 2.302593469619751, 2.3025972843170166, 2.302593231201172, 2.302588939666748, 2.3025927543640137, 2.302593469619751, 2.302596092224121, 2.30259108543396, 2.302598714828491, 2.302598237991333, 2.302593946456909, 2.302589178085327, 2.302589178085327, 2.302590847015381, 2.3025965690612793, 2.30259108543396, 2.3025903701782227, 2.3025925159454346, 2.3025927543640137, 2.3025944232940674, 2.3025901317596436, 2.30259370803833, 2.302595853805542, 2.302591323852539, 2.302591562271118, 2.30259108543396, 2.3025929927825928, 2.30259108543396], "landscape_losses": [2.30259108543396, 2.302593231201172, 2.3025901317596436, 2.3025944232940674, 2.30259370803833, 2.302593946456909, 2.302591323852539, 2.3025918006896973, 2.30259370803833, 2.3025922775268555, 2.3025922775268555], "proxy_train_time": 8.402026116847992, "proxy_train_epochs": 50, "dirty_bit": 1, "landscape_term": 4.777223855408675, "speed_term": 3.648939420684673, "mote": 3.6926490252354665}