{"id": 11260, "adj_matrix": [[0, 1, 1, 1], [0, 0, 1, 1], [0, 0, 0, 1], [0, 0, 0, 0]], "operations": ["avg_pool_3x3", "zeros", "zeros", "nor_conv_1x1", "avg_pool_3x3", "nor_conv_1x1"], "init_channel": 16, "blck_len": 5, "params": 0.135156, "flops": 15.65322, "latency": 0.014110128084818522, "train_per_time": 16.72706870237982, "train_time_200": 3345.4137404759645, "train_accuracy_200": 0.7720199999999999, "test_accuracy_200": 0.6179000000610351, "train_time_12": 200.72482442855832, "train_accuracy_12": 0.38328, "test_accuracy_12": 0.3704000000305176, "valtest_accuracy_200": 0.6178, "valtest_accuracy_12": 0.3696, "proxy_losses": [2.7487964630126953, 2.3964200019836426, 2.2009153366088867, 2.1034207344055176, 2.0370407104492188, 1.985007643699646, 1.939579725265503, 1.89859938621521, 1.8631269931793213, 1.8333488702774048, 1.8031877279281616, 1.7776591777801514, 1.752488613128662, 1.7298892736434937, 1.7084574699401855, 1.6905587911605835, 1.6720787286758423, 1.6539007425308228, 1.6401140689849854, 1.6241543292999268, 1.6103512048721313, 1.5971388816833496, 1.5841810703277588, 1.572171926498413, 1.5586293935775757, 1.549701452255249, 1.536543369293213, 1.5223568677902222, 1.5095598697662354, 1.4986337423324585, 1.487598180770874, 1.47682523727417, 1.465909719467163, 1.454677700996399, 1.4444663524627686, 1.4328933954238892, 1.420837163925171, 1.414038896560669, 1.4033114910125732, 1.39342200756073, 1.385751724243164, 1.3764797449111938, 1.36692476272583, 1.3577640056610107, 1.3522595167160034, 1.3427495956420898, 1.3347080945968628, 1.3263015747070312, 1.3214309215545654, 1.3145297765731812], "landscape_losses": [2.8079826831817627, 2.5307934284210205, 2.311216115951538, 2.1219851970672607, 1.946529746055603, 1.7837361097335815, 1.637838363647461, 1.514000415802002, 1.4232277870178223, 1.3440124988555908, 1.3098429441452026], "proxy_train_time": 7.4984605349600315, "proxy_train_epochs": 50, "dirty_bit": 1, "landscape_term": 6.210727715569628, "speed_term": 4.601926105978517, "mote": 4.91161164388582}