{"id": 11273, "adj_matrix": [[0, 1, 1, 1], [0, 0, 1, 1], [0, 0, 0, 1], [0, 0, 0, 0]], "operations": ["skip_connect", "nor_conv_1x1", "avg_pool_3x3", "avg_pool_3x3", "nor_conv_1x1", "skip_connect"], "init_channel": 16, "blck_len": 5, "params": 0.135156, "flops": 15.65322, "latency": 0.01431782598848696, "train_per_time": 16.195677638053894, "train_time_200": 3239.135527610779, "train_accuracy_200": 0.5785933333333333, "test_accuracy_200": 0.5263999999389648, "train_time_12": 194.34813165664673, "train_accuracy_12": 0.33686, "test_accuracy_12": 0.31899999963378906, "valtest_accuracy_200": 0.5280333333333334, "valtest_accuracy_12": 0.319, "proxy_losses": [4.928246974945068, 3.4452569484710693, 2.7585535049438477, 2.3401803970336914, 2.0779998302459717, 1.9657113552093506, 1.8765476942062378, 1.8091404438018799, 1.7596566677093506, 1.7257163524627686, 1.6956913471221924, 1.6722744703292847, 1.652661681175232, 1.6339670419692993, 1.616828441619873, 1.5994608402252197, 1.5855937004089355, 1.5702707767486572, 1.5546590089797974, 1.5416759252548218, 1.5304551124572754, 1.5166175365447998, 1.5037347078323364, 1.4935476779937744, 1.4815263748168945, 1.4693983793258667, 1.459850788116455, 1.448529839515686, 1.4405938386917114, 1.4312865734100342, 1.4218676090240479, 1.4131996631622314, 1.40534508228302, 1.3990368843078613, 1.39169180393219, 1.3840152025222778, 1.3755903244018555, 1.370335340499878, 1.3631983995437622, 1.3550341129302979, 1.3462812900543213, 1.3431720733642578, 1.3376494646072388, 1.3281540870666504, 1.321515440940857, 1.3160401582717896, 1.3083380460739136, 1.3026361465454102, 1.2970285415649414, 1.2886266708374023], "landscape_losses": [5.038885593414307, 3.8301308155059814, 3.1640021800994873, 2.6625943183898926, 2.2744555473327637, 1.9551429748535156, 1.7201714515686035, 1.5379080772399902, 1.4053382873535156, 1.3210201263427734, 1.2908066511154175], "proxy_train_time": 5.388700536452234, "proxy_train_epochs": 50, "dirty_bit": 1, "landscape_term": 5.577154300032629, "speed_term": 3.2597787601254256, "mote": 4.175648268066889}