{"id": 11300, "adj_matrix": [[0, 1, 1, 1], [0, 0, 1, 1], [0, 0, 0, 1], [0, 0, 0, 0]], "operations": ["zeros", "nor_conv_3x3", "nor_conv_3x3", "skip_connect", "skip_connect", "nor_conv_1x1"], "init_channel": 16, "blck_len": 5, "params": 0.593236, "flops": 82.49994, "latency": 0.01477254761589898, "train_per_time": 18.566184083620655, "train_time_200": 3713.236816724131, "train_accuracy_200": 0.9573699999999999, "test_accuracy_200": 0.6998000001220703, "train_time_12": 222.79420900344846, "train_accuracy_12": 0.61358, "test_accuracy_12": 0.5669999994506836, "valtest_accuracy_200": 0.69655, "valtest_accuracy_12": 0.5683, "proxy_losses": [2.4987385272979736, 2.082700252532959, 1.9407460689544678, 1.8475987911224365, 1.7771072387695312, 1.7140111923217773, 1.658996343612671, 1.6135971546173096, 1.5686798095703125, 1.5288746356964111, 1.4863966703414917, 1.4507906436920166, 1.41707444190979, 1.3883851766586304, 1.3626275062561035, 1.3388092517852783, 1.3119715452194214, 1.2927695512771606, 1.2673916816711426, 1.2519961595535278, 1.2247017621994019, 1.2068018913269043, 1.1910886764526367, 1.1784687042236328, 1.1602392196655273, 1.1416689157485962, 1.1231298446655273, 1.10551118850708, 1.0895763635635376, 1.0767781734466553, 1.062573790550232, 1.053130865097046, 1.0416826009750366, 1.0217970609664917, 1.0175518989562988, 0.9976518750190735, 0.9946662187576294, 0.9785099625587463, 0.9689093828201294, 0.9499456286430359, 0.9393609166145325, 0.9324109554290771, 0.9171137809753418, 0.9071786999702454, 0.8955342769622803, 0.8766219019889832, 0.8665540218353271, 0.8600650429725647, 0.849961519241333, 0.8351584076881409], "landscape_losses": [2.6011476516723633, 2.2318673133850098, 2.0009076595306396, 1.7905484437942505, 1.6011371612548828, 1.4204083681106567, 1.2525568008422852, 1.1181728839874268, 1.008716344833374, 0.89459228515625, 0.8320537209510803], "proxy_train_time": 8.149824926629663, "proxy_train_epochs": 50, "dirty_bit": 1, "landscape_term": 8.223056470348531, "speed_term": 6.544613639684581, "mote": 6.653736120278859}