{"id": 11326, "adj_matrix": [[0, 1, 1, 1], [0, 0, 1, 1], [0, 0, 0, 1], [0, 0, 0, 0]], "operations": ["skip_connect", "skip_connect", "avg_pool_3x3", "nor_conv_1x1", "avg_pool_3x3", "avg_pool_3x3"], "init_channel": 16, "blck_len": 5, "params": 0.10715599999999999, "flops": 11.72106, "latency": 0.01027975700519703, "train_per_time": 14.322843114534992, "train_time_200": 2864.5686229069984, "train_accuracy_200": 0.47192666666666666, "test_accuracy_200": 0.4484666661580403, "train_time_12": 171.87411737442014, "train_accuracy_12": 0.25184, "test_accuracy_12": 0.2373999997253418, "valtest_accuracy_200": 0.4453333333333333, "valtest_accuracy_12": 0.2394, "proxy_losses": [6.594298362731934, 4.7386860847473145, 3.836653232574463, 3.1222188472747803, 2.5539021492004395, 2.183786392211914, 2.0075714588165283, 1.9088531732559204, 1.8270310163497925, 1.7871469259262085, 1.7495144605636597, 1.7182351350784302, 1.69051194190979, 1.6732988357543945, 1.65803861618042, 1.6429523229599, 1.6279181241989136, 1.6147252321243286, 1.6033769845962524, 1.5925161838531494, 1.5830318927764893, 1.5721287727355957, 1.5648390054702759, 1.553755283355713, 1.5437451601028442, 1.5381847620010376, 1.5278867483139038, 1.5217722654342651, 1.5147005319595337, 1.5083794593811035, 1.5009679794311523, 1.49539315700531, 1.4891554117202759, 1.4821990728378296, 1.4742318391799927, 1.4697803258895874, 1.4637699127197266, 1.4586113691329956, 1.452494740486145, 1.4470082521438599, 1.4420204162597656, 1.441027045249939, 1.435823678970337, 1.4300198554992676, 1.428010106086731, 1.422655701637268, 1.4168239831924438, 1.4114463329315186, 1.4119932651519775, 1.4048265218734741], "landscape_losses": [6.792610168457031, 5.202824115753174, 4.286007881164551, 3.4829976558685303, 2.8008623123168945, 2.2733278274536133, 1.9118043184280396, 1.6531316041946411, 1.5178582668304443, 1.436718463897705, 1.408377766609192], "proxy_train_time": 5.828239556401968, "proxy_train_epochs": 50, "dirty_bit": 1, "landscape_term": 4.849634145114651, "speed_term": 3.1835110863234046, "mote": 3.638502707978802}