{"id": 11386, "adj_matrix": [[0, 1, 1, 1], [0, 0, 1, 1], [0, 0, 0, 1], [0, 0, 0, 0]], "operations": ["skip_connect", "skip_connect", "avg_pool_3x3", "skip_connect", "nor_conv_3x3", "avg_pool_3x3"], "init_channel": 16, "blck_len": 5, "params": 0.322196, "flops": 43.17834, "latency": 0.01139473032068323, "train_per_time": 13.790986339251184, "train_time_200": 2758.1972678502366, "train_accuracy_200": 0.46434666666666663, "test_accuracy_200": 0.4400666664632161, "train_time_12": 165.4918360710144, "train_accuracy_12": 0.28088, "test_accuracy_12": 0.266, "valtest_accuracy_200": 0.44013333333333327, "valtest_accuracy_12": 0.2657, "proxy_losses": [4.257532596588135, 2.5139334201812744, 2.06101393699646, 1.871573805809021, 1.775360345840454, 1.6991807222366333, 1.6512885093688965, 1.6163588762283325, 1.5889673233032227, 1.5638608932495117, 1.5406866073608398, 1.5203770399093628, 1.5019701719284058, 1.480241060256958, 1.4628076553344727, 1.4463276863098145, 1.4301023483276367, 1.413169026374817, 1.3993829488754272, 1.385773777961731, 1.3695343732833862, 1.3571218252182007, 1.3452820777893066, 1.3327027559280396, 1.320009708404541, 1.3086509704589844, 1.2958554029464722, 1.289878487586975, 1.2772232294082642, 1.2700634002685547, 1.2564194202423096, 1.2449085712432861, 1.233444094657898, 1.2240391969680786, 1.210447907447815, 1.202387809753418, 1.200743317604065, 1.1988029479980469, 1.187437891960144, 1.182371735572815, 1.1635819673538208, 1.160541296005249, 1.1462984085083008, 1.1416184902191162, 1.1320620775222778, 1.121672511100769, 1.114219307899475, 1.1112521886825562, 1.105212926864624, 1.0978138446807861], "landscape_losses": [4.441239356994629, 3.2731869220733643, 2.689887046813965, 2.3484630584716797, 2.0464391708374023, 1.817700743675232, 1.578036904335022, 1.4051973819732666, 1.2333728075027466, 1.1375174522399902, 1.0942920446395874], "proxy_train_time": 5.277283464558423, "proxy_train_epochs": 50, "dirty_bit": 1, "landscape_term": 6.316115097843543, "speed_term": 3.675935274111041, "mote": 4.7880817891889045}