{"id": 11393, "adj_matrix": [[0, 1, 1, 1], [0, 0, 1, 1], [0, 0, 0, 1], [0, 0, 0, 0]], "operations": ["avg_pool_3x3", "avg_pool_3x3", "nor_conv_3x3", "avg_pool_3x3", "zeros", "skip_connect"], "init_channel": 16, "blck_len": 5, "params": 0.322196, "flops": 43.17834, "latency": 0.011225846078660753, "train_per_time": 16.314383506774902, "train_time_200": 3262.8767013549805, "train_accuracy_200": 0.57988, "test_accuracy_200": 0.5222999997558594, "train_time_12": 195.77260208129883, "train_accuracy_12": 0.28886, "test_accuracy_12": 0.28599999990844727, "valtest_accuracy_200": 0.5217, "valtest_accuracy_12": 0.2828, "proxy_losses": [4.544424057006836, 2.7935585975646973, 2.27052640914917, 2.0367298126220703, 1.9065700769424438, 1.8103035688400269, 1.7609233856201172, 1.7142664194107056, 1.6821476221084595, 1.6514945030212402, 1.6220240592956543, 1.596991777420044, 1.5721368789672852, 1.5482639074325562, 1.5268940925598145, 1.5043407678604126, 1.4845390319824219, 1.4640883207321167, 1.4429421424865723, 1.4307608604431152, 1.4150363206863403, 1.397929310798645, 1.384405255317688, 1.3683772087097168, 1.3539706468582153, 1.3416297435760498, 1.3249609470367432, 1.3100051879882812, 1.2995272874832153, 1.288588047027588, 1.2757140398025513, 1.2656720876693726, 1.2566758394241333, 1.2473044395446777, 1.2391339540481567, 1.2240896224975586, 1.216350793838501, 1.2168630361557007, 1.1982884407043457, 1.1926590204238892, 1.1848998069763184, 1.173411250114441, 1.170052170753479, 1.1630316972732544, 1.1485803127288818, 1.1470346450805664, 1.1417285203933716, 1.126617431640625, 1.1166998147964478, 1.1088569164276123], "landscape_losses": [4.701785564422607, 3.3499948978424072, 2.731937885284424, 2.296142101287842, 1.9715842008590698, 1.705155611038208, 1.5145379304885864, 1.35188889503479, 1.2452651262283325, 1.1508963108062744, 1.101415753364563], "proxy_train_time": 5.840610258281231, "proxy_train_epochs": 50, "dirty_bit": 1, "landscape_term": 6.386235158590361, "speed_term": 3.911366348952595, "mote": 4.888455427036847}