{"id": 1145, "adj_matrix": [[0, 1, 1, 1], [0, 0, 1, 1], [0, 0, 0, 1], [0, 0, 0, 0]], "operations": ["nor_conv_3x3", "nor_conv_3x3", "nor_conv_3x3", "zeros", "nor_conv_3x3", "skip_connect"], "init_channel": 16, "blck_len": 5, "params": 1.051316, "flops": 149.34666, "latency": 0.018203126059638128, "train_per_time": 25.13168736298878, "train_time_200": 5026.3374725977565, "train_accuracy_200": 0.9895866666666666, "test_accuracy_200": 0.6991333326009114, "train_time_12": 301.58024835586554, "train_accuracy_12": 0.42874, "test_accuracy_12": 0.4183999996337891, "valtest_accuracy_200": 0.6979666666666666, "valtest_accuracy_12": 0.4191, "proxy_losses": [2.1515917778015137, 1.7741937637329102, 1.6155341863632202, 1.5097776651382446, 1.4266482591629028, 1.353550672531128, 1.2996141910552979, 1.2407671213150024, 1.1913456916809082, 1.148107647895813, 1.10899817943573, 1.083254098892212, 1.0464552640914917, 1.0185648202896118, 0.9890350699424744, 0.9634048938751221, 0.9373155236244202, 0.9143145680427551, 0.8904755711555481, 0.8708372116088867, 0.8582139611244202, 0.8448374271392822, 0.8152750730514526, 0.8111878037452698, 0.7899390459060669, 0.7775999307632446, 0.7568073272705078, 0.741041898727417, 0.7350082397460938, 0.715664267539978, 0.7063456773757935, 0.6943297386169434, 0.6905155181884766, 0.6734051704406738, 0.6607213020324707, 0.6489254832267761, 0.6480668783187866, 0.6300190687179565, 0.6262925267219543, 0.6352449655532837, 0.6206000447273254, 0.6121217608451843, 0.6039154529571533, 0.5906119346618652, 0.5850744247436523, 0.5809099078178406, 0.5706501007080078, 0.5517627596855164, 0.549141526222229, 0.5454866886138916], "landscape_losses": [2.263619899749756, 1.9163004159927368, 1.6617419719696045, 1.425657033920288, 1.2367695569992065, 1.0495963096618652, 0.9016302824020386, 0.7636010050773621, 0.6480316519737244, 0.5702294707298279, 0.5298693180084229], "proxy_train_time": 9.945041511207819, "proxy_train_epochs": 50, "dirty_bit": 1, "landscape_term": 11.630882328661198, "speed_term": 11.098509099604762, "mote": 9.606087714388503}