{"id": 11459, "adj_matrix": [[0, 1, 1, 1], [0, 0, 1, 1], [0, 0, 0, 1], [0, 0, 0, 0]], "operations": ["nor_conv_1x1", "nor_conv_1x1", "avg_pool_3x3", "zeros", "zeros", "avg_pool_3x3"], "init_channel": 16, "blck_len": 5, "params": 0.135156, "flops": 15.65322, "latency": 0.014452709092034234, "train_per_time": 17.33819305896759, "train_time_200": 3467.638611793518, "train_accuracy_200": 0.73358, "test_accuracy_200": 0.581199999633789, "train_time_12": 208.05831670761108, "train_accuracy_12": 0.2876, "test_accuracy_12": 0.27599999978637696, "valtest_accuracy_200": 0.5773999999999999, "valtest_accuracy_12": 0.2725, "proxy_losses": [2.4534106254577637, 2.1837706565856934, 2.0538408756256104, 1.9635961055755615, 1.89717435836792, 1.848044514656067, 1.8053425550460815, 1.7660818099975586, 1.7312246561050415, 1.6992475986480713, 1.6708130836486816, 1.6445820331573486, 1.618821144104004, 1.5946695804595947, 1.5726613998413086, 1.5481520891189575, 1.5288047790527344, 1.5067814588546753, 1.4872007369995117, 1.4687267541885376, 1.448814868927002, 1.4303898811340332, 1.414390206336975, 1.3995236158370972, 1.3851144313812256, 1.3682661056518555, 1.352585792541504, 1.3384764194488525, 1.3254477977752686, 1.3135862350463867, 1.2986809015274048, 1.2869027853012085, 1.2757803201675415, 1.268172025680542, 1.2556133270263672, 1.245529294013977, 1.230993390083313, 1.2196433544158936, 1.2104356288909912, 1.1997517347335815, 1.19065523147583, 1.1806834936141968, 1.1714714765548706, 1.1638422012329102, 1.1552587747573853, 1.143067479133606, 1.1372528076171875, 1.1282470226287842, 1.118485689163208, 1.1115645170211792], "landscape_losses": [2.5223889350891113, 2.269169569015503, 2.0818915367126465, 1.9098726511001587, 1.747780442237854, 1.60728919506073, 1.4735159873962402, 1.3581018447875977, 1.2547098398208618, 1.158827781677246, 1.103119134902954], "proxy_train_time": 7.323110591620207, "proxy_train_epochs": 50, "dirty_bit": 1, "landscape_term": 7.016815889223194, "speed_term": 5.028809450936613, "mote": 5.553699632666772}