{"id": 1153, "adj_matrix": [[0, 1, 1, 1], [0, 0, 1, 1], [0, 0, 0, 1], [0, 0, 0, 0]], "operations": ["avg_pool_3x3", "avg_pool_3x3", "nor_conv_1x1", "skip_connect", "nor_conv_3x3", "zeros"], "init_channel": 16, "blck_len": 5, "params": 0.350196, "flops": 47.1105, "latency": 0.014011356565687394, "train_per_time": 18.982868432998657, "train_time_200": 3796.5736865997314, "train_accuracy_200": 0.8371333333333333, "test_accuracy_200": 0.6433333334350586, "train_time_12": 227.7944211959839, "train_accuracy_12": 0.50958, "test_accuracy_12": 0.48019999963378907, "valtest_accuracy_200": 0.6431666666666667, "valtest_accuracy_12": 0.4827, "proxy_losses": [2.4353384971618652, 1.9812757968902588, 1.8361090421676636, 1.7549797296524048, 1.702000617980957, 1.6625099182128906, 1.6301395893096924, 1.6017162799835205, 1.5748518705368042, 1.54977285861969, 1.5250048637390137, 1.5018140077590942, 1.478657603263855, 1.4524469375610352, 1.4313265085220337, 1.4058343172073364, 1.3828657865524292, 1.3607836961746216, 1.3409274816513062, 1.3244744539260864, 1.3038212060928345, 1.287819743156433, 1.2694672346115112, 1.2521675825119019, 1.2350330352783203, 1.2286202907562256, 1.213375449180603, 1.2007193565368652, 1.1801676750183105, 1.1648497581481934, 1.162322759628296, 1.157896637916565, 1.1383329629898071, 1.124664306640625, 1.109764575958252, 1.0957545042037964, 1.0867528915405273, 1.0770606994628906, 1.0688501596450806, 1.055605411529541, 1.0441150665283203, 1.041258454322815, 1.0287986993789673, 1.0159300565719604, 1.0141366720199585, 1.0128682851791382, 1.0001260042190552, 0.9941473603248596, 0.9803779125213623, 0.9824201464653015], "landscape_losses": [2.5392723083496094, 2.1824984550476074, 1.9918148517608643, 1.804411768913269, 1.6652456521987915, 1.4998856782913208, 1.3832284212112427, 1.2577475309371948, 1.1240925788879395, 1.0313307046890259, 0.9773712754249573], "proxy_train_time": 7.014777050353587, "proxy_train_epochs": 50, "dirty_bit": 1, "landscape_term": 7.575884178682806, "speed_term": 5.358059259639699, "mote": 5.9984920675613544}