{"id": 1159, "adj_matrix": [[0, 1, 1, 1], [0, 0, 1, 1], [0, 0, 0, 1], [0, 0, 0, 0]], "operations": ["skip_connect", "avg_pool_3x3", "nor_conv_3x3", "skip_connect", "nor_conv_3x3", "avg_pool_3x3"], "init_channel": 16, "blck_len": 5, "params": 0.565236, "flops": 78.56778, "latency": 0.014771858851114908, "train_per_time": 19.106894373893738, "train_time_200": 3821.3788747787476, "train_accuracy_200": 0.6464466666666665, "test_accuracy_200": 0.5775999997965494, "train_time_12": 229.28273248672485, "train_accuracy_12": 0.33814, "test_accuracy_12": 0.31920000006103516, "valtest_accuracy_200": 0.5745333333333332, "valtest_accuracy_12": 0.3208, "proxy_losses": [3.7329468727111816, 2.406341552734375, 1.983124852180481, 1.8168035745620728, 1.7123209238052368, 1.6350640058517456, 1.5819424390792847, 1.5365670919418335, 1.503011703491211, 1.4697068929672241, 1.4402400255203247, 1.4157657623291016, 1.3920289278030396, 1.3676611185073853, 1.3455349206924438, 1.323110818862915, 1.304715871810913, 1.285246729850769, 1.2691818475723267, 1.255536437034607, 1.2331207990646362, 1.217150330543518, 1.1972140073776245, 1.1837519407272339, 1.170436143875122, 1.1545945405960083, 1.139193058013916, 1.1273480653762817, 1.1130415201187134, 1.105467438697815, 1.0874011516571045, 1.0741180181503296, 1.062303900718689, 1.0517961978912354, 1.0492968559265137, 1.0391560792922974, 1.023087739944458, 1.0098857879638672, 0.9979780316352844, 0.9925975799560547, 0.9753884077072144, 0.9713382124900818, 0.9634832143783569, 0.9658550024032593, 0.9531652331352234, 0.9421455264091492, 0.9308162927627563, 0.9231244325637817, 0.9232305884361267, 0.9092443585395813], "landscape_losses": [3.9006030559539795, 2.837052345275879, 2.315643548965454, 1.9601304531097412, 1.6652250289916992, 1.4624992609024048, 1.2929593324661255, 1.151035189628601, 1.0434966087341309, 0.9565469622612, 0.9241288304328918], "proxy_train_time": 7.289657400920987, "proxy_train_epochs": 50, "dirty_bit": 1, "landscape_term": 7.563191486554061, "speed_term": 5.671686109298436, "mote": 6.049560133707121}