{"id": 11621, "adj_matrix": [[0, 1, 1, 1], [0, 0, 1, 1], [0, 0, 0, 1], [0, 0, 0, 0]], "operations": ["skip_connect", "avg_pool_3x3", "skip_connect", "nor_conv_3x3", "skip_connect", "avg_pool_3x3"], "init_channel": 16, "blck_len": 5, "params": 0.322196, "flops": 43.17834, "latency": 0.010849325745194047, "train_per_time": 13.73825879891715, "train_time_200": 2747.65175978343, "train_accuracy_200": 0.46434666666666663, "test_accuracy_200": 0.44006666684977214, "train_time_12": 164.85910558700562, "train_accuracy_12": 0.28088, "test_accuracy_12": 0.266, "valtest_accuracy_200": 0.44013333333333327, "valtest_accuracy_12": 0.2657, "proxy_losses": [4.8588762283325195, 2.9441230297088623, 2.3794209957122803, 2.06378436088562, 1.879122257232666, 1.7642632722854614, 1.7040168046951294, 1.66463041305542, 1.6306300163269043, 1.6003987789154053, 1.574143409729004, 1.550614833831787, 1.529723882675171, 1.510128378868103, 1.4925506114959717, 1.4729795455932617, 1.4568312168121338, 1.4424841403961182, 1.4293609857559204, 1.415436029434204, 1.404396891593933, 1.3934839963912964, 1.3776453733444214, 1.3676433563232422, 1.3575891256332397, 1.3422771692276, 1.3338100910186768, 1.323726773262024, 1.3165203332901, 1.305483341217041, 1.2973437309265137, 1.2883719205856323, 1.2830514907836914, 1.2733685970306396, 1.2663058042526245, 1.256293773651123, 1.250836968421936, 1.2427115440368652, 1.2349402904510498, 1.2229756116867065, 1.2183927297592163, 1.2098203897476196, 1.2056931257247925, 1.1983808279037476, 1.187328577041626, 1.1851426362991333, 1.1766520738601685, 1.1686351299285889, 1.1607253551483154, 1.1543852090835571], "landscape_losses": [4.929286003112793, 3.547210931777954, 2.8919413089752197, 2.42049241065979, 2.0556106567382812, 1.7507082223892212, 1.540885090827942, 1.3620349168777466, 1.2519015073776245, 1.1819039583206177, 1.1547898054122925], "proxy_train_time": 5.2733997870236635, "proxy_train_epochs": 50, "dirty_bit": 1, "landscape_term": 6.195388185431326, "speed_term": 3.498459671258616, "mote": 4.664276890484305}