{"id": 11753, "adj_matrix": [[0, 1, 1, 1], [0, 0, 1, 1], [0, 0, 0, 1], [0, 0, 0, 0]], "operations": ["nor_conv_1x1", "zeros", "avg_pool_3x3", "nor_conv_1x1", "nor_conv_3x3", "avg_pool_3x3"], "init_channel": 16, "blck_len": 5, "params": 0.378196, "flops": 51.04266, "latency": 0.017508354451921254, "train_per_time": 21.974934220314026, "train_time_200": 4394.986844062805, "train_accuracy_200": 0.9323600000000001, "test_accuracy_200": 0.6857000003051757, "train_time_12": 263.6992106437683, "train_accuracy_12": 0.48814, "test_accuracy_12": 0.46460000024414067, "valtest_accuracy_200": 0.6845, "valtest_accuracy_12": 0.46520000000000006, "proxy_losses": [2.3703958988189697, 1.9869048595428467, 1.8501142263412476, 1.7731027603149414, 1.7130273580551147, 1.6625871658325195, 1.619162678718567, 1.5762423276901245, 1.543150782585144, 1.512787938117981, 1.4830564260482788, 1.457311749458313, 1.4320341348648071, 1.4095748662948608, 1.3866790533065796, 1.3629554510116577, 1.3399261236190796, 1.3233369588851929, 1.2992476224899292, 1.2747970819473267, 1.2549678087234497, 1.2394952774047852, 1.2188647985458374, 1.2017852067947388, 1.1781491041183472, 1.1655255556106567, 1.1453166007995605, 1.1288174390792847, 1.1114404201507568, 1.0887199640274048, 1.0830389261245728, 1.0649181604385376, 1.0504491329193115, 1.0339239835739136, 1.0210968255996704, 1.016393780708313, 1.000916838645935, 0.9838432669639587, 0.9751397371292114, 0.9544873237609863, 0.9436676502227783, 0.9280186295509338, 0.9158207178115845, 0.920516312122345, 0.9066238403320312, 0.8946262001991272, 0.891716480255127, 0.8931765556335449, 0.8767132759094238, 0.8683038949966431], "landscape_losses": [2.4549598693847656, 2.1526596546173096, 1.9440683126449585, 1.7462148666381836, 1.5604318380355835, 1.3940544128417969, 1.217374563217163, 1.092395544052124, 0.9844045639038086, 0.8983063697814941, 0.8591279983520508], "proxy_train_time": 8.457771399058402, "proxy_train_epochs": 50, "dirty_bit": 1, "landscape_term": 8.346991612390958, "speed_term": 6.784359128172928, "mote": 6.779056381447954}