{"id": 1177, "adj_matrix": [[0, 1, 1, 1], [0, 0, 1, 1], [0, 0, 0, 1], [0, 0, 0, 0]], "operations": ["nor_conv_3x3", "skip_connect", "nor_conv_3x3", "nor_conv_3x3", "skip_connect", "skip_connect"], "init_channel": 16, "blck_len": 5, "params": 0.8082759999999999, "flops": 113.95722, "latency": 0.016042369383352774, "train_per_time": 19.302524765332592, "train_time_200": 3860.5049530665187, "train_accuracy_200": 0.9942266666666666, "test_accuracy_200": 0.7066666667480468, "train_time_12": 231.6302971839905, "train_accuracy_12": 0.64102, "test_accuracy_12": 0.5893999994506836, "valtest_accuracy_200": 0.7036999999999999, "valtest_accuracy_12": 0.5882999999999999, "proxy_losses": [2.615260124206543, 1.8557859659194946, 1.691235899925232, 1.578568458557129, 1.4976674318313599, 1.4319149255752563, 1.3762578964233398, 1.3257088661193848, 1.2841724157333374, 1.2463387250900269, 1.2062214612960815, 1.1772490739822388, 1.1504292488098145, 1.1207149028778076, 1.0951286554336548, 1.0717353820800781, 1.051306962966919, 1.0285459756851196, 1.015753149986267, 0.9985608458518982, 0.982239842414856, 0.9533364176750183, 0.942933201789856, 0.9170004725456238, 0.9068794846534729, 0.8835734128952026, 0.8673351407051086, 0.8616335988044739, 0.8487387895584106, 0.8517115116119385, 0.8324922919273376, 0.8113942742347717, 0.8058762550354004, 0.7948194742202759, 0.7818348407745361, 0.7756589651107788, 0.7655959129333496, 0.7500612139701843, 0.7409845590591431, 0.7298338413238525, 0.7248137593269348, 0.7191720008850098, 0.7166303992271423, 0.7033271193504333, 0.6976269483566284, 0.6738543510437012, 0.6654291152954102, 0.6643550992012024, 0.6579961180686951, 0.6472507119178772], "landscape_losses": [2.7534725666046143, 2.0865585803985596, 1.7493648529052734, 1.4907851219177246, 1.2941486835479736, 1.1394304037094116, 1.010236144065857, 0.8831624984741211, 0.7850677967071533, 0.7055270671844482, 0.6474882960319519], "proxy_train_time": 7.583784143440425, "proxy_train_epochs": 50, "dirty_bit": 1, "landscape_term": 10.092946459387415, "speed_term": 7.509746232373978, "mote": 8.05484809334003}