{"id": 11788, "adj_matrix": [[0, 1, 1, 1], [0, 0, 1, 1], [0, 0, 0, 1], [0, 0, 0, 0]], "operations": ["skip_connect", "nor_conv_1x1", "avg_pool_3x3", "zeros", "avg_pool_3x3", "nor_conv_1x1"], "init_channel": 16, "blck_len": 5, "params": 0.135156, "flops": 15.65322, "latency": 0.014835304684109157, "train_per_time": 16.91274130344391, "train_time_200": 3382.5482606887817, "train_accuracy_200": 0.8714733333333333, "test_accuracy_200": 0.6315999999796549, "train_time_12": 202.9528956413269, "train_accuracy_12": 0.42118, "test_accuracy_12": 0.39880000018310546, "valtest_accuracy_200": 0.6321333333333333, "valtest_accuracy_12": 0.4019, "proxy_losses": [2.580198287963867, 2.2869532108306885, 2.1175971031188965, 2.0070016384124756, 1.9326597452163696, 1.8776540756225586, 1.8343007564544678, 1.794413685798645, 1.7579646110534668, 1.7255295515060425, 1.6960066556930542, 1.6697070598602295, 1.6451361179351807, 1.6208921670913696, 1.5986491441726685, 1.5816776752471924, 1.562829852104187, 1.5455150604248047, 1.5280520915985107, 1.5113399028778076, 1.4929661750793457, 1.4777657985687256, 1.4595847129821777, 1.4468295574188232, 1.4305118322372437, 1.4143102169036865, 1.4000965356826782, 1.3883249759674072, 1.3715429306030273, 1.361868143081665, 1.3471630811691284, 1.334547519683838, 1.3204658031463623, 1.3113113641738892, 1.299116849899292, 1.287793755531311, 1.2757545709609985, 1.2616374492645264, 1.2519081830978394, 1.2442846298217773, 1.236160397529602, 1.2293310165405273, 1.2223279476165771, 1.2143640518188477, 1.2110188007354736, 1.1988441944122314, 1.1917296648025513, 1.180250644683838, 1.177402138710022, 1.1661643981933594], "landscape_losses": [2.64389705657959, 2.3880999088287354, 2.1854662895202637, 1.9948039054870605, 1.80936598777771, 1.6380761861801147, 1.490767002105713, 1.364837884902954, 1.2686957120895386, 1.1958370208740234, 1.1617381572723389], "proxy_train_time": 6.660232191905379, "proxy_train_epochs": 50, "dirty_bit": 1, "landscape_term": 6.8077031372930135, "speed_term": 4.435455829331106, "mote": 5.290495409737867}