{"id": 11806, "adj_matrix": [[0, 1, 1, 1], [0, 0, 1, 1], [0, 0, 0, 1], [0, 0, 0, 0]], "operations": ["zeros", "skip_connect", "nor_conv_3x3", "nor_conv_1x1", "skip_connect", "nor_conv_1x1"], "init_channel": 16, "blck_len": 5, "params": 0.378196, "flops": 51.04266, "latency": 0.014179084036085341, "train_per_time": 17.79912777741755, "train_time_200": 3559.8255554835096, "train_accuracy_200": 0.74564, "test_accuracy_200": 0.6316000001220704, "train_time_12": 213.58953332901004, "train_accuracy_12": 0.40502000000000005, "test_accuracy_12": 0.3919999998779297, "valtest_accuracy_200": 0.63075, "valtest_accuracy_12": 0.3909, "proxy_losses": [2.675863742828369, 2.3493566513061523, 2.184692144393921, 2.0852575302124023, 2.0044126510620117, 1.9339581727981567, 1.8770455121994019, 1.833560585975647, 1.7937899827957153, 1.7611286640167236, 1.7311749458312988, 1.7054202556610107, 1.681044101715088, 1.6594737768173218, 1.6416562795639038, 1.6199921369552612, 1.6026582717895508, 1.5874266624450684, 1.5691132545471191, 1.553687334060669, 1.5385490655899048, 1.5251398086547852, 1.5092790126800537, 1.493583083152771, 1.4804173707962036, 1.4681789875030518, 1.454949975013733, 1.4399242401123047, 1.4274318218231201, 1.416436791419983, 1.4031718969345093, 1.390765905380249, 1.3786922693252563, 1.3685801029205322, 1.3563131093978882, 1.3472083806991577, 1.3330650329589844, 1.3234529495239258, 1.3142242431640625, 1.3003315925598145, 1.2879949808120728, 1.2787976264953613, 1.2712461948394775, 1.2573299407958984, 1.252885103225708, 1.2421499490737915, 1.2301157712936401, 1.2223846912384033, 1.2136794328689575, 1.2061421871185303], "landscape_losses": [2.7322797775268555, 2.4360768795013428, 2.211102247238159, 2.0259385108947754, 1.8485511541366577, 1.687670350074768, 1.5463773012161255, 1.4236071109771729, 1.3151315450668335, 1.2326581478118896, 1.1972894668579102], "proxy_train_time": 7.790361148305237, "proxy_train_epochs": 50, "dirty_bit": 1, "landscape_term": 6.611818059258158, "speed_term": 5.020653800089158, "mote": 5.273662992859822}