{"id": 11853, "adj_matrix": [[0, 1, 1, 1], [0, 0, 1, 1], [0, 0, 0, 1], [0, 0, 0, 0]], "operations": ["nor_conv_3x3", "nor_conv_1x1", "skip_connect", "nor_conv_1x1", "skip_connect", "nor_conv_1x1"], "init_channel": 16, "blck_len": 5, "params": 0.406196, "flops": 54.97482, "latency": 0.01740698019663493, "train_per_time": 21.279365221659294, "train_time_200": 4255.873044331859, "train_accuracy_200": 0.94916, "test_accuracy_200": 0.6921000001220703, "train_time_12": 255.35238265991208, "train_accuracy_12": 0.5093, "test_accuracy_12": 0.49380000006103514, "valtest_accuracy_200": 0.69, "valtest_accuracy_12": 0.49119999999999997, "proxy_losses": [2.4274556636810303, 1.9496495723724365, 1.7885286808013916, 1.7083039283752441, 1.6508204936981201, 1.603264570236206, 1.5531314611434937, 1.5109460353851318, 1.472210168838501, 1.4308019876480103, 1.3993749618530273, 1.3642033338546753, 1.3359571695327759, 1.3047244548797607, 1.2780965566635132, 1.250740647315979, 1.2261512279510498, 1.2012414932250977, 1.1807010173797607, 1.1596544981002808, 1.1376243829727173, 1.1174744367599487, 1.099408507347107, 1.0797977447509766, 1.0586082935333252, 1.0411006212234497, 1.0248206853866577, 1.0164308547973633, 1.004055142402649, 0.9864789247512817, 0.975164532661438, 0.9642982482910156, 0.9616308808326721, 0.9452635049819946, 0.92543625831604, 0.9134292006492615, 0.9055839776992798, 0.8899487257003784, 0.8728078007698059, 0.8628492951393127, 0.8510907292366028, 0.8461756110191345, 0.8411462903022766, 0.8306734561920166, 0.8232163190841675, 0.8123358488082886, 0.8041901588439941, 0.79571932554245, 0.783791720867157, 0.7810001969337463], "landscape_losses": [2.527114152908325, 2.1034977436065674, 1.8551181554794312, 1.681826114654541, 1.474989891052246, 1.2970658540725708, 1.1484432220458984, 1.0247136354446411, 0.9051299691200256, 0.8202713131904602, 0.774030864238739], "proxy_train_time": 8.2065632911399, "proxy_train_epochs": 50, "dirty_bit": 1, "landscape_term": 8.916176621940958, "speed_term": 7.105556021518977, "mote": 7.213564782468182}