{"id": 11865, "adj_matrix": [[0, 1, 1, 1], [0, 0, 1, 1], [0, 0, 0, 1], [0, 0, 0, 0]], "operations": ["avg_pool_3x3", "nor_conv_3x3", "nor_conv_3x3", "zeros", "zeros", "avg_pool_3x3"], "init_channel": 16, "blck_len": 5, "params": 0.565236, "flops": 78.56778, "latency": 0.014733844333224826, "train_per_time": 19.96454167366028, "train_time_200": 3992.9083347320557, "train_accuracy_200": 0.8056399999999999, "test_accuracy_200": 0.6186999996948243, "train_time_12": 239.57450008392334, "train_accuracy_12": 0.23571999999999999, "test_accuracy_12": 0.2299999997253418, "valtest_accuracy_200": 0.61505, "valtest_accuracy_12": 0.2289, "proxy_losses": [2.2533819675445557, 1.8469425439834595, 1.7123161554336548, 1.6358011960983276, 1.5721913576126099, 1.5224686861038208, 1.4755953550338745, 1.434252381324768, 1.3978883028030396, 1.363448977470398, 1.3248395919799805, 1.2942016124725342, 1.264406681060791, 1.2342681884765625, 1.2118204832077026, 1.183546543121338, 1.1598310470581055, 1.1356117725372314, 1.1193770170211792, 1.0955029726028442, 1.08250892162323, 1.0626970529556274, 1.0450069904327393, 1.0297608375549316, 1.0126615762710571, 0.9988788962364197, 0.9857613444328308, 0.9694530963897705, 0.958620011806488, 0.958921492099762, 0.9531480669975281, 0.9464299082756042, 0.9242830276489258, 0.9146355390548706, 0.9020323157310486, 0.8876667022705078, 0.8777435421943665, 0.8743935823440552, 0.8707699179649353, 0.8616214990615845, 0.8515577912330627, 0.8393288850784302, 0.8407229781150818, 0.8267998099327087, 0.8228605389595032, 0.8167813420295715, 0.8119482398033142, 0.8041635751724243, 0.7925350666046143, 0.7849057912826538], "landscape_losses": [2.360931158065796, 2.016450881958008, 1.7982462644577026, 1.6223816871643066, 1.4562445878982544, 1.3282783031463623, 1.178362488746643, 1.0416306257247925, 0.921425461769104, 0.8243825435638428, 0.7813647985458374], "proxy_train_time": 8.093869933858514, "proxy_train_epochs": 50, "dirty_bit": 1, "landscape_term": 8.918294275964085, "speed_term": 7.285697895402423, "mote": 7.245916546888755}