{"id": 11890, "adj_matrix": [[0, 1, 1, 1], [0, 0, 1, 1], [0, 0, 0, 1], [0, 0, 0, 0]], "operations": ["nor_conv_3x3", "nor_conv_1x1", "nor_conv_1x1", "avg_pool_3x3", "zeros", "avg_pool_3x3"], "init_channel": 16, "blck_len": 5, "params": 0.378196, "flops": 51.04266, "latency": 0.017428980933295354, "train_per_time": 21.37193504969274, "train_time_200": 4274.3870099385485, "train_accuracy_200": 0.95982, "test_accuracy_200": 0.6470000000610352, "train_time_12": 256.4632205963134, "train_accuracy_12": 0.46964, "test_accuracy_12": 0.4526000000610352, "valtest_accuracy_200": 0.64625, "valtest_accuracy_12": 0.44689999999999996, "proxy_losses": [2.462087392807007, 1.9588509798049927, 1.7938601970672607, 1.6990402936935425, 1.6180800199508667, 1.5511361360549927, 1.493243932723999, 1.4471263885498047, 1.4070544242858887, 1.367475986480713, 1.3359527587890625, 1.3078492879867554, 1.2829123735427856, 1.2550030946731567, 1.231343388557434, 1.2049837112426758, 1.1850861310958862, 1.1610119342803955, 1.1401063203811646, 1.1183587312698364, 1.1008726358413696, 1.0852686166763306, 1.065276026725769, 1.0516597032546997, 1.0319067239761353, 1.013124704360962, 0.9918968677520752, 0.9734687209129333, 0.9598413109779358, 0.9482550621032715, 0.9506392478942871, 0.9247549772262573, 0.9074205160140991, 0.8936094045639038, 0.8808426856994629, 0.8655881881713867, 0.8614431619644165, 0.8501691222190857, 0.8324727416038513, 0.8214805722236633, 0.811841607093811, 0.818929135799408, 0.805141031742096, 0.7923240065574646, 0.7813583016395569, 0.7746719717979431, 0.7710908651351929, 0.7594305276870728, 0.7466468811035156, 0.7460020780563354], "landscape_losses": [2.5935871601104736, 2.181138753890991, 1.9077292680740356, 1.6745758056640625, 1.4654091596603394, 1.2668533325195312, 1.085983157157898, 0.9490933418273926, 0.8405765891075134, 0.7698657512664795, 0.7416213154792786], "proxy_train_time": 8.55061430670321, "proxy_train_epochs": 50, "dirty_bit": 1, "landscape_term": 9.248598810619093, "speed_term": 7.656627837019782, "mote": 7.526856192597039}