{"id": 11921, "adj_matrix": [[0, 1, 1, 1], [0, 0, 1, 1], [0, 0, 0, 1], [0, 0, 0, 0]], "operations": ["skip_connect", "nor_conv_3x3", "avg_pool_3x3", "nor_conv_3x3", "avg_pool_3x3", "zeros"], "init_channel": 16, "blck_len": 5, "params": 0.565236, "flops": 78.56778, "latency": 0.014402923760590729, "train_per_time": 19.159047484397888, "train_time_200": 3831.8094968795776, "train_accuracy_200": 0.8875066666666664, "test_accuracy_200": 0.6563333326009115, "train_time_12": 229.90856981277466, "train_accuracy_12": 0.4571, "test_accuracy_12": 0.4346, "valtest_accuracy_200": 0.6547666666666667, "valtest_accuracy_12": 0.44, "proxy_losses": [2.702439069747925, 2.196500301361084, 1.9724417924880981, 1.8456568717956543, 1.762339472770691, 1.7013028860092163, 1.6539503335952759, 1.6126829385757446, 1.5725953578948975, 1.5374433994293213, 1.5053778886795044, 1.4749419689178467, 1.4484708309173584, 1.4241087436676025, 1.4002426862716675, 1.3787822723388672, 1.359244465827942, 1.3410762548446655, 1.3259851932525635, 1.3054358959197998, 1.2888314723968506, 1.2779567241668701, 1.258010745048523, 1.2510044574737549, 1.2376002073287964, 1.2210355997085571, 1.2055290937423706, 1.195892572402954, 1.1868585348129272, 1.1690763235092163, 1.1607038974761963, 1.146077275276184, 1.1458814144134521, 1.1289808750152588, 1.1230969429016113, 1.1166130304336548, 1.1069507598876953, 1.0888442993164062, 1.0782930850982666, 1.0704572200775146, 1.0635666847229004, 1.0523898601531982, 1.0447965860366821, 1.0386407375335693, 1.038513422012329, 1.0236577987670898, 1.009318470954895, 0.9976552724838257, 0.9865238070487976, 0.9836384057998657], "landscape_losses": [2.8249073028564453, 2.377932071685791, 2.0947468280792236, 1.8703713417053223, 1.6845289468765259, 1.5233714580535889, 1.3748862743377686, 1.2410987615585327, 1.115938425064087, 1.019202470779419, 0.9746913909912109], "proxy_train_time": 7.381941570900381, "proxy_train_epochs": 50, "dirty_bit": 1, "landscape_term": 7.47294410976973, "speed_term": 5.574018300208916, "mote": 5.969923603361403}