{"id": 11928, "adj_matrix": [[0, 1, 1, 1], [0, 0, 1, 1], [0, 0, 0, 1], [0, 0, 0, 0]], "operations": ["avg_pool_3x3", "nor_conv_3x3", "nor_conv_3x3", "nor_conv_1x1", "skip_connect", "nor_conv_3x3"], "init_channel": 16, "blck_len": 5, "params": 0.836276, "flops": 117.88938, "latency": 0.01814876662360297, "train_per_time": 24.889926393826798, "train_time_200": 4977.98527876536, "train_accuracy_200": 0.9887600000000001, "test_accuracy_200": 0.6863999997558594, "train_time_12": 298.67911672592163, "train_accuracy_12": 0.51898, "test_accuracy_12": 0.48619999993896484, "valtest_accuracy_200": 0.68675, "valtest_accuracy_12": 0.4874, "proxy_losses": [2.6309542655944824, 1.9243439435958862, 1.7228600978851318, 1.610223412513733, 1.5254936218261719, 1.4594295024871826, 1.4015350341796875, 1.3521952629089355, 1.3067964315414429, 1.2702749967575073, 1.2393007278442383, 1.2146265506744385, 1.179368019104004, 1.1533006429672241, 1.1289912462234497, 1.1019816398620605, 1.0920560359954834, 1.0603694915771484, 1.0358084440231323, 1.0223219394683838, 1.0040494203567505, 0.9968686699867249, 0.9817872047424316, 0.9606732130050659, 0.9443792104721069, 0.9241143465042114, 0.9109945297241211, 0.8956127762794495, 0.884848952293396, 0.8687015771865845, 0.8703911900520325, 0.8650888800621033, 0.8501099348068237, 0.8516411185264587, 0.8416239023208618, 0.818133533000946, 0.801476001739502, 0.7912079095840454, 0.7821208238601685, 0.7715018391609192, 0.7573439478874207, 0.7518078088760376, 0.7399199604988098, 0.7340116500854492, 0.7281568646430969, 0.7151299715042114, 0.7082341909408569, 0.6946789622306824, 0.6865479350090027, 0.6810957789421082], "landscape_losses": [2.8121209144592285, 2.1648447513580322, 1.8442997932434082, 1.5807297229766846, 1.398287296295166, 1.2131736278533936, 1.0573339462280273, 0.9009068608283997, 0.7892248630523682, 0.7176068425178528, 0.6782233119010925], "proxy_train_time": 9.690721453167498, "proxy_train_epochs": 50, "dirty_bit": 1, "landscape_term": 9.722600714028873, "speed_term": 9.274396855333093, "mote": 8.09935547010745}