{"id": 11958, "adj_matrix": [[0, 1, 1, 1], [0, 0, 1, 1], [0, 0, 0, 1], [0, 0, 0, 0]], "operations": ["nor_conv_3x3", "nor_conv_1x1", "skip_connect", "skip_connect", "zeros", "skip_connect"], "init_channel": 16, "blck_len": 5, "params": 0.350196, "flops": 47.1105, "latency": 0.013867417971293131, "train_per_time": 13.928531924883508, "train_time_200": 2785.7063849767014, "train_accuracy_200": 0.91314, "test_accuracy_200": 0.6777999995117188, "train_time_12": 167.1423830986023, "train_accuracy_12": 0.57154, "test_accuracy_12": 0.5429999999389649, "valtest_accuracy_200": 0.6769, "valtest_accuracy_12": 0.5411, "proxy_losses": [2.5736331939697266, 2.006321430206299, 1.8515697717666626, 1.7573617696762085, 1.6812468767166138, 1.6280878782272339, 1.5782325267791748, 1.5356594324111938, 1.5014593601226807, 1.4654772281646729, 1.4342148303985596, 1.4075499773025513, 1.3805220127105713, 1.3533165454864502, 1.3333170413970947, 1.3148223161697388, 1.2951841354370117, 1.2799566984176636, 1.2659239768981934, 1.248641014099121, 1.2340182065963745, 1.2178142070770264, 1.2039635181427002, 1.1919536590576172, 1.183708667755127, 1.1680867671966553, 1.1550095081329346, 1.1424552202224731, 1.1274710893630981, 1.122979760169983, 1.1131610870361328, 1.1065611839294434, 1.0967750549316406, 1.083051323890686, 1.0732142925262451, 1.067482352256775, 1.056886076927185, 1.0458109378814697, 1.040199875831604, 1.0310627222061157, 1.0228238105773926, 1.0178014039993286, 1.0026161670684814, 1.001082420349121, 0.989337682723999, 0.9869582056999207, 0.9765369296073914, 0.9677232503890991, 0.9767873287200928, 0.9628719687461853], "landscape_losses": [2.6944117546081543, 2.2152016162872314, 1.9663043022155762, 1.758102536201477, 1.560456395149231, 1.39665949344635, 1.266374111175537, 1.147984504699707, 1.056906819343567, 0.9890008568763733, 0.9555984139442444], "proxy_train_time": 6.318465105257928, "proxy_train_epochs": 50, "dirty_bit": 1, "landscape_term": 7.921251638420812, "speed_term": 4.9941469205314695, "mote": 6.160753718320814}