{"id": 11960, "adj_matrix": [[0, 1, 1, 1], [0, 0, 1, 1], [0, 0, 0, 1], [0, 0, 0, 0]], "operations": ["avg_pool_3x3", "nor_conv_3x3", "nor_conv_1x1", "nor_conv_3x3", "skip_connect", "zeros"], "init_channel": 16, "blck_len": 5, "params": 0.593236, "flops": 82.49994, "latency": 0.016858869128757052, "train_per_time": 20.538230299949646, "train_time_200": 4107.646059989929, "train_accuracy_200": 0.8875800000000001, "test_accuracy_200": 0.6641999997558594, "train_time_12": 246.45876359939575, "train_accuracy_12": 0.46568, "test_accuracy_12": 0.44060000024414064, "valtest_accuracy_200": 0.6622, "valtest_accuracy_12": 0.4412, "proxy_losses": [2.543536424636841, 2.079620599746704, 1.914823055267334, 1.825667381286621, 1.7623018026351929, 1.7094570398330688, 1.664597988128662, 1.624995470046997, 1.5914371013641357, 1.5584707260131836, 1.5274784564971924, 1.4995509386062622, 1.472846508026123, 1.4492682218551636, 1.4262590408325195, 1.4038586616516113, 1.3824888467788696, 1.3610998392105103, 1.3410747051239014, 1.321714997291565, 1.3012938499450684, 1.2809104919433594, 1.2664700746536255, 1.2495968341827393, 1.2330665588378906, 1.2100203037261963, 1.1967231035232544, 1.1839207410812378, 1.165037989616394, 1.1538747549057007, 1.1357756853103638, 1.1202574968338013, 1.1145837306976318, 1.1009846925735474, 1.0875073671340942, 1.0765916109085083, 1.0659284591674805, 1.0506222248077393, 1.0370917320251465, 1.0227404832839966, 1.014995813369751, 1.00777006149292, 1.0062966346740723, 0.9868798851966858, 0.9770201444625854, 0.9706445336341858, 0.9668737053871155, 0.9511145353317261, 0.9450527429580688, 0.9358354210853577], "landscape_losses": [2.6647374629974365, 2.2735912799835205, 2.0552141666412354, 1.8503857851028442, 1.6762003898620605, 1.513992190361023, 1.3516731262207031, 1.216450572013855, 1.089674949645996, 0.9821924567222595, 0.9314010739326477], "proxy_train_time": 8.400750054046512, "proxy_train_epochs": 50, "dirty_bit": 1, "landscape_term": 7.670566438132004, "speed_term": 6.4347894032207344, "mote": 6.26236425414621}