{"id": 11973, "adj_matrix": [[0, 1, 1, 1], [0, 0, 1, 1], [0, 0, 0, 1], [0, 0, 0, 0]], "operations": ["nor_conv_3x3", "skip_connect", "zeros", "zeros", "nor_conv_1x1", "skip_connect"], "init_channel": 16, "blck_len": 5, "params": 0.350196, "flops": 47.1105, "latency": 0.0162074433432685, "train_per_time": 14.289790987968443, "train_time_200": 2857.9581975936885, "train_accuracy_200": 0.95794, "test_accuracy_200": 0.6960999996948243, "train_time_12": 171.4774918556213, "train_accuracy_12": 0.61492, "test_accuracy_12": 0.5672000002441406, "valtest_accuracy_200": 0.69595, "valtest_accuracy_12": 0.5624, "proxy_losses": [2.3389618396759033, 1.9441019296646118, 1.8057228326797485, 1.7157752513885498, 1.6504160165786743, 1.5961225032806396, 1.5470961332321167, 1.504422903060913, 1.465527892112732, 1.428011178970337, 1.3953642845153809, 1.3648532629013062, 1.33900785446167, 1.3106151819229126, 1.2839314937591553, 1.2638686895370483, 1.2382194995880127, 1.21439528465271, 1.1958101987838745, 1.1792168617248535, 1.166181206703186, 1.1474976539611816, 1.1319735050201416, 1.1119790077209473, 1.0934144258499146, 1.0811223983764648, 1.0654014348983765, 1.049423098564148, 1.0303702354431152, 1.0201865434646606, 1.0115156173706055, 0.9867396354675293, 0.9780564308166504, 0.9647912979125977, 0.9434048533439636, 0.9312630891799927, 0.920900285243988, 0.9192520380020142, 0.904966413974762, 0.8954833745956421, 0.8906402587890625, 0.8746148347854614, 0.8757636547088623, 0.853401780128479, 0.8472539186477661, 0.8396938443183899, 0.8289808630943298, 0.816382110118866, 0.8094345927238464, 0.7929224967956543], "landscape_losses": [2.4439642429351807, 2.1101038455963135, 1.8730230331420898, 1.6691802740097046, 1.476220965385437, 1.3021690845489502, 1.1532598733901978, 1.0197176933288574, 0.9027203917503357, 0.8293677568435669, 0.7878538370132446], "proxy_train_time": 6.9798073302954435, "proxy_train_epochs": 50, "dirty_bit": 1, "landscape_term": 8.891971383345972, "speed_term": 5.959081911317044, "mote": 6.992993770431144}