{"id": 12086, "adj_matrix": [[0, 1, 1, 1], [0, 0, 1, 1], [0, 0, 0, 1], [0, 0, 0, 0]], "operations": ["zeros", "avg_pool_3x3", "avg_pool_3x3", "nor_conv_1x1", "avg_pool_3x3", "nor_conv_3x3"], "init_channel": 16, "blck_len": 5, "params": 0.350196, "flops": 47.1105, "latency": 0.013575527403089736, "train_per_time": 20.70045729478206, "train_time_200": 4140.091458956412, "train_accuracy_200": 0.87685, "test_accuracy_200": 0.6684999999694824, "train_time_12": 248.40548753738406, "train_accuracy_12": 0.45106, "test_accuracy_12": 0.43699999969482417, "valtest_accuracy_200": 0.6705, "valtest_accuracy_12": 0.4336, "proxy_losses": [2.3771274089813232, 1.9650861024856567, 1.845680832862854, 1.7743078470230103, 1.7182685136795044, 1.66484534740448, 1.6201013326644897, 1.5785155296325684, 1.5370323657989502, 1.4979978799819946, 1.4611269235610962, 1.4282602071762085, 1.3944048881530762, 1.3624093532562256, 1.333720326423645, 1.3120957612991333, 1.282539963722229, 1.2617273330688477, 1.2357138395309448, 1.216785192489624, 1.1995350122451782, 1.1814426183700562, 1.159005045890808, 1.146104335784912, 1.132214069366455, 1.118327021598816, 1.1081480979919434, 1.0883965492248535, 1.0754797458648682, 1.0600035190582275, 1.054216742515564, 1.0418380498886108, 1.0330203771591187, 1.0262184143066406, 1.0090599060058594, 0.9996358156204224, 0.9932646751403809, 0.9875898361206055, 0.9814717769622803, 0.9656509757041931, 0.9520705342292786, 0.9541465044021606, 0.9370473623275757, 0.9351201057434082, 0.9236096739768982, 0.9158222675323486, 0.9164006114006042, 0.9043664932250977, 0.898818850517273, 0.8937798142433167], "landscape_losses": [2.4697117805480957, 2.1152491569519043, 1.908784031867981, 1.7192517518997192, 1.5442531108856201, 1.407657265663147, 1.263037085533142, 1.1501537561416626, 1.0304402112960815, 0.9469619393348694, 0.895272433757782], "proxy_train_time": 7.556989477016032, "proxy_train_epochs": 50, "dirty_bit": 1, "landscape_term": 8.14580511440216, "speed_term": 6.147937351998035, "mote": 6.5304573269062685}