{"id": 12083, "adj_matrix": [[0, 1, 1, 1], [0, 0, 1, 1], [0, 0, 0, 1], [0, 0, 0, 0]], "operations": ["nor_conv_1x1", "nor_conv_1x1", "nor_conv_3x3", "avg_pool_3x3", "skip_connect", "skip_connect"], "init_channel": 16, "blck_len": 5, "params": 0.378196, "flops": 51.04266, "latency": 0.01770133442348904, "train_per_time": 19.12779955069219, "train_time_200": 3825.5599101384373, "train_accuracy_200": 0.9547100000000001, "test_accuracy_200": 0.6650999996032715, "train_time_12": 229.53359460830686, "train_accuracy_12": 0.50916, "test_accuracy_12": 0.4848000001220703, "valtest_accuracy_200": 0.6667000000000001, "valtest_accuracy_12": 0.47850000000000004, "proxy_losses": [2.582826852798462, 2.0870919227600098, 1.859765648841858, 1.727225422859192, 1.6388570070266724, 1.572923183441162, 1.520371675491333, 1.475766658782959, 1.4359662532806396, 1.3985644578933716, 1.3634321689605713, 1.3300983905792236, 1.302526831626892, 1.2748429775238037, 1.2534621953964233, 1.2279139757156372, 1.2092838287353516, 1.1909983158111572, 1.1718367338180542, 1.157143235206604, 1.1390221118927002, 1.1251583099365234, 1.1101469993591309, 1.092389464378357, 1.0746231079101562, 1.0621377229690552, 1.045593023300171, 1.035882830619812, 1.0264036655426025, 1.0111314058303833, 1.0002750158309937, 0.9841859340667725, 0.974440336227417, 0.9658908247947693, 0.9590551853179932, 0.9466716647148132, 0.9334237575531006, 0.9227603673934937, 0.9097083210945129, 0.9045819044113159, 0.8990137577056885, 0.8894025683403015, 0.8739420771598816, 0.8720734119415283, 0.8601655960083008, 0.8627135753631592, 0.8495745062828064, 0.8407794833183289, 0.8314750790596008, 0.8175370693206787], "landscape_losses": [2.6966054439544678, 2.314767599105835, 2.0346262454986572, 1.8163810968399048, 1.588386058807373, 1.3967324495315552, 1.2217544317245483, 1.0711501836776733, 0.9443359375, 0.8677619099617004, 0.8176262378692627], "proxy_train_time": 7.231506536714733, "proxy_train_epochs": 50, "dirty_bit": 1, "landscape_term": 8.376866769991588, "speed_term": 6.170116146235774, "mote": 6.689124491912262}