{"id": 12085, "adj_matrix": [[0, 1, 1, 1], [0, 0, 1, 1], [0, 0, 0, 1], [0, 0, 0, 0]], "operations": ["avg_pool_3x3", "avg_pool_3x3", "avg_pool_3x3", "skip_connect", "nor_conv_3x3", "zeros"], "init_channel": 16, "blck_len": 5, "params": 0.322196, "flops": 43.17834, "latency": 0.015079908900790744, "train_per_time": 17.08839726448059, "train_time_200": 3417.679452896118, "train_accuracy_200": 0.83643, "test_accuracy_200": 0.6340000002441406, "train_time_12": 205.0607671737671, "train_accuracy_12": 0.50612, "test_accuracy_12": 0.4864000001220703, "valtest_accuracy_200": 0.6335000000000001, "valtest_accuracy_12": 0.4844, "proxy_losses": [2.4628453254699707, 1.9846351146697998, 1.836792230606079, 1.7575255632400513, 1.704275369644165, 1.6567655801773071, 1.6188745498657227, 1.5889062881469727, 1.5574283599853516, 1.5293149948120117, 1.498673677444458, 1.47222900390625, 1.447951316833496, 1.424289584159851, 1.4011605978012085, 1.3817049264907837, 1.3581411838531494, 1.3372446298599243, 1.3143864870071411, 1.2964047193527222, 1.2758082151412964, 1.2682552337646484, 1.2552992105484009, 1.2350679636001587, 1.2244515419006348, 1.2071508169174194, 1.186540126800537, 1.1700576543807983, 1.1620047092437744, 1.1464824676513672, 1.1366010904312134, 1.1292890310287476, 1.1191182136535645, 1.1006830930709839, 1.085330605506897, 1.0785449743270874, 1.0659199953079224, 1.057157039642334, 1.047120213508606, 1.0377455949783325, 1.0334662199020386, 1.028443694114685, 1.0248570442199707, 1.013683557510376, 1.0052977800369263, 0.9966827034950256, 0.9895692467689514, 0.982273519039154, 0.9741997122764587, 0.9618782997131348], "landscape_losses": [2.599829912185669, 2.1971123218536377, 1.9643151760101318, 1.7925599813461304, 1.6347285509109497, 1.530869960784912, 1.3566821813583374, 1.2450822591781616, 1.1291087865829468, 1.0217124223709106, 0.9720023274421692], "proxy_train_time": 6.2559026861563325, "proxy_train_epochs": 50, "dirty_bit": 1, "landscape_term": 7.605133234942752, "speed_term": 4.839892518059235, "mote": 5.9166977988983085}