{"id": 12090, "adj_matrix": [[0, 1, 1, 1], [0, 0, 1, 1], [0, 0, 0, 1], [0, 0, 0, 0]], "operations": ["zeros", "avg_pool_3x3", "nor_conv_1x1", "zeros", "skip_connect", "nor_conv_1x1"], "init_channel": 16, "blck_len": 5, "params": 0.135156, "flops": 15.65322, "latency": 0.015089918065954139, "train_per_time": 15.46711003780365, "train_time_200": 3093.42200756073, "train_accuracy_200": 0.6120466666666666, "test_accuracy_200": 0.5024666663208007, "train_time_12": 185.6053204536438, "train_accuracy_12": 0.2349, "test_accuracy_12": 0.2369999998168945, "valtest_accuracy_200": 0.5000333333333333, "valtest_accuracy_12": 0.2318, "proxy_losses": [2.346889019012451, 2.1426212787628174, 2.040560245513916, 1.9760228395462036, 1.9234496355056763, 1.8818778991699219, 1.845176339149475, 1.812861680984497, 1.7825195789337158, 1.7557412385940552, 1.7318987846374512, 1.7071382999420166, 1.6849989891052246, 1.6634857654571533, 1.6437495946884155, 1.6246675252914429, 1.6058638095855713, 1.5884655714035034, 1.571406364440918, 1.5565311908721924, 1.541000485420227, 1.5235722064971924, 1.511693000793457, 1.4969393014907837, 1.4819285869598389, 1.46934175491333, 1.4547303915023804, 1.439603328704834, 1.4272880554199219, 1.416869878768921, 1.401318907737732, 1.3927477598190308, 1.3813745975494385, 1.3694891929626465, 1.354430913925171, 1.344496250152588, 1.3389700651168823, 1.3248165845870972, 1.313511848449707, 1.3046139478683472, 1.297048807144165, 1.2884348630905151, 1.2792730331420898, 1.268432378768921, 1.2600362300872803, 1.2497828006744385, 1.2415704727172852, 1.233400583267212, 1.224708080291748, 1.2179324626922607], "landscape_losses": [2.3904058933258057, 2.216627836227417, 2.0741734504699707, 1.936371088027954, 1.7974486351013184, 1.6652400493621826, 1.5348113775253296, 1.41539466381073, 1.3159326314926147, 1.254204273223877, 1.2187426090240479], "proxy_train_time": 6.831882666796446, "proxy_train_epochs": 50, "dirty_bit": 1, "landscape_term": 6.760698552430472, "speed_term": 4.451591530805913, "mote": 5.26149557160634}