{"id": 12102, "adj_matrix": [[0, 1, 1, 1], [0, 0, 1, 1], [0, 0, 0, 1], [0, 0, 0, 0]], "operations": ["nor_conv_3x3", "avg_pool_3x3", "avg_pool_3x3", "zeros", "avg_pool_3x3", "nor_conv_3x3"], "init_channel": 16, "blck_len": 5, "params": 0.565236, "flops": 78.56778, "latency": 0.013945831192864312, "train_per_time": 21.98443313439691, "train_time_200": 4396.886626879382, "train_accuracy_200": 0.8769499999999999, "test_accuracy_200": 0.624299999572754, "train_time_12": 263.8131976127625, "train_accuracy_12": 0.2962, "test_accuracy_12": 0.29320000006103514, "valtest_accuracy_200": 0.6225499999999999, "valtest_accuracy_12": 0.2928, "proxy_losses": [2.332925796508789, 1.8587405681610107, 1.7377464771270752, 1.6505414247512817, 1.5830883979797363, 1.5206609964370728, 1.4627211093902588, 1.406100869178772, 1.3560880422592163, 1.309745192527771, 1.2660021781921387, 1.225278615951538, 1.197577714920044, 1.148611068725586, 1.1200265884399414, 1.0905487537384033, 1.0650935173034668, 1.0369590520858765, 1.0040761232376099, 0.9818568229675293, 0.9639304876327515, 0.9412882924079895, 0.9204002022743225, 0.9161476492881775, 0.890760064125061, 0.8872992396354675, 0.862941324710846, 0.8502349853515625, 0.845139741897583, 0.8400496244430542, 0.8302243947982788, 0.8068161010742188, 0.7925605177879333, 0.7781201004981995, 0.7699151635169983, 0.7608206272125244, 0.7560119032859802, 0.7558998465538025, 0.7488523721694946, 0.7294658422470093, 0.7165361046791077, 0.7139392495155334, 0.7052110433578491, 0.6941654682159424, 0.684666097164154, 0.6812455058097839, 0.681187093257904, 0.6832630634307861, 0.6713358163833618, 0.6642969250679016], "landscape_losses": [2.430429220199585, 2.0115697383880615, 1.747642993927002, 1.5458146333694458, 1.3555341958999634, 1.176956057548523, 1.0249285697937012, 0.8822066187858582, 0.7881311774253845, 0.6817327737808228, 0.6431273221969604], "proxy_train_time": 7.974013494327664, "proxy_train_epochs": 50, "dirty_bit": 1, "landscape_term": 10.114823278670002, "speed_term": 7.833463278118846, "mote": 8.12335139912938}