{"id": 1217, "adj_matrix": [[0, 1, 1, 1], [0, 0, 1, 1], [0, 0, 0, 1], [0, 0, 0, 0]], "operations": ["skip_connect", "nor_conv_1x1", "nor_conv_1x1", "nor_conv_3x3", "nor_conv_1x1", "nor_conv_1x1"], "init_channel": 16, "blck_len": 5, "params": 0.434196, "flops": 58.90698, "latency": 0.02020489286493372, "train_per_time": 25.192212661107373, "train_time_200": 5038.442532221475, "train_accuracy_200": 0.9489466666666665, "test_accuracy_200": 0.6943999996744792, "train_time_12": 302.3065519332886, "train_accuracy_12": 0.51024, "test_accuracy_12": 0.4905999994506836, "valtest_accuracy_200": 0.6949666666666667, "valtest_accuracy_12": 0.4903, "proxy_losses": [2.246062755584717, 1.857679843902588, 1.716569185256958, 1.625986099243164, 1.5667370557785034, 1.5116312503814697, 1.4652199745178223, 1.4273167848587036, 1.3969454765319824, 1.3694623708724976, 1.3424040079116821, 1.3169944286346436, 1.2936755418777466, 1.2733696699142456, 1.2536910772323608, 1.2344962358474731, 1.2163337469100952, 1.1965687274932861, 1.1772394180297852, 1.1618012189865112, 1.1432663202285767, 1.1286121606826782, 1.110520362854004, 1.0939403772354126, 1.0781986713409424, 1.0667921304702759, 1.0559430122375488, 1.0487728118896484, 1.0402650833129883, 1.023576021194458, 1.0096361637115479, 0.9978845715522766, 0.9837029576301575, 0.9716598391532898, 0.9618275165557861, 0.9458433389663696, 0.9424399137496948, 0.9325743913650513, 0.9158886671066284, 0.9060892462730408, 0.9047753810882568, 0.8884650468826294, 0.8764697313308716, 0.8705837726593018, 0.862771213054657, 0.8582523465156555, 0.8526321053504944, 0.8387758731842041, 0.8281198143959045, 0.826714277267456], "landscape_losses": [2.3230245113372803, 2.0100011825561523, 1.7981159687042236, 1.6249905824661255, 1.4657727479934692, 1.3323845863342285, 1.1954773664474487, 1.06369948387146, 0.9669356346130371, 0.8708072304725647, 0.8231399655342102], "proxy_train_time": 9.6824606442824, "proxy_train_epochs": 50, "dirty_bit": 1, "landscape_term": 8.70629540318133, "speed_term": 8.40269958562827, "mote": 7.29107750095873}