{"id": 12178, "adj_matrix": [[0, 1, 1, 1], [0, 0, 1, 1], [0, 0, 0, 1], [0, 0, 0, 0]], "operations": ["skip_connect", "avg_pool_3x3", "zeros", "nor_conv_3x3", "skip_connect", "nor_conv_3x3"], "init_channel": 16, "blck_len": 5, "params": 0.565236, "flops": 78.56778, "latency": 0.014418217870924207, "train_per_time": 17.358868400255794, "train_time_200": 3471.773680051159, "train_accuracy_200": 0.9502466666666668, "test_accuracy_200": 0.679333332804362, "train_time_12": 208.30642080307004, "train_accuracy_12": 0.55978, "test_accuracy_12": 0.5245999999389648, "valtest_accuracy_200": 0.6760666666666667, "valtest_accuracy_12": 0.5264, "proxy_losses": [2.5336105823516846, 1.9719663858413696, 1.7966666221618652, 1.6915154457092285, 1.611351490020752, 1.5490199327468872, 1.5025397539138794, 1.4569828510284424, 1.4232476949691772, 1.3824882507324219, 1.3483701944351196, 1.3173562288284302, 1.2897411584854126, 1.2638144493103027, 1.2404760122299194, 1.220436692237854, 1.1989144086837769, 1.1771944761276245, 1.1548502445220947, 1.1401183605194092, 1.1228667497634888, 1.107372760772705, 1.100325584411621, 1.0791808366775513, 1.063190221786499, 1.0467703342437744, 1.0321992635726929, 1.0168023109436035, 1.0077476501464844, 0.9848901629447937, 0.9727486371994019, 0.9630630612373352, 0.9619787931442261, 0.9530429840087891, 0.9416491985321045, 0.9280977249145508, 0.914904773235321, 0.9082798957824707, 0.9026041030883789, 0.8957539200782776, 0.8866400122642517, 0.8788728713989258, 0.8718932867050171, 0.8696516752243042, 0.8522010445594788, 0.8446556925773621, 0.839062511920929, 0.8301166296005249, 0.8323665261268616, 0.8211174011230469], "landscape_losses": [2.6475071907043457, 2.157355546951294, 1.888095736503601, 1.6603055000305176, 1.4612070322036743, 1.2735717296600342, 1.128273844718933, 1.0064293146133423, 0.911149799823761, 0.8478161096572876, 0.828083872795105], "proxy_train_time": 7.068479361943901, "proxy_train_epochs": 50, "dirty_bit": 1, "landscape_term": 8.807280221413171, "speed_term": 6.125123611976574, "mote": 6.967364846559843}