{"id": 12189, "adj_matrix": [[0, 1, 1, 1], [0, 0, 1, 1], [0, 0, 0, 1], [0, 0, 0, 0]], "operations": ["skip_connect", "skip_connect", "skip_connect", "nor_conv_1x1", "nor_conv_3x3", "zeros"], "init_channel": 16, "blck_len": 5, "params": 0.350196, "flops": 47.1105, "latency": 0.013374929074887876, "train_per_time": 13.994207223256446, "train_time_200": 2798.8414446512893, "train_accuracy_200": 0.9157466666666666, "test_accuracy_200": 0.6847333332926432, "train_time_12": 167.93048667907715, "train_accuracy_12": 0.51528, "test_accuracy_12": 0.49520000000000003, "valtest_accuracy_200": 0.6829999999999999, "valtest_accuracy_12": 0.49310000000000004, "proxy_losses": [2.499734878540039, 2.053662061691284, 1.9081456661224365, 1.817447304725647, 1.7448161840438843, 1.682877540588379, 1.6294186115264893, 1.5859161615371704, 1.5447745323181152, 1.5068267583847046, 1.471253752708435, 1.4394619464874268, 1.4101412296295166, 1.3801493644714355, 1.3551087379455566, 1.3330239057540894, 1.3080072402954102, 1.2832634449005127, 1.2639130353927612, 1.2398111820220947, 1.2229918241500854, 1.203719973564148, 1.1829367876052856, 1.165177822113037, 1.1512374877929688, 1.1330358982086182, 1.1215628385543823, 1.1098195314407349, 1.0934501886367798, 1.0791468620300293, 1.0581473112106323, 1.0465956926345825, 1.0325884819030762, 1.0212345123291016, 1.0147539377212524, 0.998043954372406, 0.986487865447998, 0.9798175096511841, 0.966464638710022, 0.9582729339599609, 0.9557341933250427, 0.9417238235473633, 0.9389474391937256, 0.939734160900116, 0.915336012840271, 0.9038578271865845, 0.8965377807617188, 0.8942998051643372, 0.8883231282234192, 0.8828558325767517], "landscape_losses": [2.5974738597869873, 2.2294163703918457, 1.997977375984192, 1.789044737815857, 1.5894221067428589, 1.4171797037124634, 1.2668448686599731, 1.1190890073776245, 1.0097965002059937, 0.913745105266571, 0.8705077171325684], "proxy_train_time": 6.87451331038028, "proxy_train_epochs": 50, "dirty_bit": 1, "landscape_term": 8.144184454081234, "speed_term": 5.531419443557237, "mote": 6.414603032251081}