{"id": 12252, "adj_matrix": [[0, 1, 1, 1], [0, 0, 1, 1], [0, 0, 0, 1], [0, 0, 0, 0]], "operations": ["skip_connect", "zeros", "nor_conv_1x1", "zeros", "nor_conv_3x3", "skip_connect"], "init_channel": 16, "blck_len": 5, "params": 0.350196, "flops": 47.1105, "latency": 0.013541848571212203, "train_per_time": 14.325169761975628, "train_time_200": 2865.0339523951257, "train_accuracy_200": 0.9136266666666666, "test_accuracy_200": 0.6813999995524089, "train_time_12": 171.9020371437073, "train_accuracy_12": 0.51528, "test_accuracy_12": 0.49520000000000003, "valtest_accuracy_200": 0.6799333333333334, "valtest_accuracy_12": 0.49310000000000004, "proxy_losses": [2.3084676265716553, 1.9809983968734741, 1.8559209108352661, 1.775424838066101, 1.7128125429153442, 1.6613857746124268, 1.616565227508545, 1.5764168500900269, 1.542481541633606, 1.510151982307434, 1.4784696102142334, 1.4493658542633057, 1.422756552696228, 1.3975948095321655, 1.374842643737793, 1.348946452140808, 1.3252876996994019, 1.3035888671875, 1.2815829515457153, 1.2592511177062988, 1.2452774047851562, 1.2275047302246094, 1.2048990726470947, 1.183733344078064, 1.164731502532959, 1.1493992805480957, 1.1346937417984009, 1.1186610460281372, 1.103293538093567, 1.0902048349380493, 1.0768208503723145, 1.0699013471603394, 1.0470114946365356, 1.0354406833648682, 1.0264506340026855, 1.014657974243164, 0.9976415038108826, 0.9995401501655579, 0.9840482473373413, 0.9711194038391113, 0.9594627022743225, 0.9540185332298279, 0.939224123954773, 0.9271838665008545, 0.9211651086807251, 0.9109013676643372, 0.9005470871925354, 0.8946153521537781, 0.8828970789909363, 0.8688955903053284], "landscape_losses": [2.3925561904907227, 2.0989644527435303, 1.9041601419448853, 1.7273869514465332, 1.5571297407150269, 1.3814659118652344, 1.2371100187301636, 1.120186686515808, 1.012391448020935, 0.9256241321563721, 0.8834823369979858], "proxy_train_time": 6.465223174542189, "proxy_train_epochs": 50, "dirty_bit": 1, "landscape_term": 8.265580191942204, "speed_term": 5.198273553014566, "mote": 6.431863091280512}