{"id": 12335, "adj_matrix": [[0, 1, 1, 1], [0, 0, 1, 1], [0, 0, 0, 1], [0, 0, 0, 0]], "operations": ["zeros", "nor_conv_1x1", "nor_conv_1x1", "skip_connect", "nor_conv_3x3", "zeros"], "init_channel": 16, "blck_len": 5, "params": 0.378196, "flops": 51.04266, "latency": 0.01590870486365424, "train_per_time": 18.124125162760368, "train_time_200": 3624.8250325520735, "train_accuracy_200": 0.6320600000000001, "test_accuracy_200": 0.5853999998779297, "train_time_12": 217.48950195312497, "train_accuracy_12": 0.45138, "test_accuracy_12": 0.43920000018310545, "valtest_accuracy_200": 0.58175, "valtest_accuracy_12": 0.4379, "proxy_losses": [2.4714748859405518, 2.3608944416046143, 2.268101453781128, 2.194589376449585, 2.1418609619140625, 2.100468397140503, 2.066722869873047, 2.037587881088257, 2.01143479347229, 1.9884036779403687, 1.9654771089553833, 1.9465750455856323, 1.9305609464645386, 1.9150463342666626, 1.9006613492965698, 1.8885632753372192, 1.876821517944336, 1.8649042844772339, 1.853811502456665, 1.8441144227981567, 1.8331577777862549, 1.823664665222168, 1.813928484916687, 1.8055462837219238, 1.7969419956207275, 1.787833571434021, 1.7815265655517578, 1.7732570171356201, 1.7676681280136108, 1.7618894577026367, 1.75528883934021, 1.7497814893722534, 1.744337558746338, 1.7399834394454956, 1.7360827922821045, 1.729946255683899, 1.72554612159729, 1.7214796543121338, 1.7168546915054321, 1.7133678197860718, 1.708592176437378, 1.7051068544387817, 1.7014695405960083, 1.698388695716858, 1.6943570375442505, 1.6908115148544312, 1.686775803565979, 1.683583378791809, 1.680964469909668, 1.6781063079833984], "landscape_losses": [2.4929213523864746, 2.3766586780548096, 2.2589290142059326, 2.134916305541992, 2.020658493041992, 1.9172112941741943, 1.8337925672531128, 1.7667471170425415, 1.7244017124176025, 1.6937984228134155, 1.674678087234497], "proxy_train_time": 8.372385802678764, "proxy_train_epochs": 50, "dirty_bit": 1, "landscape_term": 5.628223668377693, "speed_term": 4.509316404523978, "mote": 4.484207427570992}