{"id": 12346, "adj_matrix": [[0, 1, 1, 1], [0, 0, 1, 1], [0, 0, 0, 1], [0, 0, 0, 0]], "operations": ["zeros", "nor_conv_1x1", "nor_conv_1x1", "zeros", "nor_conv_1x1", "skip_connect"], "init_channel": 16, "blck_len": 5, "params": 0.163156, "flops": 19.58538, "latency": 0.01634416315290663, "train_per_time": 17.240979711214656, "train_time_200": 3448.1959422429313, "train_accuracy_200": 0.7146799999999999, "test_accuracy_200": 0.6230000002746582, "train_time_12": 206.8917565345764, "train_accuracy_12": 0.42335999999999996, "test_accuracy_12": 0.41539999951171874, "valtest_accuracy_200": 0.6226999999999999, "valtest_accuracy_12": 0.4133, "proxy_losses": [2.384012222290039, 2.1948394775390625, 2.0908446311950684, 2.021378517150879, 1.9651232957839966, 1.9173589944839478, 1.8749724626541138, 1.8380922079086304, 1.8056303262710571, 1.7773107290267944, 1.7506306171417236, 1.7262742519378662, 1.703308343887329, 1.6817238330841064, 1.6610621213912964, 1.6414101123809814, 1.6227819919586182, 1.6076380014419556, 1.5916210412979126, 1.5748324394226074, 1.5602812767028809, 1.547248363494873, 1.5351511240005493, 1.5227910280227661, 1.508653163909912, 1.4930787086486816, 1.4834835529327393, 1.4715046882629395, 1.4601259231567383, 1.4462205171585083, 1.4360101222991943, 1.424670934677124, 1.4157543182373047, 1.4039078950881958, 1.3939472436904907, 1.3850091695785522, 1.3759618997573853, 1.3662018775939941, 1.356370210647583, 1.348731279373169, 1.3373018503189087, 1.3275001049041748, 1.3198599815368652, 1.3152137994766235, 1.3040364980697632, 1.2958149909973145, 1.2897043228149414, 1.2797662019729614, 1.2724055051803589, 1.2635290622711182], "landscape_losses": [2.4253921508789062, 2.2578847408294678, 2.109910726547241, 1.967007040977478, 1.8259273767471313, 1.6915366649627686, 1.5743327140808105, 1.46877920627594, 1.374723196029663, 1.3049038648605347, 1.259812355041504], "proxy_train_time": 7.60572595987469, "proxy_train_epochs": 50, "dirty_bit": 1, "landscape_term": 6.579937920757128, "speed_term": 4.852380393515441, "mote": 5.218246754275526}