{"id": 12429, "adj_matrix": [[0, 1, 1, 1], [0, 0, 1, 1], [0, 0, 0, 1], [0, 0, 0, 0]], "operations": ["skip_connect", "avg_pool_3x3", "skip_connect", "nor_conv_3x3", "skip_connect", "nor_conv_3x3"], "init_channel": 16, "blck_len": 5, "params": 0.565236, "flops": 78.56778, "latency": 0.013772664246735749, "train_per_time": 16.903125246365907, "train_time_200": 3380.625049273181, "train_accuracy_200": 0.9324066666666666, "test_accuracy_200": 0.6755999994710287, "train_time_12": 202.8375029563904, "train_accuracy_12": 0.55826, "test_accuracy_12": 0.5155999998168945, "valtest_accuracy_200": 0.6738, "valtest_accuracy_12": 0.5239, "proxy_losses": [2.419738292694092, 1.8581013679504395, 1.6813511848449707, 1.5822303295135498, 1.5132519006729126, 1.4595365524291992, 1.4163445234298706, 1.378237247467041, 1.3478060960769653, 1.3166900873184204, 1.289393663406372, 1.2636278867721558, 1.2419439554214478, 1.2186652421951294, 1.1938626766204834, 1.1764702796936035, 1.1556278467178345, 1.1405397653579712, 1.1167166233062744, 1.098708152770996, 1.0833779573440552, 1.076470971107483, 1.0777418613433838, 1.0422042608261108, 1.0313901901245117, 1.0213165283203125, 1.0045362710952759, 0.9975687265396118, 0.9793196320533752, 0.9680321216583252, 0.9540674686431885, 0.9380381107330322, 0.9290986061096191, 0.930420994758606, 0.9205083250999451, 0.9195079803466797, 0.9087859392166138, 0.8939072489738464, 0.8818967938423157, 0.8750590682029724, 0.8679999709129333, 0.867071270942688, 0.8528738021850586, 0.8431600332260132, 0.8313233256340027, 0.8268133997917175, 0.8195032477378845, 0.8148201107978821, 0.8112186789512634, 0.8075602650642395], "landscape_losses": [2.5568621158599854, 2.0737154483795166, 1.7979326248168945, 1.5686185359954834, 1.391229271888733, 1.2489550113677979, 1.127699375152588, 1.011589527130127, 0.9157814383506775, 0.842019259929657, 0.7952016592025757], "proxy_train_time": 6.528953048400581, "proxy_train_epochs": 50, "dirty_bit": 1, "landscape_term": 8.99891870696246, "speed_term": 5.866671871992155, "mote": 7.0466516751048625}