{"id": 12446, "adj_matrix": [[0, 1, 1, 1], [0, 0, 1, 1], [0, 0, 0, 1], [0, 0, 0, 0]], "operations": ["zeros", "nor_conv_1x1", "avg_pool_3x3", "nor_conv_3x3", "nor_conv_3x3", "zeros"], "init_channel": 16, "blck_len": 5, "params": 0.593236, "flops": 82.49994, "latency": 0.0180439551671346, "train_per_time": 21.276075800259957, "train_time_200": 4255.215160051991, "train_accuracy_200": 0.90696, "test_accuracy_200": 0.6701999993896485, "train_time_12": 255.31290960311892, "train_accuracy_12": 0.48591999999999996, "test_accuracy_12": 0.46439999932861326, "valtest_accuracy_200": 0.6707500000000001, "valtest_accuracy_12": 0.4685, "proxy_losses": [2.2236530780792236, 1.9461941719055176, 1.8425724506378174, 1.7708908319473267, 1.7191758155822754, 1.6706029176712036, 1.6297986507415771, 1.5917869806289673, 1.557390570640564, 1.5252419710159302, 1.4933254718780518, 1.46351957321167, 1.4355581998825073, 1.4109607934951782, 1.3848093748092651, 1.3612232208251953, 1.3375881910324097, 1.3154207468032837, 1.2984387874603271, 1.2743054628372192, 1.2589906454086304, 1.2419451475143433, 1.223254919052124, 1.2016785144805908, 1.187191367149353, 1.1732077598571777, 1.157549262046814, 1.1472326517105103, 1.133603811264038, 1.1122112274169922, 1.099542498588562, 1.091742992401123, 1.07521653175354, 1.0581817626953125, 1.049391508102417, 1.0321300029754639, 1.0170856714248657, 1.0016592741012573, 0.9922599792480469, 1.0009703636169434, 0.9775280952453613, 0.9631341695785522, 0.9492406249046326, 0.9334363341331482, 0.9269877076148987, 0.9199827909469604, 0.9158572554588318, 0.8988195061683655, 0.8852841854095459, 0.8832557797431946], "landscape_losses": [2.3012144565582275, 2.04198956489563, 1.8634822368621826, 1.7068023681640625, 1.5498117208480835, 1.4146538972854614, 1.2766259908676147, 1.1622521877288818, 1.043534278869629, 0.9389371275901794, 0.8815979361534119], "proxy_train_time": 9.251715198159218, "proxy_train_epochs": 50, "dirty_bit": 1, "landscape_term": 8.200251725246092, "speed_term": 7.3705890876569455, "mote": 6.782254525917409}