{"id": 12491, "adj_matrix": [[0, 1, 1, 1], [0, 0, 1, 1], [0, 0, 0, 1], [0, 0, 0, 0]], "operations": ["nor_conv_3x3", "nor_conv_3x3", "nor_conv_3x3", "nor_conv_3x3", "zeros", "nor_conv_3x3"], "init_channel": 16, "blck_len": 5, "params": 1.294356, "flops": 184.7361, "latency": 0.019508911503685847, "train_per_time": 29.763551235198975, "train_time_200": 5952.710247039795, "train_accuracy_200": 0.99664, "test_accuracy_200": 0.7040999991455078, "train_time_12": 357.1626148223877, "train_accuracy_12": 0.46308, "test_accuracy_12": 0.4414000001220703, "valtest_accuracy_200": 0.70525, "valtest_accuracy_12": 0.445, "proxy_losses": [2.217369794845581, 1.771115779876709, 1.6359400749206543, 1.555646300315857, 1.4880881309509277, 1.4271178245544434, 1.367385983467102, 1.3219819068908691, 1.270042896270752, 1.2158203125, 1.1614375114440918, 1.1172752380371094, 1.0784279108047485, 1.0426427125930786, 1.0057473182678223, 0.9659481644630432, 0.9362332224845886, 0.8998916745185852, 0.8822113275527954, 0.8675137758255005, 0.8408833146095276, 0.8142787218093872, 0.7962768077850342, 0.7769365906715393, 0.7575196027755737, 0.7301307916641235, 0.7165623307228088, 0.698822557926178, 0.6801022291183472, 0.6691139340400696, 0.6443241834640503, 0.6396671533584595, 0.6289315223693848, 0.6100622415542603, 0.5950889587402344, 0.5944839119911194, 0.5786325931549072, 0.5639331340789795, 0.5591924786567688, 0.5360490679740906, 0.5195378661155701, 0.5103685259819031, 0.49603480100631714, 0.4918961822986603, 0.47346219420433044, 0.4760288596153259, 0.4566117227077484, 0.44627246260643005, 0.4449314475059509, 0.44849321246147156], "landscape_losses": [2.350308895111084, 1.9270163774490356, 1.6947299242019653, 1.4906150102615356, 1.2999099493026733, 1.11211097240448, 0.9442353248596191, 0.7769887447357178, 0.6027222871780396, 0.4870007336139679, 0.43238022923469543], "proxy_train_time": 12.00499324221164, "proxy_train_epochs": 50, "dirty_bit": 1, "landscape_term": 12.245197455504389, "speed_term": 13.823481252113373, "mote": 10.376300611553237}