{"id": 12507, "adj_matrix": [[0, 1, 1, 1], [0, 0, 1, 1], [0, 0, 0, 1], [0, 0, 0, 0]], "operations": ["avg_pool_3x3", "nor_conv_1x1", "zeros", "nor_conv_1x1", "zeros", "skip_connect"], "init_channel": 16, "blck_len": 5, "params": 0.135156, "flops": 15.65322, "latency": 0.014325234625074599, "train_per_time": 15.448991576830515, "train_time_200": 3089.798315366103, "train_accuracy_200": 0.72737, "test_accuracy_200": 0.6298999993591309, "train_time_12": 185.38789892196652, "train_accuracy_12": 0.41458, "test_accuracy_12": 0.4040000002441406, "valtest_accuracy_200": 0.6281, "valtest_accuracy_12": 0.40369999999999995, "proxy_losses": [2.3276522159576416, 2.082700490951538, 1.975287914276123, 1.9020984172821045, 1.843966007232666, 1.7928810119628906, 1.749026894569397, 1.7073638439178467, 1.668914794921875, 1.6348730325698853, 1.6060224771499634, 1.5784244537353516, 1.5562937259674072, 1.5346508026123047, 1.511841058731079, 1.495253324508667, 1.4773088693618774, 1.4608855247497559, 1.4430853128433228, 1.4274564981460571, 1.412650227546692, 1.3988888263702393, 1.3853665590286255, 1.3721230030059814, 1.3609999418258667, 1.3494019508361816, 1.337897777557373, 1.328342318534851, 1.3168238401412964, 1.3065922260284424, 1.2957414388656616, 1.287540078163147, 1.278151512145996, 1.2650758028030396, 1.2563165426254272, 1.2501685619354248, 1.240472674369812, 1.2322019338607788, 1.2237211465835571, 1.2153834104537964, 1.2067770957946777, 1.2037101984024048, 1.1953871250152588, 1.1876574754714966, 1.1805135011672974, 1.1734603643417358, 1.1623470783233643, 1.1616899967193604, 1.1549729108810425, 1.1447594165802002], "landscape_losses": [2.3908016681671143, 2.159703016281128, 1.9896306991577148, 1.8376981019973755, 1.6814894676208496, 1.551804542541504, 1.424924612045288, 1.3166775703430176, 1.230093002319336, 1.1688345670700073, 1.1416808366775513], "proxy_train_time": 6.610685485415161, "proxy_train_epochs": 50, "dirty_bit": 1, "landscape_term": 7.172863272825951, "speed_term": 4.612463032385328, "mote": 5.57696828307055}