{"id": 1255, "adj_matrix": [[0, 1, 1, 1], [0, 0, 1, 1], [0, 0, 0, 1], [0, 0, 0, 0]], "operations": ["nor_conv_3x3", "skip_connect", "zeros", "nor_conv_1x1", "nor_conv_3x3", "zeros"], "init_channel": 16, "blck_len": 5, "params": 0.593236, "flops": 82.49994, "latency": 0.016454281630339445, "train_per_time": 18.929190198580372, "train_time_200": 3785.838039716074, "train_accuracy_200": 0.97714, "test_accuracy_200": 0.6925999998779296, "train_time_12": 227.15028238296506, "train_accuracy_12": 0.5258400000000001, "test_accuracy_12": 0.5037999996948241, "valtest_accuracy_200": 0.6904666666666667, "valtest_accuracy_12": 0.5018, "proxy_losses": [2.346505880355835, 1.948512315750122, 1.8121421337127686, 1.7221958637237549, 1.6462572813034058, 1.5747904777526855, 1.5081292390823364, 1.4514198303222656, 1.3976080417633057, 1.3487598896026611, 1.2990131378173828, 1.2556443214416504, 1.2112547159194946, 1.172649621963501, 1.135732889175415, 1.100250005722046, 1.0775508880615234, 1.0504652261734009, 1.0295417308807373, 1.0048447847366333, 0.982277512550354, 0.9577451944351196, 0.9396282434463501, 0.9170421957969666, 0.8983507752418518, 0.8767263889312744, 0.868452250957489, 0.8542882800102234, 0.8367788791656494, 0.8188076615333557, 0.8072769641876221, 0.8001673817634583, 0.7915234565734863, 0.7812184691429138, 0.7648962736129761, 0.7552187442779541, 0.7461241483688354, 0.7398439645767212, 0.7349380850791931, 0.7277891039848328, 0.712299644947052, 0.694995105266571, 0.6905275583267212, 0.6874667406082153, 0.6727240085601807, 0.6665074229240417, 0.6634182333946228, 0.6507105231285095, 0.6359410881996155, 0.6273133754730225], "landscape_losses": [2.46785831451416, 2.099518060684204, 1.8602826595306396, 1.645047903060913, 1.4502617120742798, 1.2334192991256714, 1.069597601890564, 0.9123404026031494, 0.7748385667800903, 0.6737586259841919, 0.6206343173980713], "proxy_train_time": 8.816374170593917, "proxy_train_epochs": 50, "dirty_bit": 1, "landscape_term": 9.944302589765849, "speed_term": 8.577196315264137, "mote": 8.1338307998554}