{"id": 12577, "adj_matrix": [[0, 1, 1, 1], [0, 0, 1, 1], [0, 0, 0, 1], [0, 0, 0, 0]], "operations": ["nor_conv_3x3", "zeros", "zeros", "nor_conv_3x3", "nor_conv_1x1", "skip_connect"], "init_channel": 16, "blck_len": 5, "params": 0.593236, "flops": 82.49994, "latency": 0.018680532773335774, "train_per_time": 18.986345966657055, "train_time_200": 3797.2691933314113, "train_accuracy_200": 0.97649, "test_accuracy_200": 0.6951000000610352, "train_time_12": 227.83615159988406, "train_accuracy_12": 0.47518, "test_accuracy_12": 0.4567999993896484, "valtest_accuracy_200": 0.69545, "valtest_accuracy_12": 0.4545, "proxy_losses": [2.223820447921753, 1.8717129230499268, 1.7443398237228394, 1.6493464708328247, 1.5768864154815674, 1.5178879499435425, 1.4609971046447754, 1.4090064764022827, 1.363419771194458, 1.3215140104293823, 1.2857391834259033, 1.2489891052246094, 1.217951774597168, 1.1864734888076782, 1.161346435546875, 1.1277616024017334, 1.1009280681610107, 1.0891354084014893, 1.0675982236862183, 1.0454374551773071, 1.0242398977279663, 1.006289005279541, 0.984208881855011, 0.9710982441902161, 0.9575710892677307, 0.9387404322624207, 0.9205458760261536, 0.9154517650604248, 0.8997225761413574, 0.8892816305160522, 0.8712213635444641, 0.859377920627594, 0.8441122770309448, 0.8322466015815735, 0.8213950395584106, 0.8075303435325623, 0.7994735836982727, 0.7944567203521729, 0.7893210649490356, 0.7852926850318909, 0.7903103232383728, 0.7637822031974792, 0.7527264952659607, 0.7553935647010803, 0.7427195310592651, 0.7246725559234619, 0.7186965942382812, 0.7093629837036133, 0.7028326392173767, 0.7039979696273804], "landscape_losses": [2.329798460006714, 1.9921764135360718, 1.7702125310897827, 1.5663303136825562, 1.3663543462753296, 1.193701982498169, 1.0303823947906494, 0.9031658172607422, 0.8085587620735168, 0.7245125770568848, 0.6861085891723633], "proxy_train_time": 8.624899526126683, "proxy_train_epochs": 50, "dirty_bit": 1, "landscape_term": 9.856360604592659, "speed_term": 8.17582376535197, "mote": 8.011391620247997}