{"id": 12578, "adj_matrix": [[0, 1, 1, 1], [0, 0, 1, 1], [0, 0, 0, 1], [0, 0, 0, 0]], "operations": ["nor_conv_1x1", "nor_conv_1x1", "avg_pool_3x3", "skip_connect", "zeros", "nor_conv_1x1"], "init_channel": 16, "blck_len": 5, "params": 0.163156, "flops": 19.58538, "latency": 0.01556604438357883, "train_per_time": 18.99209153652191, "train_time_200": 3798.4183073043823, "train_accuracy_200": 0.8932300000000001, "test_accuracy_200": 0.6714999994201659, "train_time_12": 227.90509843826294, "train_accuracy_12": 0.54086, "test_accuracy_12": 0.5161999995117188, "valtest_accuracy_200": 0.6690999999999999, "valtest_accuracy_12": 0.5153, "proxy_losses": [2.600769519805908, 2.196337938308716, 2.001636028289795, 1.8836777210235596, 1.8119897842407227, 1.7581562995910645, 1.714981198310852, 1.675490379333496, 1.643172025680542, 1.6148090362548828, 1.590415596961975, 1.5644665956497192, 1.5438400506973267, 1.5219857692718506, 1.5013891458511353, 1.481114149093628, 1.462178349494934, 1.4416908025741577, 1.4224051237106323, 1.4065238237380981, 1.3865535259246826, 1.3709733486175537, 1.3519748449325562, 1.3376802206039429, 1.3239095211029053, 1.3067419528961182, 1.2899972200393677, 1.274834394454956, 1.261425256729126, 1.2478601932525635, 1.2354471683502197, 1.2241182327270508, 1.2112674713134766, 1.1984578371047974, 1.1869854927062988, 1.1761854887008667, 1.1690101623535156, 1.1625950336456299, 1.1446142196655273, 1.1437499523162842, 1.1308749914169312, 1.1171228885650635, 1.1143666505813599, 1.1003644466400146, 1.088229775428772, 1.0832724571228027, 1.076440453529358, 1.0657976865768433, 1.0591374635696411, 1.0516904592514038], "landscape_losses": [2.690911293029785, 2.326559543609619, 2.087736129760742, 1.8866689205169678, 1.7114300727844238, 1.5411255359649658, 1.3868533372879028, 1.2632523775100708, 1.1558476686477661, 1.0817809104919434, 1.0423067808151245], "proxy_train_time": 8.280889463610947, "proxy_train_epochs": 50, "dirty_bit": 1, "landscape_term": 7.305288217067523, "speed_term": 5.93793409024182, "mote": 5.924074260738449}