{"id": 12602, "adj_matrix": [[0, 1, 1, 1], [0, 0, 1, 1], [0, 0, 0, 1], [0, 0, 0, 0]], "operations": ["zeros", "zeros", "nor_conv_3x3", "nor_conv_1x1", "zeros", "skip_connect"], "init_channel": 16, "blck_len": 5, "params": 0.350196, "flops": 47.1105, "latency": 0.014280756314595541, "train_per_time": 14.454760074615479, "train_time_200": 2890.9520149230957, "train_accuracy_200": 0.71738, "test_accuracy_200": 0.6226999998168945, "train_time_12": 173.45712089538574, "train_accuracy_12": 0.4146, "test_accuracy_12": 0.4030000001831055, "valtest_accuracy_200": 0.6225499999999999, "valtest_accuracy_12": 0.4028, "proxy_losses": [2.3591866493225098, 2.1910228729248047, 2.087536334991455, 2.022454261779785, 1.9712673425674438, 1.9223852157592773, 1.880513310432434, 1.8460935354232788, 1.814839243888855, 1.7879822254180908, 1.7649468183517456, 1.7429945468902588, 1.7222352027893066, 1.7022604942321777, 1.6828793287277222, 1.6640697717666626, 1.646733045578003, 1.6304739713668823, 1.6133134365081787, 1.597568154335022, 1.582215666770935, 1.5680445432662964, 1.553133249282837, 1.5394176244735718, 1.5269578695297241, 1.5135027170181274, 1.5002590417861938, 1.4861782789230347, 1.4759416580200195, 1.4608638286590576, 1.449739694595337, 1.4380981922149658, 1.4299830198287964, 1.4140353202819824, 1.4052006006240845, 1.3942118883132935, 1.3825790882110596, 1.3740772008895874, 1.365013599395752, 1.3561861515045166, 1.3447831869125366, 1.3349889516830444, 1.3297672271728516, 1.321004867553711, 1.3088446855545044, 1.3046228885650635, 1.2952241897583008, 1.2926416397094727, 1.2779276371002197, 1.27424156665802], "landscape_losses": [2.403144359588623, 2.2374191284179688, 2.0937209129333496, 1.9607388973236084, 1.825998067855835, 1.7018113136291504, 1.5789272785186768, 1.4702943563461304, 1.3740086555480957, 1.3060306310653687, 1.265951156616211], "proxy_train_time": 7.333105416968465, "proxy_train_epochs": 50, "dirty_bit": 1, "landscape_term": 6.582823795420248, "speed_term": 4.644119302130966, "mote": 5.178283040031917}