{"id": 12657, "adj_matrix": [[0, 1, 1, 1], [0, 0, 1, 1], [0, 0, 0, 1], [0, 0, 0, 0]], "operations": ["avg_pool_3x3", "zeros", "zeros", "nor_conv_3x3", "avg_pool_3x3", "zeros"], "init_channel": 16, "blck_len": 5, "params": 0.322196, "flops": 43.17834, "latency": 0.013305743535359701, "train_per_time": 14.553602854410784, "train_time_200": 2910.7205708821566, "train_accuracy_200": 0.8512000000000001, "test_accuracy_200": 0.6434999992980956, "train_time_12": 174.64323425292966, "train_accuracy_12": 0.40806, "test_accuracy_12": 0.38319999981689457, "valtest_accuracy_200": 0.6404000000000001, "valtest_accuracy_12": 0.38530000000000003, "proxy_losses": [2.407520055770874, 1.9995325803756714, 1.8469234704971313, 1.745299220085144, 1.6727523803710938, 1.614355444908142, 1.5656102895736694, 1.525938630104065, 1.490041971206665, 1.457834005355835, 1.4314169883728027, 1.402086615562439, 1.3792225122451782, 1.3572146892547607, 1.3370767831802368, 1.3214207887649536, 1.3035959005355835, 1.2856025695800781, 1.2641072273254395, 1.2453702688217163, 1.2319254875183105, 1.2193344831466675, 1.2019381523132324, 1.1869738101959229, 1.1730341911315918, 1.159956693649292, 1.1501399278640747, 1.1358548402786255, 1.1223572492599487, 1.108445167541504, 1.0993340015411377, 1.0943928956985474, 1.0836068391799927, 1.0701038837432861, 1.0553067922592163, 1.0455453395843506, 1.0368880033493042, 1.027912974357605, 1.0145585536956787, 1.0069842338562012, 1.0010961294174194, 0.9889187216758728, 0.9813396334648132, 0.9758645296096802, 0.9695044159889221, 0.9563351273536682, 0.9509137868881226, 0.9400311708450317, 0.9338936805725098, 0.9267611503601074], "landscape_losses": [2.48769474029541, 2.132333517074585, 1.9133716821670532, 1.7302215099334717, 1.583138108253479, 1.4495271444320679, 1.3289519548416138, 1.201763391494751, 1.1018719673156738, 1.0030466318130493, 0.9359281063079834], "proxy_train_time": 7.246389107778668, "proxy_train_epochs": 50, "dirty_bit": 1, "landscape_term": 7.850634054205882, "speed_term": 5.796909622567452, "mote": 6.267261368931314}