{"id": 12754, "adj_matrix": [[0, 1, 1, 1], [0, 0, 1, 1], [0, 0, 0, 1], [0, 0, 0, 0]], "operations": ["nor_conv_3x3", "zeros", "nor_conv_1x1", "skip_connect", "skip_connect", "skip_connect"], "init_channel": 16, "blck_len": 5, "params": 0.350196, "flops": 47.1105, "latency": 0.01342437885425709, "train_per_time": 13.935422579447412, "train_time_200": 2787.084515889482, "train_accuracy_200": 0.9543400000000001, "test_accuracy_200": 0.687999999593099, "train_time_12": 167.22507095336914, "train_accuracy_12": 0.608, "test_accuracy_12": 0.5545999999389648, "valtest_accuracy_200": 0.6886, "valtest_accuracy_12": 0.5587, "proxy_losses": [3.0158936977386475, 2.2878732681274414, 2.0204384326934814, 1.8675955533981323, 1.7570332288742065, 1.665711760520935, 1.5969669818878174, 1.5429103374481201, 1.500342607498169, 1.4647889137268066, 1.4350101947784424, 1.4070558547973633, 1.3829177618026733, 1.3557618856430054, 1.3339399099349976, 1.313184142112732, 1.2878177165985107, 1.2660022974014282, 1.243034839630127, 1.2224992513656616, 1.2082527875900269, 1.1860779523849487, 1.15886390209198, 1.1425141096115112, 1.1230456829071045, 1.1047031879425049, 1.0999454259872437, 1.0849324464797974, 1.0754448175430298, 1.0491167306900024, 1.0361158847808838, 1.0150213241577148, 0.9983497262001038, 0.9817474484443665, 0.9794201254844666, 0.9677951335906982, 0.9542285203933716, 0.9407119154930115, 0.9310206770896912, 0.9148535132408142, 0.9047597646713257, 0.9019735455513, 0.898273229598999, 0.8895208239555359, 0.8767608404159546, 0.8585262894630432, 0.8471186757087708, 0.8370393514633179, 0.823233425617218, 0.8247843980789185], "landscape_losses": [3.147491455078125, 2.5074379444122314, 2.14581298828125, 1.8751150369644165, 1.663486361503601, 1.4935234785079956, 1.333333969116211, 1.2098134756088257, 1.056966781616211, 0.9151740074157715, 0.831796407699585], "proxy_train_time": 6.3270821664482355, "proxy_train_epochs": 50, "dirty_bit": 1, "landscape_term": 7.804138449989723, "speed_term": 5.137208983677769, "mote": 6.1099549464333105}