{"id": 12764, "adj_matrix": [[0, 1, 1, 1], [0, 0, 1, 1], [0, 0, 0, 1], [0, 0, 0, 0]], "operations": ["nor_conv_3x3", "nor_conv_1x1", "zeros", "zeros", "zeros", "nor_conv_3x3"], "init_channel": 16, "blck_len": 5, "params": 0.593236, "flops": 82.49994, "latency": 0.01753838857014974, "train_per_time": 19.181623299916637, "train_time_200": 3836.324659983328, "train_accuracy_200": 0.8552, "test_accuracy_200": 0.6517999995422363, "train_time_12": 230.17947959899905, "train_accuracy_12": 0.37811999999999996, "test_accuracy_12": 0.37759999987792964, "valtest_accuracy_200": 0.65, "valtest_accuracy_12": 0.37920000000000004, "proxy_losses": [2.201688766479492, 1.9565484523773193, 1.84209144115448, 1.7647876739501953, 1.7036769390106201, 1.6552984714508057, 1.6147843599319458, 1.578358769416809, 1.5445683002471924, 1.5139665603637695, 1.4849385023117065, 1.4568227529525757, 1.4301466941833496, 1.4076147079467773, 1.3858957290649414, 1.3595958948135376, 1.3374601602554321, 1.318189263343811, 1.2960354089736938, 1.2754939794540405, 1.2562710046768188, 1.2340753078460693, 1.2151826620101929, 1.1934148073196411, 1.1797810792922974, 1.16138756275177, 1.1382420063018799, 1.120117425918579, 1.107605218887329, 1.0885467529296875, 1.0743824243545532, 1.053531289100647, 1.0461299419403076, 1.034579873085022, 1.0149811506271362, 1.001686692237854, 0.9935505986213684, 0.9815285205841064, 0.9720787405967712, 0.9669394493103027, 0.9462078213691711, 0.9296495914459229, 0.9230777621269226, 0.9088886976242065, 0.9058651328086853, 0.894699215888977, 0.8796980381011963, 0.8638535141944885, 0.8560667037963867, 0.8492238521575928], "landscape_losses": [2.277721405029297, 2.054919481277466, 1.8859502077102661, 1.7237664461135864, 1.5615440607070923, 1.3998546600341797, 1.2525393962860107, 1.1114064455032349, 0.9999822378158569, 0.9112687706947327, 0.8491014838218689], "proxy_train_time": 9.019510905258358, "proxy_train_epochs": 50, "dirty_bit": 1, "landscape_term": 8.364028979570119, "speed_term": 7.283290223368412, "mote": 6.87691788771615}