{"id": 12777, "adj_matrix": [[0, 1, 1, 1], [0, 0, 1, 1], [0, 0, 0, 1], [0, 0, 0, 0]], "operations": ["zeros", "nor_conv_1x1", "nor_conv_1x1", "skip_connect", "zeros", "avg_pool_3x3"], "init_channel": 16, "blck_len": 5, "params": 0.135156, "flops": 15.65322, "latency": 0.013879497845967611, "train_per_time": 15.014402667681349, "train_time_200": 3002.88053353627, "train_accuracy_200": 0.79227, "test_accuracy_200": 0.6443999998168946, "train_time_12": 180.17283201217649, "train_accuracy_12": 0.50336, "test_accuracy_12": 0.49119999981689455, "valtest_accuracy_200": 0.6439500000000001, "valtest_accuracy_12": 0.486, "proxy_losses": [2.523362398147583, 2.2846333980560303, 2.1309993267059326, 2.0241193771362305, 1.9467378854751587, 1.888613224029541, 1.8452625274658203, 1.8067224025726318, 1.776993989944458, 1.7508960962295532, 1.7269015312194824, 1.7076345682144165, 1.6879355907440186, 1.6701464653015137, 1.6550360918045044, 1.639396071434021, 1.6276443004608154, 1.6148916482925415, 1.6029967069625854, 1.5919156074523926, 1.5818859338760376, 1.5697741508483887, 1.562650203704834, 1.54975163936615, 1.5418742895126343, 1.5294370651245117, 1.5198705196380615, 1.5123730897903442, 1.4988937377929688, 1.4912444353103638, 1.479302167892456, 1.4682515859603882, 1.4580886363983154, 1.447117805480957, 1.436903953552246, 1.4272493124008179, 1.415738821029663, 1.4049652814865112, 1.3944445848464966, 1.3888390064239502, 1.3749148845672607, 1.3628753423690796, 1.3566925525665283, 1.3465065956115723, 1.3359345197677612, 1.32293701171875, 1.3137246370315552, 1.3038164377212524, 1.2978781461715698, 1.2853565216064453], "landscape_losses": [2.5766987800598145, 2.338973045349121, 2.1564407348632812, 1.9977418184280396, 1.8529294729232788, 1.7113900184631348, 1.5865269899368286, 1.4763247966766357, 1.3864681720733643, 1.3183554410934448, 1.2779268026351929], "proxy_train_time": 6.980613752268255, "proxy_train_epochs": 50, "dirty_bit": 1, "landscape_term": 6.473890725328753, "speed_term": 4.391310078022674, "mote": 5.051030486139858}