{"id": 12895, "adj_matrix": [[0, 1, 1, 1], [0, 0, 1, 1], [0, 0, 0, 1], [0, 0, 0, 0]], "operations": ["avg_pool_3x3", "zeros", "nor_conv_3x3", "nor_conv_1x1", "zeros", "skip_connect"], "init_channel": 16, "blck_len": 5, "params": 0.350196, "flops": 47.1105, "latency": 0.015608125262790255, "train_per_time": 16.499042749404907, "train_time_200": 3299.8085498809814, "train_accuracy_200": 0.8795400000000001, "test_accuracy_200": 0.6701999994506836, "train_time_12": 197.9885129928589, "train_accuracy_12": 0.4387, "test_accuracy_12": 0.42659999926757813, "valtest_accuracy_200": 0.6712, "valtest_accuracy_12": 0.42969999999999997, "proxy_losses": [2.345602035522461, 2.000469207763672, 1.844323992729187, 1.7498754262924194, 1.6884310245513916, 1.6386219263076782, 1.5922482013702393, 1.549639105796814, 1.5056207180023193, 1.4661285877227783, 1.431368350982666, 1.402562141418457, 1.3755598068237305, 1.3493785858154297, 1.3235529661178589, 1.3010289669036865, 1.2770469188690186, 1.2585140466690063, 1.239942193031311, 1.2191636562347412, 1.2049767971038818, 1.1869975328445435, 1.1714262962341309, 1.1543046236038208, 1.1422473192214966, 1.1277759075164795, 1.1171693801879883, 1.0961976051330566, 1.0935413837432861, 1.0808885097503662, 1.0710617303848267, 1.0623832941055298, 1.0458316802978516, 1.0304055213928223, 1.034867525100708, 1.0257567167282104, 1.009993076324463, 1.000698208808899, 0.9875420928001404, 0.9788720607757568, 0.9689275622367859, 0.9613349437713623, 0.9510992169380188, 0.9477823376655579, 0.9325765371322632, 0.9261738061904907, 0.9210076928138733, 0.9185670018196106, 0.9095815420150757, 0.8995939493179321], "landscape_losses": [2.4412760734558105, 2.1429004669189453, 1.9308236837387085, 1.766595721244812, 1.6113872528076172, 1.469515323638916, 1.3204277753829956, 1.1827938556671143, 1.0697197914123535, 0.947440505027771, 0.8908681869506836], "proxy_train_time": 7.45328014343977, "proxy_train_epochs": 50, "dirty_bit": 1, "landscape_term": 7.9769191873034195, "speed_term": 6.057739374091979, "mote": 6.400547718962829}