{"id": 12995, "adj_matrix": [[0, 1, 1, 1], [0, 0, 1, 1], [0, 0, 0, 1], [0, 0, 0, 0]], "operations": ["skip_connect", "skip_connect", "avg_pool_3x3", "zeros", "zeros", "nor_conv_1x1"], "init_channel": 16, "blck_len": 5, "params": 0.10715599999999999, "flops": 11.72106, "latency": 0.011117445098029243, "train_per_time": 11.763335108757019, "train_time_200": 2352.667021751404, "train_accuracy_200": 0.7222066666666668, "test_accuracy_200": 0.5999333331909179, "train_time_12": 141.16002130508423, "train_accuracy_12": 0.31186, "test_accuracy_12": 0.30579999981689454, "valtest_accuracy_200": 0.5988333333333332, "valtest_accuracy_12": 0.3054, "proxy_losses": [2.364100694656372, 2.1865649223327637, 2.104302167892456, 2.041447162628174, 1.9853075742721558, 1.938316822052002, 1.9013041257858276, 1.8664718866348267, 1.8338953256607056, 1.8053257465362549, 1.779004454612732, 1.7539187669754028, 1.7320066690444946, 1.7096565961837769, 1.6903202533721924, 1.671987533569336, 1.654030680656433, 1.6357392072677612, 1.6200586557388306, 1.6041219234466553, 1.5881779193878174, 1.5735044479370117, 1.5570459365844727, 1.5415343046188354, 1.5265731811523438, 1.5120574235916138, 1.4975932836532593, 1.4829059839248657, 1.4717084169387817, 1.458084225654602, 1.44346284866333, 1.4331274032592773, 1.4180244207382202, 1.4071322679519653, 1.396667242050171, 1.3797129392623901, 1.3717442750930786, 1.3606681823730469, 1.3544713258743286, 1.3419861793518066, 1.3329273462295532, 1.3212040662765503, 1.309662103652954, 1.2992738485336304, 1.2893903255462646, 1.2839939594268799, 1.2721624374389648, 1.259907841682434, 1.2522807121276855, 1.2429758310317993], "landscape_losses": [2.414324998855591, 2.2501487731933594, 2.1120519638061523, 1.9701248407363892, 1.827426791191101, 1.6893858909606934, 1.5585824251174927, 1.4395993947982788, 1.3466545343399048, 1.2839797735214233, 1.2415693998336792], "proxy_train_time": 4.910941546782851, "proxy_train_epochs": 50, "dirty_bit": 1, "landscape_term": 6.641901364503831, "speed_term": 3.1137940321560786, "mote": 4.884786458167185}