{"id": 1299, "adj_matrix": [[0, 1, 1, 1], [0, 0, 1, 1], [0, 0, 0, 1], [0, 0, 0, 0]], "operations": ["nor_conv_3x3", "avg_pool_3x3", "nor_conv_3x3", "avg_pool_3x3", "skip_connect", "zeros"], "init_channel": 16, "blck_len": 5, "params": 0.565236, "flops": 78.56778, "latency": 0.014491690529717341, "train_per_time": 18.949067314465893, "train_time_200": 3789.813462893179, "train_accuracy_200": 0.88666, "test_accuracy_200": 0.6548, "train_time_12": 227.38880777359012, "train_accuracy_12": 0.45302, "test_accuracy_12": 0.4352000001220703, "valtest_accuracy_200": 0.6542666666666668, "valtest_accuracy_12": 0.4395, "proxy_losses": [2.5477612018585205, 2.0492703914642334, 1.888184905052185, 1.804629921913147, 1.7534359693527222, 1.7116410732269287, 1.6729023456573486, 1.6357914209365845, 1.6016333103179932, 1.5688925981521606, 1.539534330368042, 1.5097734928131104, 1.4827985763549805, 1.4578016996383667, 1.4315029382705688, 1.4062864780426025, 1.3846995830535889, 1.3633434772491455, 1.340842843055725, 1.3251478672027588, 1.3016570806503296, 1.2862329483032227, 1.2653231620788574, 1.2469463348388672, 1.231905460357666, 1.2195907831192017, 1.2045814990997314, 1.1879831552505493, 1.1790802478790283, 1.1643506288528442, 1.153730034828186, 1.142743468284607, 1.132615089416504, 1.1247384548187256, 1.1097962856292725, 1.0998170375823975, 1.086966872215271, 1.0771046876907349, 1.0765172243118286, 1.062137246131897, 1.050782322883606, 1.0497881174087524, 1.0400701761245728, 1.0231696367263794, 1.0187190771102905, 1.0165328979492188, 1.0018597841262817, 0.9907873272895813, 0.9839116334915161, 0.9761607646942139], "landscape_losses": [2.649606704711914, 2.216257333755493, 1.9530038833618164, 1.7444829940795898, 1.5664000511169434, 1.4044041633605957, 1.279390573501587, 1.1688381433486938, 1.0776097774505615, 1.0059654712677002, 0.9704676866531372], "proxy_train_time": 7.556770124472678, "proxy_train_epochs": 50, "dirty_bit": 1, "landscape_term": 7.853998601841929, "speed_term": 5.726433256211286, "mote": 6.256344879890852}