{"id": 13007, "adj_matrix": [[0, 1, 1, 1], [0, 0, 1, 1], [0, 0, 0, 1], [0, 0, 0, 0]], "operations": ["nor_conv_1x1", "avg_pool_3x3", "nor_conv_3x3", "nor_conv_3x3", "nor_conv_3x3", "avg_pool_3x3"], "init_channel": 16, "blck_len": 5, "params": 0.836276, "flops": 117.88938, "latency": 0.017490810818142362, "train_per_time": 26.792128324508667, "train_time_200": 5358.425664901733, "train_accuracy_200": 0.95095, "test_accuracy_200": 0.6450999999084474, "train_time_12": 321.505539894104, "train_accuracy_12": 0.44486, "test_accuracy_12": 0.41919999951171877, "valtest_accuracy_200": 0.64645, "valtest_accuracy_12": 0.41969999999999996, "proxy_losses": [2.519874334335327, 1.8732482194900513, 1.6765339374542236, 1.5626811981201172, 1.4794968366622925, 1.416774868965149, 1.362660527229309, 1.3210734128952026, 1.2770658731460571, 1.241576910018921, 1.2119067907333374, 1.1771211624145508, 1.150210976600647, 1.1249806880950928, 1.1081793308258057, 1.0859832763671875, 1.0695332288742065, 1.0518876314163208, 1.0438616275787354, 1.0300687551498413, 1.007871150970459, 0.9857708215713501, 0.9659287929534912, 0.9511815309524536, 0.9377096891403198, 0.9241105318069458, 0.907019317150116, 0.8900650143623352, 0.8873220682144165, 0.860981822013855, 0.856238067150116, 0.8420162796974182, 0.8348711133003235, 0.8264057636260986, 0.8141421675682068, 0.8040649890899658, 0.7917349934577942, 0.7820937633514404, 0.7689872980117798, 0.7671273946762085, 0.768222987651825, 0.7584272623062134, 0.7486848831176758, 0.7440373301506042, 0.7328476309776306, 0.7318511605262756, 0.7221548557281494, 0.713798463344574, 0.6981972455978394, 0.6981590390205383], "landscape_losses": [2.616316795349121, 2.0473203659057617, 1.7386835813522339, 1.5136440992355347, 1.316768765449524, 1.1581193208694458, 1.0148210525512695, 0.888893723487854, 0.7942448854446411, 0.730842113494873, 0.7014304399490356], "proxy_train_time": 10.019932279363275, "proxy_train_epochs": 50, "dirty_bit": 1, "landscape_term": 9.892758297101603, "speed_term": 9.726816037142202, "mote": 8.280403260756103}