{"id": 13027, "adj_matrix": [[0, 1, 1, 1], [0, 0, 1, 1], [0, 0, 0, 1], [0, 0, 0, 0]], "operations": ["nor_conv_3x3", "avg_pool_3x3", "skip_connect", "avg_pool_3x3", "skip_connect", "nor_conv_1x1"], "init_channel": 16, "blck_len": 5, "params": 0.350196, "flops": 47.1105, "latency": 0.015418622228834365, "train_per_time": 17.740118900934807, "train_time_200": 3548.0237801869616, "train_accuracy_200": 0.89279, "test_accuracy_200": 0.6590999997558593, "train_time_12": 212.88142681121823, "train_accuracy_12": 0.435, "test_accuracy_12": 0.41539999926757815, "valtest_accuracy_200": 0.6566999999999998, "valtest_accuracy_12": 0.41619999999999996, "proxy_losses": [2.623807191848755, 2.132331132888794, 1.9238332509994507, 1.7888554334640503, 1.695809006690979, 1.6273858547210693, 1.5721946954727173, 1.5260119438171387, 1.4868091344833374, 1.4497861862182617, 1.420396327972412, 1.3850314617156982, 1.354996681213379, 1.3340935707092285, 1.3077589273452759, 1.2836246490478516, 1.2642207145690918, 1.2403604984283447, 1.2185039520263672, 1.2021230459213257, 1.183180809020996, 1.1642454862594604, 1.143174171447754, 1.129590630531311, 1.1107031106948853, 1.0927213430404663, 1.0841073989868164, 1.0671864748001099, 1.0493172407150269, 1.0459187030792236, 1.027607798576355, 1.0134949684143066, 1.0064715147018433, 0.9953679442405701, 0.9782212972640991, 0.9691416025161743, 0.9558695554733276, 0.9414160251617432, 0.9276918768882751, 0.9173730611801147, 0.916467010974884, 0.9087747931480408, 0.8941534161567688, 0.8837041854858398, 0.8713134527206421, 0.8611847758293152, 0.8702678680419922, 0.852371871471405, 0.8539420962333679, 0.8420112133026123], "landscape_losses": [2.748417615890503, 2.3231706619262695, 2.028747797012329, 1.7915397882461548, 1.589422345161438, 1.4104423522949219, 1.2513463497161865, 1.1086645126342773, 0.9769864082336426, 0.8762403130531311, 0.8307760953903198], "proxy_train_time": 6.44906181935221, "proxy_train_epochs": 50, "dirty_bit": 1, "landscape_term": 8.253156975624886, "speed_term": 5.33907590856969, "mote": 6.450807742023668}