{"id": 13034, "adj_matrix": [[0, 1, 1, 1], [0, 0, 1, 1], [0, 0, 0, 1], [0, 0, 0, 0]], "operations": ["nor_conv_1x1", "skip_connect", "skip_connect", "avg_pool_3x3", "zeros", "skip_connect"], "init_channel": 16, "blck_len": 5, "params": 0.107156, "flops": 11.72106, "latency": 0.011678457260131836, "train_per_time": 10.938604990641295, "train_time_200": 2187.720998128259, "train_accuracy_200": 0.6365099999999999, "test_accuracy_200": 0.576699999847412, "train_time_12": 131.26325988769534, "train_accuracy_12": 0.34356000000000003, "test_accuracy_12": 0.3355999998779297, "valtest_accuracy_200": 0.5779, "valtest_accuracy_12": 0.331, "proxy_losses": [6.714301586151123, 5.213612079620361, 4.12039852142334, 3.3893613815307617, 2.856426954269409, 2.48333740234375, 2.2284491062164307, 2.0583651065826416, 1.9583256244659424, 1.89835524559021, 1.8572765588760376, 1.8237431049346924, 1.7940984964370728, 1.770918607711792, 1.7480976581573486, 1.7296773195266724, 1.7137967348098755, 1.7002427577972412, 1.6853045225143433, 1.6738914251327515, 1.6609375476837158, 1.6507865190505981, 1.6410499811172485, 1.6298673152923584, 1.621646761894226, 1.6134257316589355, 1.6052860021591187, 1.595615029335022, 1.5900670289993286, 1.5806201696395874, 1.5739495754241943, 1.5694687366485596, 1.5597351789474487, 1.5532875061035156, 1.546987533569336, 1.5405499935150146, 1.5327812433242798, 1.5257941484451294, 1.5189002752304077, 1.5125988721847534, 1.5073481798171997, 1.5007330179214478, 1.4970920085906982, 1.4902236461639404, 1.482858419418335, 1.4775480031967163, 1.4704501628875732, 1.465003490447998, 1.459533452987671, 1.4538123607635498], "landscape_losses": [6.866523265838623, 5.407547473907471, 4.33798885345459, 3.490175724029541, 2.821316719055176, 2.3200767040252686, 1.9523345232009888, 1.7002195119857788, 1.5612328052520752, 1.4837687015533447, 1.4508427381515503], "proxy_train_time": 5.069240207783878, "proxy_train_epochs": 50, "dirty_bit": 1, "landscape_term": 4.7371657697437515, "speed_term": 2.6171671770351743, "mote": 3.4193623651967724}