{"id": 1310, "adj_matrix": [[0, 1, 1, 1], [0, 0, 1, 1], [0, 0, 0, 1], [0, 0, 0, 0]], "operations": ["zeros", "zeros", "zeros", "skip_connect", "nor_conv_1x1", "zeros"], "init_channel": 16, "blck_len": 5, "params": 0.10715599999999999, "flops": 11.72106, "latency": 0.013546983400980631, "train_per_time": 10.29258052508039, "train_time_200": 2058.516105016078, "train_accuracy_200": 0.6314599999999999, "test_accuracy_200": 0.5810666662597657, "train_time_12": 123.51096630096437, "train_accuracy_12": 0.46270000000000006, "test_accuracy_12": 0.44459999963378904, "valtest_accuracy_200": 0.5804333333333332, "valtest_accuracy_12": 0.4506, "proxy_losses": [2.6266629695892334, 2.501912832260132, 2.392136573791504, 2.3054561614990234, 2.235849380493164, 2.175278663635254, 2.119617462158203, 2.0705225467681885, 2.032050132751465, 1.9999996423721313, 1.972758412361145, 1.9491560459136963, 1.927852988243103, 1.907962441444397, 1.8912417888641357, 1.8778859376907349, 1.86539626121521, 1.8544656038284302, 1.8438750505447388, 1.8341591358184814, 1.825551152229309, 1.8177385330200195, 1.8094738721847534, 1.8026355504989624, 1.7962573766708374, 1.7893460988998413, 1.783313274383545, 1.777320146560669, 1.7718558311462402, 1.7672066688537598, 1.761658787727356, 1.757588267326355, 1.7518800497055054, 1.747912883758545, 1.744272232055664, 1.7411013841629028, 1.7364449501037598, 1.733384370803833, 1.7280992269515991, 1.725009560585022, 1.7217603921890259, 1.718515396118164, 1.714922308921814, 1.714213252067566, 1.7095659971237183, 1.7070740461349487, 1.702362060546875, 1.7007050514221191, 1.6969517469406128, 1.6940943002700806], "landscape_losses": [2.6512625217437744, 2.5117173194885254, 2.3682215213775635, 2.219877004623413, 2.081216335296631, 1.9635820388793945, 1.8649673461914062, 1.7945829629898071, 1.740886926651001, 1.7110623121261597, 1.693713903427124], "proxy_train_time": 6.413578573614359, "proxy_train_epochs": 50, "dirty_bit": 1, "landscape_term": 5.480513103363859, "speed_term": 3.4175694258682836, "mote": 4.1436178311691645}