{"id": 13188, "adj_matrix": [[0, 1, 1, 1], [0, 0, 1, 1], [0, 0, 0, 1], [0, 0, 0, 0]], "operations": ["avg_pool_3x3", "nor_conv_1x1", "skip_connect", "nor_conv_3x3", "nor_conv_1x1", "nor_conv_3x3"], "init_channel": 16, "blck_len": 5, "params": 0.621236, "flops": 86.4321, "latency": 0.017762965626186795, "train_per_time": 24.238391081492104, "train_time_200": 4847.678216298421, "train_accuracy_200": 0.9638, "test_accuracy_200": 0.6848999993286133, "train_time_12": 290.8606929779053, "train_accuracy_12": 0.40887999999999997, "test_accuracy_12": 0.3919999992675781, "valtest_accuracy_200": 0.6832499999999999, "valtest_accuracy_12": 0.3957, "proxy_losses": [2.301168203353882, 1.8486557006835938, 1.711621880531311, 1.6235435009002686, 1.554926872253418, 1.495141625404358, 1.4404029846191406, 1.3913894891738892, 1.351434350013733, 1.30948007106781, 1.2751067876815796, 1.2412633895874023, 1.2127788066864014, 1.183431625366211, 1.1606837511062622, 1.1323174238204956, 1.111208200454712, 1.089509129524231, 1.075423240661621, 1.0479779243469238, 1.0288056135177612, 1.0126595497131348, 0.9947119355201721, 0.9893538951873779, 0.9705954790115356, 0.9704799652099609, 0.9387000799179077, 0.9347031116485596, 0.9143906235694885, 0.9020373225212097, 0.8888970613479614, 0.8717517852783203, 0.8621112108230591, 0.8530109524726868, 0.842879593372345, 0.8407366275787354, 0.8276829123497009, 0.815070629119873, 0.8003748655319214, 0.7862191796302795, 0.7802681922912598, 0.7876977324485779, 0.7729678153991699, 0.7736927270889282, 0.7545918226242065, 0.7527026534080505, 0.7463467121124268, 0.7353209853172302, 0.7329839468002319, 0.7137097716331482], "landscape_losses": [2.416898727416992, 2.0125572681427, 1.769431471824646, 1.5668472051620483, 1.3801034688949585, 1.2253811359405518, 1.074866533279419, 0.9506772756576538, 0.8345767855644226, 0.7565597891807556, 0.7154736518859863], "proxy_train_time": 9.21314545813948, "proxy_train_epochs": 50, "dirty_bit": 1, "landscape_term": 9.554557167460214, "speed_term": 8.666640994004691, "mote": 7.8933346339456}