{"id": 13272, "adj_matrix": [[0, 1, 1, 1], [0, 0, 1, 1], [0, 0, 0, 1], [0, 0, 0, 0]], "operations": ["skip_connect", "zeros", "nor_conv_1x1", "avg_pool_3x3", "zeros", "zeros"], "init_channel": 16, "blck_len": 5, "params": 0.10715599999999999, "flops": 11.72106, "latency": 0.013071991779186108, "train_per_time": 11.55748204390209, "train_time_200": 2311.496408780418, "train_accuracy_200": 0.5224133333333333, "test_accuracy_200": 0.4691333330891927, "train_time_12": 138.68978452682498, "train_accuracy_12": 0.3173, "test_accuracy_12": 0.30939999963378906, "valtest_accuracy_200": 0.4715, "valtest_accuracy_12": 0.3062, "proxy_losses": [2.37142276763916, 2.2510592937469482, 2.1553473472595215, 2.0844991207122803, 2.0358641147613525, 1.9977996349334717, 1.9679925441741943, 1.945237636566162, 1.9267404079437256, 1.9105820655822754, 1.8951421976089478, 1.8809908628463745, 1.867794394493103, 1.8552078008651733, 1.8441412448883057, 1.8340219259262085, 1.8253843784332275, 1.816838264465332, 1.8091039657592773, 1.802055835723877, 1.7958595752716064, 1.7890361547470093, 1.782941460609436, 1.7786085605621338, 1.7732759714126587, 1.7671451568603516, 1.7629094123840332, 1.7576779127120972, 1.7537120580673218, 1.7498078346252441, 1.7463841438293457, 1.742213487625122, 1.738190770149231, 1.7348498106002808, 1.7308974266052246, 1.7285996675491333, 1.7247966527938843, 1.7229374647140503, 1.7188334465026855, 1.7150120735168457, 1.7120884656906128, 1.708878755569458, 1.7069158554077148, 1.7032501697540283, 1.7008265256881714, 1.6969681978225708, 1.6944072246551514, 1.6924158334732056, 1.6882660388946533, 1.6854839324951172], "landscape_losses": [2.3910372257232666, 2.2604541778564453, 2.145810127258301, 2.0420608520507812, 1.9480613470077515, 1.8667227029800415, 1.8028087615966797, 1.7530568838119507, 1.7188513278961182, 1.6972371339797974, 1.6824718713760376], "proxy_train_time": 6.150120766833425, "proxy_train_epochs": 50, "dirty_bit": 1, "landscape_term": 5.7558348683830065, "speed_term": 3.3762037150254347, "mote": 4.328605819085109}