{"id": 13290, "adj_matrix": [[0, 1, 1, 1], [0, 0, 1, 1], [0, 0, 0, 1], [0, 0, 0, 0]], "operations": ["nor_conv_1x1", "skip_connect", "nor_conv_1x1", "zeros", "skip_connect", "avg_pool_3x3"], "init_channel": 16, "blck_len": 5, "params": 0.135156, "flops": 15.65322, "latency": 0.013316320048438178, "train_per_time": 14.679551442464216, "train_time_200": 2935.9102884928434, "train_accuracy_200": 0.89116, "test_accuracy_200": 0.6412999994506836, "train_time_12": 176.15461730957034, "train_accuracy_12": 0.44246, "test_accuracy_12": 0.42399999938964844, "valtest_accuracy_200": 0.6383, "valtest_accuracy_12": 0.4232, "proxy_losses": [2.970315933227539, 2.502235174179077, 2.2258718013763428, 2.0568556785583496, 1.9402806758880615, 1.8545652627944946, 1.7939358949661255, 1.742823839187622, 1.7033681869506836, 1.6688058376312256, 1.6392441987991333, 1.612594723701477, 1.5903115272521973, 1.569892168045044, 1.5506601333618164, 1.5321004390716553, 1.5149034261703491, 1.498803734779358, 1.4832183122634888, 1.4689834117889404, 1.4574522972106934, 1.4442211389541626, 1.4300429821014404, 1.4175323247909546, 1.4067374467849731, 1.3971569538116455, 1.3859241008758545, 1.3719234466552734, 1.3637726306915283, 1.3533616065979004, 1.345105528831482, 1.3301713466644287, 1.3202100992202759, 1.3114625215530396, 1.2998265027999878, 1.2901591062545776, 1.2817357778549194, 1.2734782695770264, 1.264344573020935, 1.2569847106933594, 1.2520374059677124, 1.2350019216537476, 1.23112154006958, 1.2166237831115723, 1.2092673778533936, 1.199198842048645, 1.1899107694625854, 1.1771024465560913, 1.1676278114318848, 1.1602822542190552], "landscape_losses": [3.0491139888763428, 2.623006582260132, 2.3263604640960693, 2.0823490619659424, 1.8634107112884521, 1.694427728652954, 1.5294822454452515, 1.3905537128448486, 1.2762525081634521, 1.1957019567489624, 1.1559326648712158], "proxy_train_time": 6.460699233226478, "proxy_train_epochs": 50, "dirty_bit": 1, "landscape_term": 6.604038126541854, "speed_term": 4.3094571780241235, "mote": 5.123968828311949}