{"id": 13427, "adj_matrix": [[0, 1, 1, 1], [0, 0, 1, 1], [0, 0, 0, 1], [0, 0, 0, 0]], "operations": ["nor_conv_1x1", "skip_connect", "zeros", "nor_conv_1x1", "skip_connect", "avg_pool_3x3"], "init_channel": 16, "blck_len": 5, "params": 0.135156, "flops": 15.65322, "latency": 0.013641132248772515, "train_per_time": 14.69097522894539, "train_time_200": 2938.195045789078, "train_accuracy_200": 0.79571, "test_accuracy_200": 0.6338000002441406, "train_time_12": 176.29170274734497, "train_accuracy_12": 0.43433999999999995, "test_accuracy_12": 0.41499999981689456, "valtest_accuracy_200": 0.63555, "valtest_accuracy_12": 0.4192, "proxy_losses": [2.588285446166992, 2.271946668624878, 2.087562322616577, 1.9684597253799438, 1.8876417875289917, 1.831164836883545, 1.7799726724624634, 1.7372941970825195, 1.70015549659729, 1.667070746421814, 1.6361862421035767, 1.6120688915252686, 1.586892008781433, 1.5647926330566406, 1.5438735485076904, 1.5259277820587158, 1.5074331760406494, 1.4929113388061523, 1.4758645296096802, 1.4629812240600586, 1.4505542516708374, 1.436570405960083, 1.4251923561096191, 1.4121410846710205, 1.4025928974151611, 1.390671730041504, 1.3812638521194458, 1.370056390762329, 1.3616372346878052, 1.3530973196029663, 1.341799259185791, 1.336016058921814, 1.327425241470337, 1.3181211948394775, 1.307252287864685, 1.2980468273162842, 1.2941005229949951, 1.2827478647232056, 1.2768656015396118, 1.2708185911178589, 1.2631109952926636, 1.2540632486343384, 1.249366044998169, 1.2394609451293945, 1.2378278970718384, 1.235565185546875, 1.2284867763519287, 1.217545747756958, 1.2122286558151245, 1.2147233486175537], "landscape_losses": [2.650911808013916, 2.3658626079559326, 2.1492488384246826, 1.9603357315063477, 1.7790025472640991, 1.6360697746276855, 1.5010409355163574, 1.3919955492019653, 1.302526593208313, 1.2307404279708862, 1.196219563484192], "proxy_train_time": 6.290934205055237, "proxy_train_epochs": 50, "dirty_bit": 1, "landscape_term": 6.749458708080692, "speed_term": 4.232452544682866, "mote": 5.208071150259203}