{"id": 13501, "adj_matrix": [[0, 1, 1, 1], [0, 0, 1, 1], [0, 0, 0, 1], [0, 0, 0, 0]], "operations": ["skip_connect", "skip_connect", "skip_connect", "skip_connect", "nor_conv_1x1", "nor_conv_1x1"], "init_channel": 16, "blck_len": 5, "params": 0.135156, "flops": 15.65322, "latency": 0.01257748736275567, "train_per_time": 12.815652449925746, "train_time_200": 2563.1304899851493, "train_accuracy_200": 0.7565000000000001, "test_accuracy_200": 0.6384999996032714, "train_time_12": 153.7878293991089, "train_accuracy_12": 0.48666, "test_accuracy_12": 0.47439999987792963, "valtest_accuracy_200": 0.6395000000000001, "valtest_accuracy_12": 0.47259999999999996, "proxy_losses": [2.764885902404785, 2.3296492099761963, 2.1448705196380615, 2.039524555206299, 1.955077886581421, 1.8804742097854614, 1.8200114965438843, 1.77151620388031, 1.7329086065292358, 1.6996105909347534, 1.6700923442840576, 1.6421226263046265, 1.6193796396255493, 1.5972352027893066, 1.5767806768417358, 1.5586119890213013, 1.541785478591919, 1.5241189002990723, 1.5079801082611084, 1.4945679903030396, 1.479234218597412, 1.4668298959732056, 1.4529259204864502, 1.4410991668701172, 1.4299622774124146, 1.4176443815231323, 1.4088873863220215, 1.3964228630065918, 1.3875470161437988, 1.376745343208313, 1.3712944984436035, 1.3617318868637085, 1.3505154848098755, 1.3457542657852173, 1.33720862865448, 1.3264186382293701, 1.3196735382080078, 1.3123841285705566, 1.3049864768981934, 1.2948412895202637, 1.288926124572754, 1.280656099319458, 1.2729347944259644, 1.266871690750122, 1.259879469871521, 1.2545379400253296, 1.2488943338394165, 1.2380074262619019, 1.2313439846038818, 1.2276736497879028], "landscape_losses": [2.820295810699463, 2.4371819496154785, 2.202373743057251, 2.002408504486084, 1.8228306770324707, 1.6567957401275635, 1.516065001487732, 1.400665283203125, 1.3182140588760376, 1.255064845085144, 1.2244634628295898], "proxy_train_time": 5.235176683403552, "proxy_train_epochs": 50, "dirty_bit": 1, "landscape_term": 6.616115549740649, "speed_term": 3.443151505759578, "mote": 4.943472427366212}