{"id": 13530, "adj_matrix": [[0, 1, 1, 1], [0, 0, 1, 1], [0, 0, 0, 1], [0, 0, 0, 0]], "operations": ["nor_conv_1x1", "nor_conv_1x1", "zeros", "nor_conv_1x1", "zeros", "avg_pool_3x3"], "init_channel": 16, "blck_len": 5, "params": 0.163156, "flops": 19.58538, "latency": 0.01860409312778049, "train_per_time": 19.193990310033215, "train_time_200": 3838.7980620066432, "train_accuracy_200": 0.8066, "test_accuracy_200": 0.6542000002136231, "train_time_12": 230.32788372039798, "train_accuracy_12": 0.42676000000000003, "test_accuracy_12": 0.4157999998168945, "valtest_accuracy_200": 0.65165, "valtest_accuracy_12": 0.4125, "proxy_losses": [2.583662986755371, 2.258770227432251, 2.1085896492004395, 2.0120174884796143, 1.9392132759094238, 1.8860077857971191, 1.840683937072754, 1.80385160446167, 1.7696703672409058, 1.7423374652862549, 1.7149333953857422, 1.6902436017990112, 1.6662135124206543, 1.6436522006988525, 1.6239023208618164, 1.603535771369934, 1.5849076509475708, 1.5673285722732544, 1.5508493185043335, 1.5331676006317139, 1.5170793533325195, 1.5013436079025269, 1.4872057437896729, 1.4733549356460571, 1.4578492641448975, 1.4445148706436157, 1.4332798719406128, 1.4211370944976807, 1.406747817993164, 1.3948259353637695, 1.3838951587677002, 1.3703644275665283, 1.3614389896392822, 1.3497549295425415, 1.3407381772994995, 1.327907919883728, 1.3175640106201172, 1.309403419494629, 1.2981553077697754, 1.2881516218185425, 1.2794053554534912, 1.2697529792785645, 1.2645550966262817, 1.2528198957443237, 1.244483470916748, 1.2345542907714844, 1.2263380289077759, 1.2168506383895874, 1.21065092086792, 1.2031999826431274], "landscape_losses": [2.6365292072296143, 2.3427767753601074, 2.126077651977539, 1.9458259344100952, 1.7782255411148071, 1.6238691806793213, 1.490618109703064, 1.3759939670562744, 1.2914667129516602, 1.2293752431869507, 1.198824167251587], "proxy_train_time": 8.049744680523872, "proxy_train_epochs": 50, "dirty_bit": 1, "landscape_term": 6.788067643169789, "speed_term": 5.2674086416855, "mote": 5.443328328007012}