{"id": 13588, "adj_matrix": [[0, 1, 1, 1], [0, 0, 1, 1], [0, 0, 0, 1], [0, 0, 0, 0]], "operations": ["zeros", "avg_pool_3x3", "nor_conv_1x1", "nor_conv_3x3", "avg_pool_3x3", "nor_conv_1x1"], "init_channel": 16, "blck_len": 5, "params": 0.378196, "flops": 51.04266, "latency": 0.016869465510050457, "train_per_time": 22.13261763254798, "train_time_200": 4426.523526509596, "train_accuracy_200": 0.9258699999999999, "test_accuracy_200": 0.6801999999389647, "train_time_12": 265.5914115905761, "train_accuracy_12": 0.4189, "test_accuracy_12": 0.4046, "valtest_accuracy_200": 0.67805, "valtest_accuracy_12": 0.40840000000000004, "proxy_losses": [2.2405407428741455, 1.8736835718154907, 1.756714105606079, 1.688236951828003, 1.6300758123397827, 1.579620361328125, 1.5348405838012695, 1.4894911050796509, 1.4479801654815674, 1.4123647212982178, 1.3803627490997314, 1.3491413593292236, 1.3223106861114502, 1.2951295375823975, 1.2724982500076294, 1.2479091882705688, 1.2282565832138062, 1.2102552652359009, 1.1903643608093262, 1.170913577079773, 1.1544283628463745, 1.1373589038848877, 1.1196057796478271, 1.1048030853271484, 1.089725136756897, 1.0742892026901245, 1.0613001585006714, 1.048159122467041, 1.027223825454712, 1.022573471069336, 1.018446683883667, 1.0023585557937622, 0.9982200264930725, 0.9836335182189941, 0.9694651365280151, 0.9505243897438049, 0.9403458833694458, 0.9256747961044312, 0.9344426989555359, 0.9197476506233215, 0.9112043976783752, 0.9059962034225464, 0.8897395730018616, 0.8783367872238159, 0.8703075051307678, 0.865363597869873, 0.8574714064598083, 0.852337121963501, 0.8475421667098999, 0.8350942134857178], "landscape_losses": [2.3287017345428467, 2.0202763080596924, 1.826392412185669, 1.6515425443649292, 1.4815560579299927, 1.3357576131820679, 1.2003356218338013, 1.0792789459228516, 0.9692173004150391, 0.8959538340568542, 0.8336167931556702], "proxy_train_time": 8.488781518302858, "proxy_train_epochs": 50, "dirty_bit": 1, "landscape_term": 8.608158583027384, "speed_term": 7.253334284895288, "mote": 7.034546025892753}