{"id": 13659, "adj_matrix": [[0, 1, 1, 1], [0, 0, 1, 1], [0, 0, 0, 1], [0, 0, 0, 0]], "operations": ["zeros", "zeros", "avg_pool_3x3", "skip_connect", "skip_connect", "skip_connect"], "init_channel": 16, "blck_len": 5, "params": 0.079156, "flops": 7.788900000000001, "latency": 0.008795835353710034, "train_per_time": 7.6288052797317505, "train_time_200": 1525.76105594635, "train_accuracy_200": 0.6287733333333333, "test_accuracy_200": 0.5840666664835612, "train_time_12": 91.545663356781, "train_accuracy_12": 0.45671999999999996, "test_accuracy_12": 0.44519999938964844, "valtest_accuracy_200": 0.5823666666666666, "valtest_accuracy_12": 0.44689999999999996, "proxy_losses": [2.4633567333221436, 2.3587944507598877, 2.2728915214538574, 2.201045513153076, 2.1412763595581055, 2.097306489944458, 2.0644383430480957, 2.0381715297698975, 2.014216423034668, 1.9920884370803833, 1.9727728366851807, 1.9543765783309937, 1.9369741678237915, 1.9200382232666016, 1.902983546257019, 1.8856722116470337, 1.8712058067321777, 1.8580025434494019, 1.8460053205490112, 1.8362048864364624, 1.8275164365768433, 1.818273663520813, 1.8115441799163818, 1.8031394481658936, 1.7972806692123413, 1.7904762029647827, 1.783724069595337, 1.7780523300170898, 1.7733324766159058, 1.7678651809692383, 1.7627193927764893, 1.757808804512024, 1.7534232139587402, 1.7492125034332275, 1.7440414428710938, 1.7412570714950562, 1.7362093925476074, 1.7329601049423218, 1.7288769483566284, 1.7265839576721191, 1.7214419841766357, 1.7175161838531494, 1.7139226198196411, 1.710745930671692, 1.7081992626190186, 1.704342007637024, 1.7016322612762451, 1.6975492238998413, 1.6943105459213257, 1.6918402910232544], "landscape_losses": [2.4823262691497803, 2.362671375274658, 2.2513272762298584, 2.1366982460021973, 2.0293374061584473, 1.928360939025879, 1.8446766138076782, 1.7824468612670898, 1.7378945350646973, 1.7075917720794678, 1.690216064453125], "proxy_train_time": 4.180251574143767, "proxy_train_epochs": 50, "dirty_bit": 1, "landscape_term": 5.605434960183287, "speed_term": 2.2456693886895143, "mote": 3.9431332897174807}