{"id": 13650, "adj_matrix": [[0, 1, 1, 1], [0, 0, 1, 1], [0, 0, 0, 1], [0, 0, 0, 0]], "operations": ["zeros", "skip_connect", "nor_conv_3x3", "skip_connect", "nor_conv_1x1", "skip_connect"], "init_channel": 16, "blck_len": 5, "params": 0.350196, "flops": 47.1105, "latency": 0.014323141839769153, "train_per_time": 13.831537405649804, "train_time_200": 2766.3074811299607, "train_accuracy_200": 0.57226, "test_accuracy_200": 0.5464666664428711, "train_time_12": 165.97844886779785, "train_accuracy_12": 0.29414, "test_accuracy_12": 0.2890000001220703, "valtest_accuracy_200": 0.5461333333333332, "valtest_accuracy_12": 0.2858, "proxy_losses": [3.7753207683563232, 2.8913397789001465, 2.456587553024292, 2.231149911880493, 2.0837886333465576, 1.979150414466858, 1.9158945083618164, 1.8682763576507568, 1.8317644596099854, 1.7978941202163696, 1.7726367712020874, 1.7500920295715332, 1.7323503494262695, 1.7196335792541504, 1.7105562686920166, 1.7008289098739624, 1.6911884546279907, 1.6833205223083496, 1.676964282989502, 1.6708828210830688, 1.6634536981582642, 1.658613681793213, 1.6534653902053833, 1.647019863128662, 1.6439570188522339, 1.6374417543411255, 1.6331474781036377, 1.6271859407424927, 1.6224526166915894, 1.6207008361816406, 1.615113615989685, 1.6104474067687988, 1.6049315929412842, 1.603238821029663, 1.5979390144348145, 1.5933876037597656, 1.5892105102539062, 1.5863581895828247, 1.5824153423309326, 1.5787553787231445, 1.5752885341644287, 1.5721189975738525, 1.5678023099899292, 1.5647777318954468, 1.5614267587661743, 1.5576738119125366, 1.5531622171401978, 1.550282597541809, 1.5451716184616089, 1.5442540645599365], "landscape_losses": [3.8554608821868896, 3.1782381534576416, 2.797494888305664, 2.4942057132720947, 2.23858642578125, 2.021015167236328, 1.8341795206069946, 1.7066441774368286, 1.6100479364395142, 1.5618277788162231, 1.5446261167526245], "proxy_train_time": 6.173852069303393, "proxy_train_epochs": 50, "dirty_bit": 1, "landscape_term": 5.313844283501508, "speed_term": 3.511828688373883, "mote": 4.046661819749733}