{"id": 13689, "adj_matrix": [[0, 1, 1, 1], [0, 0, 1, 1], [0, 0, 0, 1], [0, 0, 0, 0]], "operations": ["zeros", "skip_connect", "avg_pool_3x3", "nor_conv_3x3", "nor_conv_3x3", "zeros"], "init_channel": 16, "blck_len": 5, "params": 0.565236, "flops": 78.56778, "latency": 0.014042090486597133, "train_per_time": 17.4128839969635, "train_time_200": 3482.5767993927, "train_accuracy_200": 0.9062933333333335, "test_accuracy_200": 0.6717999996134439, "train_time_12": 208.954607963562, "train_accuracy_12": 0.47014, "test_accuracy_12": 0.4526000001220703, "valtest_accuracy_200": 0.6735000000000001, "valtest_accuracy_12": 0.45380000000000004, "proxy_losses": [2.2689502239227295, 1.999027967453003, 1.8745628595352173, 1.7965781688690186, 1.742795705795288, 1.6964702606201172, 1.6544792652130127, 1.6162647008895874, 1.5803929567337036, 1.5463056564331055, 1.5142766237258911, 1.4826641082763672, 1.4545611143112183, 1.4276816844940186, 1.4011777639389038, 1.3738272190093994, 1.3526954650878906, 1.3315335512161255, 1.3057668209075928, 1.28239905834198, 1.2544834613800049, 1.2345613241195679, 1.2175192832946777, 1.1978555917739868, 1.1792062520980835, 1.1680541038513184, 1.1435632705688477, 1.1223405599594116, 1.1053550243377686, 1.0914454460144043, 1.077514886856079, 1.059553861618042, 1.0356947183609009, 1.0215516090393066, 1.0041420459747314, 0.9965705871582031, 0.9765782952308655, 0.9688675999641418, 0.9525574445724487, 0.9403408169746399, 0.930076539516449, 0.9305731654167175, 0.916404128074646, 0.9065223336219788, 0.888685941696167, 0.8837085962295532, 0.8793076276779175, 0.8652640581130981, 0.852672278881073, 0.8419937491416931], "landscape_losses": [2.339071035385132, 2.096224546432495, 1.9157944917678833, 1.751835584640503, 1.5878655910491943, 1.4435476064682007, 1.2876816987991333, 1.1488187313079834, 1.0207167863845825, 0.9125291705131531, 0.8493523597717285], "proxy_train_time": 8.034357668831944, "proxy_train_epochs": 50, "dirty_bit": 1, "landscape_term": 8.21986429487356, "speed_term": 6.4434270936637, "mote": 6.633517378809207}