{"id": 13693, "adj_matrix": [[0, 1, 1, 1], [0, 0, 1, 1], [0, 0, 0, 1], [0, 0, 0, 0]], "operations": ["nor_conv_1x1", "nor_conv_3x3", "nor_conv_3x3", "skip_connect", "skip_connect", "skip_connect"], "init_channel": 16, "blck_len": 5, "params": 0.593236, "flops": 82.49994, "latency": 0.015922422762270325, "train_per_time": 18.305893421173096, "train_time_200": 3661.178684234619, "train_accuracy_200": 0.9739733333333334, "test_accuracy_200": 0.6931999997965496, "train_time_12": 219.67072105407715, "train_accuracy_12": 0.60544, "test_accuracy_12": 0.573599999633789, "valtest_accuracy_200": 0.6938666666666667, "valtest_accuracy_12": 0.5710000000000001, "proxy_losses": [2.3362691402435303, 1.8160336017608643, 1.6672396659851074, 1.5807958841323853, 1.5160421133041382, 1.4687021970748901, 1.423932671546936, 1.3853585720062256, 1.3538347482681274, 1.3239408731460571, 1.2954719066619873, 1.2648978233337402, 1.2421640157699585, 1.2181751728057861, 1.1869364976882935, 1.1657215356826782, 1.1433509588241577, 1.1247434616088867, 1.1003795862197876, 1.0816150903701782, 1.0654969215393066, 1.048475742340088, 1.0327988862991333, 1.015238881111145, 0.9997960925102234, 0.9843586683273315, 0.9739784002304077, 0.9622923731803894, 0.9465514421463013, 0.9398903250694275, 0.9266140460968018, 0.9181703329086304, 0.9067575931549072, 0.8918181657791138, 0.8786250948905945, 0.863097071647644, 0.8531070351600647, 0.8420826196670532, 0.8384003043174744, 0.8257724642753601, 0.8198071122169495, 0.8158202767372131, 0.8092042207717896, 0.8112369179725647, 0.8089718222618103, 0.7957401871681213, 0.7880361676216125, 0.7816019058227539, 0.7740694284439087, 0.772983193397522], "landscape_losses": [2.4251937866210938, 1.984238862991333, 1.7498722076416016, 1.5273914337158203, 1.3681949377059937, 1.20890474319458, 1.0856928825378418, 0.972934365272522, 0.8720239996910095, 0.8009724617004395, 0.7658041715621948], "proxy_train_time": 7.260361677035689, "proxy_train_epochs": 50, "dirty_bit": 1, "landscape_term": 9.350522136475806, "speed_term": 6.6747953372206, "mote": 7.42491681924409}