{"id": 13792, "adj_matrix": [[0, 1, 1, 1], [0, 0, 1, 1], [0, 0, 0, 1], [0, 0, 0, 0]], "operations": ["avg_pool_3x3", "skip_connect", "zeros", "nor_conv_3x3", "avg_pool_3x3", "nor_conv_1x1"], "init_channel": 16, "blck_len": 5, "params": 0.350196, "flops": 47.1105, "latency": 0.014451313901830604, "train_per_time": 17.507137815157527, "train_time_200": 3501.4275630315055, "train_accuracy_200": 0.8520733333333333, "test_accuracy_200": 0.6396666666056315, "train_time_12": 210.08565378189084, "train_accuracy_12": 0.42369999999999997, "test_accuracy_12": 0.40200000006103515, "valtest_accuracy_200": 0.6391666666666667, "valtest_accuracy_12": 0.4031, "proxy_losses": [2.5892181396484375, 1.9984160661697388, 1.8126429319381714, 1.7178596258163452, 1.6527851819992065, 1.6040085554122925, 1.5610307455062866, 1.5188617706298828, 1.4830355644226074, 1.4496607780456543, 1.4212214946746826, 1.3930689096450806, 1.3675130605697632, 1.346691608428955, 1.324599027633667, 1.3043553829193115, 1.284656047821045, 1.2698488235473633, 1.2559860944747925, 1.2383668422698975, 1.2197908163070679, 1.2121610641479492, 1.196285367012024, 1.183057188987732, 1.1680593490600586, 1.155120849609375, 1.1408119201660156, 1.1311843395233154, 1.121310830116272, 1.1109613180160522, 1.0959820747375488, 1.085435152053833, 1.0813748836517334, 1.0678550004959106, 1.0552259683609009, 1.0433425903320312, 1.0325658321380615, 1.0255651473999023, 1.0167125463485718, 1.0150351524353027, 1.0009995698928833, 0.987127423286438, 0.9780023694038391, 0.9669864177703857, 0.9647033214569092, 0.9524956941604614, 0.9362895488739014, 0.9353076219558716, 0.924257218837738, 0.9251126050949097], "landscape_losses": [2.688599109649658, 2.2305729389190674, 1.978355050086975, 1.7808122634887695, 1.5868043899536133, 1.4273432493209839, 1.291197419166565, 1.1652652025222778, 1.0678578615188599, 0.9746023416519165, 0.9258565306663513], "proxy_train_time": 7.238309079781175, "proxy_train_epochs": 50, "dirty_bit": 1, "landscape_term": 7.893311218526556, "speed_term": 5.807097998185882, "mote": 6.297914641842379}