{"id": 13799, "adj_matrix": [[0, 1, 1, 1], [0, 0, 1, 1], [0, 0, 0, 1], [0, 0, 0, 0]], "operations": ["skip_connect", "nor_conv_1x1", "avg_pool_3x3", "nor_conv_3x3", "skip_connect", "nor_conv_1x1"], "init_channel": 16, "blck_len": 5, "params": 0.378196, "flops": 51.04265999999999, "latency": 0.017595216079994484, "train_per_time": 19.777685681978802, "train_time_200": 3955.5371363957606, "train_accuracy_200": 0.9532466666666666, "test_accuracy_200": 0.68519999995931, "train_time_12": 237.3322281837463, "train_accuracy_12": 0.57872, "test_accuracy_12": 0.5502, "valtest_accuracy_200": 0.6849999999999998, "valtest_accuracy_12": 0.5486, "proxy_losses": [2.753549098968506, 2.0962796211242676, 1.900918960571289, 1.7759147882461548, 1.6847294569015503, 1.6207808256149292, 1.5687594413757324, 1.523675799369812, 1.491082787513733, 1.459275245666504, 1.4317710399627686, 1.4081403017044067, 1.3836877346038818, 1.3636208772659302, 1.34602689743042, 1.3269681930541992, 1.3107178211212158, 1.2912049293518066, 1.2728164196014404, 1.2560467720031738, 1.2396148443222046, 1.2250044345855713, 1.2088431119918823, 1.194501280784607, 1.180891990661621, 1.163905143737793, 1.150362253189087, 1.1391217708587646, 1.1276781558990479, 1.108244776725769, 1.0980418920516968, 1.0857462882995605, 1.0774983167648315, 1.064263105392456, 1.0483900308609009, 1.0343581438064575, 1.0261532068252563, 1.014396071434021, 1.0029306411743164, 0.9950916171073914, 0.9830736517906189, 0.9725898504257202, 0.962101936340332, 0.9523613452911377, 0.9409611225128174, 0.9361965656280518, 0.9269911050796509, 0.924378514289856, 0.9104458689689636, 0.9042071104049683], "landscape_losses": [2.857027530670166, 2.269366502761841, 1.9682191610336304, 1.7316190004348755, 1.5495880842208862, 1.3932541608810425, 1.2499196529388428, 1.1276006698608398, 1.037082314491272, 0.953791618347168, 0.8996193408966064], "proxy_train_time": 7.298318210989237, "proxy_train_epochs": 50, "dirty_bit": 1, "landscape_term": 8.0504725194135, "speed_term": 5.804818406877733, "mote": 6.403185464269602}