{"id": 13849, "adj_matrix": [[0, 1, 1, 1], [0, 0, 1, 1], [0, 0, 0, 1], [0, 0, 0, 0]], "operations": ["skip_connect", "nor_conv_1x1", "zeros", "avg_pool_3x3", "avg_pool_3x3", "nor_conv_3x3"], "init_channel": 16, "blck_len": 5, "params": 0.350196, "flops": 47.1105, "latency": 0.015223595831129288, "train_per_time": 17.51217643419897, "train_time_200": 3502.435286839794, "train_accuracy_200": 0.7664533333333332, "test_accuracy_200": 0.6275999998575846, "train_time_12": 210.14611721038816, "train_accuracy_12": 0.38036000000000003, "test_accuracy_12": 0.36459999963378903, "valtest_accuracy_200": 0.6286333333333334, "valtest_accuracy_12": 0.3665, "proxy_losses": [3.558241128921509, 2.4104859828948975, 2.025649070739746, 1.8698101043701172, 1.7801703214645386, 1.7266062498092651, 1.6782126426696777, 1.6357789039611816, 1.6020467281341553, 1.5657060146331787, 1.53018319606781, 1.4998337030410767, 1.4694385528564453, 1.4428105354309082, 1.4157441854476929, 1.3888553380966187, 1.3667125701904297, 1.344348669052124, 1.3196063041687012, 1.3005056381225586, 1.2783808708190918, 1.266236424446106, 1.242571473121643, 1.2258620262145996, 1.2078298330307007, 1.1929014921188354, 1.177463173866272, 1.1712427139282227, 1.154508352279663, 1.148347020149231, 1.1242257356643677, 1.1133257150650024, 1.0994948148727417, 1.0847618579864502, 1.0847100019454956, 1.0678094625473022, 1.0505287647247314, 1.0388803482055664, 1.0298162698745728, 1.0169955492019653, 1.0060803890228271, 0.9961169958114624, 0.9841625690460205, 0.9685189723968506, 0.9622011780738831, 0.9532427787780762, 0.9452078342437744, 0.9422950148582458, 0.927319347858429, 0.9310452938079834], "landscape_losses": [3.696274518966675, 2.7616240978240967, 2.306811809539795, 1.9456148147583008, 1.6942142248153687, 1.4748414754867554, 1.3057218790054321, 1.1728017330169678, 1.054685115814209, 0.9657905101776123, 0.915447473526001], "proxy_train_time": 6.735458663664758, "proxy_train_epochs": 50, "dirty_bit": 1, "landscape_term": 7.542859031833904, "speed_term": 5.077783061425009, "mote": 5.921652255377916}