{"id": 13879, "adj_matrix": [[0, 1, 1, 1], [0, 0, 1, 1], [0, 0, 0, 1], [0, 0, 0, 0]], "operations": ["nor_conv_1x1", "nor_conv_1x1", "skip_connect", "nor_conv_3x3", "nor_conv_3x3", "nor_conv_1x1"], "init_channel": 16, "blck_len": 5, "params": 0.649236, "flops": 90.36426, "latency": 0.018709147417986835, "train_per_time": 26.134472489356998, "train_time_200": 5226.8944978714, "train_accuracy_200": 0.9774666666666667, "test_accuracy_200": 0.6905999997558594, "train_time_12": 313.613669872284, "train_accuracy_12": 0.4989, "test_accuracy_12": 0.48019999963378907, "valtest_accuracy_200": 0.6925333333333333, "valtest_accuracy_12": 0.4794, "proxy_losses": [2.3119425773620605, 1.8817126750946045, 1.7345601320266724, 1.6357766389846802, 1.5593417882919312, 1.5013152360916138, 1.4453948736190796, 1.401127576828003, 1.3609976768493652, 1.3260371685028076, 1.2915430068969727, 1.2628694772720337, 1.2343100309371948, 1.2137117385864258, 1.1884880065917969, 1.1640757322311401, 1.144589900970459, 1.126965880393982, 1.0996911525726318, 1.0864568948745728, 1.0636922121047974, 1.0461517572402954, 1.0256644487380981, 1.0121139287948608, 0.9915214776992798, 0.968677818775177, 0.9577001929283142, 0.9376288056373596, 0.916232705116272, 0.9080289006233215, 0.8845756649971008, 0.8835291862487793, 0.8677023649215698, 0.8540823459625244, 0.8383182883262634, 0.8285407423973083, 0.8108777403831482, 0.8069977760314941, 0.7962169051170349, 0.7875473499298096, 0.7755293250083923, 0.772466778755188, 0.7597923874855042, 0.7557414770126343, 0.7601658701896667, 0.7514957785606384, 0.7414208650588989, 0.7370583415031433, 0.7204859256744385, 0.709068775177002], "landscape_losses": [2.44024658203125, 2.0542078018188477, 1.803828477859497, 1.59103524684906, 1.3911283016204834, 1.235399603843689, 1.0739858150482178, 0.941684365272522, 0.8313080072402954, 0.7528687715530396, 0.6993847489356995], "proxy_train_time": 9.847300997003913, "proxy_train_epochs": 50, "dirty_bit": 1, "landscape_term": 9.56183637596905, "speed_term": 9.179076303185592, "mote": 7.979188730867683}