{"id": 13916, "adj_matrix": [[0, 1, 1, 1], [0, 0, 1, 1], [0, 0, 0, 1], [0, 0, 0, 0]], "operations": ["zeros", "nor_conv_1x1", "avg_pool_3x3", "nor_conv_3x3", "avg_pool_3x3", "nor_conv_1x1"], "init_channel": 16, "blck_len": 5, "params": 0.378196, "flops": 51.04265999999999, "latency": 0.01782567412764938, "train_per_time": 22.217869003613824, "train_time_200": 4443.573800722765, "train_accuracy_200": 0.9427133333333332, "test_accuracy_200": 0.6845999999389649, "train_time_12": 266.61442804336554, "train_accuracy_12": 0.50402, "test_accuracy_12": 0.47819999987792966, "valtest_accuracy_200": 0.6849, "valtest_accuracy_12": 0.48460000000000003, "proxy_losses": [2.439912796020508, 2.0872344970703125, 1.9211652278900146, 1.8182586431503296, 1.7401679754257202, 1.6756349802017212, 1.6207205057144165, 1.568422555923462, 1.5251585245132446, 1.4829086065292358, 1.4443331956863403, 1.4091644287109375, 1.3782638311386108, 1.3487945795059204, 1.3182212114334106, 1.2938014268875122, 1.2656497955322266, 1.247418999671936, 1.2249832153320312, 1.2075978517532349, 1.1855380535125732, 1.1681278944015503, 1.1442112922668457, 1.131232738494873, 1.116043210029602, 1.0974524021148682, 1.0813484191894531, 1.0719691514968872, 1.054602026939392, 1.0380494594573975, 1.026764988899231, 1.0102660655975342, 1.003736138343811, 0.9858623147010803, 0.9739742279052734, 0.9654054641723633, 0.9489068388938904, 0.94265216588974, 0.9328477382659912, 0.9207316637039185, 0.9100684523582458, 0.9064852595329285, 0.8927536010742188, 0.8850210905075073, 0.8831618428230286, 0.8736023306846619, 0.8617767691612244, 0.8589153289794922, 0.8430317640304565, 0.8368124961853027], "landscape_losses": [2.5330395698547363, 2.2318975925445557, 2.0023388862609863, 1.7778561115264893, 1.56599760055542, 1.385194182395935, 1.2240041494369507, 1.0814117193222046, 0.9689707159996033, 0.8702599406242371, 0.8235301971435547], "proxy_train_time": 8.363078832626343, "proxy_train_epochs": 50, "dirty_bit": 1, "landscape_term": 8.402311385601429, "speed_term": 6.903742989931563, "mote": 6.836913013351597}