{"id": 13928, "adj_matrix": [[0, 1, 1, 1], [0, 0, 1, 1], [0, 0, 0, 1], [0, 0, 0, 0]], "operations": ["nor_conv_1x1", "zeros", "nor_conv_3x3", "zeros", "zeros", "skip_connect"], "init_channel": 16, "blck_len": 5, "params": 0.350196, "flops": 47.1105, "latency": 0.014424942157886646, "train_per_time": 14.619659185409546, "train_time_200": 2923.931837081909, "train_accuracy_200": 0.8480800000000001, "test_accuracy_200": 0.6455333331705729, "train_time_12": 175.43591022491455, "train_accuracy_12": 0.36476, "test_accuracy_12": 0.361399999786377, "valtest_accuracy_200": 0.6454000000000001, "valtest_accuracy_12": 0.3605, "proxy_losses": [2.2242014408111572, 2.011549711227417, 1.8952144384384155, 1.814251184463501, 1.7486871480941772, 1.6952409744262695, 1.6476696729660034, 1.60465669631958, 1.5640220642089844, 1.5267266035079956, 1.4895093441009521, 1.456612467765808, 1.4264857769012451, 1.3935694694519043, 1.367281198501587, 1.3373860120773315, 1.3092525005340576, 1.2854244709014893, 1.2564105987548828, 1.2292394638061523, 1.2080509662628174, 1.1880674362182617, 1.1644338369369507, 1.1457505226135254, 1.12568199634552, 1.1073988676071167, 1.0834256410598755, 1.0616217851638794, 1.0467568635940552, 1.0245134830474854, 1.0087884664535522, 0.9924565553665161, 0.9777573347091675, 0.9700424671173096, 0.9566400647163391, 0.9398557543754578, 0.9362901449203491, 0.9229511618614197, 0.9085814356803894, 0.8955422639846802, 0.8860176801681519, 0.8695871233940125, 0.863692581653595, 0.8519338965415955, 0.8450780510902405, 0.8341558575630188, 0.8204118013381958, 0.8102415800094604, 0.8034594655036926, 0.7952035069465637], "landscape_losses": [2.2946815490722656, 2.077219247817993, 1.896746039390564, 1.7242780923843384, 1.5570900440216064, 1.3923991918563843, 1.2319355010986328, 1.088735580444336, 0.9585814476013184, 0.8509367108345032, 0.7849076390266418], "proxy_train_time": 7.286510963924229, "proxy_train_epochs": 50, "dirty_bit": 1, "landscape_term": 8.607429601355635, "speed_term": 6.039100878995804, "mote": 6.8188469003913035}