{"id": 1395, "adj_matrix": [[0, 1, 1, 1], [0, 0, 1, 1], [0, 0, 0, 1], [0, 0, 0, 0]], "operations": ["avg_pool_3x3", "nor_conv_1x1", "nor_conv_1x1", "zeros", "zeros", "nor_conv_1x1"], "init_channel": 16, "blck_len": 5, "params": 0.163156, "flops": 19.58538, "latency": 0.017102162043253582, "train_per_time": 19.199084321657764, "train_time_200": 3839.8168643315526, "train_accuracy_200": 0.7758999999999999, "test_accuracy_200": 0.6246666665242513, "train_time_12": 230.38901185989377, "train_accuracy_12": 0.3214, "test_accuracy_12": 0.3140000002441406, "valtest_accuracy_200": 0.6260333333333333, "valtest_accuracy_12": 0.3151, "proxy_losses": [2.4022185802459717, 2.2079901695251465, 2.0939178466796875, 2.0143043994903564, 1.9478095769882202, 1.8914116621017456, 1.8424221277236938, 1.7962722778320312, 1.7568503618240356, 1.721543312072754, 1.6901243925094604, 1.658427119255066, 1.627652883529663, 1.6005899906158447, 1.572463870048523, 1.549878716468811, 1.522390365600586, 1.5009726285934448, 1.476636528968811, 1.4555187225341797, 1.4384819269180298, 1.416408658027649, 1.3948556184768677, 1.3785390853881836, 1.3606905937194824, 1.3444867134094238, 1.3248988389968872, 1.307897686958313, 1.2907739877700806, 1.2758225202560425, 1.2598412036895752, 1.2497007846832275, 1.2311241626739502, 1.2200287580490112, 1.207865834236145, 1.1924835443496704, 1.1825236082077026, 1.1711617708206177, 1.1619023084640503, 1.1491197347640991, 1.1349867582321167, 1.1234558820724487, 1.11253023147583, 1.1018340587615967, 1.0929983854293823, 1.0851982831954956, 1.0759477615356445, 1.0703824758529663, 1.0574688911437988, 1.0452271699905396], "landscape_losses": [2.4669864177703857, 2.279783010482788, 2.1037189960479736, 1.9223730564117432, 1.7353157997131348, 1.5688538551330566, 1.4140098094940186, 1.2809431552886963, 1.174858570098877, 1.0888170003890991, 1.0437231063842773], "proxy_train_time": 8.292004998773336, "proxy_train_epochs": 50, "dirty_bit": 1, "landscape_term": 7.268788358552413, "speed_term": 5.775339341949778, "mote": 5.868989124131356}