{"id": 14008, "adj_matrix": [[0, 1, 1, 1], [0, 0, 1, 1], [0, 0, 0, 1], [0, 0, 0, 0]], "operations": ["zeros", "avg_pool_3x3", "nor_conv_3x3", "avg_pool_3x3", "zeros", "skip_connect"], "init_channel": 16, "blck_len": 5, "params": 0.322196, "flops": 43.17834, "latency": 0.012287338574727377, "train_per_time": 14.169743855794291, "train_time_200": 2833.948771158858, "train_accuracy_200": 0.48294, "test_accuracy_200": 0.45069999984741216, "train_time_12": 170.03692626953125, "train_accuracy_12": 0.23876, "test_accuracy_12": 0.2318000001220703, "valtest_accuracy_200": 0.45209999999999995, "valtest_accuracy_12": 0.22870000000000001, "proxy_losses": [3.1075639724731445, 2.555609703063965, 2.259998083114624, 2.0734353065490723, 1.9713070392608643, 1.9233909845352173, 1.8930259943008423, 1.863857388496399, 1.8354402780532837, 1.8136729001998901, 1.794669508934021, 1.7783594131469727, 1.7620699405670166, 1.7499439716339111, 1.7376749515533447, 1.7280194759368896, 1.7176201343536377, 1.708188533782959, 1.7016265392303467, 1.6943302154541016, 1.6865748167037964, 1.6807712316513062, 1.6724807024002075, 1.6669505834579468, 1.660670518875122, 1.6553239822387695, 1.649101972579956, 1.6438767910003662, 1.6407355070114136, 1.634065866470337, 1.629302740097046, 1.6239848136901855, 1.6188979148864746, 1.6137142181396484, 1.6095010042190552, 1.6049566268920898, 1.600584626197815, 1.5953210592269897, 1.5926626920700073, 1.589806079864502, 1.5848777294158936, 1.580993413925171, 1.5787194967269897, 1.5759623050689697, 1.570687174797058, 1.5702933073043823, 1.5669764280319214, 1.56136155128479, 1.5593363046646118, 1.5553035736083984], "landscape_losses": [3.1693763732910156, 2.7090156078338623, 2.4293158054351807, 2.2027125358581543, 2.0341973304748535, 1.8868392705917358, 1.7745758295059204, 1.6833086013793945, 1.6169317960739136, 1.5732439756393433, 1.5569368600845337], "proxy_train_time": 6.2432748805731535, "proxy_train_epochs": 50, "dirty_bit": 1, "landscape_term": 5.625817221450074, "speed_term": 3.5862917698517998, "mote": 4.284609550377116}