{"id": 14043, "adj_matrix": [[0, 1, 1, 1], [0, 0, 1, 1], [0, 0, 0, 1], [0, 0, 0, 0]], "operations": ["nor_conv_1x1", "nor_conv_1x1", "zeros", "zeros", "avg_pool_3x3", "zeros"], "init_channel": 16, "blck_len": 5, "params": 0.135156, "flops": 15.65322, "latency": 0.013960056834750705, "train_per_time": 15.691139221191408, "train_time_200": 3138.2278442382817, "train_accuracy_200": 0.7225866666666667, "test_accuracy_200": 0.5754666661173503, "train_time_12": 188.2936706542969, "train_accuracy_12": 0.28942, "test_accuracy_12": 0.29419999990844725, "valtest_accuracy_200": 0.5738666666666666, "valtest_accuracy_12": 0.2891, "proxy_losses": [2.3741655349731445, 2.237903356552124, 2.152876853942871, 2.0840015411376953, 2.023709774017334, 1.9715708494186401, 1.9255181550979614, 1.884653925895691, 1.8502074480056763, 1.817802906036377, 1.789702296257019, 1.7649480104446411, 1.742461085319519, 1.7220300436019897, 1.7031053304672241, 1.6854199171066284, 1.669725775718689, 1.6531282663345337, 1.6395245790481567, 1.6246412992477417, 1.6106892824172974, 1.5970760583877563, 1.5875595808029175, 1.5723340511322021, 1.5622518062591553, 1.5499109029769897, 1.5366449356079102, 1.5245972871780396, 1.5147907733917236, 1.5036299228668213, 1.4942971467971802, 1.4879752397537231, 1.4759668111801147, 1.4650824069976807, 1.4542815685272217, 1.4423567056655884, 1.4323053359985352, 1.4195388555526733, 1.4102203845977783, 1.4033070802688599, 1.3909531831741333, 1.3821872472763062, 1.3733562231063843, 1.3641228675842285, 1.352947473526001, 1.3446344137191772, 1.3380323648452759, 1.3268616199493408, 1.317751407623291, 1.3060029745101929], "landscape_losses": [2.413271903991699, 2.2737021446228027, 2.1426002979278564, 2.0061583518981934, 1.8629049062728882, 1.7289812564849854, 1.6119683980941772, 1.5037957429885864, 1.4093987941741943, 1.3474427461624146, 1.3062981367111206], "proxy_train_time": 8.552092093974352, "proxy_train_epochs": 50, "dirty_bit": 1, "landscape_term": 6.437080066009423, "speed_term": 5.2882902183094425, "mote": 5.205054104607158}