{"id": 14103, "adj_matrix": [[0, 1, 1, 1], [0, 0, 1, 1], [0, 0, 0, 1], [0, 0, 0, 0]], "operations": ["zeros", "skip_connect", "skip_connect", "nor_conv_1x1", "avg_pool_3x3", "nor_conv_1x1"], "init_channel": 16, "blck_len": 5, "params": 0.135156, "flops": 15.65322, "latency": 0.012168513403998481, "train_per_time": 15.156647483507761, "train_time_200": 3031.329496701552, "train_accuracy_200": 0.7260533333333334, "test_accuracy_200": 0.6278666665039063, "train_time_12": 181.87976980209348, "train_accuracy_12": 0.41458, "test_accuracy_12": 0.4040000002441406, "valtest_accuracy_200": 0.6249666666666667, "valtest_accuracy_12": 0.40369999999999995, "proxy_losses": [2.5677061080932617, 2.3067786693573, 2.1541996002197266, 2.050450325012207, 1.9714707136154175, 1.9033671617507935, 1.8502707481384277, 1.8026435375213623, 1.7630226612091064, 1.72612464427948, 1.6936312913894653, 1.662853717803955, 1.636182427406311, 1.61019766330719, 1.586525797843933, 1.5633461475372314, 1.5432331562042236, 1.5245262384414673, 1.5062575340270996, 1.489436149597168, 1.4722216129302979, 1.4584397077560425, 1.4449142217636108, 1.4275997877120972, 1.413910150527954, 1.4003461599349976, 1.3888243436813354, 1.375412940979004, 1.362900733947754, 1.3518308401107788, 1.341305136680603, 1.3315212726593018, 1.3189663887023926, 1.3081375360488892, 1.3014836311340332, 1.2876935005187988, 1.276729702949524, 1.2678011655807495, 1.2612876892089844, 1.2557262182235718, 1.249327301979065, 1.2376195192337036, 1.2251980304718018, 1.22157883644104, 1.2115535736083984, 1.2046234607696533, 1.196774959564209, 1.1886214017868042, 1.19057035446167, 1.177945613861084], "landscape_losses": [2.625553846359253, 2.386207342147827, 2.199397563934326, 2.0155410766601562, 1.832139015197754, 1.668272852897644, 1.526383638381958, 1.3924005031585693, 1.287300944328308, 1.213700771331787, 1.1711395978927612], "proxy_train_time": 6.535488744266331, "proxy_train_epochs": 50, "dirty_bit": 1, "landscape_term": 6.7239362521735275, "speed_term": 4.353330469595682, "mote": 5.215807914175358}