{"id": 14174, "adj_matrix": [[0, 1, 1, 1], [0, 0, 1, 1], [0, 0, 0, 1], [0, 0, 0, 0]], "operations": ["nor_conv_3x3", "nor_conv_3x3", "zeros", "skip_connect", "nor_conv_3x3", "nor_conv_1x1"], "init_channel": 16, "blck_len": 5, "params": 0.8362760000000001, "flops": 117.88938, "latency": 0.01977966891394721, "train_per_time": 23.635764678319305, "train_time_200": 4727.152935663861, "train_accuracy_200": 0.9981799999999998, "test_accuracy_200": 0.726466666829427, "train_time_12": 283.62917613983154, "train_accuracy_12": 0.66852, "test_accuracy_12": 0.6097999998779298, "valtest_accuracy_200": 0.7240333333333333, "valtest_accuracy_12": 0.608, "proxy_losses": [2.419550895690918, 1.8227633237838745, 1.6311593055725098, 1.516912817955017, 1.4415444135665894, 1.3784712553024292, 1.3247021436691284, 1.2739869356155396, 1.2268387079238892, 1.1890969276428223, 1.1509218215942383, 1.1101773977279663, 1.084604263305664, 1.0540510416030884, 1.0211427211761475, 0.9946460723876953, 0.9739462733268738, 0.9490137696266174, 0.9241172075271606, 0.9087712168693542, 0.8800187706947327, 0.8627755045890808, 0.8495174646377563, 0.8292232155799866, 0.8175036907196045, 0.8017808198928833, 0.7889794111251831, 0.7868647575378418, 0.7728288769721985, 0.7686444520950317, 0.7460744380950928, 0.7328290939331055, 0.7119448781013489, 0.7100124359130859, 0.7034112215042114, 0.6937336921691895, 0.6885322332382202, 0.6689104437828064, 0.6573723554611206, 0.6497671604156494, 0.6483413577079773, 0.6376533508300781, 0.6229642033576965, 0.6181436777114868, 0.6069223880767822, 0.5927917957305908, 0.5931162238121033, 0.5840526819229126, 0.5695972442626953, 0.5588932037353516], "landscape_losses": [2.5451016426086426, 2.0369277000427246, 1.726462483406067, 1.4839051961898804, 1.2759612798690796, 1.106431245803833, 0.9361454844474792, 0.8276773691177368, 0.6896533370018005, 0.607765257358551, 0.5621486306190491], "proxy_train_time": 9.84413372259587, "proxy_train_epochs": 50, "dirty_bit": 1, "landscape_term": 10.97516841028924, "speed_term": 10.573806850198405, "mote": 9.109060672519242}