{"id": 14278, "adj_matrix": [[0, 1, 1, 1], [0, 0, 1, 1], [0, 0, 0, 1], [0, 0, 0, 0]], "operations": ["avg_pool_3x3", "nor_conv_3x3", "avg_pool_3x3", "nor_conv_1x1", "avg_pool_3x3", "nor_conv_3x3"], "init_channel": 16, "blck_len": 5, "params": 0.593236, "flops": 82.49994, "latency": 0.01569611496395535, "train_per_time": 24.43562602996826, "train_time_200": 4887.125205993652, "train_accuracy_200": 0.9522700000000001, "test_accuracy_200": 0.641299999633789, "train_time_12": 293.22751235961914, "train_accuracy_12": 0.4243, "test_accuracy_12": 0.4073999992675781, "valtest_accuracy_200": 0.6417, "valtest_accuracy_12": 0.4093, "proxy_losses": [2.355630874633789, 1.8426982164382935, 1.7075523138046265, 1.6183918714523315, 1.5526371002197266, 1.4934535026550293, 1.4405781030654907, 1.3905326128005981, 1.3476088047027588, 1.3111939430236816, 1.2750885486602783, 1.2513195276260376, 1.2169197797775269, 1.196536660194397, 1.16759192943573, 1.1443192958831787, 1.1158368587493896, 1.0909978151321411, 1.0727537870407104, 1.0628504753112793, 1.034994125366211, 1.0049768686294556, 0.991118848323822, 0.9709784388542175, 0.9569117426872253, 0.9408575296401978, 0.9245712757110596, 0.9144729375839233, 0.9057677984237671, 0.8925007581710815, 0.8814822435379028, 0.8640038967132568, 0.8507826924324036, 0.8375580310821533, 0.8249579071998596, 0.8200236558914185, 0.8279443383216858, 0.8086135387420654, 0.798451840877533, 0.7855774760246277, 0.7719516754150391, 0.7670748233795166, 0.7611203193664551, 0.7481330037117004, 0.7353773713111877, 0.7289908528327942, 0.7217809557914734, 0.7157235145568848, 0.7041870951652527, 0.7012526988983154], "landscape_losses": [2.4857022762298584, 2.025660753250122, 1.7599347829818726, 1.555274486541748, 1.3809223175048828, 1.2077536582946777, 1.0578356981277466, 0.929337203502655, 0.8200653195381165, 0.7300378680229187, 0.6903374791145325], "proxy_train_time": 8.5015182280913, "proxy_train_epochs": 50, "dirty_bit": 1, "landscape_term": 9.718416141204306, "speed_term": 8.043576462502429, "mote": 7.899542828665677}