{"id": 1428, "adj_matrix": [[0, 1, 1, 1], [0, 0, 1, 1], [0, 0, 0, 1], [0, 0, 0, 0]], "operations": ["zeros", "nor_conv_3x3", "avg_pool_3x3", "nor_conv_1x1", "skip_connect", "nor_conv_3x3"], "init_channel": 16, "blck_len": 5, "params": 0.593236, "flops": 82.49994, "latency": 0.016137370356807002, "train_per_time": 20.898664395014393, "train_time_200": 4179.732879002879, "train_accuracy_200": 0.9770666666666666, "test_accuracy_200": 0.6998666668701172, "train_time_12": 250.7839727401733, "train_accuracy_12": 0.5258400000000001, "test_accuracy_12": 0.5037999996948241, "valtest_accuracy_200": 0.6986, "valtest_accuracy_12": 0.5018, "proxy_losses": [2.29376220703125, 1.9532828330993652, 1.8283929824829102, 1.743952751159668, 1.6746646165847778, 1.5996716022491455, 1.536299467086792, 1.4767570495605469, 1.4193172454833984, 1.3677932024002075, 1.325243353843689, 1.289542555809021, 1.2432410717010498, 1.2062925100326538, 1.1837488412857056, 1.1515874862670898, 1.1157089471817017, 1.0927791595458984, 1.069338321685791, 1.039616346359253, 1.0150753259658813, 1.0001425743103027, 0.9789429903030396, 0.9676611423492432, 0.9506649374961853, 0.9167314171791077, 0.8985268473625183, 0.878835141658783, 0.8599284291267395, 0.8451269268989563, 0.8303853273391724, 0.8106371164321899, 0.7909627556800842, 0.7801471948623657, 0.7703651189804077, 0.7584704160690308, 0.7419725656509399, 0.7261347770690918, 0.7205260992050171, 0.7133036255836487, 0.698722779750824, 0.6883220076560974, 0.6744044423103333, 0.6659706830978394, 0.6545844674110413, 0.6546019315719604, 0.6415401697158813, 0.624153733253479, 0.6231136918067932, 0.6118142008781433], "landscape_losses": [2.3945727348327637, 2.064913272857666, 1.8593502044677734, 1.6717000007629395, 1.4591416120529175, 1.263418436050415, 1.0896937847137451, 0.9105387926101685, 0.7723422050476074, 0.6565395593643188, 0.6013233661651611], "proxy_train_time": 8.575780848041177, "proxy_train_epochs": 50, "dirty_bit": 1, "landscape_term": 10.011585388265454, "speed_term": 8.229679790105234, "mote": 8.121418293173898}