{"id": 14351, "adj_matrix": [[0, 1, 1, 1], [0, 0, 1, 1], [0, 0, 0, 1], [0, 0, 0, 0]], "operations": ["avg_pool_3x3", "zeros", "skip_connect", "skip_connect", "nor_conv_1x1", "skip_connect"], "init_channel": 16, "blck_len": 5, "params": 0.107156, "flops": 11.72106, "latency": 0.011121922069125705, "train_per_time": 11.012372175852475, "train_time_200": 2202.474435170495, "train_accuracy_200": 0.63413, "test_accuracy_200": 0.5706999999694824, "train_time_12": 132.14846611022952, "train_accuracy_12": 0.28484000000000004, "test_accuracy_12": 0.27620000012207035, "valtest_accuracy_200": 0.5701, "valtest_accuracy_12": 0.27390000000000003, "proxy_losses": [4.225839614868164, 3.212623119354248, 2.660944938659668, 2.3582801818847656, 2.1404366493225098, 1.976928472518921, 1.8923887014389038, 1.8474773168563843, 1.809694528579712, 1.7793241739273071, 1.7533512115478516, 1.7330331802368164, 1.717739462852478, 1.6976453065872192, 1.680501937866211, 1.6639697551727295, 1.6493576765060425, 1.634584903717041, 1.6211599111557007, 1.6074625253677368, 1.5934091806411743, 1.5809919834136963, 1.568570852279663, 1.557307243347168, 1.548181414604187, 1.53618323802948, 1.5255476236343384, 1.5168081521987915, 1.5082944631576538, 1.4958932399749756, 1.4861868619918823, 1.4774597883224487, 1.4682344198226929, 1.4587595462799072, 1.454837441444397, 1.4456794261932373, 1.4384270906448364, 1.4350090026855469, 1.425262451171875, 1.4157495498657227, 1.4105290174484253, 1.4054266214370728, 1.3950932025909424, 1.3928592205047607, 1.3872464895248413, 1.381085991859436, 1.3731056451797485, 1.3648933172225952, 1.3584994077682495, 1.3521040678024292], "landscape_losses": [4.349599361419678, 3.51412034034729, 2.9656200408935547, 2.5381972789764404, 2.1831486225128174, 1.914014458656311, 1.7057019472122192, 1.5460097789764404, 1.4461668729782104, 1.3799608945846558, 1.3518139123916626], "proxy_train_time": 5.1020363150164485, "proxy_train_epochs": 50, "dirty_bit": 1, "landscape_term": 5.615150075378233, "speed_term": 3.0218037066750014, "mote": 4.146328055564571}