{"id": 14381, "adj_matrix": [[0, 1, 1, 1], [0, 0, 1, 1], [0, 0, 0, 1], [0, 0, 0, 0]], "operations": ["nor_conv_3x3", "avg_pool_3x3", "skip_connect", "nor_conv_3x3", "skip_connect", "nor_conv_3x3"], "init_channel": 16, "blck_len": 5, "params": 0.808276, "flops": 113.95722, "latency": 0.015676591131422255, "train_per_time": 21.9426052570343, "train_time_200": 4388.52105140686, "train_accuracy_200": 0.9753000000000001, "test_accuracy_200": 0.6807999993286132, "train_time_12": 263.3112630844116, "train_accuracy_12": 0.46744, "test_accuracy_12": 0.4529999994506836, "valtest_accuracy_200": 0.6786500000000001, "valtest_accuracy_12": 0.45880000000000004, "proxy_losses": [2.23689341545105, 1.8408668041229248, 1.697227120399475, 1.5874464511871338, 1.4988818168640137, 1.4266386032104492, 1.3681738376617432, 1.3148130178451538, 1.2674877643585205, 1.2272521257400513, 1.1943100690841675, 1.1657527685165405, 1.135269284248352, 1.1059821844100952, 1.079301357269287, 1.0541542768478394, 1.031530499458313, 1.0106639862060547, 0.9975220561027527, 0.9720194339752197, 0.9555160403251648, 0.9334163069725037, 0.9216232299804688, 0.9030309319496155, 0.8910323977470398, 0.8796013593673706, 0.85941082239151, 0.8497771620750427, 0.8458315134048462, 0.8325681686401367, 0.8167563676834106, 0.8008107542991638, 0.7823323607444763, 0.7687639594078064, 0.7591644525527954, 0.7732813358306885, 0.7505090832710266, 0.7400321960449219, 0.7376628518104553, 0.7207030653953552, 0.7118421792984009, 0.7070339322090149, 0.6979827880859375, 0.6908037066459656, 0.6808030009269714, 0.6676687598228455, 0.6671678423881531, 0.6553336977958679, 0.6590961217880249, 0.6615971326828003], "landscape_losses": [2.3495030403137207, 2.0308451652526855, 1.814919114112854, 1.6248022317886353, 1.4816131591796875, 1.31569242477417, 1.186310887336731, 1.0238163471221924, 0.9017216563224792, 0.7638921141624451, 0.6632652282714844], "proxy_train_time": 8.40601716004312, "proxy_train_epochs": 50, "dirty_bit": 1, "landscape_term": 9.264926650973798, "speed_term": 8.48521126689148, "mote": 7.673873326294995}