{"id": 1439, "adj_matrix": [[0, 1, 1, 1], [0, 0, 1, 1], [0, 0, 0, 1], [0, 0, 0, 0]], "operations": ["skip_connect", "avg_pool_3x3", "avg_pool_3x3", "nor_conv_3x3", "nor_conv_1x1", "nor_conv_1x1"], "init_channel": 16, "blck_len": 5, "params": 0.378196, "flops": 51.04265999999999, "latency": 0.01608543042783384, "train_per_time": 21.816319227218628, "train_time_200": 4363.263845443726, "train_accuracy_200": 0.9277, "test_accuracy_200": 0.6801333325195311, "train_time_12": 261.79583072662354, "train_accuracy_12": 0.4807, "test_accuracy_12": 0.46180000018310546, "valtest_accuracy_200": 0.6784666666666667, "valtest_accuracy_12": 0.46299999999999997, "proxy_losses": [2.2602179050445557, 1.9170032739639282, 1.7682716846466064, 1.6834181547164917, 1.6224843263626099, 1.5741125345230103, 1.5298198461532593, 1.4930962324142456, 1.4555094242095947, 1.4245855808258057, 1.3963007926940918, 1.368414282798767, 1.3424160480499268, 1.3164243698120117, 1.2916358709335327, 1.2679970264434814, 1.2482168674468994, 1.2244884967803955, 1.202467679977417, 1.1826045513153076, 1.162348985671997, 1.1480960845947266, 1.1257590055465698, 1.1087437868118286, 1.1002429723739624, 1.0897804498672485, 1.0681711435317993, 1.0585588216781616, 1.0374138355255127, 1.0292855501174927, 1.0099679231643677, 1.0016638040542603, 0.9921228289604187, 0.9847854375839233, 0.972278892993927, 0.9604499936103821, 0.9549100399017334, 0.949973464012146, 0.9382079839706421, 0.9359981417655945, 0.9327034950256348, 0.9172297120094299, 0.9100410342216492, 0.8974156379699707, 0.883122444152832, 0.8691422939300537, 0.8642570376396179, 0.8595666885375977, 0.8536548018455505, 0.8477078080177307], "landscape_losses": [2.3443832397460938, 2.061140298843384, 1.8596515655517578, 1.685239315032959, 1.500135898590088, 1.3481523990631104, 1.1976596117019653, 1.0659139156341553, 0.9610310792922974, 0.883293092250824, 0.8404934406280518], "proxy_train_time": 7.20403435267508, "proxy_train_epochs": 50, "dirty_bit": 1, "landscape_term": 8.586781848596155, "speed_term": 6.1016922517205465, "mote": 6.816583901250497}