{"id": 14431, "adj_matrix": [[0, 1, 1, 1], [0, 0, 1, 1], [0, 0, 0, 1], [0, 0, 0, 0]], "operations": ["zeros", "zeros", "avg_pool_3x3", "nor_conv_1x1", "skip_connect", "nor_conv_1x1"], "init_channel": 16, "blck_len": 5, "params": 0.135156, "flops": 15.65322, "latency": 0.015741357096919307, "train_per_time": 15.322461565335622, "train_time_200": 3064.4923130671245, "train_accuracy_200": 0.7167533333333332, "test_accuracy_200": 0.6216000001831055, "train_time_12": 183.86953878402713, "train_accuracy_12": 0.42146, "test_accuracy_12": 0.41240000012207034, "valtest_accuracy_200": 0.6201666666666668, "valtest_accuracy_12": 0.41229999999999994, "proxy_losses": [2.3637285232543945, 2.167710065841675, 2.062169313430786, 1.9952630996704102, 1.9419039487838745, 1.8971209526062012, 1.8572282791137695, 1.8237513303756714, 1.794451117515564, 1.7689859867095947, 1.7462736368179321, 1.7249590158462524, 1.7063071727752686, 1.6887001991271973, 1.671434760093689, 1.6558009386062622, 1.6408121585845947, 1.6254050731658936, 1.6104378700256348, 1.5952037572860718, 1.5820504426956177, 1.5694140195846558, 1.5565277338027954, 1.5440701246261597, 1.5324066877365112, 1.5192084312438965, 1.5068833827972412, 1.4961974620819092, 1.4854953289031982, 1.4731577634811401, 1.463667392730713, 1.4549349546432495, 1.4452248811721802, 1.4340444803237915, 1.4270800352096558, 1.4156296253204346, 1.4059441089630127, 1.3961623907089233, 1.3880243301391602, 1.381454586982727, 1.3704301118850708, 1.363326907157898, 1.3574330806732178, 1.351314902305603, 1.3371714353561401, 1.3303916454315186, 1.323133945465088, 1.3196624517440796, 1.3095488548278809, 1.3062726259231567], "landscape_losses": [2.4054672718048096, 2.235295295715332, 2.08205246925354, 1.9414827823638916, 1.8078101873397827, 1.6880990266799927, 1.5718334913253784, 1.4772515296936035, 1.4004082679748535, 1.334870457649231, 1.297159194946289], "proxy_train_time": 6.871859689243138, "proxy_train_epochs": 50, "dirty_bit": 1, "landscape_term": 6.55125282056366, "speed_term": 4.339176718086427, "mote": 5.093706212874773}