{"id": 14517, "adj_matrix": [[0, 1, 1, 1], [0, 0, 1, 1], [0, 0, 0, 1], [0, 0, 0, 0]], "operations": ["nor_conv_3x3", "nor_conv_3x3", "zeros", "avg_pool_3x3", "skip_connect", "nor_conv_3x3"], "init_channel": 16, "blck_len": 5, "params": 0.8082759999999999, "flops": 113.95722, "latency": 0.016289028856489394, "train_per_time": 21.67616144816077, "train_time_200": 4335.232289632154, "train_accuracy_200": 0.9910199999999999, "test_accuracy_200": 0.6899333328043621, "train_time_12": 260.11393737792963, "train_accuracy_12": 0.54944, "test_accuracy_12": 0.5154000002441407, "valtest_accuracy_200": 0.6866333333333334, "valtest_accuracy_12": 0.5093, "proxy_losses": [2.4349045753479004, 1.8827284574508667, 1.7046048641204834, 1.5982580184936523, 1.5157619714736938, 1.451877474784851, 1.400183081626892, 1.3508347272872925, 1.3103841543197632, 1.2713491916656494, 1.2376097440719604, 1.2096587419509888, 1.1855175495147705, 1.1714540719985962, 1.1422923803329468, 1.114838719367981, 1.0916918516159058, 1.0731263160705566, 1.0443438291549683, 1.0167236328125, 0.9954846501350403, 0.9815901517868042, 0.9621134996414185, 0.9436478614807129, 0.9224278330802917, 0.9058741927146912, 0.8955904245376587, 0.8854078054428101, 0.8614807724952698, 0.84939044713974, 0.8300395607948303, 0.8120774626731873, 0.8024001717567444, 0.7896231412887573, 0.7805122137069702, 0.7701513171195984, 0.7552070021629333, 0.7400066256523132, 0.7270784378051758, 0.7198750972747803, 0.7140581011772156, 0.7031000852584839, 0.69508957862854, 0.687526285648346, 0.6841067671775818, 0.6732058525085449, 0.6613766551017761, 0.6555275321006775, 0.6488135457038879, 0.634742021560669], "landscape_losses": [2.5627803802490234, 2.0709805488586426, 1.778062343597412, 1.5524333715438843, 1.3605257272720337, 1.1887770891189575, 1.0348106622695923, 0.9021530151367188, 0.7624147534370422, 0.6779288053512573, 0.623740017414093], "proxy_train_time": 8.813832060433924, "proxy_train_epochs": 50, "dirty_bit": 1, "landscape_term": 10.120589891572894, "speed_term": 8.658725122756874, "mote": 8.26170649400996}