{"id": 1457, "adj_matrix": [[0, 1, 1, 1], [0, 0, 1, 1], [0, 0, 0, 1], [0, 0, 0, 0]], "operations": ["zeros", "nor_conv_3x3", "nor_conv_1x1", "nor_conv_3x3", "nor_conv_1x1", "skip_connect"], "init_channel": 16, "blck_len": 5, "params": 0.621236, "flops": 86.4321, "latency": 0.019409744827835647, "train_per_time": 22.304943203926086, "train_time_200": 4460.988640785217, "train_accuracy_200": 0.9120933333333333, "test_accuracy_200": 0.6754666665445964, "train_time_12": 267.65931844711304, "train_accuracy_12": 0.50914, "test_accuracy_12": 0.4777999998779297, "valtest_accuracy_200": 0.6766333333333334, "valtest_accuracy_12": 0.4839, "proxy_losses": [2.2550907135009766, 1.8756890296936035, 1.7392728328704834, 1.6528818607330322, 1.5853614807128906, 1.5318491458892822, 1.4869303703308105, 1.4445550441741943, 1.404541015625, 1.3713551759719849, 1.3384681940078735, 1.3089412450790405, 1.2811473608016968, 1.2584965229034424, 1.2298630475997925, 1.2059683799743652, 1.179721474647522, 1.154388427734375, 1.138689637184143, 1.1113972663879395, 1.0910625457763672, 1.0752310752868652, 1.0549405813217163, 1.0323569774627686, 1.0163325071334839, 1.0030208826065063, 0.9799090623855591, 0.9670679569244385, 0.9549551010131836, 0.9368154406547546, 0.9197732210159302, 0.9098385572433472, 0.9023302793502808, 0.8795830011367798, 0.8656061291694641, 0.8527765870094299, 0.8443572521209717, 0.8377324342727661, 0.8305174708366394, 0.8175734281539917, 0.8089882135391235, 0.8044811487197876, 0.7918184399604797, 0.7828918695449829, 0.7775803804397583, 0.7782716155052185, 0.7632452845573425, 0.7631224989891052, 0.7477011680603027, 0.7465716004371643], "landscape_losses": [2.3547112941741943, 2.0248100757598877, 1.8317406177520752, 1.6557822227478027, 1.462692141532898, 1.3154226541519165, 1.1463414430618286, 1.0073187351226807, 0.8852127194404602, 0.7981217503547668, 0.7373795509338379], "proxy_train_time": 9.194454372860491, "proxy_train_epochs": 50, "dirty_bit": 1, "landscape_term": 9.116151990021617, "speed_term": 8.344778823071266, "mote": 7.55306748180224}