{"id": 14622, "adj_matrix": [[0, 1, 1, 1], [0, 0, 1, 1], [0, 0, 0, 1], [0, 0, 0, 0]], "operations": ["nor_conv_3x3", "nor_conv_1x1", "nor_conv_1x1", "nor_conv_3x3", "nor_conv_1x1", "avg_pool_3x3"], "init_channel": 16, "blck_len": 5, "params": 0.649236, "flops": 90.36426, "latency": 0.019757972823248968, "train_per_time": 28.117980202039043, "train_time_200": 5623.596040407809, "train_accuracy_200": 0.98216, "test_accuracy_200": 0.6957000005493164, "train_time_12": 337.415762424469, "train_accuracy_12": 0.43241999999999997, "test_accuracy_12": 0.4212000001831055, "valtest_accuracy_200": 0.6957, "valtest_accuracy_12": 0.4214, "proxy_losses": [2.4250898361206055, 1.938731074333191, 1.7795554399490356, 1.6807515621185303, 1.6074808835983276, 1.5465072393417358, 1.4897782802581787, 1.4406545162200928, 1.397047758102417, 1.355520248413086, 1.3158658742904663, 1.2781400680541992, 1.2454396486282349, 1.2107046842575073, 1.1778590679168701, 1.143384575843811, 1.1112470626831055, 1.0841938257217407, 1.0599286556243896, 1.038201093673706, 1.0151180028915405, 0.995750904083252, 0.9771696329116821, 0.9571396708488464, 0.9384404420852661, 0.9264835715293884, 0.9159841537475586, 0.9014268517494202, 0.889572262763977, 0.8718292117118835, 0.8546656370162964, 0.8367499113082886, 0.8298861384391785, 0.8174813389778137, 0.8057536482810974, 0.7912372350692749, 0.7772815227508545, 0.7753902077674866, 0.76398104429245, 0.7570697665214539, 0.7537999749183655, 0.7361701130867004, 0.7300521731376648, 0.713874876499176, 0.7111512422561646, 0.7039067149162292, 0.703162431716919, 0.6880816221237183, 0.675588846206665, 0.6793085336685181], "landscape_losses": [2.515791654586792, 2.1086645126342773, 1.8855295181274414, 1.681470274925232, 1.474550724029541, 1.3161550760269165, 1.1643695831298828, 0.9982575178146362, 0.863882839679718, 0.7519105076789856, 0.6688698530197144], "proxy_train_time": 10.320382468402386, "proxy_train_epochs": 50, "dirty_bit": 1, "landscape_term": 9.277905577572776, "speed_term": 9.769464935706631, "mote": 7.883941610037679}