{"id": 14639, "adj_matrix": [[0, 1, 1, 1], [0, 0, 1, 1], [0, 0, 0, 1], [0, 0, 0, 0]], "operations": ["zeros", "nor_conv_3x3", "skip_connect", "zeros", "zeros", "nor_conv_1x1"], "init_channel": 16, "blck_len": 5, "params": 0.350196, "flops": 47.1105, "latency": 0.013776024182637533, "train_per_time": 14.547144174575804, "train_time_200": 2909.4288349151607, "train_accuracy_200": 0.8500999999999999, "test_accuracy_200": 0.6534999992675782, "train_time_12": 174.56573009490964, "train_accuracy_12": 0.36544, "test_accuracy_12": 0.3601999995727539, "valtest_accuracy_200": 0.6491, "valtest_accuracy_12": 0.365, "proxy_losses": [2.2807071208953857, 2.049262285232544, 1.9240068197250366, 1.8385636806488037, 1.7701770067214966, 1.717789649963379, 1.6702162027359009, 1.6278259754180908, 1.5856980085372925, 1.5477101802825928, 1.510209560394287, 1.4744765758514404, 1.4414784908294678, 1.4109272956848145, 1.3814187049865723, 1.3537437915802002, 1.3273288011550903, 1.3028026819229126, 1.2752453088760376, 1.2545591592788696, 1.2309178113937378, 1.2130625247955322, 1.1912285089492798, 1.1721926927566528, 1.1498719453811646, 1.1315947771072388, 1.1133601665496826, 1.0922056436538696, 1.072811484336853, 1.0577746629714966, 1.0426214933395386, 1.023553490638733, 1.0080896615982056, 0.9880675077438354, 0.9756117463111877, 0.9589364528656006, 0.9478456974029541, 0.9413699507713318, 0.9231561422348022, 0.9124574065208435, 0.9010065197944641, 0.8881868124008179, 0.8713535070419312, 0.8674744963645935, 0.8498569130897522, 0.8348449468612671, 0.8264262676239014, 0.8221935629844666, 0.8122915625572205, 0.8029946088790894], "landscape_losses": [2.352694511413574, 2.1608924865722656, 1.9644421339035034, 1.7654707431793213, 1.5648670196533203, 1.3918064832687378, 1.2424432039260864, 1.0813696384429932, 0.9486565589904785, 0.8506056666374207, 0.7946441173553467], "proxy_train_time": 7.42300443444401, "proxy_train_epochs": 50, "dirty_bit": 1, "landscape_term": 8.538609536052327, "speed_term": 6.0479925665483325, "mote": 6.774665186407814}