{"id": 1463, "adj_matrix": [[0, 1, 1, 1], [0, 0, 1, 1], [0, 0, 0, 1], [0, 0, 0, 0]], "operations": ["nor_conv_1x1", "zeros", "nor_conv_1x1", "avg_pool_3x3", "avg_pool_3x3", "nor_conv_3x3"], "init_channel": 16, "blck_len": 5, "params": 0.378196, "flops": 51.04265999999999, "latency": 0.016059129326431842, "train_per_time": 21.10625672340393, "train_time_200": 4221.251344680786, "train_accuracy_200": 0.9648466666666667, "test_accuracy_200": 0.661733333170573, "train_time_12": 253.27508068084717, "train_accuracy_12": 0.49422, "test_accuracy_12": 0.46520000000000006, "valtest_accuracy_200": 0.6630666666666666, "valtest_accuracy_12": 0.46619999999999995, "proxy_losses": [2.5100038051605225, 1.9252718687057495, 1.746680498123169, 1.6462390422821045, 1.5794167518615723, 1.5312687158584595, 1.4833543300628662, 1.4418656826019287, 1.4062145948410034, 1.3720101118087769, 1.339475154876709, 1.314340353012085, 1.2848631143569946, 1.2596869468688965, 1.2348084449768066, 1.209059238433838, 1.1877925395965576, 1.1687045097351074, 1.1478633880615234, 1.1251468658447266, 1.108699083328247, 1.092680811882019, 1.070923924446106, 1.0560110807418823, 1.0432478189468384, 1.027688980102539, 1.0142897367477417, 0.9997934699058533, 0.9890177845954895, 0.9729804396629333, 0.9685239195823669, 0.9529312252998352, 0.9429027438163757, 0.9384366273880005, 0.9222533106803894, 0.9115847945213318, 0.8974120020866394, 0.8862081170082092, 0.8805837631225586, 0.871238112449646, 0.8681405186653137, 0.8632255792617798, 0.8533406257629395, 0.8410654067993164, 0.8312439322471619, 0.8185491561889648, 0.8085524439811707, 0.8045452237129211, 0.7950177192687988, 0.7915087938308716], "landscape_losses": [2.633319854736328, 2.1485414505004883, 1.8562812805175781, 1.6611599922180176, 1.4975420236587524, 1.3160641193389893, 1.1668111085891724, 1.0332767963409424, 0.9231386780738831, 0.837260365486145, 0.7855701446533203], "proxy_train_time": 8.69997382350266, "proxy_train_epochs": 50, "dirty_bit": 1, "landscape_term": 8.788908427145888, "speed_term": 7.666977001883946, "mote": 7.224725450237781}