{"id": 14752, "adj_matrix": [[0, 1, 1, 1], [0, 0, 1, 1], [0, 0, 0, 1], [0, 0, 0, 0]], "operations": ["nor_conv_1x1", "avg_pool_3x3", "zeros", "avg_pool_3x3", "skip_connect", "nor_conv_1x1"], "init_channel": 16, "blck_len": 5, "params": 0.135156, "flops": 15.65322, "latency": 0.014117492569817437, "train_per_time": 16.797425548235534, "train_time_200": 3359.485109647107, "train_accuracy_200": 0.81709, "test_accuracy_200": 0.6313999997558594, "train_time_12": 201.56910657882688, "train_accuracy_12": 0.41112000000000004, "test_accuracy_12": 0.3922000001831055, "valtest_accuracy_200": 0.6331, "valtest_accuracy_12": 0.391, "proxy_losses": [2.671055793762207, 2.2941861152648926, 2.1059868335723877, 1.9716142416000366, 1.8745365142822266, 1.8052207231521606, 1.7494343519210815, 1.704677700996399, 1.665878176689148, 1.629776120185852, 1.600927710533142, 1.57512366771698, 1.5525823831558228, 1.5331023931503296, 1.5144935846328735, 1.4971439838409424, 1.4809885025024414, 1.4641720056533813, 1.4517455101013184, 1.4369903802871704, 1.4218802452087402, 1.4064595699310303, 1.3945302963256836, 1.3826690912246704, 1.3677607774734497, 1.3572773933410645, 1.346502423286438, 1.3340345621109009, 1.3249174356460571, 1.3142377138137817, 1.2995818853378296, 1.2861872911453247, 1.277059555053711, 1.2636423110961914, 1.2562233209609985, 1.2465853691101074, 1.238955020904541, 1.2267556190490723, 1.216792106628418, 1.2102136611938477, 1.2018808126449585, 1.1910210847854614, 1.183326005935669, 1.1791009902954102, 1.170976996421814, 1.160698413848877, 1.1578171253204346, 1.1511191129684448, 1.1426831483840942, 1.1377238035202026], "landscape_losses": [2.7433979511260986, 2.393646717071533, 2.1616687774658203, 1.9541898965835571, 1.7714804410934448, 1.6138135194778442, 1.4604895114898682, 1.333221435546875, 1.2395820617675781, 1.178656816482544, 1.1368988752365112], "proxy_train_time": 6.706026225350797, "proxy_train_epochs": 50, "dirty_bit": 1, "landscape_term": 6.910257984993642, "speed_term": 4.62942721972316, "mote": 5.40071487079626}