{"id": 14783, "adj_matrix": [[0, 1, 1, 1], [0, 0, 1, 1], [0, 0, 0, 1], [0, 0, 0, 0]], "operations": ["avg_pool_3x3", "zeros", "skip_connect", "avg_pool_3x3", "skip_connect", "zeros"], "init_channel": 16, "blck_len": 5, "params": 0.079156, "flops": 7.788900000000001, "latency": 0.010273288797449183, "train_per_time": 9.416146039962769, "train_time_200": 1883.2292079925537, "train_accuracy_200": 0.47996, "test_accuracy_200": 0.4509999995524089, "train_time_12": 112.99375247955322, "train_accuracy_12": 0.23612, "test_accuracy_12": 0.2308000000305176, "valtest_accuracy_200": 0.4497, "valtest_accuracy_12": 0.23, "proxy_losses": [3.658994436264038, 3.0712807178497314, 2.6145970821380615, 2.3194031715393066, 2.133744239807129, 2.0149729251861572, 1.936003565788269, 1.8815817832946777, 1.8464248180389404, 1.8250529766082764, 1.8099546432495117, 1.796248435974121, 1.7845672369003296, 1.7737743854522705, 1.7647178173065186, 1.7549327611923218, 1.7472997903823853, 1.738799810409546, 1.7318339347839355, 1.724671483039856, 1.718168020248413, 1.7116714715957642, 1.7067605257034302, 1.7015228271484375, 1.6959953308105469, 1.6919931173324585, 1.6859694719314575, 1.6815776824951172, 1.6781326532363892, 1.6738067865371704, 1.6685594320297241, 1.665319561958313, 1.660764455795288, 1.6577582359313965, 1.653892993927002, 1.6485697031021118, 1.6447209119796753, 1.640091061592102, 1.6373512744903564, 1.6321754455566406, 1.6281706094741821, 1.6240609884262085, 1.6218838691711426, 1.6171724796295166, 1.6130871772766113, 1.6094592809677124, 1.6024022102355957, 1.6018574237823486, 1.5950814485549927, 1.5926474332809448], "landscape_losses": [3.7280211448669434, 3.1827971935272217, 2.788865566253662, 2.493887424468994, 2.2319765090942383, 2.021071195602417, 1.852549433708191, 1.7330812215805054, 1.6582915782928467, 1.6104519367218018, 1.5893497467041016], "proxy_train_time": 4.740309474058449, "proxy_train_epochs": 50, "dirty_bit": 1, "landscape_term": 5.254763285245129, "speed_term": 2.619259984325285, "mote": 3.791552928574798}