{"id": 14802, "adj_matrix": [[0, 1, 1, 1], [0, 0, 1, 1], [0, 0, 0, 1], [0, 0, 0, 0]], "operations": ["avg_pool_3x3", "avg_pool_3x3", "skip_connect", "zeros", "avg_pool_3x3", "nor_conv_1x1"], "init_channel": 16, "blck_len": 5, "params": 0.107156, "flops": 11.72106, "latency": 0.012420866224500868, "train_per_time": 14.90803798039757, "train_time_200": 2981.6075960795138, "train_accuracy_200": 0.63751, "test_accuracy_200": 0.5216999997558593, "train_time_12": 178.89645576477054, "train_accuracy_12": 0.30888000000000004, "test_accuracy_12": 0.29459999990844726, "valtest_accuracy_200": 0.5239499999999999, "valtest_accuracy_12": 0.2916, "proxy_losses": [2.6075894832611084, 2.3262715339660645, 2.1588194370269775, 2.0445170402526855, 1.96749746799469, 1.9089893102645874, 1.8621511459350586, 1.8235769271850586, 1.7956533432006836, 1.7689499855041504, 1.7473374605178833, 1.7261691093444824, 1.706080675125122, 1.688166618347168, 1.6706267595291138, 1.6540383100509644, 1.6393492221832275, 1.6224589347839355, 1.6055771112442017, 1.5923376083374023, 1.5770918130874634, 1.5635842084884644, 1.5506244897842407, 1.537065863609314, 1.526289701461792, 1.5115448236465454, 1.4965884685516357, 1.4859576225280762, 1.4733582735061646, 1.459852695465088, 1.4500906467437744, 1.4391837120056152, 1.4239898920059204, 1.411594271659851, 1.3982086181640625, 1.3889487981796265, 1.379734992980957, 1.3677855730056763, 1.3588917255401611, 1.3512630462646484, 1.3429136276245117, 1.3328793048858643, 1.3283710479736328, 1.3210018873214722, 1.312482237815857, 1.3017224073410034, 1.294464111328125, 1.2901668548583984, 1.2816866636276245, 1.2708866596221924], "landscape_losses": [2.6665472984313965, 2.4159533977508545, 2.22591495513916, 2.0472583770751953, 1.8767527341842651, 1.7266221046447754, 1.599874496459961, 1.4796334505081177, 1.3829652070999146, 1.3035836219787598, 1.2663586139678955], "proxy_train_time": 5.799354122020304, "proxy_train_epochs": 50, "dirty_bit": 1, "landscape_term": 6.419402340474055, "speed_term": 3.663781313601692, "mote": 4.857062979137562}