{"id": 14821, "adj_matrix": [[0, 1, 1, 1], [0, 0, 1, 1], [0, 0, 0, 1], [0, 0, 0, 0]], "operations": ["nor_conv_3x3", "avg_pool_3x3", "nor_conv_3x3", "avg_pool_3x3", "skip_connect", "avg_pool_3x3"], "init_channel": 16, "blck_len": 5, "params": 0.565236, "flops": 78.56778, "latency": 0.015306313832600912, "train_per_time": 20.20205569267273, "train_time_200": 4040.411138534546, "train_accuracy_200": 0.7747066666666665, "test_accuracy_200": 0.6265999999389649, "train_time_12": 242.42466831207275, "train_accuracy_12": 0.38154000000000005, "test_accuracy_12": 0.3643999993286133, "valtest_accuracy_200": 0.6257666666666666, "valtest_accuracy_12": 0.3676, "proxy_losses": [2.728837728500366, 1.7785429954528809, 1.6114094257354736, 1.5230374336242676, 1.4513583183288574, 1.402956247329712, 1.3513342142105103, 1.3115214109420776, 1.272123098373413, 1.2436695098876953, 1.2137256860733032, 1.185614824295044, 1.1586586236953735, 1.1323000192642212, 1.107606053352356, 1.0784848928451538, 1.063854694366455, 1.0411964654922485, 1.0295406579971313, 1.0108317136764526, 0.9916188716888428, 0.9758790135383606, 0.9549805521965027, 0.9409283399581909, 0.9269244074821472, 0.914988100528717, 0.8961798548698425, 0.8766835927963257, 0.8619479537010193, 0.8558036088943481, 0.8444706797599792, 0.8377188444137573, 0.8323594927787781, 0.8306325078010559, 0.8145177960395813, 0.7963100671768188, 0.7884810566902161, 0.7801427245140076, 0.7658292055130005, 0.755624532699585, 0.7486344575881958, 0.7350810766220093, 0.7309598922729492, 0.7206031680107117, 0.725054919719696, 0.7128245234489441, 0.7000074982643127, 0.6984021663665771, 0.6868937611579895, 0.6785295605659485], "landscape_losses": [2.9421401023864746, 2.1517863273620605, 1.783766746520996, 1.5257394313812256, 1.3551727533340454, 1.1868839263916016, 1.0401220321655273, 0.9164526462554932, 0.8133493661880493, 0.730240523815155, 0.6734324097633362], "proxy_train_time": 7.354297527112067, "proxy_train_epochs": 50, "dirty_bit": 1, "landscape_term": 9.737521090558083, "speed_term": 7.19942123897502, "mote": 7.770128555037332}