{"id": 14833, "adj_matrix": [[0, 1, 1, 1], [0, 0, 1, 1], [0, 0, 0, 1], [0, 0, 0, 0]], "operations": ["skip_connect", "zeros", "zeros", "nor_conv_1x1", "avg_pool_3x3", "skip_connect"], "init_channel": 16, "blck_len": 5, "params": 0.10715599999999999, "flops": 11.72106, "latency": 0.010938856336805554, "train_per_time": 11.245750586191827, "train_time_200": 2249.1501172383655, "train_accuracy_200": 0.7937000000000001, "test_accuracy_200": 0.6311999997965495, "train_time_12": 134.9490070343018, "train_accuracy_12": 0.44182000000000005, "test_accuracy_12": 0.42399999938964844, "valtest_accuracy_200": 0.6304333333333333, "valtest_accuracy_12": 0.4171, "proxy_losses": [2.6415178775787354, 2.3313241004943848, 2.147615671157837, 2.026437997817993, 1.9397612810134888, 1.8792226314544678, 1.832783818244934, 1.7976157665252686, 1.7666798830032349, 1.739890217781067, 1.717576026916504, 1.6982574462890625, 1.6791478395462036, 1.6621228456497192, 1.646059513092041, 1.631036400794983, 1.6153572797775269, 1.6018836498260498, 1.5883300304412842, 1.5752054452896118, 1.562973976135254, 1.551133394241333, 1.5404363870620728, 1.5279852151870728, 1.5189465284347534, 1.5082141160964966, 1.4982476234436035, 1.4891960620880127, 1.478775143623352, 1.4693697690963745, 1.4611252546310425, 1.4509543180465698, 1.443090796470642, 1.4337549209594727, 1.426426649093628, 1.4188013076782227, 1.4123084545135498, 1.4024289846420288, 1.3948640823364258, 1.38736093044281, 1.3775513172149658, 1.3723547458648682, 1.3650466203689575, 1.3567596673965454, 1.3493298292160034, 1.3416191339492798, 1.3327759504318237, 1.3284707069396973, 1.3207659721374512, 1.3140602111816406], "landscape_losses": [2.694561243057251, 2.41664981842041, 2.1977620124816895, 2.018893241882324, 1.856152892112732, 1.7205661535263062, 1.606614589691162, 1.5005645751953125, 1.4134527444839478, 1.3454862833023071, 1.3061115741729736], "proxy_train_time": 4.973791716620326, "proxy_train_epochs": 50, "dirty_bit": 1, "landscape_term": 6.360383029067417, "speed_term": 3.1339675960151103, "mote": 4.694741718164689}