{"id": 1500, "adj_matrix": [[0, 1, 1, 1], [0, 0, 1, 1], [0, 0, 0, 1], [0, 0, 0, 0]], "operations": ["avg_pool_3x3", "nor_conv_3x3", "nor_conv_3x3", "zeros", "zeros", "nor_conv_1x1"], "init_channel": 16, "blck_len": 5, "params": 0.593236, "flops": 82.49994, "latency": 0.016606277889675565, "train_per_time": 21.48617704709375, "train_time_200": 4297.23540941875, "train_accuracy_200": 0.8887333333333334, "test_accuracy_200": 0.6525333329060872, "train_time_12": 257.83412456512457, "train_accuracy_12": 0.32344, "test_accuracy_12": 0.3217999995727539, "valtest_accuracy_200": 0.6535000000000001, "valtest_accuracy_12": 0.324, "proxy_losses": [2.1716883182525635, 1.9685808420181274, 1.8822213411331177, 1.8210119009017944, 1.7658675909042358, 1.717495083808899, 1.6736512184143066, 1.6301130056381226, 1.5896260738372803, 1.5518845319747925, 1.5067195892333984, 1.4657611846923828, 1.4248911142349243, 1.3835043907165527, 1.3528953790664673, 1.3136670589447021, 1.2851581573486328, 1.2547329664230347, 1.2257429361343384, 1.2010678052902222, 1.1723729372024536, 1.14271879196167, 1.1190522909164429, 1.0981173515319824, 1.0789488554000854, 1.052844524383545, 1.035413146018982, 1.0123299360275269, 0.9941920638084412, 0.9705086946487427, 0.9502211213111877, 0.9343898296356201, 0.9200853705406189, 0.9068791270256042, 0.8982941508293152, 0.8777011036872864, 0.8664910197257996, 0.8527325987815857, 0.8355157375335693, 0.8327742218971252, 0.8208271265029907, 0.8082821369171143, 0.7968303561210632, 0.7934077382087708, 0.7769910097122192, 0.7686479687690735, 0.7532561421394348, 0.7427161335945129, 0.7397984862327576, 0.7378964424133301], "landscape_losses": [2.23542857170105, 2.0358340740203857, 1.8788156509399414, 1.7119269371032715, 1.5426689386367798, 1.3722103834152222, 1.2074044942855835, 1.0318372249603271, 0.8887287974357605, 0.7914897799491882, 0.7219840884208679], "proxy_train_time": 9.08555255830288, "proxy_train_epochs": 50, "dirty_bit": 1, "landscape_term": 9.002989290165747, "speed_term": 7.76854799120459, "mote": 7.383496628404697}