{"id": 15005, "adj_matrix": [[0, 1, 1, 1], [0, 0, 1, 1], [0, 0, 0, 1], [0, 0, 0, 0]], "operations": ["nor_conv_3x3", "nor_conv_1x1", "zeros", "avg_pool_3x3", "avg_pool_3x3", "zeros"], "init_channel": 16, "blck_len": 5, "params": 0.350196, "flops": 47.1105, "latency": 0.014488365915086532, "train_per_time": 17.76260693868006, "train_time_200": 3552.5213877360125, "train_accuracy_200": 0.8164666666666666, "test_accuracy_200": 0.6211333332519531, "train_time_12": 213.15128326416018, "train_accuracy_12": 0.41022, "test_accuracy_12": 0.3837999996948242, "valtest_accuracy_200": 0.6185333333333333, "valtest_accuracy_12": 0.3859, "proxy_losses": [2.1004416942596436, 1.8288007974624634, 1.7286955118179321, 1.6559181213378906, 1.6005510091781616, 1.553364872932434, 1.5113075971603394, 1.4749211072921753, 1.443532109260559, 1.4153531789779663, 1.3938997983932495, 1.3727598190307617, 1.3470890522003174, 1.329479455947876, 1.3066644668579102, 1.2871487140655518, 1.2671130895614624, 1.2512836456298828, 1.2358691692352295, 1.2157331705093384, 1.2001250982284546, 1.1828104257583618, 1.1746007204055786, 1.1630839109420776, 1.1435693502426147, 1.1317319869995117, 1.110031247138977, 1.1038674116134644, 1.0907163619995117, 1.0761301517486572, 1.0712792873382568, 1.0570809841156006, 1.0510402917861938, 1.0383410453796387, 1.0391522645950317, 1.0283910036087036, 1.0184307098388672, 1.0095233917236328, 1.0038799047470093, 0.9918645620346069, 0.9857935309410095, 0.982677161693573, 0.9761804938316345, 0.9649567604064941, 0.956963300704956, 0.9469895362854004, 0.9420648217201233, 0.9449753761291504, 0.9254547953605652, 0.9142938256263733], "landscape_losses": [2.174510955810547, 1.9310067892074585, 1.7753318548202515, 1.6308845281600952, 1.5038222074508667, 1.373716950416565, 1.2639925479888916, 1.1314632892608643, 1.0352743864059448, 0.9563581943511963, 0.918082058429718], "proxy_train_time": 7.861964571289718, "proxy_train_epochs": 50, "dirty_bit": 1, "landscape_term": 8.322844727901678, "speed_term": 6.492562818410387, "mote": 6.711211884111494}