{"id": 1507, "adj_matrix": [[0, 1, 1, 1], [0, 0, 1, 1], [0, 0, 0, 1], [0, 0, 0, 0]], "operations": ["skip_connect", "nor_conv_3x3", "zeros", "nor_conv_1x1", "nor_conv_1x1", "skip_connect"], "init_channel": 16, "blck_len": 5, "params": 0.378196, "flops": 51.04265999999999, "latency": 0.016360680262247723, "train_per_time": 17.71969473361969, "train_time_200": 3543.938946723938, "train_accuracy_200": 0.9119733333333333, "test_accuracy_200": 0.6792000003255209, "train_time_12": 212.63633680343628, "train_accuracy_12": 0.55004, "test_accuracy_12": 0.5289999995117188, "valtest_accuracy_200": 0.6809333333333335, "valtest_accuracy_12": 0.5272, "proxy_losses": [2.2615628242492676, 1.8776726722717285, 1.7367820739746094, 1.6599020957946777, 1.6082435846328735, 1.567458987236023, 1.528839111328125, 1.498429536819458, 1.467225432395935, 1.4393235445022583, 1.41200590133667, 1.387735366821289, 1.3639848232269287, 1.3404933214187622, 1.3206853866577148, 1.297296404838562, 1.2774386405944824, 1.255649209022522, 1.235672116279602, 1.2207697629928589, 1.198870301246643, 1.1841000318527222, 1.1661661863327026, 1.1486119031906128, 1.1309728622436523, 1.1164854764938354, 1.1066230535507202, 1.0933400392532349, 1.0767450332641602, 1.0691083669662476, 1.0541505813598633, 1.0444960594177246, 1.0328112840652466, 1.016599178314209, 1.0128787755966187, 1.006311058998108, 0.9970290064811707, 0.9797694087028503, 0.9726097583770752, 0.9584048986434937, 0.9526504874229431, 0.9348363280296326, 0.929663896560669, 0.9145663976669312, 0.9061824083328247, 0.8980929851531982, 0.8990391492843628, 0.8840102553367615, 0.8772943615913391, 0.869761049747467], "landscape_losses": [2.357811212539673, 2.0456430912017822, 1.8434603214263916, 1.678602695465088, 1.5254422426223755, 1.3725746870040894, 1.221078872680664, 1.1080600023269653, 1.013878345489502, 0.9224724769592285, 0.8632208704948425], "proxy_train_time": 7.371295467950404, "proxy_train_epochs": 50, "dirty_bit": 1, "landscape_term": 8.3854960866468, "speed_term": 6.123421584515966, "mote": 6.686366074539004}