{"id": 15141, "adj_matrix": [[0, 1, 1, 1], [0, 0, 1, 1], [0, 0, 0, 1], [0, 0, 0, 0]], "operations": ["skip_connect", "avg_pool_3x3", "nor_conv_3x3", "nor_conv_3x3", "nor_conv_1x1", "nor_conv_3x3"], "init_channel": 16, "blck_len": 5, "params": 0.8362760000000001, "flops": 117.88938, "latency": 0.018717774638423213, "train_per_time": 25.112749934196472, "train_time_200": 5022.549986839294, "train_accuracy_200": 0.9881733333333333, "test_accuracy_200": 0.6999333331298828, "train_time_12": 301.35299921035767, "train_accuracy_12": 0.5173, "test_accuracy_12": 0.4933999996948242, "valtest_accuracy_200": 0.6978, "valtest_accuracy_12": 0.49920000000000003, "proxy_losses": [2.197254180908203, 1.8423099517822266, 1.6962251663208008, 1.5958257913589478, 1.5186824798583984, 1.4501813650131226, 1.3881635665893555, 1.3387788534164429, 1.2938532829284668, 1.2448533773422241, 1.210848093032837, 1.175339937210083, 1.1417012214660645, 1.111171841621399, 1.0851161479949951, 1.059828281402588, 1.0330270528793335, 1.0169811248779297, 0.9932758808135986, 0.9775254130363464, 0.9558714032173157, 0.9258195161819458, 0.9108348488807678, 0.8932247757911682, 0.8735347390174866, 0.8611990213394165, 0.844115138053894, 0.8301552534103394, 0.8192328214645386, 0.8138624429702759, 0.7976551651954651, 0.7926357388496399, 0.7760854363441467, 0.7645324468612671, 0.7520516514778137, 0.747732937335968, 0.7441967725753784, 0.7331075668334961, 0.7204434871673584, 0.7081189155578613, 0.6987468004226685, 0.6865600347518921, 0.6723452210426331, 0.6610009670257568, 0.6578577160835266, 0.6489362716674805, 0.645445704460144, 0.647167980670929, 0.6286745667457581, 0.6239268779754639], "landscape_losses": [2.2989044189453125, 1.9521509408950806, 1.7398828268051147, 1.5196242332458496, 1.3202602863311768, 1.1296535730361938, 0.9746098518371582, 0.8289536237716675, 0.7249822616577148, 0.6592265367507935, 0.6201506853103638], "proxy_train_time": 9.517136665992439, "proxy_train_epochs": 50, "dirty_bit": 1, "landscape_term": 10.56388393457475, "speed_term": 9.67070450803328, "mote": 8.707691759956111}