{"id": 15236, "adj_matrix": [[0, 1, 1, 1], [0, 0, 1, 1], [0, 0, 0, 1], [0, 0, 0, 0]], "operations": ["skip_connect", "nor_conv_1x1", "avg_pool_3x3", "skip_connect", "skip_connect", "nor_conv_3x3"], "init_channel": 16, "blck_len": 5, "params": 0.350196, "flops": 47.1105, "latency": 0.013697412278917102, "train_per_time": 15.742921551068656, "train_time_200": 3148.5843102137314, "train_accuracy_200": 0.70096, "test_accuracy_200": 0.6160666668090821, "train_time_12": 188.91505861282357, "train_accuracy_12": 0.37304000000000004, "test_accuracy_12": 0.3523999999694824, "valtest_accuracy_200": 0.6135, "valtest_accuracy_12": 0.3568, "proxy_losses": [3.5721352100372314, 2.273012399673462, 1.997402548789978, 1.8349117040634155, 1.719486117362976, 1.6388330459594727, 1.582682728767395, 1.5427780151367188, 1.504033088684082, 1.4712480306625366, 1.4425925016403198, 1.4177286624908447, 1.395288109779358, 1.3748975992202759, 1.353690505027771, 1.3346160650253296, 1.3166484832763672, 1.3015960454940796, 1.2889549732208252, 1.2724865674972534, 1.2568970918655396, 1.2453993558883667, 1.2302453517913818, 1.2181802988052368, 1.2045339345932007, 1.193793773651123, 1.1801252365112305, 1.1654043197631836, 1.1554282903671265, 1.1444684267044067, 1.1344531774520874, 1.121016263961792, 1.1116632223129272, 1.1018086671829224, 1.0917625427246094, 1.0815790891647339, 1.0755304098129272, 1.0602755546569824, 1.0660675764083862, 1.0539277791976929, 1.040834903717041, 1.0306403636932373, 1.0269200801849365, 1.0214108228683472, 1.0083026885986328, 1.0013700723648071, 0.9894516468048096, 0.9855585694313049, 0.9782101511955261, 0.9700481295585632], "landscape_losses": [3.726097345352173, 2.734858274459839, 2.280824899673462, 1.937051773071289, 1.6587191820144653, 1.4486325979232788, 1.2916736602783203, 1.1596755981445312, 1.056870460510254, 0.9912435412406921, 0.961575984954834], "proxy_train_time": 6.621044979430735, "proxy_train_epochs": 50, "dirty_bit": 1, "landscape_term": 7.513376716112769, "speed_term": 5.048041813712265, "mote": 5.895818746627124}