{"id": 15244, "adj_matrix": [[0, 1, 1, 1], [0, 0, 1, 1], [0, 0, 0, 1], [0, 0, 0, 0]], "operations": ["avg_pool_3x3", "zeros", "nor_conv_3x3", "skip_connect", "nor_conv_1x1", "avg_pool_3x3"], "init_channel": 16, "blck_len": 5, "params": 0.350196, "flops": 47.1105, "latency": 0.014178015567638256, "train_per_time": 17.9557228883108, "train_time_200": 3591.14457766216, "train_accuracy_200": 0.8180933333333332, "test_accuracy_200": 0.635799999654134, "train_time_12": 215.46867465972903, "train_accuracy_12": 0.48796, "test_accuracy_12": 0.4589999992675782, "valtest_accuracy_200": 0.6340333333333333, "valtest_accuracy_12": 0.46259999999999996, "proxy_losses": [2.4706408977508545, 1.8642230033874512, 1.707306981086731, 1.6418588161468506, 1.5908324718475342, 1.5482882261276245, 1.5040647983551025, 1.4678051471710205, 1.4369107484817505, 1.4043601751327515, 1.377325177192688, 1.3574490547180176, 1.3307693004608154, 1.3091562986373901, 1.2918941974639893, 1.269729733467102, 1.2502979040145874, 1.2362403869628906, 1.221608281135559, 1.2107930183410645, 1.1999146938323975, 1.1897058486938477, 1.1711580753326416, 1.160835862159729, 1.145850419998169, 1.1410861015319824, 1.132157802581787, 1.1216411590576172, 1.1145122051239014, 1.1042733192443848, 1.0890851020812988, 1.0819332599639893, 1.0739158391952515, 1.065598487854004, 1.0624754428863525, 1.0481337308883667, 1.0414246320724487, 1.0364296436309814, 1.0286017656326294, 1.0261309146881104, 1.0203149318695068, 1.0140740871429443, 1.011350154876709, 1.006207823753357, 0.9958581924438477, 0.9872925877571106, 0.9825209975242615, 0.9704660177230835, 0.9689130783081055, 0.9726855754852295], "landscape_losses": [2.5927581787109375, 2.135298252105713, 1.899518609046936, 1.7007249593734741, 1.5409095287322998, 1.397960901260376, 1.2697511911392212, 1.164779782295227, 1.0526025295257568, 0.9793240427970886, 0.9645830988883972], "proxy_train_time": 7.024671034887433, "proxy_train_epochs": 50, "dirty_bit": 1, "landscape_term": 7.986680245104155, "speed_term": 5.715194068488126, "mote": 6.343550311739051}