{"id": 15301, "adj_matrix": [[0, 1, 1, 1], [0, 0, 1, 1], [0, 0, 0, 1], [0, 0, 0, 0]], "operations": ["zeros", "skip_connect", "skip_connect", "avg_pool_3x3", "zeros", "nor_conv_1x1"], "init_channel": 16, "blck_len": 5, "params": 0.10715599999999999, "flops": 11.72106, "latency": 0.01123915778266059, "train_per_time": 11.281047741572076, "train_time_200": 2256.2095483144153, "train_accuracy_200": 0.7921733333333333, "test_accuracy_200": 0.63666666603597, "train_time_12": 135.37257289886477, "train_accuracy_12": 0.44182000000000005, "test_accuracy_12": 0.42399999938964844, "valtest_accuracy_200": 0.6347, "valtest_accuracy_12": 0.4171, "proxy_losses": [2.748969554901123, 2.4419140815734863, 2.2497034072875977, 2.1242454051971436, 2.035839557647705, 1.9648535251617432, 1.9088165760040283, 1.8670654296875, 1.8319379091262817, 1.8036773204803467, 1.7752101421356201, 1.7497965097427368, 1.7246286869049072, 1.7019699811935425, 1.6780929565429688, 1.6592400074005127, 1.637785792350769, 1.6179169416427612, 1.6005828380584717, 1.5856716632843018, 1.568203091621399, 1.5545626878738403, 1.5370464324951172, 1.5240775346755981, 1.5106687545776367, 1.497004508972168, 1.4836000204086304, 1.4743293523788452, 1.4609891176223755, 1.451951026916504, 1.4416974782943726, 1.4322187900543213, 1.4221104383468628, 1.4139634370803833, 1.4049949645996094, 1.3932043313980103, 1.3865538835525513, 1.3770933151245117, 1.36873197555542, 1.3591156005859375, 1.355070948600769, 1.3422396183013916, 1.3376697301864624, 1.32905912399292, 1.3217185735702515, 1.315108060836792, 1.310743808746338, 1.3031816482543945, 1.2985442876815796, 1.2920904159545898], "landscape_losses": [2.7970869541168213, 2.517552137374878, 2.3025999069213867, 2.114903211593628, 1.942408800125122, 1.7783101797103882, 1.631179928779602, 1.491841197013855, 1.39702570438385, 1.3253042697906494, 1.2876911163330078], "proxy_train_time": 5.795675750821829, "proxy_train_epochs": 50, "dirty_bit": 1, "landscape_term": 6.269308581232049, "speed_term": 3.6234087685329723, "mote": 4.74383921897459}