{"id": 15344, "adj_matrix": [[0, 1, 1, 1], [0, 0, 1, 1], [0, 0, 0, 1], [0, 0, 0, 0]], "operations": ["skip_connect", "nor_conv_3x3", "nor_conv_3x3", "avg_pool_3x3", "skip_connect", "avg_pool_3x3"], "init_channel": 16, "blck_len": 5, "params": 0.565236, "flops": 78.56778, "latency": 0.013954882268552427, "train_per_time": 18.066264549891105, "train_time_200": 3613.252909978221, "train_accuracy_200": 0.6259399999999999, "test_accuracy_200": 0.5671333329060871, "train_time_12": 216.79517459869382, "train_accuracy_12": 0.33270000000000005, "test_accuracy_12": 0.3114000001220703, "valtest_accuracy_200": 0.5660666666666666, "valtest_accuracy_12": 0.3124, "proxy_losses": [2.5817477703094482, 1.9338531494140625, 1.7345377206802368, 1.6551578044891357, 1.5744702816009521, 1.5133761167526245, 1.4668025970458984, 1.4253090620040894, 1.389228105545044, 1.3558869361877441, 1.3257322311401367, 1.3003166913986206, 1.282225251197815, 1.2568033933639526, 1.2362560033798218, 1.2174477577209473, 1.2018327713012695, 1.1864291429519653, 1.1739858388900757, 1.1544404029846191, 1.1403082609176636, 1.1263538599014282, 1.1126000881195068, 1.1027953624725342, 1.0897160768508911, 1.0815147161483765, 1.0721664428710938, 1.0652209520339966, 1.0515497922897339, 1.0375638008117676, 1.0360944271087646, 1.0237135887145996, 1.0154430866241455, 1.004620909690857, 0.9917873740196228, 0.980962872505188, 0.9797982573509216, 0.9661561250686646, 0.9626263380050659, 0.9512597918510437, 0.9505970478057861, 0.9431988000869751, 0.9496361613273621, 0.9345522522926331, 0.9310333132743835, 0.918412983417511, 0.910836398601532, 0.8969148397445679, 0.8904179930686951, 0.8871871829032898], "landscape_losses": [2.6608383655548096, 2.132706880569458, 1.8548226356506348, 1.6513755321502686, 1.4803231954574585, 1.3473584651947021, 1.2492488622665405, 1.1213147640228271, 1.0463004112243652, 0.9319370985031128, 0.8980522751808167], "proxy_train_time": 6.874576546251774, "proxy_train_epochs": 50, "dirty_bit": 1, "landscape_term": 8.24171555682064, "speed_term": 5.828789365972082, "mote": 6.535881947224073}