{"id": 15351, "adj_matrix": [[0, 1, 1, 1], [0, 0, 1, 1], [0, 0, 0, 1], [0, 0, 0, 0]], "operations": ["avg_pool_3x3", "zeros", "zeros", "nor_conv_3x3", "nor_conv_1x1", "nor_conv_3x3"], "init_channel": 16, "blck_len": 5, "params": 0.593236, "flops": 82.49994, "latency": 0.01735887262556288, "train_per_time": 21.179685314496407, "train_time_200": 4235.937062899281, "train_accuracy_200": 0.9141499999999999, "test_accuracy_200": 0.6763000000610353, "train_time_12": 254.15622377395633, "train_accuracy_12": 0.40356000000000003, "test_accuracy_12": 0.3886000001220703, "valtest_accuracy_200": 0.6739, "valtest_accuracy_12": 0.39289999999999997, "proxy_losses": [2.3795313835144043, 1.9873027801513672, 1.858508586883545, 1.7873281240463257, 1.7353923320770264, 1.690704107284546, 1.6491574048995972, 1.6063764095306396, 1.5655571222305298, 1.5229532718658447, 1.4858152866363525, 1.4481381177902222, 1.4125370979309082, 1.381164312362671, 1.3539063930511475, 1.3227328062057495, 1.2977222204208374, 1.2737878561019897, 1.2530103921890259, 1.234488606452942, 1.2102714776992798, 1.1934101581573486, 1.1736879348754883, 1.1610230207443237, 1.1399798393249512, 1.1219091415405273, 1.1064863204956055, 1.09604811668396, 1.0824085474014282, 1.0678229331970215, 1.0539042949676514, 1.0399812459945679, 1.0278335809707642, 1.0166093111038208, 1.002954125404358, 0.9931365251541138, 0.9802865982055664, 0.9795472621917725, 0.9692754745483398, 0.9552783370018005, 0.9557632803916931, 0.9361209869384766, 0.9336491227149963, 0.9191427826881409, 0.9070492386817932, 0.9091446399688721, 0.8956745862960815, 0.8873664140701294, 0.8819887638092041, 0.8718306422233582], "landscape_losses": [2.46557354927063, 2.146799325942993, 1.9448320865631104, 1.741736888885498, 1.5742156505584717, 1.4125245809555054, 1.2823026180267334, 1.1318494081497192, 1.0174636840820312, 0.9116151332855225, 0.8772760629653931], "proxy_train_time": 9.199837456457317, "proxy_train_epochs": 50, "dirty_bit": 1, "landscape_term": 8.1859459928879, "speed_term": 7.453401288941319, "mote": 6.7867373667151565}