{"id": 15429, "adj_matrix": [[0, 1, 1, 1], [0, 0, 1, 1], [0, 0, 0, 1], [0, 0, 0, 0]], "operations": ["nor_conv_3x3", "zeros", "avg_pool_3x3", "skip_connect", "nor_conv_1x1", "nor_conv_3x3"], "init_channel": 16, "blck_len": 5, "params": 0.593236, "flops": 82.49994, "latency": 0.015251053704155816, "train_per_time": 20.817556858062744, "train_time_200": 4163.511371612549, "train_accuracy_200": 0.9828299999999999, "test_accuracy_200": 0.7077999989624024, "train_time_12": 249.81068229675293, "train_accuracy_12": 0.61554, "test_accuracy_12": 0.5691999997558593, "valtest_accuracy_200": 0.70905, "valtest_accuracy_12": 0.5684, "proxy_losses": [2.881108522415161, 2.003101348876953, 1.743760108947754, 1.6111785173416138, 1.531328558921814, 1.4653041362762451, 1.4103071689605713, 1.3555759191513062, 1.308624029159546, 1.26548433303833, 1.2254579067230225, 1.1912487745285034, 1.1537941694259644, 1.1240208148956299, 1.0967204570770264, 1.068312168121338, 1.0411617755889893, 1.015446662902832, 0.9926393628120422, 0.981432318687439, 0.9569960236549377, 0.9382452964782715, 0.9121119976043701, 0.9106698036193848, 0.8915712833404541, 0.8756271600723267, 0.8675214648246765, 0.8560394644737244, 0.8404865264892578, 0.8259202837944031, 0.8170050978660583, 0.8026440739631653, 0.7907843589782715, 0.7810199856758118, 0.7628230452537537, 0.748379111289978, 0.7372680306434631, 0.7311407923698425, 0.7264594435691833, 0.7239795327186584, 0.7157979607582092, 0.6916674375534058, 0.6889568567276001, 0.673882007598877, 0.664893627166748, 0.6528813242912292, 0.6499281525611877, 0.6423851847648621, 0.6486213207244873, 0.63752281665802], "landscape_losses": [3.103163957595825, 2.358524799346924, 1.9599730968475342, 1.6703447103500366, 1.4259430170059204, 1.2217142581939697, 1.0364441871643066, 0.8884271383285522, 0.7598329782485962, 0.6663215756416321, 0.6323745250701904], "proxy_train_time": 8.551988136954606, "proxy_train_epochs": 50, "dirty_bit": 1, "landscape_term": 9.863566721380355, "speed_term": 8.445701263624986, "mote": 8.059973981121749}