{"id": 15485, "adj_matrix": [[0, 1, 1, 1], [0, 0, 1, 1], [0, 0, 0, 1], [0, 0, 0, 0]], "operations": ["nor_conv_3x3", "avg_pool_3x3", "nor_conv_1x1", "skip_connect", "nor_conv_1x1", "nor_conv_3x3"], "init_channel": 16, "blck_len": 5, "params": 0.621236, "flops": 86.4321, "latency": 0.018174303902520075, "train_per_time": 24.14622553189596, "train_time_200": 4829.245106379192, "train_accuracy_200": 0.99066, "test_accuracy_200": 0.7124999990844727, "train_time_12": 289.75470638275146, "train_accuracy_12": 0.62258, "test_accuracy_12": 0.5691999995117187, "valtest_accuracy_200": 0.7116999999999999, "valtest_accuracy_12": 0.5666, "proxy_losses": [2.810898542404175, 2.058837413787842, 1.835403561592102, 1.7149242162704468, 1.623888373374939, 1.549138069152832, 1.490212082862854, 1.4378845691680908, 1.3864878416061401, 1.3364251852035522, 1.291429877281189, 1.2508690357208252, 1.2136297225952148, 1.1798685789108276, 1.1537386178970337, 1.1231000423431396, 1.096890926361084, 1.0701208114624023, 1.0529571771621704, 1.0381704568862915, 1.0117688179016113, 0.9893097877502441, 0.9686921834945679, 0.9571158289909363, 0.9395174980163574, 0.9151704907417297, 0.8936877250671387, 0.8793685436248779, 0.8647319078445435, 0.8478572368621826, 0.8306318521499634, 0.8175225257873535, 0.8129884600639343, 0.7995200157165527, 0.7973340153694153, 0.7770727276802063, 0.7658320665359497, 0.7450714707374573, 0.7316990494728088, 0.7207278609275818, 0.7183197140693665, 0.7141257524490356, 0.7139459848403931, 0.6890191435813904, 0.6811858415603638, 0.6720215082168579, 0.6588562726974487, 0.6452064514160156, 0.6352154016494751, 0.6201450228691101], "landscape_losses": [3.0092501640319824, 2.372309923171997, 2.0047316551208496, 1.7106844186782837, 1.4745445251464844, 1.237730622291565, 1.0494461059570312, 0.8776061534881592, 0.7386680841445923, 0.6528049111366272, 0.6140543818473816], "proxy_train_time": 9.21691460441798, "proxy_train_epochs": 50, "dirty_bit": 1, "landscape_term": 9.929832178753013, "speed_term": 8.773245230720537, "mote": 8.15574926692452}