{"id": 15510, "adj_matrix": [[0, 1, 1, 1], [0, 0, 1, 1], [0, 0, 0, 1], [0, 0, 0, 0]], "operations": ["nor_conv_1x1", "nor_conv_1x1", "nor_conv_1x1", "skip_connect", "nor_conv_3x3", "nor_conv_3x3"], "init_channel": 16, "blck_len": 5, "params": 0.649236, "flops": 90.36426, "latency": 0.021900150510999892, "train_per_time": 26.057482560475652, "train_time_200": 5211.49651209513, "train_accuracy_200": 0.9928400000000001, "test_accuracy_200": 0.7112999999389649, "train_time_12": 312.689790725708, "train_accuracy_12": 0.62132, "test_accuracy_12": 0.5760000002441407, "valtest_accuracy_200": 0.7115, "valtest_accuracy_12": 0.5735, "proxy_losses": [2.4871745109558105, 1.8715105056762695, 1.6728978157043457, 1.5579560995101929, 1.4707374572753906, 1.3974343538284302, 1.3342927694320679, 1.2919843196868896, 1.250412940979004, 1.2149525880813599, 1.1817823648452759, 1.1549090147018433, 1.1297118663787842, 1.1016806364059448, 1.075431227684021, 1.0583841800689697, 1.0359829664230347, 1.0128982067108154, 0.9926527142524719, 0.97658771276474, 0.9629380702972412, 0.9416292905807495, 0.9224157929420471, 0.9039813280105591, 0.8858808875083923, 0.867902934551239, 0.8557822108268738, 0.8404908180236816, 0.8241185545921326, 0.8145337700843811, 0.7991164922714233, 0.7894935607910156, 0.7693221569061279, 0.7689477801322937, 0.7578226327896118, 0.7544262409210205, 0.7330724596977234, 0.7260100841522217, 0.7114927768707275, 0.7044184803962708, 0.6927595734596252, 0.6857486367225647, 0.673983097076416, 0.6725736856460571, 0.6658728718757629, 0.6534507870674133, 0.6538863778114319, 0.6497819423675537, 0.634792685508728, 0.6180588006973267], "landscape_losses": [2.618727684020996, 2.077681541442871, 1.7619589567184448, 1.5063420534133911, 1.294492244720459, 1.116930365562439, 0.9850491285324097, 0.8439186811447144, 0.7370185256004333, 0.6675868034362793, 0.6250911951065063], "proxy_train_time": 10.061618162319064, "proxy_train_epochs": 50, "dirty_bit": 1, "landscape_term": 10.417038325222432, "speed_term": 10.224374035927854, "mote": 8.696690195670373}