{"id": 15557, "adj_matrix": [[0, 1, 1, 1], [0, 0, 1, 1], [0, 0, 0, 1], [0, 0, 0, 0]], "operations": ["nor_conv_1x1", "zeros", "zeros", "zeros", "nor_conv_3x3", "zeros"], "init_channel": 16, "blck_len": 5, "params": 0.350196, "flops": 47.1105, "latency": 0.01543504661983914, "train_per_time": 14.894538521766663, "train_time_200": 2978.9077043533325, "train_accuracy_200": 0.85816, "test_accuracy_200": 0.654999999786377, "train_time_12": 178.73446226119995, "train_accuracy_12": 0.36476, "test_accuracy_12": 0.361399999786377, "valtest_accuracy_200": 0.6550499999999999, "valtest_accuracy_12": 0.3605, "proxy_losses": [2.184530019760132, 1.8863004446029663, 1.7537423372268677, 1.6744773387908936, 1.617270588874817, 1.568662166595459, 1.5251580476760864, 1.4851799011230469, 1.4484615325927734, 1.4148225784301758, 1.3841354846954346, 1.3544039726257324, 1.3260552883148193, 1.2970572710037231, 1.271450161933899, 1.2474653720855713, 1.2209804058074951, 1.1985692977905273, 1.1787699460983276, 1.1546828746795654, 1.13472318649292, 1.1136304140090942, 1.0945777893066406, 1.0774188041687012, 1.067183017730713, 1.0465408563613892, 1.0325230360031128, 1.0219438076019287, 1.006681203842163, 0.9888923764228821, 0.9804531335830688, 0.9603967070579529, 0.9497725367546082, 0.9370108246803284, 0.9205435514450073, 0.912506639957428, 0.9094244241714478, 0.890142560005188, 0.8721160292625427, 0.8658007979393005, 0.8631079196929932, 0.8538722395896912, 0.8365713953971863, 0.8310153484344482, 0.823103129863739, 0.8042932152748108, 0.8022064566612244, 0.8014010787010193, 0.7879761457443237, 0.779935359954834], "landscape_losses": [2.2796106338500977, 2.001756191253662, 1.7832515239715576, 1.5963720083236694, 1.432618498802185, 1.2693846225738525, 1.1251929998397827, 0.9959118366241455, 0.893455445766449, 0.808020293712616, 0.7644022703170776], "proxy_train_time": 8.153025747276843, "proxy_train_epochs": 50, "dirty_bit": 1, "landscape_term": 9.169128113722977, "speed_term": 7.132015156177845, "mote": 7.385272476409142}