{"id": 1575, "adj_matrix": [[0, 1, 1, 1], [0, 0, 1, 1], [0, 0, 0, 1], [0, 0, 0, 0]], "operations": ["nor_conv_1x1", "skip_connect", "avg_pool_3x3", "skip_connect", "nor_conv_1x1", "nor_conv_3x3"], "init_channel": 16, "blck_len": 5, "params": 0.378196, "flops": 51.04265999999999, "latency": 0.016567172827544035, "train_per_time": 20.304423491160016, "train_time_200": 4060.884698232003, "train_accuracy_200": 0.9602866666666666, "test_accuracy_200": 0.6899333322753906, "train_time_12": 243.65308189392087, "train_accuracy_12": 0.59968, "test_accuracy_12": 0.5673999999389648, "valtest_accuracy_200": 0.6876000000000001, "valtest_accuracy_12": 0.5666, "proxy_losses": [2.753544569015503, 2.170698642730713, 1.9438519477844238, 1.812446117401123, 1.7284314632415771, 1.6732639074325562, 1.6243959665298462, 1.5862981081008911, 1.5501841306686401, 1.516526222229004, 1.480242133140564, 1.45143723487854, 1.4222842454910278, 1.397523283958435, 1.3742824792861938, 1.352495551109314, 1.3300724029541016, 1.307690978050232, 1.290141224861145, 1.273813247680664, 1.2590186595916748, 1.238754391670227, 1.2244571447372437, 1.2121226787567139, 1.1963844299316406, 1.1828349828720093, 1.1700105667114258, 1.15735924243927, 1.149790644645691, 1.1335605382919312, 1.1233948469161987, 1.1155409812927246, 1.1017833948135376, 1.0847771167755127, 1.0777357816696167, 1.0675219297409058, 1.057654857635498, 1.0444656610488892, 1.0408047437667847, 1.0270578861236572, 1.0154736042022705, 1.0052675008773804, 0.9937300086021423, 0.9861509799957275, 0.9752614498138428, 0.9724406003952026, 0.9597141742706299, 0.9487470984458923, 0.9324036240577698, 0.9312869906425476], "landscape_losses": [2.859250783920288, 2.3752329349517822, 2.0996198654174805, 1.838614821434021, 1.6384426355361938, 1.4504066705703735, 1.286619782447815, 1.154075264930725, 1.0397682189941406, 0.9649693369865417, 0.9244565367698669], "proxy_train_time": 7.530491966754198, "proxy_train_epochs": 50, "dirty_bit": 1, "landscape_term": 7.814211979596168, "speed_term": 5.844374643732865, "mote": 6.251550535390105}