{"id": 1590, "adj_matrix": [[0, 1, 1, 1], [0, 0, 1, 1], [0, 0, 0, 1], [0, 0, 0, 0]], "operations": ["zeros", "avg_pool_3x3", "nor_conv_1x1", "nor_conv_3x3", "nor_conv_3x3", "nor_conv_1x1"], "init_channel": 16, "blck_len": 5, "params": 0.621236, "flops": 86.4321, "latency": 0.018235581892508047, "train_per_time": 25.21216575304668, "train_time_200": 5042.433150609336, "train_accuracy_200": 0.9198333333333334, "test_accuracy_200": 0.6723999998575846, "train_time_12": 302.54598903656006, "train_accuracy_12": 0.40958, "test_accuracy_12": 0.3895999998779297, "valtest_accuracy_200": 0.6734666666666668, "valtest_accuracy_12": 0.3968, "proxy_losses": [2.3133749961853027, 1.9330412149429321, 1.7960498332977295, 1.7150144577026367, 1.6521732807159424, 1.5959864854812622, 1.5439860820770264, 1.496812105178833, 1.4560654163360596, 1.4191783666610718, 1.3865183591842651, 1.3558865785598755, 1.3320239782333374, 1.3062331676483154, 1.2829340696334839, 1.2642182111740112, 1.2383822202682495, 1.2239350080490112, 1.201147437095642, 1.184086799621582, 1.1620231866836548, 1.1486152410507202, 1.128678321838379, 1.115358829498291, 1.1015501022338867, 1.0874159336090088, 1.0754921436309814, 1.0623666048049927, 1.0486054420471191, 1.0327394008636475, 1.0202841758728027, 1.0037323236465454, 0.9955176711082458, 0.980018138885498, 0.9744302034378052, 0.968201756477356, 0.958864152431488, 0.9522089958190918, 0.9395022392272949, 0.9308313727378845, 0.9218606352806091, 0.9096150398254395, 0.9027069211006165, 0.8877089619636536, 0.8921505808830261, 0.8794279098510742, 0.8666441440582275, 0.8597466945648193, 0.8527113199234009, 0.8478935360908508], "landscape_losses": [2.418860673904419, 2.1079978942871094, 1.8916088342666626, 1.689643383026123, 1.5034310817718506, 1.3351479768753052, 1.1782981157302856, 1.0646088123321533, 0.955133318901062, 0.8765714764595032, 0.8409146666526794], "proxy_train_time": 9.852256472222507, "proxy_train_epochs": 50, "dirty_bit": 1, "landscape_term": 8.587376473531663, "speed_term": 8.320607378662316, "mote": 7.198690095317458}