{"id": 161, "adj_matrix": [[0, 1, 1, 1], [0, 0, 1, 1], [0, 0, 0, 1], [0, 0, 0, 0]], "operations": ["avg_pool_3x3", "zeros", "skip_connect", "nor_conv_3x3", "zeros", "skip_connect"], "init_channel": 16, "blck_len": 5, "params": 0.322196, "flops": 43.17834, "latency": 0.012803108603866012, "train_per_time": 12.635262608528137, "train_time_200": 2527.0525217056274, "train_accuracy_200": 0.8890399999999999, "test_accuracy_200": 0.6589333330485025, "train_time_12": 151.62315130233765, "train_accuracy_12": 0.44746, "test_accuracy_12": 0.4213999993286133, "valtest_accuracy_200": 0.6562666666666667, "valtest_accuracy_12": 0.42700000000000005, "proxy_losses": [2.5599498748779297, 2.0667874813079834, 1.9035311937332153, 1.81074059009552, 1.7424421310424805, 1.6901111602783203, 1.642685890197754, 1.6012648344039917, 1.5668166875839233, 1.536895751953125, 1.5079319477081299, 1.4838073253631592, 1.4594812393188477, 1.4370771646499634, 1.4145015478134155, 1.3940792083740234, 1.375510811805725, 1.356391429901123, 1.3349226713180542, 1.3163642883300781, 1.302081823348999, 1.2853807210922241, 1.267045021057129, 1.252235770225525, 1.237680435180664, 1.2161790132522583, 1.210253357887268, 1.1925760507583618, 1.1831084489822388, 1.1758439540863037, 1.1535308361053467, 1.1362264156341553, 1.1247150897979736, 1.1170834302902222, 1.10654878616333, 1.0951505899429321, 1.0831633806228638, 1.0777883529663086, 1.0674943923950195, 1.0534616708755493, 1.0416631698608398, 1.035339593887329, 1.0316866636276245, 1.0185225009918213, 1.0094082355499268, 1.0012879371643066, 0.9891903400421143, 0.9835761785507202, 0.9722822308540344, 0.9750852584838867], "landscape_losses": [2.6251609325408936, 2.207747459411621, 1.9602750539779663, 1.7585241794586182, 1.5909576416015625, 1.4413636922836304, 1.295485019683838, 1.1990351676940918, 1.0856934785842896, 1.0078685283660889, 0.9556666016578674], "proxy_train_time": 6.076914393343031, "proxy_train_epochs": 50, "dirty_bit": 1, "landscape_term": 7.80057897584601, "speed_term": 4.632014606916997, "mote": 6.00685307233071}