{"id": 1741, "adj_matrix": [[0, 1, 1, 1], [0, 0, 1, 1], [0, 0, 0, 1], [0, 0, 0, 0]], "operations": ["nor_conv_3x3", "avg_pool_3x3", "avg_pool_3x3", "skip_connect", "nor_conv_3x3", "avg_pool_3x3"], "init_channel": 16, "blck_len": 5, "params": 0.565236, "flops": 78.56778, "latency": 0.013644893964131674, "train_per_time": 21.112505396207226, "train_time_200": 4222.501079241445, "train_accuracy_200": 0.82056, "test_accuracy_200": 0.6458666666056315, "train_time_12": 253.3500647544861, "train_accuracy_12": 0.38842, "test_accuracy_12": 0.3659999992675781, "valtest_accuracy_200": 0.6457999999999999, "valtest_accuracy_12": 0.369, "proxy_losses": [3.9829859733581543, 2.3776490688323975, 1.9626224040985107, 1.7712221145629883, 1.6569466590881348, 1.5817886590957642, 1.527146816253662, 1.4830738306045532, 1.4469715356826782, 1.4108052253723145, 1.3782767057418823, 1.3507462739944458, 1.3233612775802612, 1.298033356666565, 1.2747557163238525, 1.2571773529052734, 1.2371838092803955, 1.214796781539917, 1.2013661861419678, 1.180296540260315, 1.1676744222640991, 1.147487759590149, 1.1273400783538818, 1.112227439880371, 1.08900785446167, 1.0767284631729126, 1.063669204711914, 1.0500764846801758, 1.032281517982483, 1.0241385698318481, 1.0168081521987915, 1.0062094926834106, 0.9954457879066467, 0.9871739149093628, 0.9800391793251038, 0.9617632627487183, 0.941183865070343, 0.9379188418388367, 0.93215012550354, 0.9168592691421509, 0.8971251845359802, 0.8896048069000244, 0.8763526082038879, 0.8738340139389038, 0.8644909262657166, 0.8521599769592285, 0.8451625108718872, 0.8488852381706238, 0.843579113483429, 0.8353669047355652], "landscape_losses": [4.150134563446045, 2.87618350982666, 2.2562754154205322, 1.8404566049575806, 1.5671848058700562, 1.368319034576416, 1.1950089931488037, 1.0530462265014648, 0.9388310313224792, 0.865355372428894, 0.8136771321296692], "proxy_train_time": 7.581605492159724, "proxy_train_epochs": 50, "dirty_bit": 1, "landscape_term": 8.180278703948046, "speed_term": 6.203249500386174, "mote": 6.563641010137327}