{"id": 1745, "adj_matrix": [[0, 1, 1, 1], [0, 0, 1, 1], [0, 0, 0, 1], [0, 0, 0, 0]], "operations": ["zeros", "nor_conv_3x3", "skip_connect", "nor_conv_1x1", "avg_pool_3x3", "nor_conv_3x3"], "init_channel": 16, "blck_len": 5, "params": 0.593236, "flops": 82.49994, "latency": 0.016683534339622216, "train_per_time": 21.370744466781616, "train_time_200": 4274.148893356323, "train_accuracy_200": 0.9769866666666667, "test_accuracy_200": 0.6956000003051759, "train_time_12": 256.4489336013794, "train_accuracy_12": 0.5258400000000001, "test_accuracy_12": 0.5037999996948241, "valtest_accuracy_200": 0.6940999999999999, "valtest_accuracy_12": 0.5018, "proxy_losses": [2.1347386837005615, 1.839782953262329, 1.6931531429290771, 1.5886906385421753, 1.505981206893921, 1.4367954730987549, 1.3782964944839478, 1.3237680196762085, 1.2739627361297607, 1.225252389907837, 1.1836751699447632, 1.145235300064087, 1.1154179573059082, 1.0802496671676636, 1.0508898496627808, 1.0240633487701416, 0.9970548748970032, 0.9719948172569275, 0.946462094783783, 0.9289005994796753, 0.9091036319732666, 0.9018821120262146, 0.877917468547821, 0.8546900153160095, 0.8399307727813721, 0.8214139938354492, 0.8045990467071533, 0.7942260503768921, 0.7867394089698792, 0.7787535190582275, 0.7633922696113586, 0.7435094714164734, 0.7307989001274109, 0.7220209836959839, 0.704155445098877, 0.6993989944458008, 0.6883589625358582, 0.6882453560829163, 0.6775873899459839, 0.6644530296325684, 0.6565003991127014, 0.6578301787376404, 0.6440311670303345, 0.6389519572257996, 0.6318603754043579, 0.6242485642433167, 0.6113823652267456, 0.5956085920333862, 0.5847604870796204, 0.5823321342468262], "landscape_losses": [2.2281484603881836, 1.9389681816101074, 1.7208157777786255, 1.5030888319015503, 1.3187737464904785, 1.1280893087387085, 0.9726397395133972, 0.8280696272850037, 0.7217371463775635, 0.6375544667243958, 0.5929582118988037], "proxy_train_time": 8.558018077164888, "proxy_train_epochs": 50, "dirty_bit": 1, "landscape_term": 10.731949299072518, "speed_term": 9.0040710291145, "mote": 8.712567102552757}