{"id": 1755, "adj_matrix": [[0, 1, 1, 1], [0, 0, 1, 1], [0, 0, 0, 1], [0, 0, 0, 0]], "operations": ["zeros", "skip_connect", "nor_conv_3x3", "skip_connect", "nor_conv_3x3", "zeros"], "init_channel": 16, "blck_len": 5, "params": 0.565236, "flops": 78.56778, "latency": 0.013765811920166016, "train_per_time": 15.559921423594126, "train_time_200": 3111.984284718825, "train_accuracy_200": 0.6345, "test_accuracy_200": 0.5861333330281575, "train_time_12": 186.71905708312985, "train_accuracy_12": 0.4525, "test_accuracy_12": 0.44799999938964846, "valtest_accuracy_200": 0.5855666666666667, "valtest_accuracy_12": 0.4496, "proxy_losses": [2.450543165206909, 2.3437376022338867, 2.2582480907440186, 2.1909372806549072, 2.1395978927612305, 2.1001858711242676, 2.0694918632507324, 2.0416524410247803, 2.0168278217315674, 1.9934626817703247, 1.971975564956665, 1.950226902961731, 1.9285459518432617, 1.9096554517745972, 1.8939554691314697, 1.8798677921295166, 1.8679453134536743, 1.8567274808883667, 1.8460476398468018, 1.8363624811172485, 1.826919674873352, 1.8177872896194458, 1.808099627494812, 1.8003202676773071, 1.7935824394226074, 1.7863129377365112, 1.7788877487182617, 1.7748031616210938, 1.7673290967941284, 1.761972427368164, 1.7571439743041992, 1.7516345977783203, 1.747215986251831, 1.742631196975708, 1.738481879234314, 1.7338730096817017, 1.7297760248184204, 1.726566195487976, 1.721863865852356, 1.7178120613098145, 1.714733600616455, 1.7106276750564575, 1.707709550857544, 1.704362154006958, 1.7011826038360596, 1.6983667612075806, 1.6960660219192505, 1.6939131021499634, 1.6882840394973755, 1.6868504285812378], "landscape_losses": [2.471010446548462, 2.350435256958008, 2.231584310531616, 2.117666006088257, 2.0098342895507812, 1.9114068746566772, 1.8338019847869873, 1.7738385200500488, 1.732560396194458, 1.7000888586044312, 1.6837902069091797], "proxy_train_time": 7.37456273380667, "proxy_train_epochs": 50, "dirty_bit": 1, "landscape_term": 5.639551834235316, "speed_term": 3.972032219474301, "mote": 4.379136154863348}