{"id": 1760, "adj_matrix": [[0, 1, 1, 1], [0, 0, 1, 1], [0, 0, 0, 1], [0, 0, 0, 0]], "operations": ["avg_pool_3x3", "zeros", "skip_connect", "nor_conv_1x1", "nor_conv_3x3", "nor_conv_1x1"], "init_channel": 16, "blck_len": 5, "params": 0.378196, "flops": 51.04265999999999, "latency": 0.015724605984157983, "train_per_time": 20.620116988817795, "train_time_200": 4124.023397763559, "train_accuracy_200": 0.8794, "test_accuracy_200": 0.6658666668904623, "train_time_12": 247.44140386581418, "train_accuracy_12": 0.37784, "test_accuracy_12": 0.3711999996337891, "valtest_accuracy_200": 0.667, "valtest_accuracy_12": 0.3711, "proxy_losses": [2.679548740386963, 2.095346689224243, 1.9536597728729248, 1.8555446863174438, 1.7833150625228882, 1.723142385482788, 1.6790530681610107, 1.639451026916504, 1.6050649881362915, 1.5755741596221924, 1.5467780828475952, 1.5223382711410522, 1.498520016670227, 1.4724352359771729, 1.4461603164672852, 1.426408052444458, 1.4014427661895752, 1.3756026029586792, 1.3542711734771729, 1.3308886289596558, 1.3115166425704956, 1.2900837659835815, 1.2784929275512695, 1.2597512006759644, 1.2377347946166992, 1.2171247005462646, 1.1989506483078003, 1.1830718517303467, 1.1668765544891357, 1.1525654792785645, 1.1419687271118164, 1.1276533603668213, 1.114196538925171, 1.101361870765686, 1.093217372894287, 1.079999566078186, 1.0681324005126953, 1.0504709482192993, 1.0406137704849243, 1.03476881980896, 1.01864492893219, 1.0112355947494507, 0.9990463852882385, 1.0050692558288574, 0.9991999864578247, 0.9737473726272583, 0.9643548727035522, 0.955122172832489, 0.9513655304908752, 0.9403380751609802], "landscape_losses": [2.7750697135925293, 2.3037171363830566, 2.0535523891448975, 1.8354467153549194, 1.6433372497558594, 1.4697335958480835, 1.3166974782943726, 1.1574245691299438, 1.0526013374328613, 0.9812837839126587, 0.9373202919960022], "proxy_train_time": 8.131834036670625, "proxy_train_epochs": 50, "dirty_bit": 1, "landscape_term": 7.774567892341851, "speed_term": 6.166906823040226, "mote": 6.28419352024057}