{"id": 1761, "adj_matrix": [[0, 1, 1, 1], [0, 0, 1, 1], [0, 0, 0, 1], [0, 0, 0, 0]], "operations": ["nor_conv_1x1", "avg_pool_3x3", "skip_connect", "skip_connect", "avg_pool_3x3", "avg_pool_3x3"], "init_channel": 16, "blck_len": 5, "params": 0.10715599999999999, "flops": 11.72106, "latency": 0.011255833837721085, "train_per_time": 14.749133785565721, "train_time_200": 2949.826757113144, "train_accuracy_200": 0.5693133333333332, "test_accuracy_200": 0.5272666664225261, "train_time_12": 176.98960542678836, "train_accuracy_12": 0.32332, "test_accuracy_12": 0.3091999996337891, "valtest_accuracy_200": 0.5232, "valtest_accuracy_12": 0.306, "proxy_losses": [5.112728595733643, 3.61325740814209, 2.789027452468872, 2.357530355453491, 2.122635841369629, 1.9890834093093872, 1.919223427772522, 1.8635672330856323, 1.8160771131515503, 1.7781330347061157, 1.7453093528747559, 1.7186179161071777, 1.691603660583496, 1.6679974794387817, 1.6469683647155762, 1.6275266408920288, 1.610112190246582, 1.5916163921356201, 1.574302077293396, 1.5564197301864624, 1.5414764881134033, 1.5268727540969849, 1.5116420984268188, 1.4983797073364258, 1.4860740900039673, 1.4734132289886475, 1.4634158611297607, 1.453048586845398, 1.4397752285003662, 1.4293102025985718, 1.4171861410140991, 1.4102332592010498, 1.3978686332702637, 1.3876323699951172, 1.3789618015289307, 1.3699121475219727, 1.3622702360153198, 1.353121042251587, 1.3439584970474243, 1.3376553058624268, 1.3287200927734375, 1.3226673603057861, 1.3186172246932983, 1.312455415725708, 1.3080615997314453, 1.3064827919006348, 1.2927312850952148, 1.2853723764419556, 1.2775689363479614, 1.2703588008880615], "landscape_losses": [5.23171329498291, 4.0136823654174805, 3.314519166946411, 2.7475039958953857, 2.285092353820801, 1.9573237895965576, 1.703351616859436, 1.525800108909607, 1.3932424783706665, 1.3038570880889893, 1.2727357149124146], "proxy_train_time": 5.349915410391986, "proxy_train_epochs": 50, "dirty_bit": 1, "landscape_term": 5.567366225510502, "speed_term": 3.2074994387624685, "mote": 4.15652550662055}