{"id": 1795, "adj_matrix": [[0, 1, 1, 1], [0, 0, 1, 1], [0, 0, 0, 1], [0, 0, 0, 0]], "operations": ["nor_conv_1x1", "nor_conv_1x1", "nor_conv_3x3", "avg_pool_3x3", "avg_pool_3x3", "nor_conv_3x3"], "init_channel": 16, "blck_len": 5, "params": 0.621236, "flops": 86.4321, "latency": 0.018763378814414696, "train_per_time": 26.20002404848736, "train_time_200": 5240.004809697472, "train_accuracy_200": 0.9913466666666666, "test_accuracy_200": 0.6850666661376954, "train_time_12": 314.40028858184814, "train_accuracy_12": 0.53064, "test_accuracy_12": 0.49559999926757814, "valtest_accuracy_200": 0.6864333333333333, "valtest_accuracy_12": 0.4925, "proxy_losses": [2.540524482727051, 1.8458226919174194, 1.6851015090942383, 1.586689829826355, 1.5008587837219238, 1.4404189586639404, 1.3903720378875732, 1.3447657823562622, 1.3043767213821411, 1.2630399465560913, 1.2298063039779663, 1.198905110359192, 1.1649690866470337, 1.1374337673187256, 1.106166958808899, 1.0779670476913452, 1.052647352218628, 1.0335794687271118, 1.0052591562271118, 0.9846636652946472, 0.9600366353988647, 0.9389601349830627, 0.9296203255653381, 0.9086449146270752, 0.886276364326477, 0.8626164197921753, 0.8477957248687744, 0.8308836221694946, 0.8163763284683228, 0.8089720010757446, 0.7985716462135315, 0.7846483588218689, 0.7712026238441467, 0.7570686340332031, 0.7416627407073975, 0.7269531488418579, 0.7168103456497192, 0.7068990468978882, 0.6943231225013733, 0.6876054406166077, 0.6761751174926758, 0.6753537058830261, 0.6658111810684204, 0.6545571088790894, 0.6435667276382446, 0.6341809034347534, 0.6249973177909851, 0.6332498788833618, 0.6151735186576843, 0.6022809743881226], "landscape_losses": [2.7056124210357666, 2.132106304168701, 1.8240880966186523, 1.5890268087387085, 1.384527564048767, 1.2076416015625, 1.018691062927246, 0.8538106679916382, 0.7198678851127625, 0.6291828751564026, 0.6064435839653015], "proxy_train_time": 9.58843033388257, "proxy_train_epochs": 50, "dirty_bit": 1, "landscape_term": 10.346821816844226, "speed_term": 9.686331505470857, "mote": 8.569545693671603}