{"id": 1803, "adj_matrix": [[0, 1, 1, 1], [0, 0, 1, 1], [0, 0, 0, 1], [0, 0, 0, 0]], "operations": ["nor_conv_3x3", "zeros", "nor_conv_3x3", "avg_pool_3x3", "zeros", "zeros"], "init_channel": 16, "blck_len": 5, "params": 0.565236, "flops": 78.56778, "latency": 0.01598189495227955, "train_per_time": 18.091278036435494, "train_time_200": 3618.255607287099, "train_accuracy_200": 0.5220466666666667, "test_accuracy_200": 0.4674666663818359, "train_time_12": 217.09533643722537, "train_accuracy_12": 0.31332, "test_accuracy_12": 0.31059999981689457, "valtest_accuracy_200": 0.47023333333333334, "valtest_accuracy_12": 0.3063, "proxy_losses": [2.328518867492676, 2.2415387630462646, 2.171173095703125, 2.1127426624298096, 2.064117193222046, 2.0267086029052734, 1.9966456890106201, 1.9708040952682495, 1.9498921632766724, 1.9320396184921265, 1.9169667959213257, 1.9028304815292358, 1.8892982006072998, 1.8777865171432495, 1.8658596277236938, 1.8573989868164062, 1.8480124473571777, 1.8407388925552368, 1.833004117012024, 1.8266394138336182, 1.8203251361846924, 1.8140740394592285, 1.8078556060791016, 1.8023267984390259, 1.7974838018417358, 1.7920081615447998, 1.7887446880340576, 1.7820258140563965, 1.7787230014801025, 1.7740826606750488, 1.7702134847640991, 1.764678716659546, 1.7619539499282837, 1.7565535306930542, 1.7517422437667847, 1.7477738857269287, 1.7439460754394531, 1.7406706809997559, 1.7366753816604614, 1.7338533401489258, 1.7304599285125732, 1.7268708944320679, 1.724655270576477, 1.7218011617660522, 1.7184773683547974, 1.715886116027832, 1.7134969234466553, 1.7098100185394287, 1.708255410194397, 1.7054150104522705], "landscape_losses": [2.347095012664795, 2.249587297439575, 2.155302047729492, 2.0540661811828613, 1.9613927602767944, 1.8841933012008667, 1.8210062980651855, 1.774606466293335, 1.7429884672164917, 1.718485951423645, 1.7028270959854126], "proxy_train_time": 8.657523700967431, "proxy_train_epochs": 50, "dirty_bit": 1, "landscape_term": 5.717514459403565, "speed_term": 4.7003960645395715, "mote": 4.58613832658762}