{"id": 1901, "adj_matrix": [[0, 1, 1, 1], [0, 0, 1, 1], [0, 0, 0, 1], [0, 0, 0, 0]], "operations": ["nor_conv_3x3", "nor_conv_3x3", "nor_conv_3x3", "avg_pool_3x3", "nor_conv_1x1", "zeros"], "init_channel": 16, "blck_len": 5, "params": 0.8362760000000001, "flops": 117.88938, "latency": 0.018869678179423015, "train_per_time": 25.952390909194946, "train_time_200": 5190.478181838989, "train_accuracy_200": 0.96312, "test_accuracy_200": 0.6733333329264323, "train_time_12": 311.42869091033936, "train_accuracy_12": 0.51244, "test_accuracy_12": 0.4859999993286133, "valtest_accuracy_200": 0.6771666666666666, "valtest_accuracy_12": 0.4842, "proxy_losses": [2.2833571434020996, 1.942641258239746, 1.7889045476913452, 1.6993011236190796, 1.6351454257965088, 1.581303596496582, 1.5344620943069458, 1.4884310960769653, 1.4471081495285034, 1.4087332487106323, 1.3750228881835938, 1.340680718421936, 1.3044928312301636, 1.2740801572799683, 1.2479296922683716, 1.2185487747192383, 1.1945359706878662, 1.1716444492340088, 1.1549742221832275, 1.1336588859558105, 1.1136410236358643, 1.0942466259002686, 1.0765092372894287, 1.0638158321380615, 1.0466398000717163, 1.025673508644104, 1.0086859464645386, 0.9912975430488586, 0.9809717535972595, 0.9652163982391357, 0.9471715688705444, 0.9378204941749573, 0.9293641448020935, 0.9187623262405396, 0.90811687707901, 0.9039651155471802, 0.8853013515472412, 0.8790030479431152, 0.8674224615097046, 0.8526961207389832, 0.8423365950584412, 0.831917405128479, 0.8229472637176514, 0.8110671043395996, 0.8186633586883545, 0.8042017221450806, 0.7973810434341431, 0.7956802845001221, 0.7899790406227112, 0.7749742269515991], "landscape_losses": [2.3963987827301025, 2.1200475692749023, 1.899640440940857, 1.702820897102356, 1.503814935684204, 1.3255056142807007, 1.165061593055725, 1.0161094665527344, 0.8985223770141602, 0.8070897459983826, 0.7708763480186462], "proxy_train_time": 10.28755631763488, "proxy_train_epochs": 50, "dirty_bit": 1, "landscape_term": 8.913713594677922, "speed_term": 9.070251393495637, "mote": 7.53512290940049}