{"id": 1924, "adj_matrix": [[0, 1, 1, 1], [0, 0, 1, 1], [0, 0, 0, 1], [0, 0, 0, 0]], "operations": ["nor_conv_3x3", "avg_pool_3x3", "nor_conv_3x3", "zeros", "avg_pool_3x3", "zeros"], "init_channel": 16, "blck_len": 5, "params": 0.565236, "flops": 78.56778, "latency": 0.014735976854960123, "train_per_time": 20.654971559842483, "train_time_200": 4130.994311968497, "train_accuracy_200": 0.8029133333333333, "test_accuracy_200": 0.6074666667480468, "train_time_12": 247.85965871810916, "train_accuracy_12": 0.29922, "test_accuracy_12": 0.2939999995727539, "valtest_accuracy_200": 0.6076666666666667, "valtest_accuracy_12": 0.2932, "proxy_losses": [2.2493085861206055, 1.9474742412567139, 1.8271429538726807, 1.7519779205322266, 1.7020131349563599, 1.657456874847412, 1.615517020225525, 1.5750775337219238, 1.5375725030899048, 1.5002557039260864, 1.4666993618011475, 1.4340530633926392, 1.4055373668670654, 1.3776273727416992, 1.3504804372787476, 1.3214855194091797, 1.296438217163086, 1.275869607925415, 1.2529109716415405, 1.230838656425476, 1.2100673913955688, 1.1901159286499023, 1.17127525806427, 1.1525088548660278, 1.138509750366211, 1.1219117641448975, 1.1142699718475342, 1.10033118724823, 1.0863314867019653, 1.0776599645614624, 1.0632734298706055, 1.0431467294692993, 1.0354280471801758, 1.0147428512573242, 1.004647135734558, 0.9927425980567932, 0.9831891655921936, 0.970896303653717, 0.964732825756073, 0.9467993974685669, 0.9403488039970398, 0.9406843781471252, 0.9321085214614868, 0.9303727746009827, 0.9100344777107239, 0.9057185649871826, 0.8955574035644531, 0.8890339732170105, 0.8846697211265564, 0.8715456128120422], "landscape_losses": [2.3335328102111816, 2.0675289630889893, 1.889082670211792, 1.7401520013809204, 1.5885517597198486, 1.4520105123519897, 1.3249943256378174, 1.2100708484649658, 1.080038070678711, 0.9665172100067139, 0.8731718063354492], "proxy_train_time": 8.50965698249638, "proxy_train_epochs": 50, "dirty_bit": 1, "landscape_term": 8.021332406875748, "speed_term": 6.945707191318379, "mote": 6.589067332970407}