{"id": 2084, "adj_matrix": [[0, 1, 1, 1], [0, 0, 1, 1], [0, 0, 0, 1], [0, 0, 0, 0]], "operations": ["zeros", "zeros", "avg_pool_3x3", "avg_pool_3x3", "nor_conv_3x3", "nor_conv_3x3"], "init_channel": 16, "blck_len": 5, "params": 0.565236, "flops": 78.56778, "latency": 0.015323811107211644, "train_per_time": 19.989951531092267, "train_time_200": 3997.9903062184535, "train_accuracy_200": 0.5149866666666667, "test_accuracy_200": 0.46779999979654946, "train_time_12": 239.87941837310788, "train_accuracy_12": 0.30896, "test_accuracy_12": 0.30179999987792966, "valtest_accuracy_200": 0.46893333333333337, "valtest_accuracy_12": 0.3035, "proxy_losses": [2.3993916511535645, 2.2686429023742676, 2.175187587738037, 2.111830949783325, 2.064056634902954, 2.0269968509674072, 1.9962166547775269, 1.969800353050232, 1.944276213645935, 1.9186418056488037, 1.90010666847229, 1.8843568563461304, 1.8691601753234863, 1.8544328212738037, 1.8418898582458496, 1.8283761739730835, 1.816552758216858, 1.806272268295288, 1.7973672151565552, 1.788934588432312, 1.7817845344543457, 1.7755353450775146, 1.7684571743011475, 1.7623515129089355, 1.7569252252578735, 1.7521095275878906, 1.7462904453277588, 1.7413581609725952, 1.7359390258789062, 1.7314952611923218, 1.7263569831848145, 1.7231050729751587, 1.718319296836853, 1.7135615348815918, 1.7110549211502075, 1.7079194784164429, 1.7023488283157349, 1.6992433071136475, 1.6961791515350342, 1.6929839849472046, 1.6901025772094727, 1.6876845359802246, 1.6836864948272705, 1.6805472373962402, 1.6775624752044678, 1.6745941638946533, 1.6713913679122925, 1.6694376468658447, 1.667442798614502, 1.663978934288025], "landscape_losses": [2.418999671936035, 2.2897207736968994, 2.176800489425659, 2.0657942295074463, 1.9634214639663696, 1.8699935674667358, 1.792110800743103, 1.7381857633590698, 1.702669382095337, 1.6758700609207153, 1.6613357067108154], "proxy_train_time": 8.059240363538265, "proxy_train_epochs": 50, "dirty_bit": 1, "landscape_term": 5.75692690948636, "speed_term": 4.44416093723409, "mote": 4.561517698681574}