{"id": 218, "adj_matrix": [[0, 1, 1, 1], [0, 0, 1, 1], [0, 0, 0, 1], [0, 0, 0, 0]], "operations": ["nor_conv_1x1", "avg_pool_3x3", "zeros", "skip_connect", "skip_connect", "nor_conv_3x3"], "init_channel": 16, "blck_len": 5, "params": 0.350196, "flops": 47.1105, "latency": 0.014379686779446071, "train_per_time": 16.369007428487176, "train_time_200": 3273.8014856974355, "train_accuracy_200": 0.8893933333333333, "test_accuracy_200": 0.6625333331502279, "train_time_12": 196.42808914184573, "train_accuracy_12": 0.53966, "test_accuracy_12": 0.5067999999389649, "valtest_accuracy_200": 0.6621000000000001, "valtest_accuracy_12": 0.5073, "proxy_losses": [2.7026729583740234, 2.016902446746826, 1.832821249961853, 1.7321792840957642, 1.6653918027877808, 1.6191061735153198, 1.57882821559906, 1.5413734912872314, 1.5049973726272583, 1.4755377769470215, 1.4460334777832031, 1.418914556503296, 1.3928818702697754, 1.3686453104019165, 1.3466663360595703, 1.322556495666504, 1.3039524555206299, 1.2850464582443237, 1.2678154706954956, 1.2520837783813477, 1.2392510175704956, 1.2227890491485596, 1.212302565574646, 1.1974782943725586, 1.1812987327575684, 1.1711466312408447, 1.1604468822479248, 1.1488369703292847, 1.1362181901931763, 1.1276788711547852, 1.11063814163208, 1.091558575630188, 1.0812510251998901, 1.073520541191101, 1.0661979913711548, 1.0488086938858032, 1.0424498319625854, 1.0329930782318115, 1.0269054174423218, 1.0187023878097534, 1.0113346576690674, 1.0094422101974487, 0.991121768951416, 0.9827687740325928, 0.9692691564559937, 0.9760574102401733, 0.9708791971206665, 0.9608694314956665, 0.9424642324447632, 0.9345793724060059], "landscape_losses": [2.833468437194824, 2.2571463584899902, 1.980042576789856, 1.7564620971679688, 1.5820684432983398, 1.4356193542480469, 1.3036357164382935, 1.1778247356414795, 1.0769107341766357, 0.9867380857467651, 0.9238706231117249], "proxy_train_time": 7.32761185336858, "proxy_train_epochs": 50, "dirty_bit": 1, "landscape_term": 7.839507994885135, "speed_term": 5.795907995534964, "mote": 6.259574995041541}