{"id": 2180, "adj_matrix": [[0, 1, 1, 1], [0, 0, 1, 1], [0, 0, 0, 1], [0, 0, 0, 0]], "operations": ["skip_connect", "nor_conv_1x1", "avg_pool_3x3", "avg_pool_3x3", "zeros", "nor_conv_3x3"], "init_channel": 16, "blck_len": 5, "params": 0.350196, "flops": 47.1105, "latency": 0.015177951918707954, "train_per_time": 18.66883691151942, "train_time_200": 3733.767382303884, "train_accuracy_200": 0.9267, "test_accuracy_200": 0.6508666661580405, "train_time_12": 224.02604293823245, "train_accuracy_12": 0.43835999999999997, "test_accuracy_12": 0.4176000001831055, "valtest_accuracy_200": 0.6491666666666667, "valtest_accuracy_12": 0.4224, "proxy_losses": [2.409327983856201, 1.9711273908615112, 1.826492190361023, 1.7391090393066406, 1.673187255859375, 1.6212290525436401, 1.5778214931488037, 1.5394725799560547, 1.502056360244751, 1.4670659303665161, 1.434984564781189, 1.405369520187378, 1.3778918981552124, 1.3528189659118652, 1.3266717195510864, 1.3030154705047607, 1.2774728536605835, 1.2569916248321533, 1.2369369268417358, 1.2156659364700317, 1.2040811777114868, 1.187009334564209, 1.1689741611480713, 1.1490538120269775, 1.1348183155059814, 1.1196868419647217, 1.1128196716308594, 1.1007152795791626, 1.0976758003234863, 1.0757826566696167, 1.0608211755752563, 1.0506032705307007, 1.0353267192840576, 1.0224303007125854, 1.0209581851959229, 1.0040771961212158, 0.9908214807510376, 0.9831990003585815, 0.9704808592796326, 0.9660661816596985, 0.9535627961158752, 0.9508171677589417, 0.9492707848548889, 0.9330271482467651, 0.9271148443222046, 0.9118197560310364, 0.9053159952163696, 0.8893663287162781, 0.8876652121543884, 0.8796404004096985], "landscape_losses": [2.5165140628814697, 2.1241321563720703, 1.901041030883789, 1.7149882316589355, 1.541459560394287, 1.405699610710144, 1.2646340131759644, 1.1290602684020996, 1.013251543045044, 0.9254186749458313, 0.8829405307769775], "proxy_train_time": 7.004134344868362, "proxy_train_epochs": 50, "dirty_bit": 1, "landscape_term": 8.213930660075777, "speed_term": 5.726288864314226, "mote": 6.498123550932798}