{"id": 2191, "adj_matrix": [[0, 1, 1, 1], [0, 0, 1, 1], [0, 0, 0, 1], [0, 0, 0, 0]], "operations": ["zeros", "skip_connect", "skip_connect", "zeros", "zeros", "skip_connect"], "init_channel": 16, "blck_len": 5, "params": 0.079156, "flops": 7.788900000000001, "latency": 0.009663846757676866, "train_per_time": 6.244793097178143, "train_time_200": 1248.9586194356286, "train_accuracy_200": 0.6290333333333333, "test_accuracy_200": 0.583866666402181, "train_time_12": 74.9375171661377, "train_accuracy_12": 0.45555999999999996, "test_accuracy_12": 0.43979999932861324, "valtest_accuracy_200": 0.5806666666666667, "valtest_accuracy_12": 0.44179999999999997, "proxy_losses": [2.4085652828216553, 2.304370641708374, 2.2292139530181885, 2.172135591506958, 2.1244301795959473, 2.0873897075653076, 2.056698799133301, 2.031630277633667, 2.0070536136627197, 1.9839571714401245, 1.9651806354522705, 1.9494680166244507, 1.9349628686904907, 1.9208521842956543, 1.9075266122817993, 1.8952574729919434, 1.884207010269165, 1.8737832307815552, 1.8629769086837769, 1.852522850036621, 1.8422683477401733, 1.8335915803909302, 1.8240351676940918, 1.8148903846740723, 1.8069698810577393, 1.7988351583480835, 1.7904722690582275, 1.784801959991455, 1.7764041423797607, 1.7699960470199585, 1.763445496559143, 1.7579230070114136, 1.752845287322998, 1.7471868991851807, 1.7427711486816406, 1.738306999206543, 1.7340195178985596, 1.7297981977462769, 1.7255538702011108, 1.7214093208312988, 1.7169244289398193, 1.712794542312622, 1.7092156410217285, 1.7058607339859009, 1.7030081748962402, 1.699018955230713, 1.6952314376831055, 1.6922603845596313, 1.688618779182434, 1.6862276792526245], "landscape_losses": [2.4282004833221436, 2.3073761463165283, 2.1977603435516357, 2.092742443084717, 1.9922159910202026, 1.9068716764450073, 1.8306390047073364, 1.7722575664520264, 1.7305009365081787, 1.700589895248413, 1.6838431358337402], "proxy_train_time": 4.238083964213729, "proxy_train_epochs": 50, "dirty_bit": 1, "landscape_term": 5.674731180816683, "speed_term": 2.2805783465323026, "mote": 4.001391069678977}