{"id": 2285, "adj_matrix": [[0, 1, 1, 1], [0, 0, 1, 1], [0, 0, 0, 1], [0, 0, 0, 0]], "operations": ["skip_connect", "nor_conv_3x3", "nor_conv_3x3", "nor_conv_1x1", "zeros", "avg_pool_3x3"], "init_channel": 16, "blck_len": 5, "params": 0.593236, "flops": 82.49994, "latency": 0.01578345563676622, "train_per_time": 21.66459314028418, "train_time_200": 4332.918628056836, "train_accuracy_200": 0.8689199999999999, "test_accuracy_200": 0.6675333330078125, "train_time_12": 259.9751176834106, "train_accuracy_12": 0.4252, "test_accuracy_12": 0.41280000012207035, "valtest_accuracy_200": 0.6683, "valtest_accuracy_12": 0.4096, "proxy_losses": [2.2087721824645996, 1.8496274948120117, 1.708054542541504, 1.630017638206482, 1.5725452899932861, 1.5180482864379883, 1.4706428050994873, 1.4236763715744019, 1.3819448947906494, 1.3431189060211182, 1.3058043718338013, 1.2736554145812988, 1.247666358947754, 1.221958041191101, 1.2011499404907227, 1.1845982074737549, 1.1669503450393677, 1.1442933082580566, 1.1285898685455322, 1.110029935836792, 1.0978025197982788, 1.0800838470458984, 1.0627561807632446, 1.0436432361602783, 1.027453899383545, 1.0162184238433838, 1.0167955160140991, 0.9908140897750854, 0.9886841773986816, 0.9746670126914978, 0.9601120352745056, 0.9496545195579529, 0.9441332817077637, 0.9248167872428894, 0.9087029099464417, 0.9044278264045715, 0.8925377130508423, 0.8894293904304504, 0.8836252093315125, 0.8773620128631592, 0.864492654800415, 0.8601701855659485, 0.8527492880821228, 0.8412076234817505, 0.8351774215698242, 0.828313946723938, 0.815887451171875, 0.8203889727592468, 0.8103811740875244, 0.8166026473045349], "landscape_losses": [2.285982847213745, 1.9804236888885498, 1.7700035572052002, 1.6020667552947998, 1.4711400270462036, 1.3594927787780762, 1.2641476392745972, 1.1412302255630493, 1.0380215644836426, 0.9095325469970703, 0.8154900670051575], "proxy_train_time": 8.341741804033518, "proxy_train_epochs": 50, "dirty_bit": 1, "landscape_term": 8.5032565222639, "speed_term": 7.465282391493601, "mote": 7.000792882198821}