{"id": 2298, "adj_matrix": [[0, 1, 1, 1], [0, 0, 1, 1], [0, 0, 0, 1], [0, 0, 0, 0]], "operations": ["avg_pool_3x3", "nor_conv_1x1", "zeros", "zeros", "nor_conv_3x3", "nor_conv_1x1"], "init_channel": 16, "blck_len": 5, "params": 0.378196, "flops": 51.04265999999999, "latency": 0.01827904250886705, "train_per_time": 20.62357346216832, "train_time_200": 4124.714692433664, "train_accuracy_200": 0.89778, "test_accuracy_200": 0.6673333330891927, "train_time_12": 247.48288154602048, "train_accuracy_12": 0.40258000000000005, "test_accuracy_12": 0.3879999997558594, "valtest_accuracy_200": 0.6659333333333334, "valtest_accuracy_12": 0.3899, "proxy_losses": [2.3789281845092773, 1.9448941946029663, 1.8169611692428589, 1.7354029417037964, 1.6719368696212769, 1.619406819343567, 1.576799750328064, 1.5377129316329956, 1.503230094909668, 1.4673023223876953, 1.433288335800171, 1.4055113792419434, 1.3750197887420654, 1.3451389074325562, 1.3167943954467773, 1.288203239440918, 1.2655210494995117, 1.240275263786316, 1.2216001749038696, 1.1958067417144775, 1.1738734245300293, 1.1549757719039917, 1.1350505352020264, 1.1145809888839722, 1.102282166481018, 1.0836471319198608, 1.0617034435272217, 1.0585057735443115, 1.0351141691207886, 1.0350862741470337, 1.0135241746902466, 0.9978447556495667, 0.9797777533531189, 0.9691441655158997, 0.9549756050109863, 0.9470572471618652, 0.9341892600059509, 0.926718533039093, 0.9173756837844849, 0.9188519716262817, 0.906120240688324, 0.8904440402984619, 0.8856834173202515, 0.8779662251472473, 0.8697508573532104, 0.8679804801940918, 0.8570888638496399, 0.8447899222373962, 0.8405202031135559, 0.8380651473999023], "landscape_losses": [2.4817633628845215, 2.1016030311584473, 1.9144316911697388, 1.723720908164978, 1.536905288696289, 1.3780156373977661, 1.2421720027923584, 1.0920262336730957, 0.9779476523399353, 0.8884097933769226, 0.8325080275535583], "proxy_train_time": 8.832123039290309, "proxy_train_epochs": 50, "dirty_bit": 1, "landscape_term": 8.42771078361074, "speed_term": 7.417909961250988, "mote": 6.942376838322825}