{"id": 2406, "adj_matrix": [[0, 1, 1, 1], [0, 0, 1, 1], [0, 0, 0, 1], [0, 0, 0, 0]], "operations": ["nor_conv_3x3", "nor_conv_3x3", "avg_pool_3x3", "avg_pool_3x3", "zeros", "nor_conv_3x3"], "init_channel": 16, "blck_len": 5, "params": 0.8082759999999999, "flops": 113.95722, "latency": 0.016192904225102178, "train_per_time": 24.980772058169055, "train_time_200": 4996.154411633811, "train_accuracy_200": 0.9813, "test_accuracy_200": 0.6797333329671225, "train_time_12": 299.7692646980285, "train_accuracy_12": 0.4965, "test_accuracy_12": 0.46679999975585934, "valtest_accuracy_200": 0.6792, "valtest_accuracy_12": 0.4673, "proxy_losses": [2.493236780166626, 1.899143934249878, 1.7091091871261597, 1.601239800453186, 1.5178037881851196, 1.4498138427734375, 1.3957360982894897, 1.347347617149353, 1.30438232421875, 1.259611964225769, 1.2214853763580322, 1.1842398643493652, 1.1488500833511353, 1.116844654083252, 1.0891412496566772, 1.0793324708938599, 1.0534528493881226, 1.024665355682373, 1.0037145614624023, 0.9907211661338806, 0.9706951379776001, 0.954515814781189, 0.930422842502594, 0.9119166731834412, 0.8941314220428467, 0.8776728510856628, 0.8604927659034729, 0.8520168662071228, 0.8325276374816895, 0.824617862701416, 0.7995445132255554, 0.7898565530776978, 0.784091591835022, 0.7709371447563171, 0.7508684992790222, 0.7382004857063293, 0.7237738966941833, 0.7217122912406921, 0.7094256281852722, 0.7150656580924988, 0.6988741159439087, 0.6971046924591064, 0.6806972622871399, 0.6749326586723328, 0.6801120042800903, 0.662727952003479, 0.6577365398406982, 0.6684671640396118, 0.647147536277771, 0.636323094367981], "landscape_losses": [2.6277880668640137, 2.0728180408477783, 1.7610056400299072, 1.5182298421859741, 1.3149217367172241, 1.1272082328796387, 0.9866265654563904, 0.8453432321548462, 0.7414422631263733, 0.6576085686683655, 0.6234518885612488], "proxy_train_time": 9.462432370521128, "proxy_train_epochs": 50, "dirty_bit": 1, "landscape_term": 10.407014721378772, "speed_term": 9.461205796275728, "mote": 8.573888978545328}