{"id": 2448, "adj_matrix": [[0, 1, 1, 1], [0, 0, 1, 1], [0, 0, 0, 1], [0, 0, 0, 0]], "operations": ["avg_pool_3x3", "zeros", "zeros", "nor_conv_1x1", "skip_connect", "avg_pool_3x3"], "init_channel": 16, "blck_len": 5, "params": 0.10715599999999999, "flops": 11.72106, "latency": 0.012833184666103786, "train_per_time": 13.298347075780244, "train_time_200": 2659.6694151560487, "train_accuracy_200": 0.7932733333333333, "test_accuracy_200": 0.6380666662597656, "train_time_12": 159.5801649093628, "train_accuracy_12": 0.43695999999999996, "test_accuracy_12": 0.4155999994506836, "valtest_accuracy_200": 0.6332666666666666, "valtest_accuracy_12": 0.4156, "proxy_losses": [2.6668667793273926, 2.333951711654663, 2.1551599502563477, 2.0501158237457275, 1.9791268110275269, 1.922101616859436, 1.876554250717163, 1.8393346071243286, 1.8076496124267578, 1.779361367225647, 1.7558205127716064, 1.7338372468948364, 1.715782642364502, 1.6962363719940186, 1.6779950857162476, 1.6609342098236084, 1.644020915031433, 1.6279453039169312, 1.614301323890686, 1.5992839336395264, 1.584634780883789, 1.5727779865264893, 1.5573698282241821, 1.5443392992019653, 1.5325939655303955, 1.5186067819595337, 1.507887363433838, 1.4955228567123413, 1.484253168106079, 1.4741610288619995, 1.459808111190796, 1.4538493156433105, 1.4412530660629272, 1.4293544292449951, 1.4192267656326294, 1.409800410270691, 1.4009348154067993, 1.391935110092163, 1.3839197158813477, 1.3745818138122559, 1.3661384582519531, 1.3585472106933594, 1.3476792573928833, 1.3426415920257568, 1.336195707321167, 1.3283886909484863, 1.32389497756958, 1.3205301761627197, 1.3103355169296265, 1.303220272064209], "landscape_losses": [2.723721981048584, 2.424882173538208, 2.206805944442749, 2.025663137435913, 1.8653972148895264, 1.7275876998901367, 1.5963319540023804, 1.481528878211975, 1.4013831615447998, 1.3350259065628052, 1.2996653318405151], "proxy_train_time": 6.15406246855855, "proxy_train_epochs": 50, "dirty_bit": 1, "landscape_term": 6.374738836511428, "speed_term": 3.850584246913919, "mote": 4.867250569623423}