{"id": 2520, "adj_matrix": [[0, 1, 1, 1], [0, 0, 1, 1], [0, 0, 0, 1], [0, 0, 0, 0]], "operations": ["skip_connect", "zeros", "zeros", "zeros", "zeros", "avg_pool_3x3"], "init_channel": 16, "blck_len": 5, "params": 0.079156, "flops": 7.788900000000001, "latency": 0.009937701401887116, "train_per_time": 8.65035029252368, "train_time_200": 1730.070058504736, "train_accuracy_200": 0.01, "test_accuracy_200": 0.009999999994913737, "train_time_12": 103.80420351028441, "train_accuracy_12": 0.00974, "test_accuracy_12": 0.009999999996185303, "valtest_accuracy_200": 0.01, "valtest_accuracy_12": 0.01, "proxy_losses": [2.302630662918091, 2.30259370803833, 2.302591323852539, 2.3025944232940674, 2.3025922775268555, 2.302596092224121, 2.3025946617126465, 2.3025949001312256, 2.3025898933410645, 2.3025927543640137, 2.302598237991333, 2.3025901317596436, 2.302597761154175, 2.3025922775268555, 2.302596092224121, 2.30259108543396, 2.302591323852539, 2.3025925159454346, 2.302590847015381, 2.3025927543640137, 2.3025896549224854, 2.302591323852539, 2.3025920391082764, 2.302591562271118, 2.3025949001312256, 2.3025920391082764, 2.3025929927825928, 2.30259108543396, 2.3025929927825928, 2.3025922775268555, 2.3025901317596436, 2.3025927543640137, 2.302593231201172, 2.3025901317596436, 2.3025929927825928, 2.302593231201172, 2.302596092224121, 2.3025879859924316, 2.30259370803833, 2.302593231201172, 2.3025927543640137, 2.3025951385498047, 2.30259370803833, 2.3025941848754883, 2.30259370803833, 2.3025975227355957, 2.3025925159454346, 2.3025918006896973, 2.3025968074798584, 2.302593231201172], "landscape_losses": [2.3025965690612793, 2.302593946456909, 2.302595615386963, 2.3025929927825928, 2.3025951385498047, 2.3025927543640137, 2.3025927543640137, 2.302593469619751, 2.3025903701782227, 2.3025925159454346, 2.3025922775268555], "proxy_train_time": 4.072163102217019, "proxy_train_epochs": 50, "dirty_bit": 1, "landscape_term": 4.777221876807795, "speed_term": 1.768511285617397, "mote": 3.2177121073606356}