{"id": 2548, "adj_matrix": [[0, 1, 1, 1], [0, 0, 1, 1], [0, 0, 0, 1], [0, 0, 0, 0]], "operations": ["zeros", "zeros", "nor_conv_3x3", "avg_pool_3x3", "skip_connect", "nor_conv_1x1"], "init_channel": 16, "blck_len": 5, "params": 0.350196, "flops": 47.1105, "latency": 0.014295887064050744, "train_per_time": 16.303939064343805, "train_time_200": 3260.787812868761, "train_accuracy_200": 0.5195666666666667, "test_accuracy_200": 0.4710666664021809, "train_time_12": 195.64726877212527, "train_accuracy_12": 0.3094, "test_accuracy_12": 0.3077999998474121, "valtest_accuracy_200": 0.46993333333333337, "valtest_accuracy_12": 0.3045, "proxy_losses": [2.364879608154297, 2.2627346515655518, 2.1906440258026123, 2.135498523712158, 2.090113401412964, 2.0538134574890137, 2.025096893310547, 2.0013041496276855, 1.9799875020980835, 1.9597886800765991, 1.9398789405822754, 1.9218379259109497, 1.9042625427246094, 1.889266848564148, 1.872890591621399, 1.859680414199829, 1.8467999696731567, 1.8362094163894653, 1.82612943649292, 1.8167451620101929, 1.808058261871338, 1.8004658222198486, 1.7933298349380493, 1.78718900680542, 1.7805254459381104, 1.7751121520996094, 1.7694531679153442, 1.7654722929000854, 1.7606209516525269, 1.754974603652954, 1.75081467628479, 1.7460848093032837, 1.7429918050765991, 1.7373343706130981, 1.7345384359359741, 1.7301362752914429, 1.7264502048492432, 1.7228718996047974, 1.7201839685440063, 1.7174203395843506, 1.7139062881469727, 1.7100318670272827, 1.7068963050842285, 1.703300952911377, 1.7013201713562012, 1.698240041732788, 1.6965421438217163, 1.6933672428131104, 1.6900343894958496, 1.6876095533370972], "landscape_losses": [2.3845021724700928, 2.2672982215881348, 2.1592726707458496, 2.052774429321289, 1.9562535285949707, 1.875643014907837, 1.81380295753479, 1.7641561031341553, 1.726614236831665, 1.7013897895812988, 1.684415578842163], "proxy_train_time": 7.163625944405794, "proxy_train_epochs": 50, "dirty_bit": 1, "landscape_term": 5.73379624411707, "speed_term": 3.89739097803834, "mote": 4.429428579618792}