{"id": 2621, "adj_matrix": [[0, 1, 1, 1], [0, 0, 1, 1], [0, 0, 0, 1], [0, 0, 0, 0]], "operations": ["avg_pool_3x3", "zeros", "skip_connect", "nor_conv_1x1", "zeros", "skip_connect"], "init_channel": 16, "blck_len": 5, "params": 0.10715599999999999, "flops": 11.72106, "latency": 0.01164793085168909, "train_per_time": 11.416537443796805, "train_time_200": 2283.307488759361, "train_accuracy_200": 0.7927933333333335, "test_accuracy_200": 0.635999999613444, "train_time_12": 136.99844932556155, "train_accuracy_12": 0.43695999999999996, "test_accuracy_12": 0.4155999994506836, "valtest_accuracy_200": 0.6333333333333333, "valtest_accuracy_12": 0.4156, "proxy_losses": [2.7005488872528076, 2.3642687797546387, 2.145824909210205, 2.035853147506714, 1.9541634321212769, 1.8957347869873047, 1.848670482635498, 1.8109322786331177, 1.7766947746276855, 1.7485229969024658, 1.7223976850509644, 1.6995913982391357, 1.6783511638641357, 1.656888484954834, 1.638179898262024, 1.6210120916366577, 1.6048849821090698, 1.5891727209091187, 1.577219843864441, 1.5643361806869507, 1.5520222187042236, 1.5410926342010498, 1.5314182043075562, 1.5209416151046753, 1.5107818841934204, 1.500822901725769, 1.492232322692871, 1.4800338745117188, 1.4719723463058472, 1.4633630514144897, 1.452731966972351, 1.4429280757904053, 1.4376472234725952, 1.4280565977096558, 1.4208781719207764, 1.4094754457473755, 1.4046220779418945, 1.3947269916534424, 1.3870770931243896, 1.3777788877487183, 1.3749723434448242, 1.36541748046875, 1.3572179079055786, 1.348987340927124, 1.341167688369751, 1.3355908393859863, 1.3280102014541626, 1.3214068412780762, 1.313150405883789, 1.3094738721847534], "landscape_losses": [2.765810489654541, 2.4731037616729736, 2.2376770973205566, 2.0372748374938965, 1.8598384857177734, 1.7001291513442993, 1.5758216381072998, 1.469853162765503, 1.38527250289917, 1.3324403762817383, 1.3072415590286255], "proxy_train_time": 5.765354125760496, "proxy_train_epochs": 50, "dirty_bit": 1, "landscape_term": 6.381804837018194, "speed_term": 3.637481939954881, "mote": 4.825128925537634}