{"id": 2640, "adj_matrix": [[0, 1, 1, 1], [0, 0, 1, 1], [0, 0, 0, 1], [0, 0, 0, 0]], "operations": ["skip_connect", "nor_conv_1x1", "nor_conv_1x1", "zeros", "avg_pool_3x3", "avg_pool_3x3"], "init_channel": 16, "blck_len": 5, "params": 0.135156, "flops": 15.65322, "latency": 0.014968598330462421, "train_per_time": 16.751670479774475, "train_time_200": 3350.334095954895, "train_accuracy_200": 0.7622133333333333, "test_accuracy_200": 0.5979333329060872, "train_time_12": 201.0200457572937, "train_accuracy_12": 0.4075, "test_accuracy_12": 0.39399999926757817, "valtest_accuracy_200": 0.5965333333333332, "valtest_accuracy_12": 0.39280000000000004, "proxy_losses": [3.050361156463623, 2.5251967906951904, 2.2289254665374756, 2.064850091934204, 1.952955722808838, 1.8736428022384644, 1.8119902610778809, 1.769489049911499, 1.7315783500671387, 1.7004687786102295, 1.6745271682739258, 1.648241639137268, 1.6246205568313599, 1.6044843196868896, 1.583598256111145, 1.567638635635376, 1.5506198406219482, 1.5350109338760376, 1.5194700956344604, 1.50648832321167, 1.4915729761123657, 1.4786269664764404, 1.4658013582229614, 1.4532746076583862, 1.4392204284667969, 1.4310823678970337, 1.4180681705474854, 1.4057073593139648, 1.3969579935073853, 1.382739543914795, 1.3700134754180908, 1.3612868785858154, 1.3520013093948364, 1.339690089225769, 1.3286867141723633, 1.3190686702728271, 1.3116259574890137, 1.2973471879959106, 1.2869746685028076, 1.278520107269287, 1.268633246421814, 1.2588627338409424, 1.2570925951004028, 1.2461127042770386, 1.2389469146728516, 1.2296563386917114, 1.2158219814300537, 1.210010290145874, 1.2001632452011108, 1.1920052766799927], "landscape_losses": [3.1405606269836426, 2.6504242420196533, 2.3454067707061768, 2.097848415374756, 1.878932237625122, 1.7100125551223755, 1.5584638118743896, 1.431393027305603, 1.329453945159912, 1.2393814325332642, 1.1953377723693848], "proxy_train_time": 6.720102170482278, "proxy_train_epochs": 50, "dirty_bit": 1, "landscape_term": 6.451668809088668, "speed_term": 4.3951117522908145, "mote": 5.036428976707491}