{"id": 2706, "adj_matrix": [[0, 1, 1, 1], [0, 0, 1, 1], [0, 0, 0, 1], [0, 0, 0, 0]], "operations": ["nor_conv_1x1", "zeros", "zeros", "avg_pool_3x3", "nor_conv_3x3", "nor_conv_1x1"], "init_channel": 16, "blck_len": 5, "params": 0.378196, "flops": 51.04265999999999, "latency": 0.017146198837845416, "train_per_time": 20.194968660672565, "train_time_200": 4038.993732134513, "train_accuracy_200": 0.9534199999999998, "test_accuracy_200": 0.6690666666259766, "train_time_12": 242.3396239280701, "train_accuracy_12": 0.5139, "test_accuracy_12": 0.4902000001831055, "valtest_accuracy_200": 0.6675333333333333, "valtest_accuracy_12": 0.4891, "proxy_losses": [2.473891019821167, 1.9774103164672852, 1.7943445444107056, 1.6930503845214844, 1.6273168325424194, 1.5745278596878052, 1.5323172807693481, 1.4977741241455078, 1.4648165702819824, 1.4360681772232056, 1.4049934148788452, 1.3790329694747925, 1.351070523262024, 1.325859546661377, 1.2988041639328003, 1.2717515230178833, 1.2518808841705322, 1.2273988723754883, 1.2051277160644531, 1.1840628385543823, 1.1625757217407227, 1.1405835151672363, 1.1197084188461304, 1.102370023727417, 1.0894166231155396, 1.0700757503509521, 1.0567456483840942, 1.0343458652496338, 1.029636263847351, 1.011220097541809, 0.9938597679138184, 0.983496904373169, 0.9701758027076721, 0.9605895280838013, 0.9505688548088074, 0.9428183436393738, 0.9305791258811951, 0.9172812700271606, 0.9023370146751404, 0.8931000232696533, 0.8912810683250427, 0.8850228786468506, 0.8699780106544495, 0.8636288046836853, 0.8603610396385193, 0.8467977643013, 0.8385529518127441, 0.8296955823898315, 0.8223673105239868, 0.8080865740776062], "landscape_losses": [2.6111555099487305, 2.1621930599212646, 1.9127249717712402, 1.698694109916687, 1.5193690061569214, 1.3439058065414429, 1.190281867980957, 1.0398317575454712, 0.9450331330299377, 0.8465380072593689, 0.8033352494239807], "proxy_train_time": 8.764802820049226, "proxy_train_epochs": 50, "dirty_bit": 1, "landscape_term": 8.64532246410074, "speed_term": 7.459564593621775, "mote": 7.094398517600397}