{"id": 2716, "adj_matrix": [[0, 1, 1, 1], [0, 0, 1, 1], [0, 0, 0, 1], [0, 0, 0, 0]], "operations": ["zeros", "nor_conv_1x1", "nor_conv_1x1", "avg_pool_3x3", "avg_pool_3x3", "zeros"], "init_channel": 16, "blck_len": 5, "params": 0.135156, "flops": 15.65322, "latency": 0.015906638569302026, "train_per_time": 17.090377926826477, "train_time_200": 3418.0755853652954, "train_accuracy_200": 0.5228666666666667, "test_accuracy_200": 0.4677333333740234, "train_time_12": 205.08453512191772, "train_accuracy_12": 0.30898, "test_accuracy_12": 0.3045999998474121, "valtest_accuracy_200": 0.4691, "valtest_accuracy_12": 0.3025, "proxy_losses": [2.3888907432556152, 2.26733660697937, 2.1816980838775635, 2.119483709335327, 2.074079751968384, 2.039837121963501, 2.012782096862793, 1.9884458780288696, 1.9697397947311401, 1.9518455266952515, 1.9356086254119873, 1.9215644598007202, 1.9081966876983643, 1.896162748336792, 1.8846631050109863, 1.8738692998886108, 1.863510012626648, 1.8534228801727295, 1.8441746234893799, 1.8350006341934204, 1.8267523050308228, 1.8177927732467651, 1.8101470470428467, 1.8035248517990112, 1.7967263460159302, 1.790659785270691, 1.7844208478927612, 1.7803906202316284, 1.774381399154663, 1.769059181213379, 1.764680027961731, 1.7597105503082275, 1.75594961643219, 1.751512050628662, 1.747172236442566, 1.7434812784194946, 1.7398170232772827, 1.735886573791504, 1.7319124937057495, 1.7288784980773926, 1.7254879474639893, 1.721609354019165, 1.7182623147964478, 1.7167435884475708, 1.7126407623291016, 1.7099992036819458, 1.707037091255188, 1.7040138244628906, 1.7013568878173828, 1.6992838382720947], "landscape_losses": [2.4074082374572754, 2.2716732025146484, 2.153888463973999, 2.0434136390686035, 1.951850175857544, 1.877301573753357, 1.813356876373291, 1.7672019004821777, 1.732842206954956, 1.7114499807357788, 1.6969234943389893], "proxy_train_time": 7.65522270090878, "proxy_train_epochs": 50, "dirty_bit": 1, "landscape_term": 5.722274224726579, "speed_term": 4.145146002549275, "mote": 4.474508961867037}