{"id": 273, "adj_matrix": [[0, 1, 1, 1], [0, 0, 1, 1], [0, 0, 0, 1], [0, 0, 0, 0]], "operations": ["avg_pool_3x3", "nor_conv_3x3", "skip_connect", "nor_conv_3x3", "nor_conv_3x3", "zeros"], "init_channel": 16, "blck_len": 5, "params": 0.8082759999999999, "flops": 113.95722, "latency": 0.017145554224650066, "train_per_time": 22.652638753255232, "train_time_200": 4530.5277506510465, "train_accuracy_200": 0.9330466666666666, "test_accuracy_200": 0.6738666663411458, "train_time_12": 271.83166503906256, "train_accuracy_12": 0.35972000000000004, "test_accuracy_12": 0.35719999972534183, "valtest_accuracy_200": 0.6728333333333335, "valtest_accuracy_12": 0.3576, "proxy_losses": [2.1567583084106445, 1.8810945749282837, 1.7721121311187744, 1.6966980695724487, 1.6330527067184448, 1.5757352113723755, 1.5214717388153076, 1.4763143062591553, 1.425936222076416, 1.383480429649353, 1.3448573350906372, 1.3119004964828491, 1.273473858833313, 1.243592619895935, 1.216750144958496, 1.190761685371399, 1.169288992881775, 1.152949571609497, 1.129644513130188, 1.1126987934112549, 1.0949265956878662, 1.0759234428405762, 1.0679473876953125, 1.0491870641708374, 1.0298734903335571, 1.013398289680481, 1.0043814182281494, 0.9866554737091064, 0.9757262468338013, 0.9595918655395508, 0.9449962973594666, 0.9278970956802368, 0.9237732291221619, 0.9042721390724182, 0.8987448215484619, 0.890724778175354, 0.876951277256012, 0.8722373247146606, 0.8573306798934937, 0.8517376780509949, 0.845643937587738, 0.8353938460350037, 0.826127827167511, 0.8298379182815552, 0.812857449054718, 0.8012548089027405, 0.7990946769714355, 0.7881869077682495, 0.7808469533920288, 0.7647277116775513], "landscape_losses": [2.2224600315093994, 1.9836976528167725, 1.8015834093093872, 1.6256781816482544, 1.4614441394805908, 1.2995305061340332, 1.1613489389419556, 1.0331881046295166, 0.9211980700492859, 0.8396551609039307, 0.7696268558502197], "proxy_train_time": 9.687935922294855, "proxy_train_epochs": 50, "dirty_bit": 1, "landscape_term": 8.98280402002813, "speed_term": 8.656308212815725, "mote": 7.515178892367757}