{"id": 2833, "adj_matrix": [[0, 1, 1, 1], [0, 0, 1, 1], [0, 0, 0, 1], [0, 0, 0, 0]], "operations": ["nor_conv_1x1", "zeros", "skip_connect", "nor_conv_1x1", "avg_pool_3x3", "avg_pool_3x3"], "init_channel": 16, "blck_len": 5, "params": 0.135156, "flops": 15.65322, "latency": 0.014093871469850893, "train_per_time": 17.397534529368038, "train_time_200": 3479.5069058736076, "train_accuracy_200": 0.79714, "test_accuracy_200": 0.641866666809082, "train_time_12": 208.77041435241696, "train_accuracy_12": 0.3697, "test_accuracy_12": 0.3555999996948242, "valtest_accuracy_200": 0.6393333333333333, "valtest_accuracy_12": 0.35729999999999995, "proxy_losses": [2.490870714187622, 2.1583266258239746, 1.9993435144424438, 1.8988499641418457, 1.828428864479065, 1.7733228206634521, 1.724247694015503, 1.68314528465271, 1.6435158252716064, 1.6082020998001099, 1.5751850605010986, 1.548104166984558, 1.52302086353302, 1.4984843730926514, 1.4743989706039429, 1.4526857137680054, 1.4312609434127808, 1.4087433815002441, 1.3910303115844727, 1.3695924282073975, 1.3526334762573242, 1.3332916498184204, 1.3192514181137085, 1.309295415878296, 1.2907148599624634, 1.2783995866775513, 1.2647491693496704, 1.252920150756836, 1.240507960319519, 1.229309320449829, 1.2223657369613647, 1.2153236865997314, 1.2023019790649414, 1.1930992603302002, 1.1836440563201904, 1.1732120513916016, 1.164090871810913, 1.1569833755493164, 1.1452884674072266, 1.1376410722732544, 1.1308664083480835, 1.1276040077209473, 1.116561770439148, 1.107904314994812, 1.1040563583374023, 1.0938353538513184, 1.0901119709014893, 1.087031364440918, 1.0869812965393066, 1.0778672695159912], "landscape_losses": [2.565538167953491, 2.271028518676758, 2.0645177364349365, 1.890920877456665, 1.722202181816101, 1.557702898979187, 1.4131489992141724, 1.2874103784561157, 1.1779366731643677, 1.110329270362854, 1.068689227104187], "proxy_train_time": 6.714424591511488, "proxy_train_epochs": 50, "dirty_bit": 1, "landscape_term": 7.235645327634449, "speed_term": 4.853665009171674, "mote": 5.668448069074885}