{"id": 2842, "adj_matrix": [[0, 1, 1, 1], [0, 0, 1, 1], [0, 0, 0, 1], [0, 0, 0, 0]], "operations": ["skip_connect", "skip_connect", "skip_connect", "nor_conv_3x3", "nor_conv_1x1", "zeros"], "init_channel": 16, "blck_len": 5, "params": 0.350196, "flops": 47.1105, "latency": 0.014097257896705911, "train_per_time": 14.163947105407713, "train_time_200": 2832.7894210815425, "train_accuracy_200": 0.9159866666666666, "test_accuracy_200": 0.6826666668294271, "train_time_12": 169.96736526489255, "train_accuracy_12": 0.53796, "test_accuracy_12": 0.5043999997558594, "valtest_accuracy_200": 0.6817, "valtest_accuracy_12": 0.5112, "proxy_losses": [2.2932868003845215, 1.9624696969985962, 1.8268259763717651, 1.739456057548523, 1.673719882965088, 1.6204750537872314, 1.5790295600891113, 1.5390385389328003, 1.5046719312667847, 1.4733320474624634, 1.442664623260498, 1.4165788888931274, 1.3870372772216797, 1.364155650138855, 1.3387093544006348, 1.3134121894836426, 1.2923839092254639, 1.2719731330871582, 1.2521419525146484, 1.23659348487854, 1.214854121208191, 1.1941423416137695, 1.1804721355438232, 1.1617790460586548, 1.1503474712371826, 1.1356879472732544, 1.1157996654510498, 1.0991568565368652, 1.0862466096878052, 1.0731165409088135, 1.0658011436462402, 1.055666208267212, 1.046826958656311, 1.0252435207366943, 1.0112199783325195, 0.9973548650741577, 0.995403528213501, 0.9835835695266724, 0.9708014726638794, 0.9560086131095886, 0.9465800523757935, 0.9422576427459717, 0.932279109954834, 0.9254111051559448, 0.917776346206665, 0.9239593744277954, 0.9231979250907898, 0.894162118434906, 0.8829715847969055, 0.8734431862831116], "landscape_losses": [2.3864641189575195, 2.0927181243896484, 1.893776774406433, 1.7155171632766724, 1.566900610923767, 1.4289380311965942, 1.2986363172531128, 1.1804828643798828, 1.058590054512024, 0.9538233280181885, 0.8706995844841003], "proxy_train_time": 6.287882118485868, "proxy_train_epochs": 50, "dirty_bit": 1, "landscape_term": 8.104576534123813, "speed_term": 5.136360691110943, "mote": 6.31190706528876}