{"id": 2865, "adj_matrix": [[0, 1, 1, 1], [0, 0, 1, 1], [0, 0, 0, 1], [0, 0, 0, 0]], "operations": ["skip_connect", "nor_conv_1x1", "skip_connect", "nor_conv_1x1", "nor_conv_1x1", "nor_conv_1x1"], "init_channel": 16, "blck_len": 5, "params": 0.191156, "flops": 23.51754, "latency": 0.01724613595891882, "train_per_time": 20.55339841047917, "train_time_200": 4110.679682095833, "train_accuracy_200": 0.7726066666666667, "test_accuracy_200": 0.6439999994303385, "train_time_12": 246.6407809257507, "train_accuracy_12": 0.42460000000000003, "test_accuracy_12": 0.41459999969482425, "valtest_accuracy_200": 0.6442333333333333, "valtest_accuracy_12": 0.4155, "proxy_losses": [2.4654946327209473, 2.090444326400757, 1.9289970397949219, 1.838267207145691, 1.7792675495147705, 1.732214093208313, 1.690752387046814, 1.6555863618850708, 1.6271899938583374, 1.5966848134994507, 1.5694165229797363, 1.5418661832809448, 1.517282247543335, 1.494139313697815, 1.47261643409729, 1.4506992101669312, 1.4289569854736328, 1.4115811586380005, 1.3917567729949951, 1.3740907907485962, 1.359989881515503, 1.3412529230117798, 1.3257862329483032, 1.3117398023605347, 1.297445297241211, 1.2868120670318604, 1.2727017402648926, 1.2605204582214355, 1.2506320476531982, 1.2361823320388794, 1.2242610454559326, 1.2156423330307007, 1.2047510147094727, 1.1941494941711426, 1.1821280717849731, 1.1706901788711548, 1.1641473770141602, 1.1515676975250244, 1.1381498575210571, 1.1325736045837402, 1.1270488500595093, 1.1205271482467651, 1.1081186532974243, 1.1020958423614502, 1.0923622846603394, 1.0827127695083618, 1.0793404579162598, 1.07426118850708, 1.0724120140075684, 1.0593998432159424], "landscape_losses": [2.5375216007232666, 2.1989352703094482, 1.991797685623169, 1.8163865804672241, 1.6410566568374634, 1.4841808080673218, 1.355278730392456, 1.2407124042510986, 1.1521319150924683, 1.0905197858810425, 1.0500917434692383], "proxy_train_time": 7.783384991809726, "proxy_train_epochs": 50, "dirty_bit": 1, "landscape_term": 7.465681295717077, "speed_term": 5.665035039213893, "mote": 5.982184669298376}