{"id": 2925, "adj_matrix": [[0, 1, 1, 1], [0, 0, 1, 1], [0, 0, 0, 1], [0, 0, 0, 0]], "operations": ["nor_conv_1x1", "avg_pool_3x3", "nor_conv_1x1", "nor_conv_1x1", "nor_conv_3x3", "skip_connect"], "init_channel": 16, "blck_len": 5, "params": 0.406196, "flops": 54.97482, "latency": 0.017391421176769117, "train_per_time": 23.232383807500224, "train_time_200": 4646.476761500045, "train_accuracy_200": 0.9619066666666667, "test_accuracy_200": 0.6710000002034506, "train_time_12": 278.7886056900025, "train_accuracy_12": 0.5099199999999999, "test_accuracy_12": 0.4804, "valtest_accuracy_200": 0.6704333333333333, "valtest_accuracy_12": 0.48090000000000005, "proxy_losses": [2.6030969619750977, 1.958147406578064, 1.7518726587295532, 1.652241587638855, 1.573740005493164, 1.514786958694458, 1.465224027633667, 1.4237186908721924, 1.3885962963104248, 1.3583226203918457, 1.3274986743927002, 1.3002489805221558, 1.2744725942611694, 1.2531629800796509, 1.2314914464950562, 1.2078845500946045, 1.1856013536453247, 1.161861777305603, 1.1422672271728516, 1.1296303272247314, 1.1140573024749756, 1.0902353525161743, 1.0709317922592163, 1.058744192123413, 1.0434610843658447, 1.0281726121902466, 1.0131200551986694, 0.9967614412307739, 0.9852692484855652, 0.9816420674324036, 0.9757388830184937, 0.9546657204627991, 0.9419786334037781, 0.9308937788009644, 0.9243214726448059, 0.9136298894882202, 0.9043236374855042, 0.8919278383255005, 0.8842797875404358, 0.8729711771011353, 0.8694263696670532, 0.8626726269721985, 0.8551477789878845, 0.8449295163154602, 0.8340656161308289, 0.8298279047012329, 0.8373741507530212, 0.8217291235923767, 0.8223457932472229, 0.8166100978851318], "landscape_losses": [2.753160238265991, 2.195719003677368, 1.9053294658660889, 1.6745883226394653, 1.4831129312515259, 1.3113725185394287, 1.1672216653823853, 1.0308595895767212, 0.9350665807723999, 0.8376452922821045, 0.7972617149353027], "proxy_train_time": 8.555749646387994, "proxy_train_epochs": 50, "dirty_bit": 1, "landscape_term": 8.72183134814809, "speed_term": 7.5215220072942035, "mote": 7.1557228852347485}