{"id": 2938, "adj_matrix": [[0, 1, 1, 1], [0, 0, 1, 1], [0, 0, 0, 1], [0, 0, 0, 0]], "operations": ["nor_conv_1x1", "nor_conv_1x1", "zeros", "nor_conv_1x1", "nor_conv_3x3", "nor_conv_1x1"], "init_channel": 16, "blck_len": 5, "params": 0.434196, "flops": 58.90698, "latency": 0.02084119231612594, "train_per_time": 25.866908947626765, "train_time_200": 5173.381789525353, "train_accuracy_200": 0.9587, "test_accuracy_200": 0.7005333336995443, "train_time_12": 310.402907371521, "train_accuracy_12": 0.5073799999999999, "test_accuracy_12": 0.48660000006103515, "valtest_accuracy_200": 0.6985666666666667, "valtest_accuracy_12": 0.4878, "proxy_losses": [2.3388710021972656, 1.9253880977630615, 1.7810750007629395, 1.6768943071365356, 1.602604627609253, 1.5430512428283691, 1.4927177429199219, 1.4505276679992676, 1.4102829694747925, 1.378431797027588, 1.3429014682769775, 1.3126577138900757, 1.2813458442687988, 1.2585585117340088, 1.231844425201416, 1.2128952741622925, 1.1897985935211182, 1.1649653911590576, 1.147681713104248, 1.1326857805252075, 1.110705018043518, 1.0985167026519775, 1.0779424905776978, 1.055389165878296, 1.0430365800857544, 1.025200605392456, 1.0121787786483765, 0.9959887862205505, 0.9837453961372375, 0.9683972597122192, 0.9581765532493591, 0.9458130598068237, 0.9420576095581055, 0.9214627742767334, 0.9106128215789795, 0.9023001790046692, 0.8903767466545105, 0.8728998303413391, 0.8634549975395203, 0.859140932559967, 0.852072536945343, 0.8409999012947083, 0.8300187587738037, 0.8212419748306274, 0.8112319111824036, 0.8084410429000854, 0.7987290620803833, 0.7919528484344482, 0.7839745283126831, 0.774452269077301], "landscape_losses": [2.4548087120056152, 2.0673234462738037, 1.8365389108657837, 1.63807213306427, 1.4627094268798828, 1.3005094528198242, 1.1377124786376953, 1.02913236618042, 0.8977365493774414, 0.812067985534668, 0.7686745524406433], "proxy_train_time": 10.081334983929992, "proxy_train_epochs": 50, "dirty_bit": 1, "landscape_term": 8.995575609474448, "speed_term": 8.933284583250279, "mote": 7.567691349183976}