{"id": 2985, "adj_matrix": [[0, 1, 1, 1], [0, 0, 1, 1], [0, 0, 0, 1], [0, 0, 0, 0]], "operations": ["zeros", "nor_conv_3x3", "zeros", "skip_connect", "nor_conv_1x1", "zeros"], "init_channel": 16, "blck_len": 5, "params": 0.350196, "flops": 47.1105, "latency": 0.014297657542758517, "train_per_time": 14.634219884872437, "train_time_200": 2926.8439769744873, "train_accuracy_200": 0.6342700000000001, "test_accuracy_200": 0.5825999995422363, "train_time_12": 175.61063861846924, "train_accuracy_12": 0.46122, "test_accuracy_12": 0.4487999993286133, "valtest_accuracy_200": 0.57945, "valtest_accuracy_12": 0.45520000000000005, "proxy_losses": [2.3350415229797363, 2.254981756210327, 2.194798469543457, 2.152369976043701, 2.1151320934295654, 2.0770246982574463, 2.0405831336975098, 2.0104010105133057, 1.9825074672698975, 1.9582462310791016, 1.9359347820281982, 1.9164408445358276, 1.897522211074829, 1.881314992904663, 1.867189884185791, 1.8551230430603027, 1.8438302278518677, 1.8327646255493164, 1.8230867385864258, 1.8140523433685303, 1.805275797843933, 1.7976698875427246, 1.7901932001113892, 1.783277988433838, 1.7770105600357056, 1.7706718444824219, 1.7645183801651, 1.758198857307434, 1.7530771493911743, 1.747920274734497, 1.7433382272720337, 1.736746072769165, 1.731886386871338, 1.727800726890564, 1.723256230354309, 1.7193396091461182, 1.7142304182052612, 1.7105979919433594, 1.7057486772537231, 1.702925205230713, 1.6983596086502075, 1.6944849491119385, 1.691591739654541, 1.686647653579712, 1.682477593421936, 1.6791918277740479, 1.675837516784668, 1.673850178718567, 1.67033052444458, 1.667544960975647], "landscape_losses": [2.3511807918548584, 2.2607648372650146, 2.1692545413970947, 2.0746734142303467, 1.9772778749465942, 1.8905316591262817, 1.8171675205230713, 1.7593504190444946, 1.7125927209854126, 1.6827945709228516, 1.6639984846115112], "proxy_train_time": 7.845732610672712, "proxy_train_epochs": 50, "dirty_bit": 1, "landscape_term": 5.7431556358812195, "speed_term": 4.283898439629823, "mote": 4.518475266946223}