{"id": 3035, "adj_matrix": [[0, 1, 1, 1], [0, 0, 1, 1], [0, 0, 0, 1], [0, 0, 0, 0]], "operations": ["nor_conv_1x1", "nor_conv_3x3", "avg_pool_3x3", "skip_connect", "skip_connect", "nor_conv_3x3"], "init_channel": 16, "blck_len": 5, "params": 0.593236, "flops": 82.49994, "latency": 0.018026272455851238, "train_per_time": 21.278404990831962, "train_time_200": 4255.680998166393, "train_accuracy_200": 0.99064, "test_accuracy_200": 0.7122999998168944, "train_time_12": 255.3408598899841, "train_accuracy_12": 0.63182, "test_accuracy_12": 0.5727999998168944, "valtest_accuracy_200": 0.7103999999999999, "valtest_accuracy_12": 0.5766, "proxy_losses": [3.0308830738067627, 2.147796630859375, 1.8701812028884888, 1.7290552854537964, 1.6313748359680176, 1.5595917701721191, 1.5025314092636108, 1.44846773147583, 1.4084136486053467, 1.3663579225540161, 1.331618309020996, 1.295162320137024, 1.2633401155471802, 1.2401992082595825, 1.2105211019515991, 1.1918408870697021, 1.164397120475769, 1.1407299041748047, 1.1118043661117554, 1.0879143476486206, 1.071399211883545, 1.0478373765945435, 1.0319253206253052, 1.0150240659713745, 0.9987499117851257, 0.986237108707428, 0.9746635556221008, 0.9547412991523743, 0.9388111233711243, 0.9220031499862671, 0.8997080326080322, 0.8942064642906189, 0.8774140477180481, 0.8637551665306091, 0.8569952845573425, 0.8459030985832214, 0.8438431620597839, 0.824440062046051, 0.8097484111785889, 0.8043145537376404, 0.794593870639801, 0.7906801700592041, 0.7828475832939148, 0.7609352469444275, 0.7485287189483643, 0.7467973828315735, 0.7298494577407837, 0.72633957862854, 0.7220040559768677, 0.705473780632019], "landscape_losses": [3.184659004211426, 2.4504895210266113, 2.060192584991455, 1.7662876844406128, 1.5028893947601318, 1.2891193628311157, 1.0951799154281616, 0.9459800720214844, 0.8287011981010437, 0.7364566326141357, 0.7107348442077637], "proxy_train_time": 7.896805866621435, "proxy_train_epochs": 50, "dirty_bit": 1, "landscape_term": 9.15649805452404, "speed_term": 7.088446330771165, "mote": 7.369422680733549}