{"id": 3105, "adj_matrix": [[0, 1, 1, 1], [0, 0, 1, 1], [0, 0, 0, 1], [0, 0, 0, 0]], "operations": ["nor_conv_3x3", "zeros", "zeros", "skip_connect", "zeros", "skip_connect"], "init_channel": 16, "blck_len": 5, "params": 0.322196, "flops": 43.17834, "latency": 0.01092966397603353, "train_per_time": 10.965290983517946, "train_time_200": 2193.058196703589, "train_accuracy_200": 0.63193, "test_accuracy_200": 0.584499999633789, "train_time_12": 131.58349180221555, "train_accuracy_12": 0.4533, "test_accuracy_12": 0.44880000012207033, "valtest_accuracy_200": 0.5812, "valtest_accuracy_12": 0.444, "proxy_losses": [2.485386610031128, 2.3811120986938477, 2.297334671020508, 2.230593681335449, 2.1754865646362305, 2.127840280532837, 2.0873336791992188, 2.0515527725219727, 2.024061679840088, 1.9982777833938599, 1.9755849838256836, 1.9529609680175781, 1.9327499866485596, 1.9123177528381348, 1.8959780931472778, 1.8834785223007202, 1.871985912322998, 1.8608099222183228, 1.8506773710250854, 1.8405840396881104, 1.831993579864502, 1.823393702507019, 1.8151659965515137, 1.8076847791671753, 1.8002822399139404, 1.7927745580673218, 1.7858219146728516, 1.780569314956665, 1.774670124053955, 1.76919686794281, 1.7637710571289062, 1.7585480213165283, 1.7534632682800293, 1.7485899925231934, 1.7432833909988403, 1.7398076057434082, 1.7353109121322632, 1.7317626476287842, 1.7271392345428467, 1.7237554788589478, 1.7204179763793945, 1.7164933681488037, 1.7130004167556763, 1.7097773551940918, 1.706278681755066, 1.703169584274292, 1.699188232421875, 1.6957286596298218, 1.6928863525390625, 1.690179705619812], "landscape_losses": [2.503459930419922, 2.384136438369751, 2.2834012508392334, 2.177765369415283, 2.063020706176758, 1.950765609741211, 1.8542699813842773, 1.7839388847351074, 1.7373371124267578, 1.707136869430542, 1.688512921333313], "proxy_train_time": 5.873219018802047, "proxy_train_epochs": 50, "dirty_bit": 1, "landscape_term": 5.566820941078673, "speed_term": 3.147821656827363, "mote": 4.142118119097862}