{"id": 3184, "adj_matrix": [[0, 1, 1, 1], [0, 0, 1, 1], [0, 0, 0, 1], [0, 0, 0, 0]], "operations": ["avg_pool_3x3", "avg_pool_3x3", "nor_conv_3x3", "avg_pool_3x3", "avg_pool_3x3", "avg_pool_3x3"], "init_channel": 16, "blck_len": 5, "params": 0.322196, "flops": 43.17834, "latency": 0.010991255442301432, "train_per_time": 20.34508498509731, "train_time_200": 4069.016997019462, "train_accuracy_200": 0.3875266666666667, "test_accuracy_200": 0.3729999998677571, "train_time_12": 244.14101982116702, "train_accuracy_12": 0.2198, "test_accuracy_12": 0.2086000001220703, "valtest_accuracy_200": 0.3736, "valtest_accuracy_12": 0.2043, "proxy_losses": [4.655399799346924, 2.4752206802368164, 2.0770962238311768, 1.8989607095718384, 1.7899101972579956, 1.7213011980056763, 1.6727845668792725, 1.6352802515029907, 1.6005784273147583, 1.5730271339416504, 1.5450900793075562, 1.5192734003067017, 1.4978597164154053, 1.4761971235275269, 1.454521894454956, 1.4347542524337769, 1.4177583456039429, 1.397356390953064, 1.3822996616363525, 1.364748239517212, 1.3510873317718506, 1.332330584526062, 1.3194209337234497, 1.309144377708435, 1.294987440109253, 1.2808701992034912, 1.2694073915481567, 1.2628668546676636, 1.2540918588638306, 1.2403974533081055, 1.235314130783081, 1.2295727729797363, 1.2166335582733154, 1.2090657949447632, 1.199881672859192, 1.1951435804367065, 1.1908377408981323, 1.1887775659561157, 1.180549144744873, 1.1708824634552002, 1.17279851436615, 1.168468952178955, 1.1604535579681396, 1.1528490781784058, 1.137263298034668, 1.134159803390503, 1.1352859735488892, 1.1391890048980713, 1.1259657144546509, 1.1209602355957031], "landscape_losses": [4.825436115264893, 3.331342935562134, 2.6935856342315674, 2.28471040725708, 1.8766416311264038, 1.6100850105285645, 1.3987807035446167, 1.2910873889923096, 1.1838147640228271, 1.1304383277893066, 1.1230833530426025], "proxy_train_time": 6.174859992228448, "proxy_train_epochs": 50, "dirty_bit": 1, "landscape_term": 6.579505467559728, "speed_term": 4.2899993980645705, "mote": 5.102953138472655}