{"id": 3206, "adj_matrix": [[0, 1, 1, 1], [0, 0, 1, 1], [0, 0, 0, 1], [0, 0, 0, 0]], "operations": ["skip_connect", "avg_pool_3x3", "avg_pool_3x3", "zeros", "nor_conv_1x1", "nor_conv_1x1"], "init_channel": 16, "blck_len": 5, "params": 0.135156, "flops": 15.65322, "latency": 0.014205204115973579, "train_per_time": 17.562378366788273, "train_time_200": 3512.4756733576546, "train_accuracy_200": 0.8018866666666667, "test_accuracy_200": 0.638133333211263, "train_time_12": 210.74854040145877, "train_accuracy_12": 0.40281999999999996, "test_accuracy_12": 0.3886, "valtest_accuracy_200": 0.6401666666666667, "valtest_accuracy_12": 0.3918, "proxy_losses": [2.4642913341522217, 2.133423328399658, 1.9894752502441406, 1.8973603248596191, 1.8347195386886597, 1.7805589437484741, 1.7385045289993286, 1.7029705047607422, 1.672485113143921, 1.6447011232376099, 1.6205209493637085, 1.5988179445266724, 1.577012062072754, 1.557379126548767, 1.5397863388061523, 1.521314263343811, 1.5066105127334595, 1.4895555973052979, 1.4731945991516113, 1.4577195644378662, 1.443982720375061, 1.4284474849700928, 1.4145452976226807, 1.3993852138519287, 1.3868142366409302, 1.3711268901824951, 1.360094428062439, 1.344499945640564, 1.3284581899642944, 1.316390037536621, 1.299197793006897, 1.288286566734314, 1.278192400932312, 1.260401725769043, 1.2533212900161743, 1.2386754751205444, 1.22539222240448, 1.2159284353256226, 1.2064433097839355, 1.1935275793075562, 1.18776273727417, 1.1761504411697388, 1.1682506799697876, 1.159735918045044, 1.1507662534713745, 1.143135905265808, 1.135190725326538, 1.1248645782470703, 1.119336724281311, 1.1124982833862305], "landscape_losses": [2.544715166091919, 2.269721031188965, 2.0784406661987305, 1.9218814373016357, 1.7694586515426636, 1.6175421476364136, 1.4861007928848267, 1.3575680255889893, 1.2512717247009277, 1.161039113998413, 1.110695481300354], "proxy_train_time": 6.3159105041995645, "proxy_train_epochs": 50, "dirty_bit": 1, "landscape_term": 6.988708306284036, "speed_term": 4.390243812492441, "mote": 5.405350498153565}