{"id": 323, "adj_matrix": [[0, 1, 1, 1], [0, 0, 1, 1], [0, 0, 0, 1], [0, 0, 0, 0]], "operations": ["nor_conv_1x1", "zeros", "avg_pool_3x3", "nor_conv_1x1", "zeros", "zeros"], "init_channel": 16, "blck_len": 5, "params": 0.135156, "flops": 15.65322, "latency": 0.014767083856794571, "train_per_time": 15.962053298950195, "train_time_200": 3192.410659790039, "train_accuracy_200": 0.72222, "test_accuracy_200": 0.6242666665445964, "train_time_12": 191.54463958740234, "train_accuracy_12": 0.4155, "test_accuracy_12": 0.40700000024414057, "valtest_accuracy_200": 0.6264, "valtest_accuracy_12": 0.40659999999999996, "proxy_losses": [2.4017105102539062, 2.1991350650787354, 2.1004183292388916, 2.034228801727295, 1.9829285144805908, 1.9381479024887085, 1.897552728652954, 1.8630707263946533, 1.8334158658981323, 1.805689811706543, 1.7788140773773193, 1.7547892332077026, 1.7312170267105103, 1.7087935209274292, 1.6882284879684448, 1.6693320274353027, 1.6505720615386963, 1.6342201232910156, 1.6181414127349854, 1.6028624773025513, 1.5903782844543457, 1.5746818780899048, 1.5622860193252563, 1.5501489639282227, 1.539386510848999, 1.5266131162643433, 1.5155062675476074, 1.5042908191680908, 1.4923927783966064, 1.4853399991989136, 1.4735764265060425, 1.4616292715072632, 1.452602505683899, 1.4422361850738525, 1.4332892894744873, 1.4234414100646973, 1.413870930671692, 1.4046109914779663, 1.3957619667053223, 1.3883394002914429, 1.37907874584198, 1.3717670440673828, 1.362659215927124, 1.3541061878204346, 1.3460662364959717, 1.3356661796569824, 1.3307325839996338, 1.319884181022644, 1.3161035776138306, 1.30902099609375], "landscape_losses": [2.4488070011138916, 2.2659051418304443, 2.1164755821228027, 1.9814621210098267, 1.8424785137176514, 1.7149924039840698, 1.5945144891738892, 1.490013837814331, 1.405141830444336, 1.3443002700805664, 1.2990493774414062], "proxy_train_time": 7.65682718064636, "proxy_train_epochs": 50, "dirty_bit": 1, "landscape_term": 6.476320303961187, "speed_term": 4.788585473512677, "mote": 5.13380600310734}