{"id": 3245, "adj_matrix": [[0, 1, 1, 1], [0, 0, 1, 1], [0, 0, 0, 1], [0, 0, 0, 0]], "operations": ["avg_pool_3x3", "zeros", "zeros", "skip_connect", "avg_pool_3x3", "zeros"], "init_channel": 16, "blck_len": 5, "params": 0.079156, "flops": 7.788900000000001, "latency": 0.008958586940058957, "train_per_time": 9.936709443728159, "train_time_200": 1987.3418887456316, "train_accuracy_200": 0.5236466666666666, "test_accuracy_200": 0.49219999967447914, "train_time_12": 119.24051332473756, "train_accuracy_12": 0.23925999999999997, "test_accuracy_12": 0.23399999963378906, "valtest_accuracy_200": 0.49689999999999995, "valtest_accuracy_12": 0.23199999999999998, "proxy_losses": [3.739192247390747, 3.090266704559326, 2.650524616241455, 2.3793060779571533, 2.2182517051696777, 2.0828285217285156, 1.9956828355789185, 1.943466067314148, 1.9056631326675415, 1.8769855499267578, 1.8535054922103882, 1.832472801208496, 1.813996434211731, 1.7980554103851318, 1.7844923734664917, 1.771789789199829, 1.7610396146774292, 1.752493977546692, 1.7418527603149414, 1.7345820665359497, 1.7257968187332153, 1.7186318635940552, 1.7095680236816406, 1.7015405893325806, 1.6957286596298218, 1.6876355409622192, 1.6799163818359375, 1.6730014085769653, 1.6651029586791992, 1.6574562788009644, 1.650527000427246, 1.6436681747436523, 1.6390069723129272, 1.6333239078521729, 1.6271309852600098, 1.6225858926773071, 1.6181843280792236, 1.6143596172332764, 1.6094788312911987, 1.6052500009536743, 1.601891040802002, 1.599253535270691, 1.5934163331985474, 1.5912926197052002, 1.5862232446670532, 1.5849623680114746, 1.5796549320220947, 1.5775394439697266, 1.5734126567840576, 1.5712790489196777], "landscape_losses": [3.8297574520111084, 3.25689697265625, 2.877371311187744, 2.583322286605835, 2.3320021629333496, 2.1124565601348877, 1.9090254306793213, 1.7606269121170044, 1.6513984203338623, 1.593061923980713, 1.574892520904541], "proxy_train_time": 5.5562272891402245, "proxy_train_epochs": 50, "dirty_bit": 1, "landscape_term": 5.165030649615906, "speed_term": 3.060834759390103, "mote": 3.835871318938379}