{"id": 3334, "adj_matrix": [[0, 1, 1, 1], [0, 0, 1, 1], [0, 0, 0, 1], [0, 0, 0, 0]], "operations": ["nor_conv_1x1", "nor_conv_3x3", "zeros", "skip_connect", "zeros", "avg_pool_3x3"], "init_channel": 16, "blck_len": 5, "params": 0.350196, "flops": 47.1105, "latency": 0.01670216189490424, "train_per_time": 16.434979001680972, "train_time_200": 3286.9958003361944, "train_accuracy_200": 0.85977, "test_accuracy_200": 0.6566999996948242, "train_time_12": 197.2197480201721, "train_accuracy_12": 0.5349, "test_accuracy_12": 0.5031999999389649, "valtest_accuracy_200": 0.6543000000000001, "valtest_accuracy_12": 0.5035000000000001, "proxy_losses": [2.4380767345428467, 2.034389019012451, 1.8874433040618896, 1.8003575801849365, 1.7397087812423706, 1.6880460977554321, 1.6415590047836304, 1.5966713428497314, 1.5537192821502686, 1.5158008337020874, 1.482381820678711, 1.4558007717132568, 1.4253700971603394, 1.3993399143218994, 1.3752952814102173, 1.3510531187057495, 1.328071117401123, 1.309640645980835, 1.2911444902420044, 1.2760303020477295, 1.2548500299453735, 1.2358014583587646, 1.2199289798736572, 1.2072173357009888, 1.1894021034240723, 1.1757328510284424, 1.159501552581787, 1.1527776718139648, 1.1385846138000488, 1.1263842582702637, 1.1156878471374512, 1.1051000356674194, 1.087974190711975, 1.075882077217102, 1.0675625801086426, 1.0527535676956177, 1.0492846965789795, 1.0402830839157104, 1.0400043725967407, 1.0249537229537964, 1.0119516849517822, 1.0088554620742798, 0.998813271522522, 0.9916727542877197, 0.9736388921737671, 0.9745939373970032, 0.9675308465957642, 0.9584168195724487, 0.9543251991271973, 0.9504481554031372], "landscape_losses": [2.5252363681793213, 2.201997756958008, 1.989507794380188, 1.8035218715667725, 1.6309396028518677, 1.4930487871170044, 1.3568421602249146, 1.217207431793213, 1.0905510187149048, 0.9906222820281982, 0.9519041180610657], "proxy_train_time": 7.140180976130068, "proxy_train_epochs": 50, "dirty_bit": 1, "landscape_term": 7.725675305449181, "speed_term": 5.587012367259474, "mote": 6.143497774190402}