{"id": 3359, "adj_matrix": [[0, 1, 1, 1], [0, 0, 1, 1], [0, 0, 0, 1], [0, 0, 0, 0]], "operations": ["avg_pool_3x3", "zeros", "avg_pool_3x3", "nor_conv_3x3", "skip_connect", "avg_pool_3x3"], "init_channel": 16, "blck_len": 5, "params": 0.322196, "flops": 43.17834, "latency": 0.011840343475341797, "train_per_time": 16.625433127085326, "train_time_200": 3325.0866254170655, "train_accuracy_200": 0.63532, "test_accuracy_200": 0.5669999996032715, "train_time_12": 199.50519752502439, "train_accuracy_12": 0.33984000000000003, "test_accuracy_12": 0.3223999999084473, "valtest_accuracy_200": 0.5686, "valtest_accuracy_12": 0.318, "proxy_losses": [3.1658549308776855, 2.2744643688201904, 1.9534422159194946, 1.821373462677002, 1.7469103336334229, 1.6973249912261963, 1.6610639095306396, 1.6283072233200073, 1.5969195365905762, 1.5712974071502686, 1.545821189880371, 1.5244797468185425, 1.5013232231140137, 1.477225661277771, 1.4558513164520264, 1.4354348182678223, 1.4146487712860107, 1.3917827606201172, 1.3697632551193237, 1.351294755935669, 1.3293262720108032, 1.3144549131393433, 1.3013890981674194, 1.282026767730713, 1.267085075378418, 1.2481074333190918, 1.238425612449646, 1.2267025709152222, 1.214074969291687, 1.204793095588684, 1.1929577589035034, 1.180272102355957, 1.1716653108596802, 1.1610331535339355, 1.1517689228057861, 1.1431220769882202, 1.1345421075820923, 1.13164484500885, 1.1252650022506714, 1.1073335409164429, 1.1044236421585083, 1.0969126224517822, 1.0820726156234741, 1.0766041278839111, 1.0705252885818481, 1.0658509731292725, 1.0565650463104248, 1.0448325872421265, 1.0422766208648682, 1.0371142625808716], "landscape_losses": [3.299858570098877, 2.627913475036621, 2.2457680702209473, 1.9998152256011963, 1.7801462411880493, 1.5784142017364502, 1.422304630279541, 1.2876451015472412, 1.1595816612243652, 1.0678426027297974, 1.023882508277893], "proxy_train_time": 6.436889472417533, "proxy_train_epochs": 50, "dirty_bit": 1, "landscape_term": 7.0794182423252625, "speed_term": 4.706171248832965, "mote": 5.5321445673121}