{"id": 3383, "adj_matrix": [[0, 1, 1, 1], [0, 0, 1, 1], [0, 0, 0, 1], [0, 0, 0, 0]], "operations": ["nor_conv_3x3", "nor_conv_3x3", "avg_pool_3x3", "skip_connect", "avg_pool_3x3", "nor_conv_3x3"], "init_channel": 16, "blck_len": 5, "params": 0.808276, "flops": 113.95722, "latency": 0.01355368561214871, "train_per_time": 24.56649100780487, "train_time_200": 4913.298201560974, "train_accuracy_200": 0.99235, "test_accuracy_200": 0.7106999996948241, "train_time_12": 294.79789209365845, "train_accuracy_12": 0.62696, "test_accuracy_12": 0.5821999993896485, "valtest_accuracy_200": 0.711, "valtest_accuracy_12": 0.578, "proxy_losses": [2.6497857570648193, 1.947930097579956, 1.7326414585113525, 1.6038334369659424, 1.5149004459381104, 1.4485502243041992, 1.3882873058319092, 1.3391807079315186, 1.2932730913162231, 1.2494231462478638, 1.2081433534622192, 1.1718827486038208, 1.140498399734497, 1.1027746200561523, 1.0724674463272095, 1.038285732269287, 1.0148669481277466, 0.9908630847930908, 0.9728007912635803, 0.9559915065765381, 0.9272637963294983, 0.9110291004180908, 0.8978081941604614, 0.8814265727996826, 0.868954598903656, 0.8468305468559265, 0.8270165920257568, 0.8220652341842651, 0.8138535022735596, 0.7966026663780212, 0.7825766801834106, 0.7698811292648315, 0.7635645270347595, 0.7432209849357605, 0.7380470633506775, 0.7264804244041443, 0.737333357334137, 0.7209627032279968, 0.722332775592804, 0.7080734968185425, 0.7067736387252808, 0.6938323974609375, 0.6893609762191772, 0.6753587126731873, 0.6700757145881653, 0.660032331943512, 0.6633022427558899, 0.6425982713699341, 0.6305791139602661, 0.6230875253677368], "landscape_losses": [2.7995336055755615, 2.1682660579681396, 1.8136910200119019, 1.551242709159851, 1.3471449613571167, 1.1803630590438843, 1.0239425897598267, 0.8805373907089233, 0.7715776562690735, 0.682299792766571, 0.6310103535652161], "proxy_train_time": 9.049303012900054, "proxy_train_epochs": 50, "dirty_bit": 1, "landscape_term": 10.062638867829268, "speed_term": 9.141318579698089, "mote": 8.300432167074096}