{"id": 340, "adj_matrix": [[0, 1, 1, 1], [0, 0, 1, 1], [0, 0, 0, 1], [0, 0, 0, 0]], "operations": ["avg_pool_3x3", "avg_pool_3x3", "skip_connect", "skip_connect", "nor_conv_1x1", "nor_conv_3x3"], "init_channel": 16, "blck_len": 5, "params": 0.350196, "flops": 47.1105, "latency": 0.012229098214043511, "train_per_time": 18.402543147405037, "train_time_200": 3680.5086294810076, "train_accuracy_200": 0.8309266666666666, "test_accuracy_200": 0.6445333329264322, "train_time_12": 220.8305177688599, "train_accuracy_12": 0.50386, "test_accuracy_12": 0.4835999997558594, "valtest_accuracy_200": 0.6418333333333334, "valtest_accuracy_12": 0.4864, "proxy_losses": [2.880312204360962, 2.106687545776367, 1.9276515245437622, 1.8285624980926514, 1.7563488483428955, 1.6999105215072632, 1.6594054698944092, 1.6217875480651855, 1.5877386331558228, 1.5570789575576782, 1.5288954973220825, 1.500278353691101, 1.4713397026062012, 1.4480175971984863, 1.4180372953414917, 1.393022894859314, 1.3663913011550903, 1.3432608842849731, 1.3187320232391357, 1.2930593490600586, 1.2740771770477295, 1.2501367330551147, 1.233836054801941, 1.2191672325134277, 1.1997263431549072, 1.1847859621047974, 1.166816234588623, 1.1562968492507935, 1.1472173929214478, 1.1338139772415161, 1.1210582256317139, 1.1165339946746826, 1.1025422811508179, 1.0848382711410522, 1.0822275876998901, 1.081758737564087, 1.0729767084121704, 1.0601524114608765, 1.0443247556686401, 1.030773639678955, 1.0193146467208862, 1.0146015882492065, 1.0110799074172974, 1.0028117895126343, 1.0005087852478027, 0.9885392785072327, 0.9778162240982056, 0.9734141826629639, 0.9610311388969421, 0.9594320058822632], "landscape_losses": [3.0062143802642822, 2.3972606658935547, 2.1240737438201904, 1.8867827653884888, 1.6628589630126953, 1.4930578470230103, 1.3374674320220947, 1.2090665102005005, 1.097807765007019, 1.0054751634597778, 0.9599641561508179], "proxy_train_time": 6.403853432275355, "proxy_train_epochs": 50, "dirty_bit": 1, "landscape_term": 7.543656177618375, "speed_term": 4.897550261109958, "mote": 5.886560101599335}