{"id": 3474, "adj_matrix": [[0, 1, 1, 1], [0, 0, 1, 1], [0, 0, 0, 1], [0, 0, 0, 0]], "operations": ["nor_conv_3x3", "skip_connect", "nor_conv_1x1", "nor_conv_3x3", "zeros", "skip_connect"], "init_channel": 16, "blck_len": 5, "params": 0.593236, "flops": 82.49994, "latency": 0.01682183477613661, "train_per_time": 18.8931905428568, "train_time_200": 3778.6381085713597, "train_accuracy_200": 0.9854999999999999, "test_accuracy_200": 0.7094000006103517, "train_time_12": 226.7182865142822, "train_accuracy_12": 0.62324, "test_accuracy_12": 0.5749999997558594, "valtest_accuracy_200": 0.7034999999999999, "valtest_accuracy_12": 0.5745, "proxy_losses": [2.4632420539855957, 1.8556872606277466, 1.6959402561187744, 1.598730444908142, 1.5291279554367065, 1.4803375005722046, 1.4348411560058594, 1.391463279724121, 1.3514928817749023, 1.318533182144165, 1.2858359813690186, 1.2607941627502441, 1.2311439514160156, 1.2139867544174194, 1.1874659061431885, 1.1676840782165527, 1.1466925144195557, 1.1319605112075806, 1.1114096641540527, 1.0909593105316162, 1.0769202709197998, 1.0552488565444946, 1.0408411026000977, 1.0258595943450928, 1.0154104232788086, 0.9980021715164185, 0.9806802868843079, 0.9642849564552307, 0.9502451419830322, 0.9409378170967102, 0.9266101717948914, 0.9092803001403809, 0.8952886462211609, 0.8893278241157532, 0.872660756111145, 0.8593705296516418, 0.8511771559715271, 0.8445298671722412, 0.841228723526001, 0.8247503638267517, 0.8253487348556519, 0.8129319548606873, 0.8059693574905396, 0.7918297648429871, 0.7809008955955505, 0.7749146223068237, 0.7643120884895325, 0.7804735898971558, 0.7810816168785095, 0.7598053216934204], "landscape_losses": [2.6047751903533936, 2.068058729171753, 1.800146460533142, 1.5820015668869019, 1.4021679162979126, 1.2335008382797241, 1.0971113443374634, 0.9676398634910583, 0.8709914088249207, 0.7809171080589294, 0.7480499148368835], "proxy_train_time": 7.928489945828915, "proxy_train_epochs": 50, "dirty_bit": 1, "landscape_term": 9.289357214179336, "speed_term": 7.262177636684728, "mote": 7.486850290196415}