{"id": 3475, "adj_matrix": [[0, 1, 1, 1], [0, 0, 1, 1], [0, 0, 0, 1], [0, 0, 0, 0]], "operations": ["nor_conv_3x3", "skip_connect", "nor_conv_1x1", "zeros", "nor_conv_1x1", "avg_pool_3x3"], "init_channel": 16, "blck_len": 5, "params": 0.378196, "flops": 51.04266, "latency": 0.017879856957329646, "train_per_time": 19.924168308576007, "train_time_200": 3984.8336617152013, "train_accuracy_200": 0.96616, "test_accuracy_200": 0.6707, "train_time_12": 239.0900197029114, "train_accuracy_12": 0.49546, "test_accuracy_12": 0.4680000002441406, "valtest_accuracy_200": 0.66885, "valtest_accuracy_12": 0.4702, "proxy_losses": [2.2580406665802, 1.8761112689971924, 1.7491976022720337, 1.6570885181427002, 1.5792640447616577, 1.516655445098877, 1.464682698249817, 1.4171147346496582, 1.3696906566619873, 1.3279086351394653, 1.2895053625106812, 1.2554402351379395, 1.2190840244293213, 1.186400055885315, 1.1578830480575562, 1.1309456825256348, 1.1046407222747803, 1.0796414613723755, 1.0605342388153076, 1.0338006019592285, 1.017629861831665, 0.9972658157348633, 0.9786338806152344, 0.9553039073944092, 0.9333731532096863, 0.9220189452171326, 0.9114171862602234, 0.8953322172164917, 0.8805490136146545, 0.8646000027656555, 0.8566880822181702, 0.8429548740386963, 0.8342087864875793, 0.8204220533370972, 0.8088863492012024, 0.800693154335022, 0.7894547581672668, 0.7779751420021057, 0.7695304751396179, 0.7586727738380432, 0.7527594566345215, 0.7530540823936462, 0.7413585186004639, 0.7400029897689819, 0.7368110418319702, 0.7181370854377747, 0.7205490469932556, 0.7129296660423279, 0.6949250102043152, 0.6913477778434753], "landscape_losses": [2.383052110671997, 2.0281035900115967, 1.8039673566818237, 1.5994458198547363, 1.4187225103378296, 1.2595142126083374, 1.1133058071136475, 0.9790974855422974, 0.8746587634086609, 0.7824766635894775, 0.7013158202171326], "proxy_train_time": 7.9121571984142065, "proxy_train_epochs": 50, "dirty_bit": 1, "landscape_term": 9.357830150648988, "speed_term": 7.548167241634549, "mote": 7.580500534737816}