{"id": 3478, "adj_matrix": [[0, 1, 1, 1], [0, 0, 1, 1], [0, 0, 0, 1], [0, 0, 0, 0]], "operations": ["avg_pool_3x3", "zeros", "avg_pool_3x3", "avg_pool_3x3", "nor_conv_3x3", "skip_connect"], "init_channel": 16, "blck_len": 5, "params": 0.322196, "flops": 43.17834, "latency": 0.01257532172732883, "train_per_time": 16.272501707077026, "train_time_200": 3254.5003414154053, "train_accuracy_200": 0.5483100000000001, "test_accuracy_200": 0.5065000000915527, "train_time_12": 195.27002048492432, "train_accuracy_12": 0.28904, "test_accuracy_12": 0.2836000000305176, "valtest_accuracy_200": 0.502, "valtest_accuracy_12": 0.2798, "proxy_losses": [3.365579605102539, 2.3286197185516357, 1.9801955223083496, 1.8352558612823486, 1.7491384744644165, 1.685152292251587, 1.6348460912704468, 1.5919753313064575, 1.5616960525512695, 1.5301235914230347, 1.5055080652236938, 1.482051968574524, 1.461563229560852, 1.4403752088546753, 1.4234613180160522, 1.405055046081543, 1.3868097066879272, 1.370649814605713, 1.35062575340271, 1.3377114534378052, 1.3216149806976318, 1.3064918518066406, 1.2910553216934204, 1.2823437452316284, 1.27165687084198, 1.26204514503479, 1.240234136581421, 1.2275903224945068, 1.2155760526657104, 1.2048020362854004, 1.1941125392913818, 1.1768702268600464, 1.1678600311279297, 1.1626441478729248, 1.1563690900802612, 1.1402031183242798, 1.127276062965393, 1.1202753782272339, 1.1089448928833008, 1.1047558784484863, 1.0942846536636353, 1.086228370666504, 1.0744099617004395, 1.0671387910842896, 1.0602741241455078, 1.0574840307235718, 1.0525909662246704, 1.043340802192688, 1.0368658304214478, 1.0292301177978516], "landscape_losses": [3.5188679695129395, 2.719022274017334, 2.2946081161499023, 1.9915660619735718, 1.7421222925186157, 1.5380648374557495, 1.3803930282592773, 1.2495638132095337, 1.1431254148483276, 1.0711617469787598, 1.0293337106704712], "proxy_train_time": 6.689301582984626, "proxy_train_epochs": 50, "dirty_bit": 1, "landscape_term": 7.118636734150073, "speed_term": 4.9105909174473625, "mote": 5.599937203712198}