{"id": 3487, "adj_matrix": [[0, 1, 1, 1], [0, 0, 1, 1], [0, 0, 0, 1], [0, 0, 0, 0]], "operations": ["skip_connect", "zeros", "nor_conv_3x3", "zeros", "skip_connect", "nor_conv_1x1"], "init_channel": 16, "blck_len": 5, "params": 0.350196, "flops": 47.1105, "latency": 0.014676001336839462, "train_per_time": 14.482370257377623, "train_time_200": 2896.4740514755244, "train_accuracy_200": 0.9558399999999999, "test_accuracy_200": 0.7009333333333333, "train_time_12": 173.78844308853147, "train_accuracy_12": 0.62014, "test_accuracy_12": 0.5737999995727538, "valtest_accuracy_200": 0.6960999999999999, "valtest_accuracy_12": 0.5726, "proxy_losses": [2.359457492828369, 1.9976497888565063, 1.8293527364730835, 1.7351689338684082, 1.6697419881820679, 1.6165211200714111, 1.5685011148452759, 1.522233009338379, 1.4801194667816162, 1.443981647491455, 1.4111872911453247, 1.3774546384811401, 1.3473960161209106, 1.3170697689056396, 1.2866435050964355, 1.2606828212738037, 1.2348780632019043, 1.2135711908340454, 1.191707968711853, 1.1712697744369507, 1.153015375137329, 1.133164644241333, 1.1123700141906738, 1.0989223718643188, 1.0825965404510498, 1.0672693252563477, 1.052924633026123, 1.0469950437545776, 1.028809666633606, 1.008318543434143, 0.9970755577087402, 0.9859508872032166, 0.9728555679321289, 0.9584235548973083, 0.947434663772583, 0.9411267638206482, 0.9274386763572693, 0.9227414131164551, 0.912911593914032, 0.897055447101593, 0.8838814496994019, 0.8744412064552307, 0.8684636950492859, 0.8632022738456726, 0.8526645302772522, 0.8450872898101807, 0.8385303020477295, 0.8261713981628418, 0.8175140023231506, 0.8077178597450256], "landscape_losses": [2.4460504055023193, 2.1312882900238037, 1.8958706855773926, 1.6855303049087524, 1.4935390949249268, 1.3191356658935547, 1.1658306121826172, 1.039751648902893, 0.9395505785942078, 0.8439880013465881, 0.8014195561408997], "proxy_train_time": 6.730980232357979, "proxy_train_epochs": 50, "dirty_bit": 1, "landscape_term": 8.742893239504049, "speed_term": 5.727551802799696, "mote": 6.851058066877046}