{"id": 3532, "adj_matrix": [[0, 1, 1, 1], [0, 0, 1, 1], [0, 0, 0, 1], [0, 0, 0, 0]], "operations": ["skip_connect", "nor_conv_3x3", "avg_pool_3x3", "zeros", "zeros", "avg_pool_3x3"], "init_channel": 16, "blck_len": 5, "params": 0.322196, "flops": 43.17834, "latency": 0.01185984523208053, "train_per_time": 14.542974988619463, "train_time_200": 2908.5949977238924, "train_accuracy_200": 0.76902, "test_accuracy_200": 0.593733333231608, "train_time_12": 174.5156998634338, "train_accuracy_12": 0.38186, "test_accuracy_12": 0.3537999997558594, "valtest_accuracy_200": 0.5926, "valtest_accuracy_12": 0.35509999999999997, "proxy_losses": [2.45050048828125, 2.0069148540496826, 1.8515937328338623, 1.764127492904663, 1.702280044555664, 1.6516308784484863, 1.6083626747131348, 1.5691046714782715, 1.5359630584716797, 1.4974207878112793, 1.4670215845108032, 1.4345474243164062, 1.4077577590942383, 1.3810443878173828, 1.3566515445709229, 1.3389849662780762, 1.3180420398712158, 1.3104270696640015, 1.2915587425231934, 1.2767703533172607, 1.2603867053985596, 1.239737868309021, 1.229111671447754, 1.2101942300796509, 1.2021089792251587, 1.1858290433883667, 1.1745965480804443, 1.1654727458953857, 1.154814600944519, 1.1414295434951782, 1.1320749521255493, 1.1215816736221313, 1.1104456186294556, 1.1051185131072998, 1.0913233757019043, 1.0822865962982178, 1.0666556358337402, 1.0616685152053833, 1.0562471151351929, 1.0460822582244873, 1.038789987564087, 1.0423096418380737, 1.030483365058899, 1.0195493698120117, 1.0048736333847046, 0.9928763508796692, 0.9856389760971069, 0.9796007871627808, 0.9757347702980042, 0.9731335043907166], "landscape_losses": [2.5411112308502197, 2.1702511310577393, 1.9432281255722046, 1.7712297439575195, 1.6125879287719727, 1.4560997486114502, 1.3418164253234863, 1.2211368083953857, 1.112593650817871, 1.0189579725265503, 0.9639014601707458], "proxy_train_time": 5.77902864292264, "proxy_train_epochs": 50, "dirty_bit": 1, "landscape_term": 7.722192694855806, "speed_term": 4.507762096213561, "mote": 5.928536345286205}