{"id": 362, "adj_matrix": [[0, 1, 1, 1], [0, 0, 1, 1], [0, 0, 0, 1], [0, 0, 0, 0]], "operations": ["nor_conv_1x1", "nor_conv_3x3", "nor_conv_1x1", "nor_conv_3x3", "avg_pool_3x3", "avg_pool_3x3"], "init_channel": 16, "blck_len": 5, "params": 0.621236, "flops": 86.4321, "latency": 0.018852459059821233, "train_per_time": 26.83357675870257, "train_time_200": 5366.715351740514, "train_accuracy_200": 0.9498000000000001, "test_accuracy_200": 0.684599999206543, "train_time_12": 322.00292110443115, "train_accuracy_12": 0.36388, "test_accuracy_12": 0.35679999981689453, "valtest_accuracy_200": 0.68215, "valtest_accuracy_12": 0.3577, "proxy_losses": [2.2781052589416504, 1.7995831966400146, 1.654867172241211, 1.5739825963974, 1.5171070098876953, 1.467953085899353, 1.426979660987854, 1.3887138366699219, 1.3559846878051758, 1.3211640119552612, 1.291029453277588, 1.2601168155670166, 1.2318025827407837, 1.2031145095825195, 1.1803646087646484, 1.1553277969360352, 1.1303480863571167, 1.1092653274536133, 1.0954030752182007, 1.0717660188674927, 1.0595585107803345, 1.0372132062911987, 1.0292880535125732, 1.0124784708023071, 1.0010323524475098, 0.9882771372795105, 0.9830353260040283, 0.9669253826141357, 0.9490822553634644, 0.9326821565628052, 0.9247679710388184, 0.9150981307029724, 0.9093832969665527, 0.8956066370010376, 0.8897500038146973, 0.8809442520141602, 0.8681297898292542, 0.8626932501792908, 0.8578901290893555, 0.8398738503456116, 0.8376971483230591, 0.8336793780326843, 0.8345765471458435, 0.8311848640441895, 0.8213144540786743, 0.8099000453948975, 0.809131920337677, 0.8025388717651367, 0.7895787358283997, 0.7802886962890625], "landscape_losses": [2.376006603240967, 1.9650812149047852, 1.7276136875152588, 1.5609605312347412, 1.3893418312072754, 1.2709424495697021, 1.132804274559021, 1.0306642055511475, 0.904914140701294, 0.8240436315536499, 0.7761222720146179], "proxy_train_time": 9.482521411031485, "proxy_train_epochs": 50, "dirty_bit": 1, "landscape_term": 9.115881437485811, "speed_term": 8.70489892873112, "mote": 7.610872539445343}