{"id": 3673, "adj_matrix": [[0, 1, 1, 1], [0, 0, 1, 1], [0, 0, 0, 1], [0, 0, 0, 0]], "operations": ["zeros", "skip_connect", "skip_connect", "zeros", "avg_pool_3x3", "nor_conv_3x3"], "init_channel": 16, "blck_len": 5, "params": 0.322196, "flops": 43.17834, "latency": 0.012849887212117514, "train_per_time": 13.104767600695284, "train_time_200": 2620.9535201390568, "train_accuracy_200": 0.91059, "test_accuracy_200": 0.6738999995422364, "train_time_12": 157.2572112083435, "train_accuracy_12": 0.48241999999999996, "test_accuracy_12": 0.4633999997558594, "valtest_accuracy_200": 0.6728000000000001, "valtest_accuracy_12": 0.46590000000000004, "proxy_losses": [2.2716662883758545, 1.9759273529052734, 1.872064471244812, 1.8133527040481567, 1.7636849880218506, 1.7200071811676025, 1.6829479932785034, 1.6473015546798706, 1.6126987934112549, 1.5831793546676636, 1.5586265325546265, 1.5320223569869995, 1.5061075687408447, 1.4849634170532227, 1.4606410264968872, 1.4368592500686646, 1.4188892841339111, 1.3953670263290405, 1.3720487356185913, 1.3535535335540771, 1.3320719003677368, 1.3125941753387451, 1.2941220998764038, 1.2714323997497559, 1.2563583850860596, 1.2410295009613037, 1.2216275930404663, 1.2051867246627808, 1.1839687824249268, 1.1643810272216797, 1.156017780303955, 1.1388353109359741, 1.1297366619110107, 1.116582989692688, 1.1001838445663452, 1.0814841985702515, 1.069839358329773, 1.0601052045822144, 1.043483018875122, 1.0374386310577393, 1.0253374576568604, 1.0116201639175415, 1.0002979040145874, 0.9905268549919128, 0.9770423769950867, 0.9656633734703064, 0.9649483561515808, 0.9560261964797974, 0.9426406025886536, 0.9342585206031799], "landscape_losses": [2.352412462234497, 2.079549551010132, 1.9022932052612305, 1.753735899925232, 1.590699315071106, 1.4493696689605713, 1.3138177394866943, 1.1746052503585815, 1.0566177368164062, 0.9818083047866821, 0.9342920780181885], "proxy_train_time": 5.993236593902111, "proxy_train_epochs": 50, "dirty_bit": 1, "landscape_term": 7.968235278756163, "speed_term": 4.564762551198089, "mote": 6.106065817546971}