{"id": 3704, "adj_matrix": [[0, 1, 1, 1], [0, 0, 1, 1], [0, 0, 0, 1], [0, 0, 0, 0]], "operations": ["nor_conv_1x1", "avg_pool_3x3", "zeros", "zeros", "skip_connect", "skip_connect"], "init_channel": 16, "blck_len": 5, "params": 0.107156, "flops": 11.72106, "latency": 0.011636343267228868, "train_per_time": 11.483949700991323, "train_time_200": 2296.7899401982645, "train_accuracy_200": 0.7909100000000001, "test_accuracy_200": 0.6311, "train_time_12": 137.80739641189578, "train_accuracy_12": 0.44802, "test_accuracy_12": 0.4271999994506836, "valtest_accuracy_200": 0.63265, "valtest_accuracy_12": 0.428, "proxy_losses": [2.8085668087005615, 2.4716975688934326, 2.274916887283325, 2.1359195709228516, 2.031233549118042, 1.9527148008346558, 1.8933918476104736, 1.8465838432312012, 1.8098351955413818, 1.777886152267456, 1.7498712539672852, 1.7258206605911255, 1.701189398765564, 1.6800183057785034, 1.6596935987472534, 1.6409205198287964, 1.6230199337005615, 1.6062376499176025, 1.5909301042556763, 1.573897123336792, 1.56062650680542, 1.5479834079742432, 1.533367395401001, 1.522207260131836, 1.5097026824951172, 1.4998871088027954, 1.4872361421585083, 1.478150725364685, 1.468040108680725, 1.4600242376327515, 1.4495220184326172, 1.440846562385559, 1.4334485530853271, 1.4251354932785034, 1.4152663946151733, 1.4096850156784058, 1.4004876613616943, 1.3919533491134644, 1.385603427886963, 1.3812371492385864, 1.3717886209487915, 1.3673120737075806, 1.3570725917816162, 1.3499648571014404, 1.3483426570892334, 1.3393746614456177, 1.3343510627746582, 1.326670527458191, 1.3213822841644287, 1.3178915977478027], "landscape_losses": [2.871260643005371, 2.552781343460083, 2.3153016567230225, 2.102323293685913, 1.8998292684555054, 1.7374935150146484, 1.602799892425537, 1.4951894283294678, 1.4033042192459106, 1.3443487882614136, 1.3104063272476196], "proxy_train_time": 5.6564648039639, "proxy_train_epochs": 50, "dirty_bit": 1, "landscape_term": 6.261787163910017, "speed_term": 3.5269621585258806, "mote": 4.716946570932468}