{"id": 384, "adj_matrix": [[0, 1, 1, 1], [0, 0, 1, 1], [0, 0, 0, 1], [0, 0, 0, 0]], "operations": ["nor_conv_1x1", "zeros", "zeros", "nor_conv_3x3", "avg_pool_3x3", "nor_conv_3x3"], "init_channel": 16, "blck_len": 5, "params": 0.593236, "flops": 82.49994, "latency": 0.016485591729482017, "train_per_time": 21.44931435585022, "train_time_200": 4289.862871170044, "train_accuracy_200": 0.9122499999999999, "test_accuracy_200": 0.6746999999389649, "train_time_12": 257.39177227020264, "train_accuracy_12": 0.45026000000000005, "test_accuracy_12": 0.4285999993896484, "valtest_accuracy_200": 0.6781, "valtest_accuracy_12": 0.4351, "proxy_losses": [2.2538795471191406, 1.9289859533309937, 1.8256492614746094, 1.7599354982376099, 1.708249568939209, 1.664412260055542, 1.6251939535140991, 1.5867317914962769, 1.5513571500778198, 1.5154019594192505, 1.4825037717819214, 1.4467840194702148, 1.4144726991653442, 1.3853904008865356, 1.3569775819778442, 1.3296360969543457, 1.3028632402420044, 1.27994966506958, 1.2567628622055054, 1.2361772060394287, 1.214241623878479, 1.1961297988891602, 1.1768051385879517, 1.1597020626068115, 1.1490999460220337, 1.1308207511901855, 1.115552544593811, 1.1023708581924438, 1.090734839439392, 1.0754104852676392, 1.0582729578018188, 1.0482107400894165, 1.0408819913864136, 1.0236824750900269, 1.00680673122406, 0.9967703819274902, 0.9879966974258423, 0.9799240231513977, 0.972779393196106, 0.9574107527732849, 0.9466338753700256, 0.9331378936767578, 0.9170120358467102, 0.9103080034255981, 0.9059198498725891, 0.8985901474952698, 0.8844367265701294, 0.8763851523399353, 0.8800765872001648, 0.8731932640075684], "landscape_losses": [2.332087993621826, 2.0612473487854004, 1.9008679389953613, 1.7313332557678223, 1.5574597120285034, 1.3897984027862549, 1.2548730373382568, 1.1192598342895508, 0.9996210932731628, 0.9057077169418335, 0.8550615310668945], "proxy_train_time": 8.945839117281139, "proxy_train_epochs": 50, "dirty_bit": 1, "landscape_term": 8.343543884561315, "speed_term": 7.282440531381884, "mote": 6.863085687487944}