{"id": 390, "adj_matrix": [[0, 1, 1, 1], [0, 0, 1, 1], [0, 0, 0, 1], [0, 0, 0, 0]], "operations": ["zeros", "skip_connect", "avg_pool_3x3", "avg_pool_3x3", "skip_connect", "zeros"], "init_channel": 16, "blck_len": 5, "params": 0.079156, "flops": 7.788900000000001, "latency": 0.009022778934902614, "train_per_time": 9.70002440611524, "train_time_200": 1940.0048812230482, "train_accuracy_200": 0.5204466666666667, "test_accuracy_200": 0.46693333292643224, "train_time_12": 116.40029287338258, "train_accuracy_12": 0.30406, "test_accuracy_12": 0.2947999997253418, "valtest_accuracy_200": 0.46990000000000004, "valtest_accuracy_12": 0.2956, "proxy_losses": [2.447854995727539, 2.3175840377807617, 2.2229959964752197, 2.160066843032837, 2.110353946685791, 2.0691723823547363, 2.0328681468963623, 2.0003767013549805, 1.9763484001159668, 1.9542731046676636, 1.9323139190673828, 1.9122154712677002, 1.8958039283752441, 1.882948637008667, 1.869889259338379, 1.8586547374725342, 1.8477883338928223, 1.837882399559021, 1.8287129402160645, 1.8211650848388672, 1.8134677410125732, 1.806230068206787, 1.800647258758545, 1.7953871488571167, 1.787554144859314, 1.7827765941619873, 1.7789232730865479, 1.7733107805252075, 1.7691091299057007, 1.7644798755645752, 1.759734034538269, 1.755943775177002, 1.750864028930664, 1.7475824356079102, 1.742856502532959, 1.7393395900726318, 1.7347794771194458, 1.731158971786499, 1.727146863937378, 1.7249802350997925, 1.7217050790786743, 1.7199985980987549, 1.7160552740097046, 1.7134844064712524, 1.7103843688964844, 1.7066371440887451, 1.7045146226882935, 1.7017406225204468, 1.7000808715820312, 1.6965389251708984], "landscape_losses": [2.47105073928833, 2.326552629470825, 2.192086696624756, 2.0742573738098145, 1.972516417503357, 1.885540246963501, 1.818160891532898, 1.7667092084884644, 1.7334191799163818, 1.7090333700180054, 1.6961348056793213], "proxy_train_time": 5.06960045453161, "proxy_train_epochs": 50, "dirty_bit": 1, "landscape_term": 5.677738637846885, "speed_term": 2.744576999566098, "mote": 4.122881445498737}