{"id": 3979, "adj_matrix": [[0, 1, 1, 1], [0, 0, 1, 1], [0, 0, 0, 1], [0, 0, 0, 0]], "operations": ["avg_pool_3x3", "avg_pool_3x3", "skip_connect", "skip_connect", "avg_pool_3x3", "nor_conv_3x3"], "init_channel": 16, "blck_len": 5, "params": 0.322196, "flops": 43.17834, "latency": 0.010767649721216271, "train_per_time": 16.75376228491461, "train_time_200": 3350.7524569829225, "train_accuracy_200": 0.62024, "test_accuracy_200": 0.5507999997558594, "train_time_12": 201.0451474189758, "train_accuracy_12": 0.29231999999999997, "test_accuracy_12": 0.28359999969482425, "valtest_accuracy_200": 0.5496666666666666, "valtest_accuracy_12": 0.2861, "proxy_losses": [3.4491515159606934, 2.158482313156128, 1.9417431354522705, 1.8171619176864624, 1.761208176612854, 1.6930228471755981, 1.6547811031341553, 1.618587851524353, 1.5928016901016235, 1.5674699544906616, 1.5427000522613525, 1.5214728116989136, 1.5005803108215332, 1.4822834730148315, 1.4643703699111938, 1.4439773559570312, 1.4267395734786987, 1.411312460899353, 1.3995921611785889, 1.3842558860778809, 1.3657783269882202, 1.351833462715149, 1.3358674049377441, 1.3261544704437256, 1.311004877090454, 1.3011834621429443, 1.287227988243103, 1.2787045240402222, 1.271025538444519, 1.2566869258880615, 1.2434332370758057, 1.2346982955932617, 1.2253947257995605, 1.2226126194000244, 1.209598422050476, 1.1959015130996704, 1.1838138103485107, 1.1742643117904663, 1.1645712852478027, 1.1527475118637085, 1.1412367820739746, 1.1359091997146606, 1.1285414695739746, 1.1194888353347778, 1.1077300310134888, 1.1077749729156494, 1.0936371088027954, 1.0968798398971558, 1.0934560298919678, 1.0856229066848755], "landscape_losses": [3.6524031162261963, 2.660309314727783, 2.2975006103515625, 1.9715325832366943, 1.7494300603866577, 1.54706609249115, 1.40421724319458, 1.2865047454833984, 1.1837220191955566, 1.109071135520935, 1.073893427848816], "proxy_train_time": 5.474223606288433, "proxy_train_epochs": 50, "dirty_bit": 1, "landscape_term": 6.97724309092224, "speed_term": 3.9082349214701155, "mote": 5.295214159149655}