{"id": 4116, "adj_matrix": [[0, 1, 1, 1], [0, 0, 1, 1], [0, 0, 0, 1], [0, 0, 0, 0]], "operations": ["skip_connect", "nor_conv_3x3", "avg_pool_3x3", "nor_conv_1x1", "zeros", "avg_pool_3x3"], "init_channel": 16, "blck_len": 5, "params": 0.350196, "flops": 47.1105, "latency": 0.01453423058545148, "train_per_time": 18.18997351328527, "train_time_200": 3637.994702657054, "train_accuracy_200": 0.8175199999999999, "test_accuracy_200": 0.6309999994710287, "train_time_12": 218.2796821594238, "train_accuracy_12": 0.4152, "test_accuracy_12": 0.4022, "valtest_accuracy_200": 0.6291, "valtest_accuracy_12": 0.3962, "proxy_losses": [2.592938184738159, 2.1065664291381836, 1.9142895936965942, 1.7971328496932983, 1.7108261585235596, 1.6441622972488403, 1.5909490585327148, 1.5466333627700806, 1.5076338052749634, 1.471921682357788, 1.44224214553833, 1.4082107543945312, 1.3827252388000488, 1.355705738067627, 1.335307240486145, 1.3121147155761719, 1.2885769605636597, 1.268858551979065, 1.2538940906524658, 1.2370719909667969, 1.218973159790039, 1.207129716873169, 1.1830971240997314, 1.1694527864456177, 1.1515599489212036, 1.1392987966537476, 1.1333743333816528, 1.1189757585525513, 1.100664496421814, 1.089037299156189, 1.0755119323730469, 1.0688738822937012, 1.0571595430374146, 1.0473754405975342, 1.0367435216903687, 1.021848440170288, 1.009703278541565, 1.0069648027420044, 1.0013985633850098, 0.9969032406806946, 0.9917506575584412, 0.9744837880134583, 0.9664326310157776, 0.9611935615539551, 0.9460985064506531, 0.9362835884094238, 0.9234331250190735, 0.9146230220794678, 0.913331925868988, 0.9044353365898132], "landscape_losses": [2.703326940536499, 2.2688686847686768, 2.019495725631714, 1.8119871616363525, 1.6334025859832764, 1.4685949087142944, 1.3167521953582764, 1.1974220275878906, 1.0805705785751343, 0.98221355676651, 0.9103333950042725], "proxy_train_time": 7.148653170093894, "proxy_train_epochs": 50, "dirty_bit": 1, "landscape_term": 7.787474133664995, "speed_term": 5.724979742587471, "mote": 6.211212508802783}