{"id": 4170, "adj_matrix": [[0, 1, 1, 1], [0, 0, 1, 1], [0, 0, 0, 1], [0, 0, 0, 0]], "operations": ["avg_pool_3x3", "skip_connect", "zeros", "skip_connect", "zeros", "avg_pool_3x3"], "init_channel": 16, "blck_len": 5, "params": 0.079156, "flops": 7.7889, "latency": 0.009332882033454048, "train_per_time": 9.998091061909964, "train_time_200": 1999.6182123819929, "train_accuracy_200": 0.54437, "test_accuracy_200": 0.5078999995422363, "train_time_12": 119.97709274291991, "train_accuracy_12": 0.26922, "test_accuracy_12": 0.26180000006103515, "valtest_accuracy_200": 0.5098, "valtest_accuracy_12": 0.2594, "proxy_losses": [3.8365366458892822, 3.076590061187744, 2.642364025115967, 2.411360025405884, 2.1974875926971436, 2.0396203994750977, 1.947783350944519, 1.8982183933258057, 1.8678104877471924, 1.8392153978347778, 1.8180861473083496, 1.7988085746765137, 1.7836625576019287, 1.7685372829437256, 1.7576323747634888, 1.7445558309555054, 1.7349941730499268, 1.7270699739456177, 1.7181812524795532, 1.7115967273712158, 1.7040783166885376, 1.6984153985977173, 1.692819356918335, 1.688169002532959, 1.6825077533721924, 1.6781052350997925, 1.6734001636505127, 1.6679269075393677, 1.6626962423324585, 1.6579269170761108, 1.6547023057937622, 1.649262547492981, 1.6443607807159424, 1.6405097246170044, 1.6370291709899902, 1.631970763206482, 1.6289591789245605, 1.624507188796997, 1.6209853887557983, 1.617510199546814, 1.6151049137115479, 1.6104642152786255, 1.6073428392410278, 1.6031644344329834, 1.6001060009002686, 1.5966657400131226, 1.594128966331482, 1.5895636081695557, 1.5880059003829956, 1.5831431150436401], "landscape_losses": [3.9256973266601562, 3.3336336612701416, 2.9354946613311768, 2.599573850631714, 2.317391872406006, 2.062962532043457, 1.8818730115890503, 1.7434287071228027, 1.66018807888031, 1.605452299118042, 1.5887070894241333], "proxy_train_time": 4.626461574807763, "proxy_train_epochs": 50, "dirty_bit": 1, "landscape_term": 5.155930024148027, "speed_term": 2.557083372507566, "mote": 3.7051939168267696}