{"id": 4243, "adj_matrix": [[0, 1, 1, 1], [0, 0, 1, 1], [0, 0, 0, 1], [0, 0, 0, 0]], "operations": ["zeros", "avg_pool_3x3", "zeros", "avg_pool_3x3", "avg_pool_3x3", "zeros"], "init_channel": 16, "blck_len": 5, "params": 0.079156, "flops": 7.7889, "latency": 0.009009679158528646, "train_per_time": 12.500644524892175, "train_time_200": 2500.128904978435, "train_accuracy_200": 0.52078, "test_accuracy_200": 0.46009999987792966, "train_time_12": 150.00773429870603, "train_accuracy_12": 0.30406, "test_accuracy_12": 0.2947999997253418, "valtest_accuracy_200": 0.4654, "valtest_accuracy_12": 0.2956, "proxy_losses": [2.415587902069092, 2.289642333984375, 2.1856062412261963, 2.1158511638641357, 2.06951904296875, 2.0309202671051025, 1.9974156618118286, 1.9710261821746826, 1.9489316940307617, 1.9313257932662964, 1.915488839149475, 1.9010417461395264, 1.8874741792678833, 1.8754525184631348, 1.8639873266220093, 1.853983998298645, 1.844832420349121, 1.8348299264907837, 1.8267523050308228, 1.8185077905654907, 1.8111283779144287, 1.8036798238754272, 1.7964576482772827, 1.7898552417755127, 1.7848892211914062, 1.7796767950057983, 1.7740275859832764, 1.7703195810317993, 1.7663702964782715, 1.760446310043335, 1.7579199075698853, 1.7520986795425415, 1.7490390539169312, 1.7452465295791626, 1.7418864965438843, 1.738759994506836, 1.7354512214660645, 1.731613039970398, 1.7278558015823364, 1.7259222269058228, 1.7222964763641357, 1.71775484085083, 1.7163623571395874, 1.7127609252929688, 1.7095742225646973, 1.7067880630493164, 1.7047452926635742, 1.7009222507476807, 1.6984710693359375, 1.6950989961624146], "landscape_losses": [2.438800573348999, 2.304551839828491, 2.183464765548706, 2.0715394020080566, 1.9732253551483154, 1.887630820274353, 1.822171688079834, 1.7687972784042358, 1.7347500324249268, 1.7087124586105347, 1.693845272064209], "proxy_train_time": 5.888207565061748, "proxy_train_epochs": 50, "dirty_bit": 1, "landscape_term": 5.6874432757784135, "speed_term": 3.203399925088041, "mote": 4.240356294154315}