{"id": 4273, "adj_matrix": [[0, 1, 1, 1], [0, 0, 1, 1], [0, 0, 0, 1], [0, 0, 0, 0]], "operations": ["avg_pool_3x3", "zeros", "nor_conv_3x3", "avg_pool_3x3", "zeros", "skip_connect"], "init_channel": 16, "blck_len": 5, "params": 0.322196, "flops": 43.17834, "latency": 0.011652933226691352, "train_per_time": 15.202616850535046, "train_time_200": 3040.523370107009, "train_accuracy_200": 0.75299, "test_accuracy_200": 0.5733999996032715, "train_time_12": 182.43140220642087, "train_accuracy_12": 0.36810000000000004, "test_accuracy_12": 0.3573999998168945, "valtest_accuracy_200": 0.5748000000000001, "valtest_accuracy_12": 0.35509999999999997, "proxy_losses": [2.2796549797058105, 1.9086421728134155, 1.787171483039856, 1.7047994136810303, 1.6444602012634277, 1.5990670919418335, 1.556411862373352, 1.518033742904663, 1.4829853773117065, 1.4487329721450806, 1.4176249504089355, 1.3897831439971924, 1.3655871152877808, 1.3400774002075195, 1.3168565034866333, 1.2979798316955566, 1.280686378479004, 1.2678301334381104, 1.2505073547363281, 1.2377866506576538, 1.2219314575195312, 1.2092632055282593, 1.1980576515197754, 1.1891515254974365, 1.1765687465667725, 1.16316556930542, 1.148585557937622, 1.1402734518051147, 1.1276477575302124, 1.1150221824645996, 1.1097978353500366, 1.1041640043258667, 1.099031686782837, 1.0798730850219727, 1.0748869180679321, 1.073957085609436, 1.0511959791183472, 1.0545523166656494, 1.042507290840149, 1.034677267074585, 1.0254095792770386, 1.0173951387405396, 1.0085020065307617, 1.0169378519058228, 1.0065734386444092, 0.9970199465751648, 0.9811102747917175, 0.9784502983093262, 0.9729719758033752, 0.9655806422233582], "landscape_losses": [2.394827127456665, 2.082115411758423, 1.906111717224121, 1.7654318809509277, 1.6209466457366943, 1.5092395544052124, 1.3856279850006104, 1.2763928174972534, 1.1717113256454468, 1.050797700881958, 0.9837256073951721], "proxy_train_time": 6.321677257306874, "proxy_train_epochs": 50, "dirty_bit": 1, "landscape_term": 7.595224525276698, "speed_term": 5.05904646272894, "mote": 5.953444802345421}