{"id": 4274, "adj_matrix": [[0, 1, 1, 1], [0, 0, 1, 1], [0, 0, 0, 1], [0, 0, 0, 0]], "operations": ["skip_connect", "nor_conv_1x1", "avg_pool_3x3", "zeros", "nor_conv_3x3", "zeros"], "init_channel": 16, "blck_len": 5, "params": 0.350196, "flops": 47.1105, "latency": 0.017075278140880445, "train_per_time": 16.75254484017694, "train_time_200": 3350.508968035388, "train_accuracy_200": 0.9081066666666667, "test_accuracy_200": 0.6727333327026366, "train_time_12": 201.03053808212283, "train_accuracy_12": 0.48082, "test_accuracy_12": 0.4519999993896484, "valtest_accuracy_200": 0.6721333333333332, "valtest_accuracy_12": 0.45990000000000003, "proxy_losses": [2.206470012664795, 1.9807374477386475, 1.867505669593811, 1.7899507284164429, 1.7330281734466553, 1.6858934164047241, 1.6478638648986816, 1.6135293245315552, 1.5817492008209229, 1.5500317811965942, 1.5214954614639282, 1.4936554431915283, 1.4675382375717163, 1.442977786064148, 1.41605544090271, 1.3923016786575317, 1.3684748411178589, 1.3464202880859375, 1.3235678672790527, 1.3013046979904175, 1.2806295156478882, 1.258513331413269, 1.2408230304718018, 1.221935749053955, 1.2019864320755005, 1.189700722694397, 1.1723185777664185, 1.1519858837127686, 1.1361780166625977, 1.1220089197158813, 1.1038480997085571, 1.092309832572937, 1.0831634998321533, 1.0702859163284302, 1.0524336099624634, 1.035790205001831, 1.019059419631958, 1.0100699663162231, 0.9976014494895935, 0.9858094453811646, 0.9737769365310669, 0.9644802808761597, 0.9649139642715454, 0.950994610786438, 0.9438715577125549, 0.9278876781463623, 0.9199041128158569, 0.9035488367080688, 0.8960877060890198, 0.8860064744949341], "landscape_losses": [2.2783362865448, 2.0784671306610107, 1.9266562461853027, 1.777829647064209, 1.628819227218628, 1.4806009531021118, 1.326625108718872, 1.1800800561904907, 1.0580495595932007, 0.944290041923523, 0.882803201675415], "proxy_train_time": 7.40474194381386, "proxy_train_epochs": 50, "dirty_bit": 1, "landscape_term": 8.02898106301049, "speed_term": 5.83156386023567, "mote": 6.393733540058407}