{"id": 4288, "adj_matrix": [[0, 1, 1, 1], [0, 0, 1, 1], [0, 0, 0, 1], [0, 0, 0, 0]], "operations": ["zeros", "avg_pool_3x3", "nor_conv_3x3", "avg_pool_3x3", "zeros", "nor_conv_1x1"], "init_channel": 16, "blck_len": 5, "params": 0.350196, "flops": 47.1105, "latency": 0.014887756771511503, "train_per_time": 18.68974073727931, "train_time_200": 3737.9481474558615, "train_accuracy_200": 0.67214, "test_accuracy_200": 0.5344, "train_time_12": 224.2768888473511, "train_accuracy_12": 0.33962000000000003, "test_accuracy_12": 0.3327999998474121, "valtest_accuracy_200": 0.53375, "valtest_accuracy_12": 0.3265, "proxy_losses": [2.689068078994751, 2.3833045959472656, 2.1884641647338867, 2.0757176876068115, 1.9941608905792236, 1.9303615093231201, 1.875962734222412, 1.8325835466384888, 1.7905594110488892, 1.7570730447769165, 1.7295689582824707, 1.7061402797698975, 1.6847728490829468, 1.664406657218933, 1.6463406085968018, 1.6281064748764038, 1.6096556186676025, 1.5939512252807617, 1.5785685777664185, 1.5624560117721558, 1.5499794483184814, 1.5368489027023315, 1.5224535465240479, 1.5089324712753296, 1.4975197315216064, 1.4868518114089966, 1.4751524925231934, 1.463395357131958, 1.4534772634506226, 1.4422799348831177, 1.431836485862732, 1.421135663986206, 1.4140589237213135, 1.4025826454162598, 1.3915241956710815, 1.3821278810501099, 1.3744266033172607, 1.364835500717163, 1.3556182384490967, 1.348337173461914, 1.338188886642456, 1.3316391706466675, 1.3264859914779663, 1.3204851150512695, 1.3143231868743896, 1.3024994134902954, 1.2995222806930542, 1.292270541191101, 1.2873492240905762, 1.2813527584075928], "landscape_losses": [2.7363178730010986, 2.476315498352051, 2.261685848236084, 2.069352865219116, 1.9057393074035645, 1.75521719455719, 1.6167337894439697, 1.4913448095321655, 1.3875463008880615, 1.3125510215759277, 1.2784193754196167], "proxy_train_time": 7.746130659244955, "proxy_train_epochs": 50, "dirty_bit": 1, "landscape_term": 6.342986610416232, "speed_term": 4.912643984984457, "mote": 5.066143745740657}