{"id": 4372, "adj_matrix": [[0, 1, 1, 1], [0, 0, 1, 1], [0, 0, 0, 1], [0, 0, 0, 0]], "operations": ["nor_conv_1x1", "nor_conv_3x3", "skip_connect", "avg_pool_3x3", "avg_pool_3x3", "nor_conv_1x1"], "init_channel": 16, "blck_len": 5, "params": 0.378196, "flops": 51.04265999999999, "latency": 0.016348260420340082, "train_per_time": 21.659859975179078, "train_time_200": 4331.971995035816, "train_accuracy_200": 0.9659133333333334, "test_accuracy_200": 0.6749333334554036, "train_time_12": 259.9183197021485, "train_accuracy_12": 0.4907, "test_accuracy_12": 0.46680000024414064, "valtest_accuracy_200": 0.6728000000000001, "valtest_accuracy_12": 0.4656, "proxy_losses": [2.5375444889068604, 2.0692226886749268, 1.8914467096328735, 1.7818083763122559, 1.7039244174957275, 1.637067437171936, 1.576276421546936, 1.52078115940094, 1.4699279069900513, 1.4292603731155396, 1.3916478157043457, 1.3563873767852783, 1.3240915536880493, 1.300661563873291, 1.2754021883010864, 1.2531068325042725, 1.2307045459747314, 1.2070316076278687, 1.1878678798675537, 1.1679829359054565, 1.1499360799789429, 1.132212519645691, 1.1105953454971313, 1.0917590856552124, 1.0753387212753296, 1.0677363872528076, 1.0514180660247803, 1.0411121845245361, 1.0248863697052002, 1.004084825515747, 0.9942623972892761, 0.9796381592750549, 0.9628756046295166, 0.9504056572914124, 0.9413335919380188, 0.9256725311279297, 0.9163968563079834, 0.9114205241203308, 0.9005263447761536, 0.891080379486084, 0.8779627084732056, 0.8678407073020935, 0.8574219942092896, 0.8459792733192444, 0.8403617143630981, 0.8361536264419556, 0.8316448330879211, 0.8254363536834717, 0.8246102333068848, 0.8091721534729004], "landscape_losses": [2.6567413806915283, 2.2571821212768555, 1.996201753616333, 1.7601213455200195, 1.5535043478012085, 1.3534581661224365, 1.1935362815856934, 1.0464907884597778, 0.9341450929641724, 0.8424801826477051, 0.7894441485404968], "proxy_train_time": 7.878290495835245, "proxy_train_epochs": 50, "dirty_bit": 1, "landscape_term": 8.588683331137176, "speed_term": 6.693373381336285, "mote": 6.924205132653613}