{"id": 4398, "adj_matrix": [[0, 1, 1, 1], [0, 0, 1, 1], [0, 0, 0, 1], [0, 0, 0, 0]], "operations": ["avg_pool_3x3", "nor_conv_1x1", "nor_conv_3x3", "nor_conv_3x3", "zeros", "zeros"], "init_channel": 16, "blck_len": 5, "params": 0.593236, "flops": 82.49994, "latency": 0.01594549638253671, "train_per_time": 21.777379155158997, "train_time_200": 4355.475831031799, "train_accuracy_200": 0.9084866666666666, "test_accuracy_200": 0.6717999997558595, "train_time_12": 261.32854986190796, "train_accuracy_12": 0.4746, "test_accuracy_12": 0.45299999951171876, "valtest_accuracy_200": 0.6700666666666667, "valtest_accuracy_12": 0.4568, "proxy_losses": [2.2352349758148193, 1.98710036277771, 1.8757644891738892, 1.8042508363723755, 1.745131254196167, 1.6987464427947998, 1.659941554069519, 1.6259478330612183, 1.5942028760910034, 1.5640738010406494, 1.534238338470459, 1.5053730010986328, 1.474835991859436, 1.450107455253601, 1.423511028289795, 1.3970495462417603, 1.3743761777877808, 1.3509076833724976, 1.3232899904251099, 1.3061623573303223, 1.2801200151443481, 1.255431056022644, 1.2381887435913086, 1.218664288520813, 1.1987919807434082, 1.1841520071029663, 1.1630195379257202, 1.142210841178894, 1.1280007362365723, 1.1146668195724487, 1.100732445716858, 1.0838696956634521, 1.0659985542297363, 1.0596988201141357, 1.0452924966812134, 1.0322662591934204, 1.022670030593872, 1.008098840713501, 0.9931677579879761, 0.9894496202468872, 0.9788658022880554, 0.9611499905586243, 0.9489008784294128, 0.9463543891906738, 0.939431369304657, 0.9361217617988586, 0.9328550696372986, 0.9252722859382629, 0.9074127674102783, 0.9028595685958862], "landscape_losses": [2.3131301403045654, 2.0800952911376953, 1.900497317314148, 1.7380168437957764, 1.5868433713912964, 1.4292981624603271, 1.2865897417068481, 1.1444672346115112, 1.0384355783462524, 0.9495232701301575, 0.8962569236755371], "proxy_train_time": 9.69695811253041, "proxy_train_epochs": 50, "dirty_bit": 1, "landscape_term": 8.127350471535276, "speed_term": 7.619326258837294, "mote": 6.775462677112386}