{"id": 4407, "adj_matrix": [[0, 1, 1, 1], [0, 0, 1, 1], [0, 0, 0, 1], [0, 0, 0, 0]], "operations": ["skip_connect", "avg_pool_3x3", "skip_connect", "nor_conv_3x3", "nor_conv_3x3", "zeros"], "init_channel": 16, "blck_len": 5, "params": 0.565236, "flops": 78.56778, "latency": 0.014170814443517615, "train_per_time": 17.884308854738823, "train_time_200": 3576.8617709477644, "train_accuracy_200": 0.9133800000000001, "test_accuracy_200": 0.6752000001220704, "train_time_12": 214.61170625686643, "train_accuracy_12": 0.4968, "test_accuracy_12": 0.48119999999999996, "valtest_accuracy_200": 0.6726333333333333, "valtest_accuracy_12": 0.4788, "proxy_losses": [2.192288637161255, 1.8517107963562012, 1.7395013570785522, 1.6631516218185425, 1.604888916015625, 1.5542628765106201, 1.506901741027832, 1.4634113311767578, 1.4227010011672974, 1.3851691484451294, 1.3474076986312866, 1.315473198890686, 1.2827658653259277, 1.256087064743042, 1.2316999435424805, 1.2103638648986816, 1.1939095258712769, 1.1677112579345703, 1.146648645401001, 1.1300991773605347, 1.1126916408538818, 1.0958638191223145, 1.0748264789581299, 1.0624457597732544, 1.0389479398727417, 1.032374620437622, 1.0192056894302368, 1.0003902912139893, 0.9861372113227844, 0.9691890478134155, 0.9663792252540588, 0.9627310633659363, 0.9387313723564148, 0.9270636439323425, 0.9170610308647156, 0.9025426506996155, 0.8933810591697693, 0.8879444599151611, 0.8766193389892578, 0.868463397026062, 0.8540793061256409, 0.8450351357460022, 0.8322020769119263, 0.8213921785354614, 0.8090441226959229, 0.8059077858924866, 0.8002389073371887, 0.7985563278198242, 0.7908110618591309, 0.7863410711288452], "landscape_losses": [2.276625394821167, 1.9623507261276245, 1.7613191604614258, 1.5857833623886108, 1.425342321395874, 1.2682335376739502, 1.1309345960617065, 1.0237791538238525, 0.9110759496688843, 0.82460618019104, 0.7731788158416748], "proxy_train_time": 7.200067549943924, "proxy_train_epochs": 50, "dirty_bit": 1, "landscape_term": 9.101946006245123, "speed_term": 6.389524271631952, "mote": 7.210263254340077}