{"id": 4432, "adj_matrix": [[0, 1, 1, 1], [0, 0, 1, 1], [0, 0, 0, 1], [0, 0, 0, 0]], "operations": ["avg_pool_3x3", "nor_conv_1x1", "zeros", "skip_connect", "zeros", "nor_conv_1x1"], "init_channel": 16, "blck_len": 5, "params": 0.135156, "flops": 15.65322, "latency": 0.013861585546422889, "train_per_time": 15.67890806992852, "train_time_200": 3135.781613985704, "train_accuracy_200": 0.84262, "test_accuracy_200": 0.6648666668090821, "train_time_12": 188.14689683914187, "train_accuracy_12": 0.51164, "test_accuracy_12": 0.4922000001831055, "valtest_accuracy_200": 0.6663, "valtest_accuracy_12": 0.49369999999999997, "proxy_losses": [2.4207632541656494, 2.1524038314819336, 1.9837214946746826, 1.8863638639450073, 1.8260939121246338, 1.7791279554367065, 1.7426928281784058, 1.7069271802902222, 1.6770533323287964, 1.6495269536972046, 1.62363862991333, 1.599356770515442, 1.575689673423767, 1.5549023151397705, 1.5363410711288452, 1.5161848068237305, 1.4997470378875732, 1.485120415687561, 1.467188835144043, 1.4537098407745361, 1.4409613609313965, 1.4254872798919678, 1.4118003845214844, 1.3982930183410645, 1.3871309757232666, 1.3751089572906494, 1.3641284704208374, 1.351489543914795, 1.3406347036361694, 1.3308978080749512, 1.321165680885315, 1.3119704723358154, 1.3026642799377441, 1.292345404624939, 1.2840591669082642, 1.27450430393219, 1.2668689489364624, 1.2573049068450928, 1.2469420433044434, 1.240470051765442, 1.2344951629638672, 1.224581241607666, 1.2147510051727295, 1.2104095220565796, 1.2027560472488403, 1.1890021562576294, 1.1817262172698975, 1.1724507808685303, 1.1665602922439575, 1.1623318195343018], "landscape_losses": [2.474480390548706, 2.2209057807922363, 2.0070695877075195, 1.8307243585586548, 1.6743295192718506, 1.538969874382019, 1.4178836345672607, 1.3187106847763062, 1.2448251247406006, 1.1854126453399658, 1.1556200981140137], "proxy_train_time": 6.846485079266131, "proxy_train_epochs": 50, "dirty_bit": 1, "landscape_term": 7.121744997241129, "speed_term": 4.707439203257559, "mote": 5.561331928009125}