{"id": 448, "adj_matrix": [[0, 1, 1, 1], [0, 0, 1, 1], [0, 0, 0, 1], [0, 0, 0, 0]], "operations": ["avg_pool_3x3", "skip_connect", "nor_conv_3x3", "zeros", "zeros", "nor_conv_3x3"], "init_channel": 16, "blck_len": 5, "params": 0.565236, "flops": 78.56778, "latency": 0.014014067473234955, "train_per_time": 17.489705801010132, "train_time_200": 3497.9411602020264, "train_accuracy_200": 0.9486933333333333, "test_accuracy_200": 0.6774666666666667, "train_time_12": 209.87646961212158, "train_accuracy_12": 0.34950000000000003, "test_accuracy_12": 0.34740000012207034, "valtest_accuracy_200": 0.6726666666666666, "valtest_accuracy_12": 0.34729999999999994, "proxy_losses": [2.165958881378174, 1.864874243736267, 1.7537111043930054, 1.6670503616333008, 1.5944726467132568, 1.5298293828964233, 1.4707995653152466, 1.4135767221450806, 1.3649343252182007, 1.3199692964553833, 1.276485800743103, 1.2339733839035034, 1.1971864700317383, 1.1645632982254028, 1.1318013668060303, 1.1010366678237915, 1.0786594152450562, 1.0528242588043213, 1.0319809913635254, 1.017044186592102, 0.9958248734474182, 0.980273425579071, 0.9620873928070068, 0.9393452405929565, 0.9203812479972839, 0.9120541214942932, 0.8916700482368469, 0.8779446482658386, 0.8633254766464233, 0.8734688758850098, 0.8545112013816833, 0.8408215045928955, 0.8257544040679932, 0.811625063419342, 0.8026214838027954, 0.7910495400428772, 0.7826629877090454, 0.767867386341095, 0.7525377869606018, 0.7476853132247925, 0.7305053472518921, 0.7216225862503052, 0.7137995362281799, 0.6979622840881348, 0.6954195499420166, 0.6839262247085571, 0.6716551780700684, 0.6601049900054932, 0.6592638492584229, 0.6491659879684448], "landscape_losses": [2.2664754390716553, 1.9576385021209717, 1.7455289363861084, 1.5404284000396729, 1.3585354089736938, 1.1949416399002075, 1.0477277040481567, 0.8941241502761841, 0.7840007543563843, 0.7088776230812073, 0.6516475081443787], "proxy_train_time": 7.8601133013144135, "proxy_train_epochs": 50, "dirty_bit": 1, "landscape_term": 10.04066436506025, "speed_term": 7.630041615796471, "mote": 8.041086778985724}