{"id": 4541, "adj_matrix": [[0, 1, 1, 1], [0, 0, 1, 1], [0, 0, 0, 1], [0, 0, 0, 0]], "operations": ["nor_conv_1x1", "nor_conv_3x3", "avg_pool_3x3", "avg_pool_3x3", "avg_pool_3x3", "nor_conv_3x3"], "init_channel": 16, "blck_len": 5, "params": 0.593236, "flops": 82.49994, "latency": 0.015056437916225858, "train_per_time": 25.428608496983838, "train_time_200": 5085.721699396768, "train_accuracy_200": 0.98311, "test_accuracy_200": 0.6796999996948242, "train_time_12": 305.14330196380615, "train_accuracy_12": 0.50184, "test_accuracy_12": 0.4775999995117188, "valtest_accuracy_200": 0.6784, "valtest_accuracy_12": 0.4739, "proxy_losses": [2.5961790084838867, 2.0465643405914307, 1.836948037147522, 1.6989372968673706, 1.6015208959579468, 1.5186172723770142, 1.4507437944412231, 1.3908785581588745, 1.3375828266143799, 1.2950210571289062, 1.2548600435256958, 1.2172870635986328, 1.198213815689087, 1.169126033782959, 1.143233299255371, 1.1134657859802246, 1.0897451639175415, 1.0704740285873413, 1.0558019876480103, 1.0354841947555542, 1.022769570350647, 1.0013731718063354, 0.9902930855751038, 0.9803501963615417, 0.9629762768745422, 0.9499979615211487, 0.9397040009498596, 0.9277273416519165, 0.9113779067993164, 0.9074013829231262, 0.8891716599464417, 0.8756675720214844, 0.8617379069328308, 0.8538957834243774, 0.8507592082023621, 0.8330438733100891, 0.8272762894630432, 0.8182636499404907, 0.8049259185791016, 0.7864199876785278, 0.7747923731803894, 0.7657496333122253, 0.7591004967689514, 0.7573363780975342, 0.7509178519248962, 0.7513523697853088, 0.7410528063774109, 0.7348969578742981, 0.7237536907196045, 0.7262347936630249], "landscape_losses": [2.7533974647521973, 2.226670265197754, 1.935699224472046, 1.674224615097046, 1.4518635272979736, 1.2845364809036255, 1.126275658607483, 0.9866741299629211, 0.8551086187362671, 0.7735335230827332, 0.7140082120895386], "proxy_train_time": 8.502402716316283, "proxy_train_epochs": 50, "dirty_bit": 1, "landscape_term": 9.157593183513038, "speed_term": 7.931197166622713, "mote": 7.512622966839934}