{"id": 4613, "adj_matrix": [[0, 1, 1, 1], [0, 0, 1, 1], [0, 0, 0, 1], [0, 0, 0, 0]], "operations": ["nor_conv_1x1", "nor_conv_1x1", "avg_pool_3x3", "nor_conv_1x1", "zeros", "nor_conv_3x3"], "init_channel": 16, "blck_len": 5, "params": 0.406196, "flops": 54.97482, "latency": 0.018624795807732478, "train_per_time": 24.24455714225769, "train_time_200": 4848.911428451538, "train_accuracy_200": 0.9500700000000001, "test_accuracy_200": 0.6931000001220703, "train_time_12": 290.9346857070923, "train_accuracy_12": 0.49138, "test_accuracy_12": 0.4681999998168946, "valtest_accuracy_200": 0.68695, "valtest_accuracy_12": 0.4671, "proxy_losses": [2.279397964477539, 1.8879116773605347, 1.7457963228225708, 1.6652482748031616, 1.599561095237732, 1.5514686107635498, 1.5078554153442383, 1.4639194011688232, 1.4283288717269897, 1.3933179378509521, 1.366482138633728, 1.3341306447982788, 1.3070493936538696, 1.28139066696167, 1.2564486265182495, 1.2330628633499146, 1.2105399370193481, 1.1873068809509277, 1.170278787612915, 1.1488158702850342, 1.1326605081558228, 1.116302728652954, 1.0965590476989746, 1.0722720623016357, 1.0623732805252075, 1.038762092590332, 1.0231165885925293, 1.0139892101287842, 1.0034160614013672, 0.9825274348258972, 0.9734527468681335, 0.956229031085968, 0.9400457143783569, 0.9340469837188721, 0.9208970665931702, 0.9076228737831116, 0.8963370323181152, 0.8932088017463684, 0.8809060454368591, 0.8649619221687317, 0.863301157951355, 0.8500105738639832, 0.8418846726417542, 0.8382615447044373, 0.8256223797798157, 0.8149380087852478, 0.8161676526069641, 0.7946410179138184, 0.7921507954597473, 0.7764813303947449], "landscape_losses": [2.381254196166992, 2.0295968055725098, 1.8007421493530273, 1.6149036884307861, 1.4364769458770752, 1.2643321752548218, 1.1176245212554932, 0.9860668182373047, 0.8942903280258179, 0.815522313117981, 0.777519702911377], "proxy_train_time": 9.338122055865824, "proxy_train_epochs": 50, "dirty_bit": 1, "landscape_term": 9.113732129262802, "speed_term": 8.19975675466973, "mote": 7.527850261282037}