{"id": 4627, "adj_matrix": [[0, 1, 1, 1], [0, 0, 1, 1], [0, 0, 0, 1], [0, 0, 0, 0]], "operations": ["nor_conv_3x3", "nor_conv_1x1", "skip_connect", "skip_connect", "nor_conv_1x1", "zeros"], "init_channel": 16, "blck_len": 5, "params": 0.378196, "flops": 51.04266, "latency": 0.01675732930501302, "train_per_time": 18.106149037679085, "train_time_200": 3621.229807535817, "train_accuracy_200": 0.9595, "test_accuracy_200": 0.6932999996337891, "train_time_12": 217.27378845214847, "train_accuracy_12": 0.61356, "test_accuracy_12": 0.5771999999389649, "valtest_accuracy_200": 0.69655, "valtest_accuracy_12": 0.5719, "proxy_losses": [2.401334285736084, 2.082853078842163, 1.8989123106002808, 1.7728376388549805, 1.690195083618164, 1.6248877048492432, 1.5723838806152344, 1.5280728340148926, 1.4851107597351074, 1.4497911930084229, 1.4151872396469116, 1.381685733795166, 1.3509345054626465, 1.3245444297790527, 1.2943077087402344, 1.2699635028839111, 1.2463079690933228, 1.2272412776947021, 1.2035692930221558, 1.1793955564498901, 1.160178303718567, 1.1423767805099487, 1.1244040727615356, 1.110437273979187, 1.0899100303649902, 1.0761146545410156, 1.065004825592041, 1.0520774126052856, 1.0339843034744263, 1.0251951217651367, 1.014475703239441, 0.9991329908370972, 0.9900082945823669, 0.9806775450706482, 0.9699214696884155, 0.965844452381134, 0.9531998038291931, 0.9360559582710266, 0.9241291284561157, 0.913888692855835, 0.9020508527755737, 0.8877788782119751, 0.8788145780563354, 0.870951771736145, 0.8736138939857483, 0.8745703101158142, 0.8618635535240173, 0.8635535836219788, 0.8462781310081482, 0.832718551158905], "landscape_losses": [2.5066118240356445, 2.2203457355499268, 1.964735507965088, 1.7387099266052246, 1.5468004941940308, 1.3670140504837036, 1.198622226715088, 1.0701525211334229, 0.9640064239501953, 0.8767451047897339, 0.8300641775131226], "proxy_train_time": 7.672326786443591, "proxy_train_epochs": 50, "dirty_bit": 1, "landscape_term": 8.462839225587476, "speed_term": 6.434493978824557, "mote": 6.79429169996614}