{"id": 4682, "adj_matrix": [[0, 1, 1, 1], [0, 0, 1, 1], [0, 0, 0, 1], [0, 0, 0, 0]], "operations": ["zeros", "nor_conv_1x1", "skip_connect", "nor_conv_3x3", "skip_connect", "nor_conv_1x1"], "init_channel": 16, "blck_len": 5, "params": 0.378196, "flops": 51.04265999999999, "latency": 0.01456753412882487, "train_per_time": 18.061814347902885, "train_time_200": 3612.362869580577, "train_accuracy_200": 0.9401333333333334, "test_accuracy_200": 0.6888000004882814, "train_time_12": 216.74177217483518, "train_accuracy_12": 0.50446, "test_accuracy_12": 0.4942000001220703, "valtest_accuracy_200": 0.6868666666666665, "valtest_accuracy_12": 0.493, "proxy_losses": [2.1286463737487793, 1.8451539278030396, 1.732913613319397, 1.6574138402938843, 1.599101185798645, 1.547621250152588, 1.5001177787780762, 1.4550490379333496, 1.4164187908172607, 1.3799079656600952, 1.3463877439498901, 1.3205392360687256, 1.297959327697754, 1.2673535346984863, 1.2441829442977905, 1.2231637239456177, 1.200800895690918, 1.1840733289718628, 1.1699036359786987, 1.1503061056137085, 1.1294959783554077, 1.1175912618637085, 1.1016790866851807, 1.08634614944458, 1.0662561655044556, 1.0510413646697998, 1.0363837480545044, 1.0211689472198486, 1.0080066919326782, 0.9959610104560852, 0.9822241067886353, 0.9754438400268555, 0.9591682553291321, 0.9415940642356873, 0.9264571070671082, 0.9172555804252625, 0.9112178683280945, 0.897129476070404, 0.8846765756607056, 0.8714838027954102, 0.8640826344490051, 0.8575327396392822, 0.8530158400535583, 0.8394713997840881, 0.8273335695266724, 0.821012020111084, 0.8163211345672607, 0.8171706199645996, 0.8102235794067383, 0.7946949601173401], "landscape_losses": [2.2200193405151367, 1.9613621234893799, 1.7964054346084595, 1.620957851409912, 1.4468138217926025, 1.287173867225647, 1.1266014575958252, 1.0005064010620117, 0.9115475416183472, 0.8368118405342102, 0.7914186716079712], "proxy_train_time": 7.631507191807032, "proxy_train_epochs": 50, "dirty_bit": 1, "landscape_term": 9.04467259657474, "speed_term": 6.712150180903864, "mote": 7.229897909731885}