{"id": 4761, "adj_matrix": [[0, 1, 1, 1], [0, 0, 1, 1], [0, 0, 0, 1], [0, 0, 0, 0]], "operations": ["nor_conv_3x3", "zeros", "nor_conv_3x3", "nor_conv_1x1", "skip_connect", "skip_connect"], "init_channel": 16, "blck_len": 5, "params": 0.593236, "flops": 82.49994, "latency": 0.016993633023014775, "train_per_time": 19.42325504620875, "train_time_200": 3884.6510092417507, "train_accuracy_200": 0.9750066666666665, "test_accuracy_200": 0.6868666669718425, "train_time_12": 233.07906055450442, "train_accuracy_12": 0.51732, "test_accuracy_12": 0.48880000006103513, "valtest_accuracy_200": 0.6875666666666667, "valtest_accuracy_12": 0.4918, "proxy_losses": [2.3416223526000977, 1.8653990030288696, 1.6942851543426514, 1.6060545444488525, 1.5352725982666016, 1.4846566915512085, 1.4394358396530151, 1.4019372463226318, 1.3616433143615723, 1.3237193822860718, 1.289162516593933, 1.2588739395141602, 1.226858377456665, 1.196593999862671, 1.1612218618392944, 1.1256954669952393, 1.0990805625915527, 1.0697054862976074, 1.04584801197052, 1.0297597646713257, 1.0007805824279785, 0.9739866256713867, 0.9516376852989197, 0.9237826466560364, 0.9102674722671509, 0.8974809646606445, 0.8852291703224182, 0.8643550872802734, 0.8585879802703857, 0.8439129590988159, 0.8263092637062073, 0.8118138313293457, 0.7910968661308289, 0.7804167866706848, 0.7678556442260742, 0.7491261959075928, 0.7399317622184753, 0.7324385046958923, 0.7151868939399719, 0.7128280401229858, 0.6992337703704834, 0.684612512588501, 0.6789591908454895, 0.6748553514480591, 0.6640567183494568, 0.6647611856460571, 0.6502558588981628, 0.6436945199966431, 0.6336347460746765, 0.6296278238296509], "landscape_losses": [2.4535839557647705, 2.0334341526031494, 1.7593615055084229, 1.5511023998260498, 1.3448853492736816, 1.1608494520187378, 0.9946614503860474, 0.8663686513900757, 0.7493488788604736, 0.6689260005950928, 0.6285733580589294], "proxy_train_time": 8.024225693196058, "proxy_train_epochs": 50, "dirty_bit": 1, "landscape_term": 10.297372709795992, "speed_term": 7.879627785369652, "mote": 8.249616623451917}