{"id": 4796, "adj_matrix": [[0, 1, 1, 1], [0, 0, 1, 1], [0, 0, 0, 1], [0, 0, 0, 0]], "operations": ["nor_conv_3x3", "skip_connect", "nor_conv_3x3", "zeros", "nor_conv_3x3", "nor_conv_3x3"], "init_channel": 16, "blck_len": 5, "params": 1.051316, "flops": 149.34666, "latency": 0.016731218055442528, "train_per_time": 25.11336123943329, "train_time_200": 5022.672247886658, "train_accuracy_200": 0.9937133333333334, "test_accuracy_200": 0.6975333331298829, "train_time_12": 301.36033487319946, "train_accuracy_12": 0.46778, "test_accuracy_12": 0.4477999998168945, "valtest_accuracy_200": 0.6977666666666665, "valtest_accuracy_12": 0.4522, "proxy_losses": [2.116978168487549, 1.7219574451446533, 1.5664329528808594, 1.458858609199524, 1.37124502658844, 1.2992724180221558, 1.2244499921798706, 1.167252779006958, 1.1168887615203857, 1.0607548952102661, 1.0134646892547607, 0.9752842783927917, 0.9415655136108398, 0.9223088026046753, 0.8883718848228455, 0.8605772256851196, 0.8405806422233582, 0.8132969737052917, 0.7969741821289062, 0.7683432698249817, 0.7458562254905701, 0.7319180369377136, 0.710181713104248, 0.6948341727256775, 0.6795639395713806, 0.6639716029167175, 0.6542139649391174, 0.6445407271385193, 0.6372787356376648, 0.6136898398399353, 0.5937671661376953, 0.5763780474662781, 0.5686540007591248, 0.5695596933364868, 0.5580272674560547, 0.5449868440628052, 0.529504656791687, 0.5146519541740417, 0.5002456307411194, 0.4917883276939392, 0.48940497636795044, 0.48555928468704224, 0.4822187125682831, 0.4818149507045746, 0.46386536955833435, 0.45124346017837524, 0.4413020610809326, 0.42567962408065796, 0.42218637466430664, 0.4053562879562378], "landscape_losses": [2.2750539779663086, 1.8857277631759644, 1.6227163076400757, 1.405627727508545, 1.192931890487671, 1.0055201053619385, 0.822783887386322, 0.6664572358131409, 0.5570148825645447, 0.4740210473537445, 0.41461288928985596], "proxy_train_time": 10.273490317165852, "proxy_train_epochs": 50, "dirty_bit": 1, "landscape_term": 13.16294769481775, "speed_term": 12.939849206057161, "mote": 10.834837429815265}