{"id": 485, "adj_matrix": [[0, 1, 1, 1], [0, 0, 1, 1], [0, 0, 0, 1], [0, 0, 0, 0]], "operations": ["nor_conv_1x1", "nor_conv_1x1", "skip_connect", "skip_connect", "skip_connect", "nor_conv_1x1"], "init_channel": 16, "blck_len": 5, "params": 0.163156, "flops": 19.58538, "latency": 0.015134727513348614, "train_per_time": 16.640990376472473, "train_time_200": 3328.1980752944946, "train_accuracy_200": 0.8484133333333334, "test_accuracy_200": 0.6759333325602214, "train_time_12": 199.69188451766968, "train_accuracy_12": 0.5146999999999999, "test_accuracy_12": 0.4963999993286133, "valtest_accuracy_200": 0.6713000000000001, "valtest_accuracy_12": 0.49770000000000003, "proxy_losses": [3.149885654449463, 2.5657739639282227, 2.2317957878112793, 2.013922691345215, 1.8802887201309204, 1.7930607795715332, 1.7273674011230469, 1.679721713066101, 1.6424477100372314, 1.6146420240402222, 1.5909769535064697, 1.5683687925338745, 1.5471744537353516, 1.5280271768569946, 1.5114099979400635, 1.4945943355560303, 1.4788498878479004, 1.4637651443481445, 1.4493505954742432, 1.4363709688186646, 1.423050045967102, 1.4128317832946777, 1.398442029953003, 1.3897709846496582, 1.3789156675338745, 1.3642792701721191, 1.3530173301696777, 1.3449525833129883, 1.3313153982162476, 1.3228352069854736, 1.310552716255188, 1.3021063804626465, 1.2943124771118164, 1.2787857055664062, 1.271573781967163, 1.263510823249817, 1.2529314756393433, 1.240532636642456, 1.2297863960266113, 1.2238506078720093, 1.2143508195877075, 1.2054402828216553, 1.1994738578796387, 1.188299298286438, 1.1823039054870605, 1.1743032932281494, 1.1640360355377197, 1.157882809638977, 1.1490368843078613, 1.1420286893844604], "landscape_losses": [3.2416443824768066, 2.700774908065796, 2.360487461090088, 2.073190689086914, 1.8487839698791504, 1.656588077545166, 1.4995601177215576, 1.3477851152420044, 1.2462512254714966, 1.174588918685913, 1.133248209953308], "proxy_train_time": 6.58124625403434, "proxy_train_epochs": 50, "dirty_bit": 1, "landscape_term": 6.674293168514128, "speed_term": 4.475071432794696, "mote": 5.206819227348439}