{"id": 4879, "adj_matrix": [[0, 1, 1, 1], [0, 0, 1, 1], [0, 0, 0, 1], [0, 0, 0, 0]], "operations": ["nor_conv_1x1", "avg_pool_3x3", "avg_pool_3x3", "nor_conv_1x1", "avg_pool_3x3", "avg_pool_3x3"], "init_channel": 16, "blck_len": 5, "params": 0.135156, "flops": 15.65322, "latency": 0.014061186048719618, "train_per_time": 20.61518633365631, "train_time_200": 4123.037266731262, "train_accuracy_200": 0.76453, "test_accuracy_200": 0.6114000001831055, "train_time_12": 247.38223600387573, "train_accuracy_12": 0.36814, "test_accuracy_12": 0.34199999984741214, "valtest_accuracy_200": 0.6103000000000001, "valtest_accuracy_12": 0.341, "proxy_losses": [3.5416758060455322, 2.683791160583496, 2.308257579803467, 2.083759069442749, 1.966152548789978, 1.8751147985458374, 1.810546875, 1.7613825798034668, 1.7245665788650513, 1.6918706893920898, 1.6628148555755615, 1.6361372470855713, 1.611664891242981, 1.5903555154800415, 1.569609522819519, 1.5500215291976929, 1.531968593597412, 1.515443205833435, 1.5018826723098755, 1.4862428903579712, 1.468626618385315, 1.4565151929855347, 1.4424492120742798, 1.4303128719329834, 1.4160099029541016, 1.4028440713882446, 1.3913482427597046, 1.3800050020217896, 1.3677257299423218, 1.356216549873352, 1.3495068550109863, 1.3343937397003174, 1.3223991394042969, 1.3129712343215942, 1.3046703338623047, 1.2982120513916016, 1.2886974811553955, 1.2824805974960327, 1.273073673248291, 1.2678295373916626, 1.2528176307678223, 1.245099425315857, 1.2377969026565552, 1.2347301244735718, 1.228716254234314, 1.2199994325637817, 1.2110199928283691, 1.2070945501327515, 1.1975537538528442, 1.1939266920089722], "landscape_losses": [3.630302667617798, 2.944319486618042, 2.530458688735962, 2.204437732696533, 1.9291037321090698, 1.7027502059936523, 1.5357029438018799, 1.3913698196411133, 1.2899987697601318, 1.2242063283920288, 1.1937791109085083], "proxy_train_time": 6.789469305425882, "proxy_train_epochs": 50, "dirty_bit": 1, "landscape_term": 6.369182500742331, "speed_term": 4.438820672409383, "mote": 4.988288000095558}