{"id": 4929, "adj_matrix": [[0, 1, 1, 1], [0, 0, 1, 1], [0, 0, 0, 1], [0, 0, 0, 0]], "operations": ["zeros", "skip_connect", "nor_conv_3x3", "nor_conv_1x1", "skip_connect", "avg_pool_3x3"], "init_channel": 16, "blck_len": 5, "params": 0.350196, "flops": 47.1105, "latency": 0.013704856236775717, "train_per_time": 16.100567499796515, "train_time_200": 3220.1134999593028, "train_accuracy_200": 0.78943, "test_accuracy_200": 0.6327999994812011, "train_time_12": 193.20680999755857, "train_accuracy_12": 0.42804000000000003, "test_accuracy_12": 0.40619999993896483, "valtest_accuracy_200": 0.6317, "valtest_accuracy_12": 0.4117, "proxy_losses": [2.610173225402832, 2.3330132961273193, 2.1841700077056885, 2.07800030708313, 2.0017573833465576, 1.9393870830535889, 1.8888697624206543, 1.845563530921936, 1.8077927827835083, 1.7713868618011475, 1.7408431768417358, 1.7124727964401245, 1.6864726543426514, 1.6626394987106323, 1.6395288705825806, 1.619447112083435, 1.599822998046875, 1.5820735692977905, 1.566047191619873, 1.5516016483306885, 1.5368332862854004, 1.5214813947677612, 1.5081913471221924, 1.4942647218704224, 1.4841421842575073, 1.4726437330245972, 1.4595617055892944, 1.4482433795928955, 1.4358642101287842, 1.4265632629394531, 1.4149824380874634, 1.404589295387268, 1.3987921476364136, 1.387339472770691, 1.3811370134353638, 1.371273398399353, 1.3615001440048218, 1.3562911748886108, 1.3476094007492065, 1.340516209602356, 1.330458641052246, 1.3257417678833008, 1.3139808177947998, 1.3061541318893433, 1.304146647453308, 1.292883038520813, 1.2853094339370728, 1.2811670303344727, 1.2757683992385864, 1.2679396867752075], "landscape_losses": [2.6639976501464844, 2.430365562438965, 2.259229898452759, 2.074652671813965, 1.9107931852340698, 1.747556209564209, 1.5927302837371826, 1.4751442670822144, 1.3687493801116943, 1.304219126701355, 1.2615362405776978], "proxy_train_time": 6.814455986954272, "proxy_train_epochs": 50, "dirty_bit": 1, "landscape_term": 6.402817145538245, "speed_term": 4.348370454323562, "mote": 4.992849933937826}