{"id": 50, "adj_matrix": [[0, 1, 1, 1], [0, 0, 1, 1], [0, 0, 0, 1], [0, 0, 0, 0]], "operations": ["nor_conv_1x1", "nor_conv_3x3", "nor_conv_1x1", "nor_conv_3x3", "skip_connect", "nor_conv_1x1"], "init_channel": 16, "blck_len": 5, "params": 0.649236, "flops": 90.36426, "latency": 0.019439207182990182, "train_per_time": 26.505082925160703, "train_time_200": 5301.016585032141, "train_accuracy_200": 0.9780866666666667, "test_accuracy_200": 0.6975999990234375, "train_time_12": 318.0609951019287, "train_accuracy_12": 0.5304800000000001, "test_accuracy_12": 0.5067999995727539, "valtest_accuracy_200": 0.7004666666666667, "valtest_accuracy_12": 0.5062, "proxy_losses": [2.2602970600128174, 1.8447437286376953, 1.7091217041015625, 1.6264599561691284, 1.5588960647583008, 1.5033379793167114, 1.454569935798645, 1.4064456224441528, 1.3646031618118286, 1.32172691822052, 1.286760687828064, 1.2528222799301147, 1.2230401039123535, 1.1918236017227173, 1.1647098064422607, 1.141054630279541, 1.114547848701477, 1.0849072933197021, 1.057371735572815, 1.038055419921875, 1.0137158632278442, 0.9995667934417725, 0.9786666035652161, 0.9549162983894348, 0.9345263838768005, 0.924546480178833, 0.9092451930046082, 0.893364667892456, 0.8833433389663696, 0.8671888709068298, 0.8672844767570496, 0.858558714389801, 0.8450603485107422, 0.830092191696167, 0.8108062744140625, 0.7999932169914246, 0.7905441522598267, 0.7771689891815186, 0.7772141098976135, 0.7684480547904968, 0.7589284777641296, 0.7570089101791382, 0.7342630624771118, 0.7348758578300476, 0.7225905656814575, 0.7300030589103699, 0.7205422520637512, 0.7072088122367859, 0.6995492577552795, 0.6862580180168152], "landscape_losses": [2.37868332862854, 2.0073657035827637, 1.7673265933990479, 1.566998839378357, 1.3904861211776733, 1.2145931720733643, 1.0645183324813843, 0.9254252910614014, 0.8216615915298462, 0.7410305738449097, 0.6842288970947266], "proxy_train_time": 9.770510519854724, "proxy_train_epochs": 50, "dirty_bit": 1, "landscape_term": 9.713042321669688, "speed_term": 9.333555484049484, "mote": 8.102314054995073}