{"id": 5002, "adj_matrix": [[0, 1, 1, 1], [0, 0, 1, 1], [0, 0, 0, 1], [0, 0, 0, 0]], "operations": ["avg_pool_3x3", "nor_conv_1x1", "skip_connect", "skip_connect", "nor_conv_1x1", "nor_conv_3x3"], "init_channel": 16, "blck_len": 5, "params": 0.378196, "flops": 51.04266, "latency": 0.01574830214182536, "train_per_time": 20.24568001429234, "train_time_200": 4049.136002858468, "train_accuracy_200": 0.94482, "test_accuracy_200": 0.6802999998168946, "train_time_12": 242.94816017150876, "train_accuracy_12": 0.5330400000000001, "test_accuracy_12": 0.5060000001831054, "valtest_accuracy_200": 0.6809999999999999, "valtest_accuracy_12": 0.5027, "proxy_losses": [3.2468109130859375, 2.3460140228271484, 2.046888589859009, 1.9071992635726929, 1.8181825876235962, 1.7523713111877441, 1.697350025177002, 1.6481250524520874, 1.6114375591278076, 1.5787664651870728, 1.544177532196045, 1.5132335424423218, 1.4823060035705566, 1.4524837732315063, 1.4277973175048828, 1.4013601541519165, 1.3724297285079956, 1.348863124847412, 1.3238354921340942, 1.3032035827636719, 1.2796677350997925, 1.2602180242538452, 1.2379013299942017, 1.2168406248092651, 1.1964359283447266, 1.1762019395828247, 1.1577016115188599, 1.148589015007019, 1.130388617515564, 1.1199110746383667, 1.099972128868103, 1.0844225883483887, 1.0798903703689575, 1.0618231296539307, 1.0454634428024292, 1.0353807210922241, 1.0212132930755615, 1.0168648958206177, 1.0036824941635132, 0.9965367317199707, 0.9851445555686951, 0.9755239486694336, 0.9646326899528503, 0.9498136639595032, 0.9450339674949646, 0.9468166828155518, 0.93045973777771, 0.9183337688446045, 0.914499044418335, 0.9098436236381531], "landscape_losses": [3.3605668544769287, 2.6375796794891357, 2.2611379623413086, 1.979585886001587, 1.7494217157363892, 1.5215940475463867, 1.3409724235534668, 1.1681816577911377, 1.035048246383667, 0.9461612105369568, 0.8978747129440308], "proxy_train_time": 7.506197519600391, "proxy_train_epochs": 50, "dirty_bit": 1, "landscape_term": 7.591479386427084, "speed_term": 5.718393888348723, "mote": 6.077496924561169}