{"id": 502, "adj_matrix": [[0, 1, 1, 1], [0, 0, 1, 1], [0, 0, 0, 1], [0, 0, 0, 0]], "operations": ["skip_connect", "avg_pool_3x3", "skip_connect", "zeros", "nor_conv_1x1", "avg_pool_3x3"], "init_channel": 16, "blck_len": 5, "params": 0.10715599999999999, "flops": 11.72106, "latency": 0.011336291277850116, "train_per_time": 12.818012317021694, "train_time_200": 2563.602463404339, "train_accuracy_200": 0.5698666666666665, "test_accuracy_200": 0.5199333329467773, "train_time_12": 153.81614780426025, "train_accuracy_12": 0.3306, "test_accuracy_12": 0.31879999981689455, "valtest_accuracy_200": 0.5215333333333333, "valtest_accuracy_12": 0.317, "proxy_losses": [3.274275302886963, 2.6687002182006836, 2.34883451461792, 2.111231565475464, 1.9717204570770264, 1.887329339981079, 1.8334859609603882, 1.7919447422027588, 1.7615785598754883, 1.7348265647888184, 1.7132816314697266, 1.694778561592102, 1.679288625717163, 1.6644953489303589, 1.6514662504196167, 1.6370012760162354, 1.6267032623291016, 1.6151611804962158, 1.6063978672027588, 1.5943257808685303, 1.5844805240631104, 1.5752547979354858, 1.563269853591919, 1.5542244911193848, 1.5432161092758179, 1.5335279703140259, 1.5259106159210205, 1.5155304670333862, 1.5063220262527466, 1.4961037635803223, 1.4865989685058594, 1.4780019521713257, 1.4682670831680298, 1.4599946737289429, 1.4512802362442017, 1.4427313804626465, 1.4359040260314941, 1.4268251657485962, 1.421278953552246, 1.4119389057159424, 1.4043961763381958, 1.3949016332626343, 1.388283610343933, 1.381333827972412, 1.3739925622940063, 1.367766261100769, 1.3621926307678223, 1.354663610458374, 1.349794864654541, 1.3430269956588745], "landscape_losses": [3.3363475799560547, 2.816359043121338, 2.511446952819824, 2.2527055740356445, 2.042309045791626, 1.8375804424285889, 1.6753208637237549, 1.5498738288879395, 1.4436107873916626, 1.3753554821014404, 1.3409874439239502], "proxy_train_time": 5.51572313439101, "proxy_train_epochs": 50, "dirty_bit": 1, "landscape_term": 5.938346308557376, "speed_term": 3.385214985840416, "mote": 4.45886274438614}