{"id": 5021, "adj_matrix": [[0, 1, 1, 1], [0, 0, 1, 1], [0, 0, 0, 1], [0, 0, 0, 0]], "operations": ["zeros", "nor_conv_1x1", "nor_conv_3x3", "skip_connect", "nor_conv_1x1", "avg_pool_3x3"], "init_channel": 16, "blck_len": 5, "params": 0.378196, "flops": 51.04266, "latency": 0.016071518262227375, "train_per_time": 19.86105489730835, "train_time_200": 3972.21097946167, "train_accuracy_200": 0.78814, "test_accuracy_200": 0.6370999999694824, "train_time_12": 238.3326587677002, "train_accuracy_12": 0.50644, "test_accuracy_12": 0.485, "valtest_accuracy_200": 0.6378499999999999, "valtest_accuracy_12": 0.4843, "proxy_losses": [2.872361183166504, 2.4954769611358643, 2.293914556503296, 2.156700372695923, 2.0693376064300537, 2.004794120788574, 1.953797459602356, 1.9126181602478027, 1.8732523918151855, 1.8408417701721191, 1.8118306398391724, 1.7861964702606201, 1.762627363204956, 1.7395405769348145, 1.7181724309921265, 1.697390079498291, 1.6779398918151855, 1.6589643955230713, 1.6433647871017456, 1.6247204542160034, 1.6083104610443115, 1.5916424989700317, 1.577938199043274, 1.5660372972488403, 1.5501400232315063, 1.535017728805542, 1.5218477249145508, 1.5091712474822998, 1.4986385107040405, 1.4890480041503906, 1.4730933904647827, 1.465179681777954, 1.453429102897644, 1.4414525032043457, 1.4299392700195312, 1.425611138343811, 1.4114036560058594, 1.4011003971099854, 1.3911728858947754, 1.38328218460083, 1.3716762065887451, 1.3653992414474487, 1.356797218322754, 1.3458595275878906, 1.3389286994934082, 1.3347094058990479, 1.3225948810577393, 1.3164292573928833, 1.3061840534210205, 1.3009847402572632], "landscape_losses": [2.927616596221924, 2.612764835357666, 2.40248703956604, 2.2067549228668213, 2.0159757137298584, 1.822389006614685, 1.6581677198410034, 1.5165014266967773, 1.4073659181594849, 1.3331806659698486, 1.2920722961425781], "proxy_train_time": 8.086762960068882, "proxy_train_epochs": 50, "dirty_bit": 1, "landscape_term": 6.135539957738779, "speed_term": 4.950461415839273, "mote": 4.929267810325849}