{"id": 5035, "adj_matrix": [[0, 1, 1, 1], [0, 0, 1, 1], [0, 0, 0, 1], [0, 0, 0, 0]], "operations": ["skip_connect", "avg_pool_3x3", "nor_conv_3x3", "nor_conv_3x3", "avg_pool_3x3", "zeros"], "init_channel": 16, "blck_len": 5, "params": 0.565236, "flops": 78.56778, "latency": 0.013969319838064688, "train_per_time": 19.809405128161053, "train_time_200": 3961.881025632211, "train_accuracy_200": 0.8872599999999999, "test_accuracy_200": 0.6551999996541342, "train_time_12": 237.71286153793332, "train_accuracy_12": 0.45864, "test_accuracy_12": 0.43179999957275395, "valtest_accuracy_200": 0.6525, "valtest_accuracy_12": 0.43439999999999995, "proxy_losses": [2.393399715423584, 2.0375287532806396, 1.8744584321975708, 1.7790601253509521, 1.7114486694335938, 1.6502265930175781, 1.5927034616470337, 1.5429301261901855, 1.5047329664230347, 1.4643839597702026, 1.4303237199783325, 1.4028692245483398, 1.3798761367797852, 1.3573589324951172, 1.3367207050323486, 1.316296100616455, 1.2996952533721924, 1.2800886631011963, 1.2604318857192993, 1.244362473487854, 1.2313957214355469, 1.2164084911346436, 1.2010881900787354, 1.18416166305542, 1.1713837385177612, 1.157979130744934, 1.1437407732009888, 1.12977135181427, 1.1217595338821411, 1.1092780828475952, 1.0919694900512695, 1.0824263095855713, 1.0741117000579834, 1.0676161050796509, 1.0482860803604126, 1.0400773286819458, 1.032945156097412, 1.0234205722808838, 1.014051914215088, 1.0036815404891968, 0.9952825903892517, 0.9869853258132935, 0.9790713787078857, 0.978193461894989, 0.9692488312721252, 0.9589576125144958, 0.9418960213661194, 0.9359277486801147, 0.9312208294868469, 0.9210258722305298], "landscape_losses": [2.480640172958374, 2.1575210094451904, 1.9472227096557617, 1.7552293539047241, 1.5598698854446411, 1.4113452434539795, 1.2738113403320312, 1.1622931957244873, 1.054172158241272, 0.969456136226654, 0.9160683751106262], "proxy_train_time": 7.39396012481302, "proxy_train_epochs": 50, "dirty_bit": 1, "landscape_term": 8.016670810480731, "speed_term": 5.905505894365603, "mote": 6.399197251184423}