{"id": 5061, "adj_matrix": [[0, 1, 1, 1], [0, 0, 1, 1], [0, 0, 0, 1], [0, 0, 0, 0]], "operations": ["avg_pool_3x3", "skip_connect", "nor_conv_1x1", "nor_conv_1x1", "nor_conv_1x1", "avg_pool_3x3"], "init_channel": 16, "blck_len": 5, "params": 0.163156, "flops": 19.58538, "latency": 0.014858457777235243, "train_per_time": 20.77155601978302, "train_time_200": 4154.311203956604, "train_accuracy_200": 0.8222, "test_accuracy_200": 0.6373999996032714, "train_time_12": 249.25867223739624, "train_accuracy_12": 0.40418, "test_accuracy_12": 0.3913999995117187, "valtest_accuracy_200": 0.6352, "valtest_accuracy_12": 0.3911, "proxy_losses": [3.971949577331543, 3.1688015460968018, 2.662982702255249, 2.3188483715057373, 2.098055362701416, 1.9471814632415771, 1.8496112823486328, 1.7794198989868164, 1.7274634838104248, 1.6853253841400146, 1.651119351387024, 1.624273419380188, 1.6001724004745483, 1.5817375183105469, 1.5613737106323242, 1.5449302196502686, 1.530349612236023, 1.5153062343597412, 1.5011621713638306, 1.4868279695510864, 1.4766546487808228, 1.461439609527588, 1.4522029161453247, 1.4397213459014893, 1.4296979904174805, 1.419898271560669, 1.41105055809021, 1.3982082605361938, 1.3846113681793213, 1.3738934993743896, 1.3608391284942627, 1.347550630569458, 1.3385255336761475, 1.3283076286315918, 1.3165028095245361, 1.308039665222168, 1.2959163188934326, 1.290433406829834, 1.2832247018814087, 1.2722692489624023, 1.267408847808838, 1.2562085390090942, 1.247694730758667, 1.2411868572235107, 1.2404378652572632, 1.2300090789794922, 1.2231677770614624, 1.2158482074737549, 1.2112314701080322, 1.2064533233642578], "landscape_losses": [4.082859992980957, 3.306854009628296, 2.806313991546631, 2.38631010055542, 2.053776264190674, 1.7816904783248901, 1.5675548315048218, 1.4180727005004883, 1.29814612865448, 1.231015920639038, 1.1973439455032349], "proxy_train_time": 7.454245652072132, "proxy_train_epochs": 50, "dirty_bit": 1, "landscape_term": 6.131864644518434, "speed_term": 4.745779419529549, "mote": 4.885794944174133}