{"id": 5080, "adj_matrix": [[0, 1, 1, 1], [0, 0, 1, 1], [0, 0, 0, 1], [0, 0, 0, 0]], "operations": ["nor_conv_3x3", "nor_conv_1x1", "nor_conv_1x1", "zeros", "avg_pool_3x3", "nor_conv_1x1"], "init_channel": 16, "blck_len": 5, "params": 0.406196, "flops": 54.97482, "latency": 0.01773711045583089, "train_per_time": 24.320857087771095, "train_time_200": 4864.171417554219, "train_accuracy_200": 0.9139933333333333, "test_accuracy_200": 0.6620666663004557, "train_time_12": 291.8502850532532, "train_accuracy_12": 0.42034, "test_accuracy_12": 0.39919999938964845, "valtest_accuracy_200": 0.6594666666666665, "valtest_accuracy_12": 0.4044, "proxy_losses": [2.2763941287994385, 1.9128004312515259, 1.762726902961731, 1.6645792722702026, 1.5967364311218262, 1.5421947240829468, 1.4925341606140137, 1.4484903812408447, 1.4096956253051758, 1.376422643661499, 1.3417754173278809, 1.309182047843933, 1.283088207244873, 1.2546775341033936, 1.2298203706741333, 1.1993160247802734, 1.1796095371246338, 1.1547702550888062, 1.1321709156036377, 1.1087801456451416, 1.089226484298706, 1.0710570812225342, 1.050401210784912, 1.0324984788894653, 1.0169508457183838, 1.00076425075531, 0.9838376045227051, 0.9780450463294983, 0.9644147753715515, 0.9442388415336609, 0.9210198521614075, 0.9054893851280212, 0.892829954624176, 0.8793560266494751, 0.8709810376167297, 0.8600526452064514, 0.843077540397644, 0.8315637707710266, 0.8237147331237793, 0.8123089075088501, 0.8001672625541687, 0.7982156276702881, 0.7761893272399902, 0.7637399435043335, 0.7509375214576721, 0.7463564276695251, 0.7379674315452576, 0.7270501852035522, 0.7242695093154907, 0.7219108939170837], "landscape_losses": [2.3832972049713135, 2.0639007091522217, 1.8308078050613403, 1.6376750469207764, 1.4484424591064453, 1.2861711978912354, 1.1259509325027466, 0.9845550656318665, 0.8475821018218994, 0.7645089030265808, 0.7295049428939819], "proxy_train_time": 9.747531171888113, "proxy_train_epochs": 50, "dirty_bit": 1, "landscape_term": 9.291307155353259, "speed_term": 8.86229467820233, "mote": 7.751555801109294}