{"id": 5111, "adj_matrix": [[0, 1, 1, 1], [0, 0, 1, 1], [0, 0, 0, 1], [0, 0, 0, 0]], "operations": ["nor_conv_3x3", "nor_conv_1x1", "nor_conv_3x3", "skip_connect", "nor_conv_1x1", "nor_conv_1x1"], "init_channel": 16, "blck_len": 5, "params": 0.649236, "flops": 90.36426, "latency": 0.021657352094297058, "train_per_time": 26.75026134649915, "train_time_200": 5350.05226929983, "train_accuracy_200": 0.9950866666666666, "test_accuracy_200": 0.7237333334960938, "train_time_12": 321.0031361579895, "train_accuracy_12": 0.6661, "test_accuracy_12": 0.5995999998779297, "valtest_accuracy_200": 0.7201666666666666, "valtest_accuracy_12": 0.5998, "proxy_losses": [2.343611001968384, 1.9040961265563965, 1.7426350116729736, 1.6333523988723755, 1.5479252338409424, 1.4771612882614136, 1.4181146621704102, 1.3695852756500244, 1.3263425827026367, 1.283475637435913, 1.2458040714263916, 1.2090115547180176, 1.1768728494644165, 1.1456069946289062, 1.1246111392974854, 1.095289945602417, 1.0640523433685303, 1.045788049697876, 1.02418851852417, 1.0058423280715942, 0.9856391549110413, 0.9664037823677063, 0.9529819488525391, 0.9395045042037964, 0.9158048033714294, 0.8990510702133179, 0.8792305588722229, 0.8693390488624573, 0.85190349817276, 0.8442226648330688, 0.8235976696014404, 0.8104605078697205, 0.7945551872253418, 0.7778860926628113, 0.7644916772842407, 0.7530512809753418, 0.7589824199676514, 0.7383227348327637, 0.7210595011711121, 0.7090050578117371, 0.7014433741569519, 0.6823264360427856, 0.6793109178543091, 0.6770992875099182, 0.6668985486030579, 0.6608733534812927, 0.6325276494026184, 0.634518563747406, 0.6268208026885986, 0.6210963129997253], "landscape_losses": [2.485455274581909, 2.0773582458496094, 1.80949068069458, 1.585687518119812, 1.3879142999649048, 1.198929786682129, 1.0342965126037598, 0.8883112072944641, 0.7562853097915649, 0.6687415838241577, 0.6177804470062256], "proxy_train_time": 9.941917036660016, "proxy_train_epochs": 50, "dirty_bit": 1, "landscape_term": 10.150455764045473, "speed_term": 9.839239568610486, "mote": 8.465420591704582}