{"id": 5152, "adj_matrix": [[0, 1, 1, 1], [0, 0, 1, 1], [0, 0, 0, 1], [0, 0, 0, 0]], "operations": ["avg_pool_3x3", "zeros", "avg_pool_3x3", "skip_connect", "avg_pool_3x3", "zeros"], "init_channel": 16, "blck_len": 5, "params": 0.079156, "flops": 7.788900000000001, "latency": 0.008500624586034703, "train_per_time": 12.073342680931091, "train_time_200": 2414.6685361862183, "train_accuracy_200": 0.5246466666666667, "test_accuracy_200": 0.49733333284505216, "train_time_12": 144.8801121711731, "train_accuracy_12": 0.24115999999999999, "test_accuracy_12": 0.23079999969482423, "valtest_accuracy_200": 0.49560000000000004, "valtest_accuracy_12": 0.22870000000000001, "proxy_losses": [6.539186954498291, 5.547384738922119, 4.66029167175293, 3.9558446407318115, 3.4886491298675537, 3.142183780670166, 2.8650617599487305, 2.6316490173339844, 2.45105242729187, 2.2972912788391113, 2.1872808933258057, 2.098510503768921, 2.0292441844940186, 1.9705042839050293, 1.9186781644821167, 1.8818610906600952, 1.8540219068527222, 1.8329572677612305, 1.816085934638977, 1.801362156867981, 1.7879292964935303, 1.778914213180542, 1.7684681415557861, 1.7592415809631348, 1.7501447200775146, 1.740752100944519, 1.7327312231063843, 1.7274726629257202, 1.7204256057739258, 1.7145320177078247, 1.7091585397720337, 1.7021903991699219, 1.6981546878814697, 1.6948174238204956, 1.6884474754333496, 1.6840676069259644, 1.6819260120391846, 1.6763453483581543, 1.6723039150238037, 1.6683564186096191, 1.6650326251983643, 1.6624085903167725, 1.6593232154846191, 1.6556017398834229, 1.652369737625122, 1.6494661569595337, 1.646975040435791, 1.644218921661377, 1.641149640083313, 1.6372029781341553], "landscape_losses": [6.711604595184326, 5.6431474685668945, 4.75070333480835, 3.962825059890747, 3.290351629257202, 2.7239277362823486, 2.2703235149383545, 1.9464821815490723, 1.755441427230835, 1.6665546894073486, 1.6405277252197266], "proxy_train_time": 5.228577135130763, "proxy_train_epochs": 50, "dirty_bit": 1, "landscape_term": 4.1935486665192885, "speed_term": 2.4242463265702936, "mote": 2.9732838952007192}