{"id": 5190, "adj_matrix": [[0, 1, 1, 1], [0, 0, 1, 1], [0, 0, 0, 1], [0, 0, 0, 0]], "operations": ["zeros", "skip_connect", "nor_conv_3x3", "avg_pool_3x3", "nor_conv_1x1", "nor_conv_3x3"], "init_channel": 16, "blck_len": 5, "params": 0.593236, "flops": 82.49994, "latency": 0.01555297992847584, "train_per_time": 20.847525874773606, "train_time_200": 4169.505174954721, "train_accuracy_200": 0.8820999999999999, "test_accuracy_200": 0.6542666662190755, "train_time_12": 250.1703104972839, "train_accuracy_12": 0.45998, "test_accuracy_12": 0.4281999994506836, "valtest_accuracy_200": 0.6525, "valtest_accuracy_12": 0.4349, "proxy_losses": [2.595745086669922, 2.1401758193969727, 1.9265011548995972, 1.8049081563949585, 1.7304604053497314, 1.6777676343917847, 1.6314582824707031, 1.5896779298782349, 1.5520448684692383, 1.5194706916809082, 1.4894347190856934, 1.4589638710021973, 1.4329330921173096, 1.401645541191101, 1.3785697221755981, 1.3538246154785156, 1.3300166130065918, 1.30709707736969, 1.28517746925354, 1.268579363822937, 1.2484104633331299, 1.2319716215133667, 1.2216367721557617, 1.1984189748764038, 1.181518316268921, 1.1646064519882202, 1.1519240140914917, 1.1366493701934814, 1.1212148666381836, 1.1055673360824585, 1.0917028188705444, 1.0732840299606323, 1.0603113174438477, 1.0508334636688232, 1.032996654510498, 1.0237957239151, 1.0069042444229126, 0.994041383266449, 0.988366425037384, 0.9762251973152161, 0.9660211801528931, 0.9546507000923157, 0.946770191192627, 0.939738392829895, 0.9371135830879211, 0.9306669235229492, 0.9308245182037354, 0.9138115048408508, 0.915149986743927, 0.900962769985199], "landscape_losses": [2.714012384414673, 2.3629894256591797, 2.111795425415039, 1.874519944190979, 1.6649572849273682, 1.4741532802581787, 1.308948040008545, 1.1542471647262573, 1.0448429584503174, 0.9425033330917358, 0.887196958065033], "proxy_train_time": 8.425862192176282, "proxy_train_epochs": 50, "dirty_bit": 1, "landscape_term": 7.853192162773009, "speed_term": 6.658598154591124, "mote": 6.425515905144011}