{"id": 5205, "adj_matrix": [[0, 1, 1, 1], [0, 0, 1, 1], [0, 0, 0, 1], [0, 0, 0, 0]], "operations": ["zeros", "avg_pool_3x3", "skip_connect", "zeros", "zeros", "nor_conv_3x3"], "init_channel": 16, "blck_len": 5, "params": 0.322196, "flops": 43.17834, "latency": 0.012746621061254432, "train_per_time": 13.435533444086698, "train_time_200": 2687.1066888173395, "train_accuracy_200": 0.7397333333333335, "test_accuracy_200": 0.5709333330891926, "train_time_12": 161.22640132904053, "train_accuracy_12": 0.2183, "test_accuracy_12": 0.21759999981689454, "valtest_accuracy_200": 0.5724666666666667, "valtest_accuracy_12": 0.21739999999999998, "proxy_losses": [2.175204038619995, 1.909318208694458, 1.8145663738250732, 1.753440260887146, 1.7056502103805542, 1.665967583656311, 1.6321276426315308, 1.5965534448623657, 1.5615280866622925, 1.5256425142288208, 1.4965639114379883, 1.4630869626998901, 1.4297736883163452, 1.3976408243179321, 1.3706692457199097, 1.348604679107666, 1.324647068977356, 1.3018842935562134, 1.2808154821395874, 1.260161280632019, 1.2400171756744385, 1.2207882404327393, 1.206829309463501, 1.1853187084197998, 1.1779215335845947, 1.1554851531982422, 1.1433874368667603, 1.1365883350372314, 1.1160677671432495, 1.0964411497116089, 1.0923091173171997, 1.084015130996704, 1.0689059495925903, 1.0519212484359741, 1.0480412244796753, 1.0317268371582031, 1.0244348049163818, 1.01518714427948, 1.0157109498977661, 1.0134390592575073, 1.001981258392334, 0.997265636920929, 0.9845576286315918, 0.9684640765190125, 0.9653794169425964, 0.9586032032966614, 0.956961452960968, 0.9511619210243225, 0.9356226325035095, 0.9338080883026123], "landscape_losses": [2.260432720184326, 2.031052827835083, 1.8520089387893677, 1.697176218032837, 1.5456130504608154, 1.387440800666809, 1.2488887310028076, 1.1431970596313477, 1.0514379739761353, 0.9802722930908203, 0.9421622157096863], "proxy_train_time": 6.49368738103658, "proxy_train_epochs": 50, "dirty_bit": 1, "landscape_term": 8.139703996787423, "speed_term": 5.170776533411789, "mote": 6.3421888406802305}