{"id": 5213, "adj_matrix": [[0, 1, 1, 1], [0, 0, 1, 1], [0, 0, 0, 1], [0, 0, 0, 0]], "operations": ["nor_conv_3x3", "nor_conv_3x3", "skip_connect", "zeros", "zeros", "avg_pool_3x3"], "init_channel": 16, "blck_len": 5, "params": 0.565236, "flops": 78.56778, "latency": 0.013887749777899847, "train_per_time": 18.245482842127434, "train_time_200": 3649.0965684254866, "train_accuracy_200": 0.8032933333333334, "test_accuracy_200": 0.6147333330891928, "train_time_12": 218.94579410552976, "train_accuracy_12": 0.28508, "test_accuracy_12": 0.29219999969482424, "valtest_accuracy_200": 0.6116333333333334, "valtest_accuracy_12": 0.2915, "proxy_losses": [2.22806715965271, 1.88150155544281, 1.769435167312622, 1.6924660205841064, 1.6319432258605957, 1.5812734365463257, 1.5366177558898926, 1.4876708984375, 1.4424630403518677, 1.4010515213012695, 1.3652750253677368, 1.3259638547897339, 1.2906723022460938, 1.2583012580871582, 1.228971242904663, 1.2012779712677002, 1.1782435178756714, 1.1539018154144287, 1.127981424331665, 1.1052054166793823, 1.0795230865478516, 1.0654478073120117, 1.0448963642120361, 1.0260906219482422, 1.0110565423965454, 0.9982357621192932, 0.9855915307998657, 0.9694963693618774, 0.9531788229942322, 0.9400148391723633, 0.932593584060669, 0.9236513376235962, 0.9121201038360596, 0.9010470509529114, 0.8902984261512756, 0.8831785321235657, 0.8754169940948486, 0.8686070442199707, 0.8584578037261963, 0.8578318357467651, 0.8443698287010193, 0.8346915245056152, 0.8144891858100891, 0.8110970854759216, 0.8112748265266418, 0.7945181727409363, 0.7964122295379639, 0.7888040542602539, 0.7894116044044495, 0.775336503982544], "landscape_losses": [2.3072192668914795, 1.980336308479309, 1.7822715044021606, 1.5980533361434937, 1.4289419651031494, 1.2656049728393555, 1.1230747699737549, 1.0275779962539673, 0.9069128632545471, 0.8201812505722046, 0.7700012922286987], "proxy_train_time": 7.802499883808196, "proxy_train_epochs": 50, "dirty_bit": 1, "landscape_term": 9.099342826270352, "speed_term": 6.975807649995889, "mote": 7.312182777109337}