{"id": 5232, "adj_matrix": [[0, 1, 1, 1], [0, 0, 1, 1], [0, 0, 0, 1], [0, 0, 0, 0]], "operations": ["nor_conv_3x3", "nor_conv_1x1", "nor_conv_1x1", "zeros", "nor_conv_1x1", "nor_conv_1x1"], "init_channel": 16, "blck_len": 5, "params": 0.434196, "flops": 58.90698, "latency": 0.021293467945522736, "train_per_time": 26.054798285166438, "train_time_200": 5210.959657033288, "train_accuracy_200": 0.8999666666666667, "test_accuracy_200": 0.6570666663411459, "train_time_12": 312.65757942199707, "train_accuracy_12": 0.42152, "test_accuracy_12": 0.39959999957275394, "valtest_accuracy_200": 0.6594666666666665, "valtest_accuracy_12": 0.40619999999999995, "proxy_losses": [2.291874885559082, 1.935728907585144, 1.7834392786026, 1.6924082040786743, 1.6234748363494873, 1.5691111087799072, 1.5212081670761108, 1.474427580833435, 1.4321305751800537, 1.3924447298049927, 1.3555824756622314, 1.3205517530441284, 1.2847167253494263, 1.2514554262161255, 1.2221773862838745, 1.192630648612976, 1.1633174419403076, 1.1349871158599854, 1.1137356758117676, 1.0922850370407104, 1.0745233297348022, 1.0527303218841553, 1.0234194993972778, 1.0085878372192383, 0.9883167743682861, 0.9711608290672302, 0.9475674033164978, 0.9316129684448242, 0.907157301902771, 0.9029616117477417, 0.8905673623085022, 0.8763769268989563, 0.857349693775177, 0.8398962616920471, 0.8246620893478394, 0.8256880640983582, 0.8154712915420532, 0.8092730641365051, 0.7922887802124023, 0.7767685651779175, 0.7677358984947205, 0.7479338645935059, 0.7389668822288513, 0.7390047907829285, 0.7293192744255066, 0.7250747084617615, 0.718572199344635, 0.7013237476348877, 0.685093104839325, 0.6825271844863892], "landscape_losses": [2.415693759918213, 2.0858194828033447, 1.8534051179885864, 1.635934591293335, 1.4381624460220337, 1.2626206874847412, 1.1084553003311157, 0.9516997933387756, 0.8292101621627808, 0.7377879023551941, 0.6813533902168274], "proxy_train_time": 10.202904338948429, "proxy_train_epochs": 50, "dirty_bit": 1, "landscape_term": 9.513486719437791, "speed_term": 9.412339436971068, "mote": 7.9838106701079194}