{"id": 5400, "adj_matrix": [[0, 1, 1, 1], [0, 0, 1, 1], [0, 0, 0, 1], [0, 0, 0, 0]], "operations": ["zeros", "skip_connect", "nor_conv_3x3", "skip_connect", "zeros", "zeros"], "init_channel": 16, "blck_len": 5, "params": 0.322196, "flops": 43.17834, "latency": 0.01063847541809082, "train_per_time": 11.002389907836914, "train_time_200": 2200.477981567383, "train_accuracy_200": 0.6328199999999999, "test_accuracy_200": 0.5842999995422363, "train_time_12": 132.02867889404297, "train_accuracy_12": 0.4533, "test_accuracy_12": 0.44880000012207033, "valtest_accuracy_200": 0.5820000000000001, "valtest_accuracy_12": 0.444, "proxy_losses": [2.3302950859069824, 2.2385082244873047, 2.167908191680908, 2.1107423305511475, 2.0640180110931396, 2.023397445678711, 1.9902933835983276, 1.9617406129837036, 1.9373700618743896, 1.916384220123291, 1.8980183601379395, 1.8820152282714844, 1.867952585220337, 1.8562355041503906, 1.844882845878601, 1.8349214792251587, 1.8258429765701294, 1.8184640407562256, 1.8107995986938477, 1.8034552335739136, 1.79764723777771, 1.7912962436676025, 1.7846193313598633, 1.7807495594024658, 1.7750886678695679, 1.7700222730636597, 1.766037106513977, 1.7612507343292236, 1.7568632364273071, 1.7529728412628174, 1.7489001750946045, 1.7443314790725708, 1.7403335571289062, 1.7376950979232788, 1.7331582307815552, 1.72953200340271, 1.7261470556259155, 1.723036766052246, 1.7200013399124146, 1.7155691385269165, 1.712104082107544, 1.7082757949829102, 1.7056070566177368, 1.702668309211731, 1.7008543014526367, 1.6963939666748047, 1.691986322402954, 1.6902058124542236, 1.6863664388656616, 1.6835435628890991], "landscape_losses": [2.346055746078491, 2.241781234741211, 2.1458916664123535, 2.0481436252593994, 1.956146240234375, 1.8753273487091064, 1.8068771362304688, 1.7550731897354126, 1.7247971296310425, 1.697808027267456, 1.6819310188293457], "proxy_train_time": 6.523267112672329, "proxy_train_epochs": 50, "dirty_bit": 1, "landscape_term": 5.757570051992638, "speed_term": 3.575705540051016, "mote": 4.3751212134938315}