{"id": 5439, "adj_matrix": [[0, 1, 1, 1], [0, 0, 1, 1], [0, 0, 0, 1], [0, 0, 0, 0]], "operations": ["nor_conv_1x1", "avg_pool_3x3", "nor_conv_3x3", "zeros", "zeros", "avg_pool_3x3"], "init_channel": 16, "blck_len": 5, "params": 0.350196, "flops": 47.1105, "latency": 0.014149122767978244, "train_per_time": 18.538253784179688, "train_time_200": 3707.6507568359375, "train_accuracy_200": 0.88955, "test_accuracy_200": 0.5968000001831055, "train_time_12": 222.45904541015625, "train_accuracy_12": 0.40344, "test_accuracy_12": 0.3776000001220703, "valtest_accuracy_200": 0.6003000000000001, "valtest_accuracy_12": 0.37939999999999996, "proxy_losses": [2.232804775238037, 1.866776704788208, 1.7463648319244385, 1.6635102033615112, 1.6011033058166504, 1.552274465560913, 1.5050246715545654, 1.4640311002731323, 1.4260283708572388, 1.3909800052642822, 1.3603137731552124, 1.3356871604919434, 1.3056659698486328, 1.2826533317565918, 1.2649343013763428, 1.2433972358703613, 1.2235065698623657, 1.209549069404602, 1.1904996633529663, 1.1729203462600708, 1.1637215614318848, 1.1435120105743408, 1.1314165592193604, 1.116023063659668, 1.1064375638961792, 1.0861841440200806, 1.0781856775283813, 1.0596076250076294, 1.0530421733856201, 1.039106011390686, 1.0243562459945679, 1.0101405382156372, 0.9975662231445312, 0.9874774217605591, 0.9744243025779724, 0.9656697511672974, 0.9609841704368591, 0.954647958278656, 0.9425495862960815, 0.9297855496406555, 0.9233099818229675, 0.9160795211791992, 0.9055967926979065, 0.8981892466545105, 0.8956562280654907, 0.8894503116607666, 0.8819308876991272, 0.8686901330947876, 0.8681468963623047, 0.8599956035614014], "landscape_losses": [2.3511016368865967, 2.0192136764526367, 1.8167214393615723, 1.6460798978805542, 1.4806275367736816, 1.3443968296051025, 1.2011951208114624, 1.0844216346740723, 0.972663938999176, 0.8882978558540344, 0.8521478772163391], "proxy_train_time": 7.738252077251673, "proxy_train_epochs": 50, "dirty_bit": 1, "landscape_term": 8.5797510040467, "speed_term": 6.594736663545838, "mote": 6.900787792650323}