{"id": 546, "adj_matrix": [[0, 1, 1, 1], [0, 0, 1, 1], [0, 0, 0, 1], [0, 0, 0, 0]], "operations": ["avg_pool_3x3", "zeros", "skip_connect", "avg_pool_3x3", "nor_conv_3x3", "nor_conv_3x3"], "init_channel": 16, "blck_len": 5, "params": 0.565236, "flops": 78.56778, "latency": 0.013420806990729436, "train_per_time": 19.031864205996143, "train_time_200": 3806.3728411992283, "train_accuracy_200": 0.7575400000000001, "test_accuracy_200": 0.5709333328653972, "train_time_12": 228.38237047195432, "train_accuracy_12": 0.36652, "test_accuracy_12": 0.3601999992675781, "valtest_accuracy_200": 0.5757333333333333, "valtest_accuracy_12": 0.3578, "proxy_losses": [2.3162364959716797, 1.8235417604446411, 1.6958858966827393, 1.6157264709472656, 1.5627392530441284, 1.5230742692947388, 1.4835689067840576, 1.4440277814865112, 1.4125410318374634, 1.3862255811691284, 1.357662558555603, 1.3313984870910645, 1.3093830347061157, 1.2890225648880005, 1.263055682182312, 1.2439827919006348, 1.2232593297958374, 1.213030219078064, 1.1916652917861938, 1.1701703071594238, 1.1603825092315674, 1.1462944746017456, 1.1349818706512451, 1.1290215253829956, 1.112162709236145, 1.1014676094055176, 1.0954467058181763, 1.0839697122573853, 1.0716009140014648, 1.0636810064315796, 1.0523418188095093, 1.036680817604065, 1.03618586063385, 1.0265552997589111, 1.0238122940063477, 1.0167080163955688, 1.0124541521072388, 0.9965344667434692, 0.9974899291992188, 0.9844302535057068, 0.9780374765396118, 0.9729382991790771, 0.9632797837257385, 0.953579306602478, 0.9589127898216248, 0.9539321064949036, 0.9461492896080017, 0.9363552927970886, 0.9314826130867004, 0.9288974404335022], "landscape_losses": [2.431689739227295, 2.0374276638031006, 1.8266706466674805, 1.6423535346984863, 1.4852312803268433, 1.3440569639205933, 1.2145695686340332, 1.1013704538345337, 1.028710126876831, 0.9564750790596008, 0.9195247888565063], "proxy_train_time": 7.452993653714657, "proxy_train_epochs": 50, "dirty_bit": 1, "landscape_term": 8.312101511693857, "speed_term": 6.246017685874238, "mote": 6.6596443983578695}