{"id": 5468, "adj_matrix": [[0, 1, 1, 1], [0, 0, 1, 1], [0, 0, 0, 1], [0, 0, 0, 0]], "operations": ["nor_conv_3x3", "skip_connect", "avg_pool_3x3", "avg_pool_3x3", "avg_pool_3x3", "zeros"], "init_channel": 16, "blck_len": 5, "params": 0.322196, "flops": 43.17834, "latency": 0.01289901026973018, "train_per_time": 16.816123684247376, "train_time_200": 3363.224736849475, "train_accuracy_200": 0.8129466666666667, "test_accuracy_200": 0.626333333211263, "train_time_12": 201.79348421096805, "train_accuracy_12": 0.41590000000000005, "test_accuracy_12": 0.39640000006103515, "valtest_accuracy_200": 0.6216666666666666, "valtest_accuracy_12": 0.39890000000000003, "proxy_losses": [2.2230968475341797, 1.9034943580627441, 1.7841851711273193, 1.7017161846160889, 1.6341273784637451, 1.579291820526123, 1.5374308824539185, 1.4969652891159058, 1.4616894721984863, 1.4315706491470337, 1.3981276750564575, 1.371031641960144, 1.3468271493911743, 1.3243343830108643, 1.3024342060089111, 1.2833988666534424, 1.2627246379852295, 1.2452067136764526, 1.2267017364501953, 1.211057186126709, 1.1958986520767212, 1.179024338722229, 1.1646140813827515, 1.1525019407272339, 1.1454074382781982, 1.1367580890655518, 1.1117557287216187, 1.0966624021530151, 1.0829955339431763, 1.0726776123046875, 1.063019871711731, 1.0422486066818237, 1.0342048406600952, 1.0211228132247925, 1.0124728679656982, 1.0070841312408447, 1.0098990201950073, 0.9987234473228455, 0.9839627742767334, 0.9657831788063049, 0.957782506942749, 0.9473236203193665, 0.9364774227142334, 0.9340555667877197, 0.9243993163108826, 0.9221733212471008, 0.910961925983429, 0.9068998098373413, 0.9129528403282166, 0.8985050916671753], "landscape_losses": [2.3105461597442627, 2.0339949131011963, 1.8512829542160034, 1.6800328493118286, 1.540056586265564, 1.396072506904602, 1.2633740901947021, 1.1474425792694092, 1.0316424369812012, 0.9477577209472656, 0.9039961099624634], "proxy_train_time": 6.292171549983323, "proxy_train_epochs": 50, "dirty_bit": 1, "landscape_term": 8.219139803546994, "speed_term": 5.204119182674866, "mote": 6.401913318238502}