{"id": 5560, "adj_matrix": [[0, 1, 1, 1], [0, 0, 1, 1], [0, 0, 0, 1], [0, 0, 0, 0]], "operations": ["nor_conv_1x1", "nor_conv_1x1", "zeros", "zeros", "zeros", "nor_conv_3x3"], "init_channel": 16, "blck_len": 5, "params": 0.378196, "flops": 51.04265999999999, "latency": 0.01675501576176396, "train_per_time": 18.58426070213318, "train_time_200": 3716.8521404266357, "train_accuracy_200": 0.8630466666666666, "test_accuracy_200": 0.6582666669311523, "train_time_12": 223.01112842559814, "train_accuracy_12": 0.38136000000000003, "test_accuracy_12": 0.38299999951171876, "valtest_accuracy_200": 0.6568666666666667, "valtest_accuracy_12": 0.37929999999999997, "proxy_losses": [2.1823554039001465, 1.9372341632843018, 1.8263453245162964, 1.7481492757797241, 1.686403512954712, 1.6357858180999756, 1.5903435945510864, 1.547681212425232, 1.5089714527130127, 1.4714349508285522, 1.4347190856933594, 1.3986735343933105, 1.3642895221710205, 1.3341245651245117, 1.302497386932373, 1.2756885290145874, 1.2484883069992065, 1.2227754592895508, 1.201705813407898, 1.1767855882644653, 1.1515345573425293, 1.1294357776641846, 1.1106526851654053, 1.0914584398269653, 1.0736674070358276, 1.0580497980117798, 1.036818027496338, 1.0173856019973755, 1.0009300708770752, 0.989241898059845, 0.9720240235328674, 0.95308917760849, 0.9390643835067749, 0.9215947389602661, 0.9109030961990356, 0.8993550539016724, 0.88653165102005, 0.8779810667037964, 0.8580019474029541, 0.8473212718963623, 0.8403375744819641, 0.8291078209877014, 0.8176337480545044, 0.8128491044044495, 0.8025095462799072, 0.788693368434906, 0.7781735062599182, 0.778874397277832, 0.7747579216957092, 0.7625303268432617], "landscape_losses": [2.2494709491729736, 2.02443528175354, 1.8437222242355347, 1.6778463125228882, 1.514273762702942, 1.3523404598236084, 1.1834838390350342, 1.0278180837631226, 0.9071205854415894, 0.8069988489151001, 0.748311460018158], "proxy_train_time": 8.537637826986611, "proxy_train_epochs": 50, "dirty_bit": 1, "landscape_term": 8.972526551874108, "speed_term": 7.384866069211266, "mote": 7.2987185040679305}