{"id": 5766, "adj_matrix": [[0, 1, 1, 1], [0, 0, 1, 1], [0, 0, 0, 1], [0, 0, 0, 0]], "operations": ["skip_connect", "avg_pool_3x3", "nor_conv_1x1", "zeros", "nor_conv_3x3", "skip_connect"], "init_channel": 16, "blck_len": 5, "params": 0.350196, "flops": 47.1105, "latency": 0.014686059068750451, "train_per_time": 16.05514522393548, "train_time_200": 3211.029044787096, "train_accuracy_200": 0.8863, "test_accuracy_200": 0.6515999996948243, "train_time_12": 192.66174268722537, "train_accuracy_12": 0.4717, "test_accuracy_12": 0.45179999969482426, "valtest_accuracy_200": 0.6552333333333332, "valtest_accuracy_12": 0.4522, "proxy_losses": [2.621875047683716, 2.120438575744629, 1.928778886795044, 1.8064730167388916, 1.7238757610321045, 1.662112832069397, 1.613279938697815, 1.5711100101470947, 1.5355356931686401, 1.5033475160598755, 1.4739899635314941, 1.4449225664138794, 1.419827938079834, 1.3947606086730957, 1.3752894401550293, 1.351027488708496, 1.332658290863037, 1.312628149986267, 1.2966651916503906, 1.280029535293579, 1.2636268138885498, 1.249212384223938, 1.2385823726654053, 1.222884178161621, 1.2123686075210571, 1.2006717920303345, 1.1841814517974854, 1.178346037864685, 1.160390019416809, 1.1495673656463623, 1.1377731561660767, 1.1262702941894531, 1.1155414581298828, 1.1023271083831787, 1.0963358879089355, 1.087077260017395, 1.0804797410964966, 1.0663686990737915, 1.0614349842071533, 1.0454528331756592, 1.0345485210418701, 1.0226948261260986, 1.0099176168441772, 1.005426287651062, 0.9946590662002563, 0.9895279407501221, 0.9804915189743042, 0.9739818572998047, 0.967214822769165, 0.9547766447067261], "landscape_losses": [2.728494167327881, 2.314126491546631, 2.055783748626709, 1.8439304828643799, 1.6607236862182617, 1.5068727731704712, 1.3532333374023438, 1.2244701385498047, 1.1129767894744873, 1.0132654905319214, 0.9516531229019165], "proxy_train_time": 6.633268021047115, "proxy_train_epochs": 50, "dirty_bit": 1, "landscape_term": 7.5850096556372035, "speed_term": 5.127698117813168, "mote": 5.959991299106466}