{"id": 5787, "adj_matrix": [[0, 1, 1, 1], [0, 0, 1, 1], [0, 0, 0, 1], [0, 0, 0, 0]], "operations": ["nor_conv_3x3", "zeros", "zeros", "avg_pool_3x3", "nor_conv_3x3", "nor_conv_1x1"], "init_channel": 16, "blck_len": 5, "params": 0.593236, "flops": 82.49994, "latency": 0.014127373695373535, "train_per_time": 21.43203345934545, "train_time_200": 4286.4066918690905, "train_accuracy_200": 0.98211, "test_accuracy_200": 0.6827999997253417, "train_time_12": 257.18440151214594, "train_accuracy_12": 0.54016, "test_accuracy_12": 0.5073999995117188, "valtest_accuracy_200": 0.6818000000000001, "valtest_accuracy_12": 0.503, "proxy_losses": [2.634793519973755, 2.0670156478881836, 1.8629590272903442, 1.7503433227539062, 1.6607133150100708, 1.5870229005813599, 1.5280494689941406, 1.471949815750122, 1.421782374382019, 1.375983476638794, 1.3337464332580566, 1.2925684452056885, 1.2542363405227661, 1.2143508195877075, 1.1826528310775757, 1.1517419815063477, 1.1168091297149658, 1.091546893119812, 1.0709757804870605, 1.0465532541275024, 1.0176167488098145, 1.0025914907455444, 0.9883025288581848, 0.9783216714859009, 0.9545684456825256, 0.9352701902389526, 0.9240136742591858, 0.9030322432518005, 0.8918870091438293, 0.8737283945083618, 0.8623327016830444, 0.8609438538551331, 0.8455100655555725, 0.8360214829444885, 0.8202612996101379, 0.8023813962936401, 0.787725567817688, 0.7868630886077881, 0.7797044515609741, 0.7644938230514526, 0.7522517442703247, 0.7452733516693115, 0.7311751246452332, 0.731600284576416, 0.7230417728424072, 0.7271199822425842, 0.7144739031791687, 0.706364631652832, 0.6981696486473083, 0.6960681676864624], "landscape_losses": [2.7662124633789062, 2.2789158821105957, 1.9346615076065063, 1.6795164346694946, 1.463559865951538, 1.2803906202316284, 1.1069912910461426, 0.9734055399894714, 0.8524969816207886, 0.748670220375061, 0.6878784894943237], "proxy_train_time": 9.158175870776176, "proxy_train_epochs": 50, "dirty_bit": 1, "landscape_term": 9.270025125463732, "speed_term": 8.486565456678726, "mote": 7.677449087330938}