{"id": 5858, "adj_matrix": [[0, 1, 1, 1], [0, 0, 1, 1], [0, 0, 0, 1], [0, 0, 0, 0]], "operations": ["avg_pool_3x3", "nor_conv_1x1", "zeros", "nor_conv_1x1", "nor_conv_3x3", "nor_conv_1x1"], "init_channel": 16, "blck_len": 5, "params": 0.406196, "flops": 54.97482, "latency": 0.020028154055277508, "train_per_time": 24.089092254638672, "train_time_200": 4817.818450927734, "train_accuracy_200": 0.9265733333333332, "test_accuracy_200": 0.6777333330078125, "train_time_12": 289.06910705566406, "train_accuracy_12": 0.46506000000000003, "test_accuracy_12": 0.4451999993286133, "valtest_accuracy_200": 0.6786, "valtest_accuracy_12": 0.44310000000000005, "proxy_losses": [2.3350656032562256, 1.9364277124404907, 1.8093091249465942, 1.7292639017105103, 1.6612557172775269, 1.6081393957138062, 1.562870740890503, 1.523715615272522, 1.4835549592971802, 1.4494836330413818, 1.4152443408966064, 1.382800817489624, 1.3511823415756226, 1.3211157321929932, 1.2947676181793213, 1.2682119607925415, 1.2434041500091553, 1.2207365036010742, 1.200212836265564, 1.1783581972122192, 1.1540229320526123, 1.1435495615005493, 1.1346242427825928, 1.1138346195220947, 1.0981097221374512, 1.080857753753662, 1.068751335144043, 1.0558524131774902, 1.0370359420776367, 1.020443081855774, 1.007245659828186, 0.9885386824607849, 0.9775598645210266, 0.9617064595222473, 0.955102264881134, 0.9481554627418518, 0.9385122060775757, 0.92569899559021, 0.922584056854248, 0.9007436633110046, 0.8877719044685364, 0.8873298764228821, 0.8886739015579224, 0.8694843053817749, 0.8627152442932129, 0.8531149625778198, 0.8401814699172974, 0.8290665745735168, 0.8315563201904297, 0.8210740089416504], "landscape_losses": [2.446110725402832, 2.0962631702423096, 1.9040071964263916, 1.725448489189148, 1.5514086484909058, 1.4032779932022095, 1.2359004020690918, 1.1017849445343018, 0.9971047043800354, 0.8767222762107849, 0.8170574307441711], "proxy_train_time": 9.389111245051026, "proxy_train_epochs": 50, "dirty_bit": 1, "landscape_term": 8.431976574558895, "speed_term": 7.959704570646535, "mote": 7.03598285030464}