{"id": 5868, "adj_matrix": [[0, 1, 1, 1], [0, 0, 1, 1], [0, 0, 0, 1], [0, 0, 0, 0]], "operations": ["skip_connect", "avg_pool_3x3", "nor_conv_1x1", "zeros", "nor_conv_1x1", "avg_pool_3x3"], "init_channel": 16, "blck_len": 5, "params": 0.135156, "flops": 15.65322, "latency": 0.013866698300396954, "train_per_time": 16.673146287600158, "train_time_200": 3334.629257520032, "train_accuracy_200": 0.7719533333333334, "test_accuracy_200": 0.6187999997965494, "train_time_12": 200.07775545120236, "train_accuracy_12": 0.3864, "test_accuracy_12": 0.36060000000000003, "valtest_accuracy_200": 0.6163666666666666, "valtest_accuracy_12": 0.35960000000000003, "proxy_losses": [2.546947717666626, 2.2020862102508545, 2.002929210662842, 1.8869218826293945, 1.8023370504379272, 1.7373480796813965, 1.6904679536819458, 1.6532903909683228, 1.6193640232086182, 1.5936232805252075, 1.5695879459381104, 1.546191692352295, 1.5271064043045044, 1.506433367729187, 1.4886802434921265, 1.4726543426513672, 1.4568663835525513, 1.4397270679473877, 1.4263246059417725, 1.413079857826233, 1.4008592367172241, 1.3896681070327759, 1.3763099908828735, 1.3665180206298828, 1.354931116104126, 1.345305323600769, 1.3347722291946411, 1.3232125043869019, 1.3135093450546265, 1.30197274684906, 1.2929068803787231, 1.2861016988754272, 1.274885892868042, 1.266492486000061, 1.2613513469696045, 1.254901647567749, 1.245585322380066, 1.2415554523468018, 1.2302361726760864, 1.2229849100112915, 1.218235731124878, 1.2074681520462036, 1.200508952140808, 1.1929285526275635, 1.1858458518981934, 1.1801525354385376, 1.1754419803619385, 1.169050931930542, 1.162596344947815, 1.160044550895691], "landscape_losses": [2.617809295654297, 2.3086752891540527, 2.089822769165039, 1.8929057121276855, 1.718136191368103, 1.5747677087783813, 1.4490669965744019, 1.3406392335891724, 1.2632659673690796, 1.1916521787643433, 1.1535402536392212], "proxy_train_time": 6.684008277952671, "proxy_train_epochs": 50, "dirty_bit": 1, "landscape_term": 6.972664280477343, "speed_term": 4.6729355400646915, "mote": 5.4523408868794885}