{"id": 592, "adj_matrix": [[0, 1, 1, 1], [0, 0, 1, 1], [0, 0, 0, 1], [0, 0, 0, 0]], "operations": ["zeros", "zeros", "nor_conv_1x1", "avg_pool_3x3", "nor_conv_3x3", "nor_conv_3x3"], "init_channel": 16, "blck_len": 5, "params": 0.593236, "flops": 82.49994, "latency": 0.017545170254177515, "train_per_time": 20.655464331308945, "train_time_200": 4131.092866261789, "train_accuracy_200": 0.5151733333333334, "test_accuracy_200": 0.465133333190918, "train_time_12": 247.86557197570798, "train_accuracy_12": 0.30756, "test_accuracy_12": 0.30019999966430666, "valtest_accuracy_200": 0.46483333333333327, "valtest_accuracy_12": 0.3011, "proxy_losses": [2.538005828857422, 2.408837080001831, 2.3141651153564453, 2.2385857105255127, 2.176121473312378, 2.126647710800171, 2.084921360015869, 2.0490832328796387, 2.0194623470306396, 1.993667721748352, 1.9699881076812744, 1.9490119218826294, 1.9327582120895386, 1.9179234504699707, 1.9046893119812012, 1.893341064453125, 1.8815006017684937, 1.8696730136871338, 1.8597904443740845, 1.8503726720809937, 1.8414435386657715, 1.8333476781845093, 1.8248109817504883, 1.8169761896133423, 1.8101295232772827, 1.8030219078063965, 1.796849012374878, 1.7910515069961548, 1.7840945720672607, 1.7790714502334595, 1.772634744644165, 1.7672759294509888, 1.7628589868545532, 1.757077932357788, 1.7531392574310303, 1.7485113143920898, 1.7438453435897827, 1.7400599718093872, 1.7359896898269653, 1.7332230806350708, 1.7281734943389893, 1.724715232849121, 1.7217708826065063, 1.7180724143981934, 1.7158499956130981, 1.7115496397018433, 1.7077006101608276, 1.7057242393493652, 1.7013587951660156, 1.6990736722946167], "landscape_losses": [2.5585484504699707, 2.4216463565826416, 2.2921924591064453, 2.1528639793395996, 2.01953125, 1.9153752326965332, 1.8364636898040771, 1.779444694519043, 1.7398675680160522, 1.7124345302581787, 1.696774959564209], "proxy_train_time": 8.864250847138464, "proxy_train_epochs": 50, "dirty_bit": 1, "landscape_term": 5.576376741534344, "speed_term": 4.72972199222076, "mote": 4.4924478753990735}