{"id": 5925, "adj_matrix": [[0, 1, 1, 1], [0, 0, 1, 1], [0, 0, 0, 1], [0, 0, 0, 0]], "operations": ["nor_conv_1x1", "skip_connect", "skip_connect", "avg_pool_3x3", "avg_pool_3x3", "skip_connect"], "init_channel": 16, "blck_len": 5, "params": 0.10715599999999999, "flops": 11.72106, "latency": 0.010914440508242007, "train_per_time": 12.6861427227656, "train_time_200": 2537.22854455312, "train_accuracy_200": 0.6017399999999999, "test_accuracy_200": 0.551133333211263, "train_time_12": 152.23371267318726, "train_accuracy_12": 0.33346, "test_accuracy_12": 0.3145999996948242, "valtest_accuracy_200": 0.5496666666666666, "valtest_accuracy_12": 0.3171, "proxy_losses": [7.472079753875732, 5.172529697418213, 3.7681190967559814, 3.0746309757232666, 2.719714879989624, 2.454641580581665, 2.2334439754486084, 2.0856645107269287, 1.994020938873291, 1.9236632585525513, 1.865463137626648, 1.8174993991851807, 1.7792152166366577, 1.7476283311843872, 1.722245454788208, 1.6962811946868896, 1.676579475402832, 1.656402349472046, 1.638174295425415, 1.6205360889434814, 1.6036851406097412, 1.588883638381958, 1.5725735425949097, 1.5595500469207764, 1.5454379320144653, 1.530876874923706, 1.5180256366729736, 1.5065898895263672, 1.4964511394500732, 1.4845927953720093, 1.4745298624038696, 1.4650475978851318, 1.4543912410736084, 1.445696473121643, 1.4376877546310425, 1.4325969219207764, 1.4229522943496704, 1.4151554107666016, 1.4106923341751099, 1.4035358428955078, 1.3961173295974731, 1.3911572694778442, 1.38504958152771, 1.3803106546401978, 1.3743165731430054, 1.3682080507278442, 1.362858772277832, 1.3600138425827026, 1.3548232316970825, 1.3499963283538818], "landscape_losses": [7.654170513153076, 5.54602575302124, 4.357080936431885, 3.504544496536255, 2.8747832775115967, 2.366954803466797, 1.9832555055618286, 1.6870572566986084, 1.4973978996276855, 1.3939969539642334, 1.348012924194336], "proxy_train_time": 4.765657698735595, "proxy_train_epochs": 50, "dirty_bit": 1, "landscape_term": 4.8201374294809645, "speed_term": 2.5454761835894093, "mote": 3.4610678876680776}