{"id": 5943, "adj_matrix": [[0, 1, 1, 1], [0, 0, 1, 1], [0, 0, 0, 1], [0, 0, 0, 0]], "operations": ["avg_pool_3x3", "nor_conv_1x1", "nor_conv_1x1", "skip_connect", "skip_connect", "zeros"], "init_channel": 16, "blck_len": 5, "params": 0.135156, "flops": 15.65322, "latency": 0.013152678807576498, "train_per_time": 14.900704622268677, "train_time_200": 2980.1409244537354, "train_accuracy_200": 0.5357666666666666, "test_accuracy_200": 0.5034666662394206, "train_time_12": 178.80845546722412, "train_accuracy_12": 0.26312, "test_accuracy_12": 0.25279999987792967, "valtest_accuracy_200": 0.5028333333333334, "valtest_accuracy_12": 0.2519, "proxy_losses": [3.9901390075683594, 3.2095494270324707, 2.751193046569824, 2.4508392810821533, 2.2522478103637695, 2.1266543865203857, 2.0350492000579834, 1.9634675979614258, 1.9181036949157715, 1.8813320398330688, 1.8535841703414917, 1.832177758216858, 1.8148263692855835, 1.8011881113052368, 1.7890441417694092, 1.7800555229187012, 1.7696529626846313, 1.7644869089126587, 1.756387710571289, 1.7503423690795898, 1.7427058219909668, 1.7355656623840332, 1.7304412126541138, 1.7240570783615112, 1.7181885242462158, 1.7126808166503906, 1.70518159866333, 1.6990320682525635, 1.6930824518203735, 1.6865609884262085, 1.6807383298873901, 1.6752513647079468, 1.6704480648040771, 1.665049433708191, 1.659597635269165, 1.6552953720092773, 1.6504994630813599, 1.6457327604293823, 1.6432089805603027, 1.6389644145965576, 1.635007381439209, 1.6320358514785767, 1.6282789707183838, 1.625440239906311, 1.6229807138442993, 1.6181384325027466, 1.616080641746521, 1.613446831703186, 1.6097952127456665, 1.6073309183120728], "landscape_losses": [4.077314853668213, 3.3651022911071777, 2.9350383281707764, 2.568760395050049, 2.2918782234191895, 2.0674822330474854, 1.8957889080047607, 1.766892910003662, 1.6759027242660522, 1.6315277814865112, 1.6084396839141846], "proxy_train_time": 7.094811674207449, "proxy_train_epochs": 50, "dirty_bit": 1, "landscape_term": 5.117221051858952, "speed_term": 3.8378904392264586, "mote": 3.9788067064792454}