{"id": 6036, "adj_matrix": [[0, 1, 1, 1], [0, 0, 1, 1], [0, 0, 0, 1], [0, 0, 0, 0]], "operations": ["nor_conv_1x1", "avg_pool_3x3", "nor_conv_3x3", "nor_conv_1x1", "nor_conv_3x3", "avg_pool_3x3"], "init_channel": 16, "blck_len": 5, "params": 0.621236, "flops": 86.4321, "latency": 0.01998424530029297, "train_per_time": 26.076161543528254, "train_time_200": 5215.232308705651, "train_accuracy_200": 0.9403899999999998, "test_accuracy_200": 0.6368999998779298, "train_time_12": 312.91393852233887, "train_accuracy_12": 0.4346, "test_accuracy_12": 0.4037999998779297, "valtest_accuracy_200": 0.6417499999999999, "valtest_accuracy_12": 0.4044, "proxy_losses": [3.0031588077545166, 2.0930655002593994, 1.8410556316375732, 1.7199749946594238, 1.6334376335144043, 1.5649926662445068, 1.5068871974945068, 1.4532549381256104, 1.40280020236969, 1.3570446968078613, 1.3143078088760376, 1.2815529108047485, 1.2473455667495728, 1.2183938026428223, 1.1914540529251099, 1.1682301759719849, 1.1443060636520386, 1.1222021579742432, 1.10636568069458, 1.0827583074569702, 1.0671294927597046, 1.0481598377227783, 1.029902696609497, 1.0156055688858032, 1.0057001113891602, 0.9895798563957214, 0.9736713171005249, 0.9586241245269775, 0.9493129849433899, 0.9347550868988037, 0.9254587888717651, 0.9129612445831299, 0.9005076885223389, 0.8844265341758728, 0.8736537098884583, 0.8671238422393799, 0.853447675704956, 0.8415458798408508, 0.8418073058128357, 0.8256191611289978, 0.8131057620048523, 0.8042837977409363, 0.8023849725723267, 0.7987563014030457, 0.7940526604652405, 0.7812281847000122, 0.7689324021339417, 0.7634005546569824, 0.7594581842422485, 0.7603612542152405], "landscape_losses": [3.1411471366882324, 2.375947952270508, 1.9980453252792358, 1.733064889907837, 1.493099331855774, 1.299865484237671, 1.1238933801651, 0.9782087206840515, 0.8633202314376831, 0.7864282131195068, 0.7417722940444946], "proxy_train_time": 9.600467748939991, "proxy_train_epochs": 50, "dirty_bit": 1, "landscape_term": 8.945853494455216, "speed_term": 8.57222188528747, "mote": 7.477249013430083}