{"id": 6073, "adj_matrix": [[0, 1, 1, 1], [0, 0, 1, 1], [0, 0, 0, 1], [0, 0, 0, 0]], "operations": ["nor_conv_1x1", "nor_conv_1x1", "skip_connect", "nor_conv_3x3", "nor_conv_3x3", "zeros"], "init_channel": 16, "blck_len": 5, "params": 0.621236, "flops": 86.4321, "latency": 0.01905565791659885, "train_per_time": 22.96408486366272, "train_time_200": 4592.816972732544, "train_accuracy_200": 0.9724799999999999, "test_accuracy_200": 0.6960999995727539, "train_time_12": 275.56901836395264, "train_accuracy_12": 0.47604, "test_accuracy_12": 0.4515999995727539, "valtest_accuracy_200": 0.6972999999999999, "valtest_accuracy_12": 0.4535, "proxy_losses": [2.2533421516418457, 1.8036589622497559, 1.6609171628952026, 1.5781524181365967, 1.5164152383804321, 1.462904453277588, 1.4122037887573242, 1.3671844005584717, 1.3262606859207153, 1.2870360612869263, 1.2515064477920532, 1.2204358577728271, 1.1923130750656128, 1.168519377708435, 1.140067219734192, 1.1170152425765991, 1.093071699142456, 1.0735636949539185, 1.0539969205856323, 1.033656120300293, 1.0180003643035889, 1.0013556480407715, 0.9949395656585693, 0.973823070526123, 0.9557663798332214, 0.9413124918937683, 0.9257726669311523, 0.9088802933692932, 0.8967624306678772, 0.8937386870384216, 0.8765634894371033, 0.8708916306495667, 0.8578345775604248, 0.8510130643844604, 0.8347803950309753, 0.8222566246986389, 0.8106018900871277, 0.8029961585998535, 0.7917088866233826, 0.7871938943862915, 0.7702763676643372, 0.7666319012641907, 0.7610375285148621, 0.751390814781189, 0.7420181632041931, 0.734390139579773, 0.7262380123138428, 0.7223168611526489, 0.7106266021728516, 0.7049638628959656], "landscape_losses": [2.3775737285614014, 1.9615939855575562, 1.7250480651855469, 1.5326429605484009, 1.3557995557785034, 1.1877400875091553, 1.041610598564148, 0.9230464100837708, 0.8141225576400757, 0.7416108250617981, 0.7125992178916931], "proxy_train_time": 9.255204616114497, "proxy_train_epochs": 50, "dirty_bit": 1, "landscape_term": 9.76552180194454, "speed_term": 8.862031132813627, "mote": 8.062577961730065}