{"id": 61, "adj_matrix": [[0, 1, 1, 1], [0, 0, 1, 1], [0, 0, 0, 1], [0, 0, 0, 0]], "operations": ["nor_conv_1x1", "skip_connect", "nor_conv_3x3", "zeros", "avg_pool_3x3", "avg_pool_3x3"], "init_channel": 16, "blck_len": 5, "params": 0.350196, "flops": 47.1105, "latency": 0.014286222281279388, "train_per_time": 17.904557665189156, "train_time_200": 3580.9115330378313, "train_accuracy_200": 0.9092533333333335, "test_accuracy_200": 0.6309333330078125, "train_time_12": 214.85469198226932, "train_accuracy_12": 0.4355, "test_accuracy_12": 0.4148000002441406, "valtest_accuracy_200": 0.6282333333333333, "valtest_accuracy_12": 0.4156, "proxy_losses": [2.310480833053589, 1.8605546951293945, 1.7328985929489136, 1.6537091732025146, 1.589692234992981, 1.5374444723129272, 1.4964288473129272, 1.4597618579864502, 1.4251052141189575, 1.3923567533493042, 1.361217737197876, 1.3356178998947144, 1.3084107637405396, 1.2839385271072388, 1.2599579095840454, 1.2391650676727295, 1.2153587341308594, 1.1973167657852173, 1.1815890073776245, 1.1586997509002686, 1.1396135091781616, 1.120559811592102, 1.1076301336288452, 1.0970115661621094, 1.0838595628738403, 1.0661983489990234, 1.0513757467269897, 1.0343906879425049, 1.0287275314331055, 1.022015929222107, 1.0061262845993042, 1.0012938976287842, 0.9817237257957458, 0.9817672967910767, 0.9655076861381531, 0.9588375687599182, 0.9515125155448914, 0.9341953992843628, 0.9239980578422546, 0.9105697274208069, 0.8990059494972229, 0.8947007656097412, 0.8865005970001221, 0.8875275254249573, 0.8809105753898621, 0.8629049062728882, 0.8563067317008972, 0.8449910879135132, 0.8412582874298096, 0.8323891758918762], "landscape_losses": [2.426380157470703, 2.04274845123291, 1.820428729057312, 1.643693208694458, 1.4805576801300049, 1.318225383758545, 1.1876364946365356, 1.0689879655838013, 0.9593775272369385, 0.8607754111289978, 0.8215682506561279], "proxy_train_time": 7.275110676884651, "proxy_train_epochs": 50, "dirty_bit": 1, "landscape_term": 8.692139871555394, "speed_term": 6.265908920918262, "mote": 6.916546871633313}