{"id": 6121, "adj_matrix": [[0, 1, 1, 1], [0, 0, 1, 1], [0, 0, 0, 1], [0, 0, 0, 0]], "operations": ["zeros", "skip_connect", "skip_connect", "zeros", "skip_connect", "skip_connect"], "init_channel": 16, "blck_len": 5, "params": 0.079156, "flops": 7.788900000000001, "latency": 0.008672692157604077, "train_per_time": 5.916253407796226, "train_time_200": 1183.2506815592453, "train_accuracy_200": 0.6307400000000001, "test_accuracy_200": 0.5801999997762044, "train_time_12": 70.99504089355469, "train_accuracy_12": 0.45555999999999996, "test_accuracy_12": 0.43979999932861324, "valtest_accuracy_200": 0.5781333333333333, "valtest_accuracy_12": 0.44179999999999997, "proxy_losses": [2.362489938735962, 2.2567176818847656, 2.181001663208008, 2.1248462200164795, 2.0807905197143555, 2.0442214012145996, 2.0126991271972656, 1.9857302904129028, 1.9622896909713745, 1.941367745399475, 1.9215717315673828, 1.903994083404541, 1.8872979879379272, 1.8719041347503662, 1.858402132987976, 1.845757246017456, 1.8353896141052246, 1.8247689008712769, 1.8152241706848145, 1.8059402704238892, 1.79838228225708, 1.7909187078475952, 1.7821552753448486, 1.775816559791565, 1.7697136402130127, 1.7619534730911255, 1.7574515342712402, 1.7531671524047852, 1.7465507984161377, 1.7410790920257568, 1.7370234727859497, 1.7315781116485596, 1.728127360343933, 1.722775936126709, 1.7188968658447266, 1.713711142539978, 1.7096344232559204, 1.7059972286224365, 1.701552391052246, 1.6984704732894897, 1.6935535669326782, 1.6904774904251099, 1.6865603923797607, 1.6837430000305176, 1.6814464330673218, 1.6770881414413452, 1.673932671546936, 1.6719622611999512, 1.6676931381225586, 1.6640514135360718], "landscape_losses": [2.3828141689300537, 2.262878179550171, 2.1570990085601807, 2.0500051975250244, 1.9549148082733154, 1.8745710849761963, 1.8047581911087036, 1.7501417398452759, 1.7090343236923218, 1.6820515394210815, 1.6617296934127808], "proxy_train_time": 3.6409741966053843, "proxy_train_epochs": 50, "dirty_bit": 1, "landscape_term": 5.764856343443342, "speed_term": 1.997070706726282, "mote": 3.9873388180469953}