{"id": 6148, "adj_matrix": [[0, 1, 1, 1], [0, 0, 1, 1], [0, 0, 0, 1], [0, 0, 0, 0]], "operations": ["nor_conv_3x3", "skip_connect", "nor_conv_1x1", "zeros", "nor_conv_3x3", "zeros"], "init_channel": 16, "blck_len": 5, "params": 0.593236, "flops": 82.49994, "latency": 0.01651959949069553, "train_per_time": 19.507177273432358, "train_time_200": 3901.4354546864715, "train_accuracy_200": 0.89561, "test_accuracy_200": 0.6427999995117187, "train_time_12": 234.08612728118894, "train_accuracy_12": 0.28386, "test_accuracy_12": 0.2889999996643066, "valtest_accuracy_200": 0.6383, "valtest_accuracy_12": 0.2893, "proxy_losses": [2.1006133556365967, 1.84798264503479, 1.73301362991333, 1.6413986682891846, 1.567537546157837, 1.5031439065933228, 1.4485524892807007, 1.3946386575698853, 1.3428000211715698, 1.3001784086227417, 1.2578656673431396, 1.2209863662719727, 1.1889839172363281, 1.1596556901931763, 1.1246103048324585, 1.0931979417800903, 1.0632225275039673, 1.0398632287979126, 1.0071953535079956, 0.9872248768806458, 0.9649741053581238, 0.9460993409156799, 0.915449321269989, 0.9050612449645996, 0.8846032023429871, 0.8677645325660706, 0.8436723351478577, 0.8359073996543884, 0.8183100819587708, 0.7986929416656494, 0.7789171934127808, 0.7677451968193054, 0.761538565158844, 0.7519114017486572, 0.7315677404403687, 0.721134603023529, 0.7098426818847656, 0.7015851736068726, 0.6917132139205933, 0.6802800893783569, 0.6751313209533691, 0.6660917401313782, 0.6485530138015747, 0.6438218355178833, 0.6296713948249817, 0.6199336051940918, 0.6224086880683899, 0.610771894454956, 0.6036391258239746, 0.5950185060501099], "landscape_losses": [2.1819674968719482, 1.9522064924240112, 1.7598007917404175, 1.567779302597046, 1.3807084560394287, 1.2266713380813599, 1.058430552482605, 0.9295476675033569, 0.7932370901107788, 0.6590527892112732, 0.5957551598548889], "proxy_train_time": 8.845966345630586, "proxy_train_epochs": 50, "dirty_bit": 1, "landscape_term": 10.193229366558255, "speed_term": 8.950784201000756, "mote": 8.355375828026604}