{"id": 6150, "adj_matrix": [[0, 1, 1, 1], [0, 0, 1, 1], [0, 0, 0, 1], [0, 0, 0, 0]], "operations": ["skip_connect", "zeros", "nor_conv_3x3", "avg_pool_3x3", "avg_pool_3x3", "avg_pool_3x3"], "init_channel": 16, "blck_len": 5, "params": 0.322196, "flops": 43.17834, "latency": 0.011266039477454292, "train_per_time": 16.39700758457184, "train_time_200": 3279.4015169143677, "train_accuracy_200": 0.60632, "test_accuracy_200": 0.5482999997558593, "train_time_12": 196.76409101486206, "train_accuracy_12": 0.33854, "test_accuracy_12": 0.323999999633789, "valtest_accuracy_200": 0.5479999999999999, "valtest_accuracy_12": 0.3209, "proxy_losses": [3.7547249794006348, 2.4301488399505615, 2.070340633392334, 1.9126789569854736, 1.8115601539611816, 1.7293866872787476, 1.6690747737884521, 1.6223074197769165, 1.5839505195617676, 1.5502694845199585, 1.5226967334747314, 1.5001744031906128, 1.4771255254745483, 1.4555909633636475, 1.4346524477005005, 1.4195905923843384, 1.4013303518295288, 1.386202096939087, 1.3701423406600952, 1.3575191497802734, 1.3418558835983276, 1.3334910869598389, 1.317908763885498, 1.3049416542053223, 1.2953829765319824, 1.2884833812713623, 1.2721710205078125, 1.2635198831558228, 1.2552443742752075, 1.2457386255264282, 1.2352826595306396, 1.2238813638687134, 1.21364164352417, 1.2062745094299316, 1.1967957019805908, 1.191853642463684, 1.1773523092269897, 1.1677680015563965, 1.16046142578125, 1.151675820350647, 1.1485458612442017, 1.131785273551941, 1.125795602798462, 1.1179232597351074, 1.1098144054412842, 1.1133332252502441, 1.1029695272445679, 1.0870393514633179, 1.083575963973999, 1.0790234804153442], "landscape_losses": [3.904897689819336, 2.8720920085906982, 2.400205135345459, 2.0493762493133545, 1.792757272720337, 1.589447021484375, 1.4479210376739502, 1.2999078035354614, 1.2074850797653198, 1.1213698387145996, 1.07351815700531], "proxy_train_time": 5.8057951824739575, "proxy_train_epochs": 50, "dirty_bit": 1, "landscape_term": 6.807182314362461, "speed_term": 4.123258504248089, "mote": 5.224680332617215}