{"id": 6151, "adj_matrix": [[0, 1, 1, 1], [0, 0, 1, 1], [0, 0, 0, 1], [0, 0, 0, 0]], "operations": ["nor_conv_1x1", "skip_connect", "skip_connect", "nor_conv_1x1", "zeros", "zeros"], "init_channel": 16, "blck_len": 5, "params": 0.135156, "flops": 15.65322, "latency": 0.016149136755201552, "train_per_time": 13.618743419647217, "train_time_200": 2723.7486839294434, "train_accuracy_200": 0.7245400000000001, "test_accuracy_200": 0.6277999999694824, "train_time_12": 163.4249210357666, "train_accuracy_12": 0.4155, "test_accuracy_12": 0.40700000024414057, "valtest_accuracy_200": 0.6286499999999999, "valtest_accuracy_12": 0.40659999999999996, "proxy_losses": [2.3190956115722656, 2.1755669116973877, 2.0908186435699463, 2.021746873855591, 1.9638402462005615, 1.9162676334381104, 1.8787058591842651, 1.8453090190887451, 1.8151010274887085, 1.7879332304000854, 1.7626601457595825, 1.7391387224197388, 1.715406060218811, 1.69466233253479, 1.6733343601226807, 1.6545644998550415, 1.6341867446899414, 1.6157472133636475, 1.5974684953689575, 1.580944299697876, 1.5633913278579712, 1.5477148294448853, 1.5351067781448364, 1.5187538862228394, 1.5038164854049683, 1.4902701377868652, 1.4782888889312744, 1.4660311937332153, 1.4525070190429688, 1.438819169998169, 1.4278534650802612, 1.4170864820480347, 1.4042043685913086, 1.3913648128509521, 1.3825548887252808, 1.3695343732833862, 1.362481713294983, 1.3526544570922852, 1.3423194885253906, 1.3328887224197388, 1.3247419595718384, 1.3157919645309448, 1.302048683166504, 1.2950726747512817, 1.2841500043869019, 1.2763129472732544, 1.2689292430877686, 1.2700797319412231, 1.2603439092636108, 1.24958074092865], "landscape_losses": [2.3663790225982666, 2.215949296951294, 2.0817689895629883, 1.9400839805603027, 1.8043874502182007, 1.671428918838501, 1.5502572059631348, 1.4402908086776733, 1.3518974781036377, 1.2794890403747559, 1.2436007261276245], "proxy_train_time": 6.696793950162828, "proxy_train_epochs": 50, "dirty_bit": 1, "landscape_term": 6.686896047806816, "speed_term": 4.286925284892705, "mote": 5.176415683163335}