{"id": 6225, "adj_matrix": [[0, 1, 1, 1], [0, 0, 1, 1], [0, 0, 0, 1], [0, 0, 0, 0]], "operations": ["nor_conv_1x1", "zeros", "nor_conv_3x3", "nor_conv_1x1", "nor_conv_1x1", "nor_conv_3x3"], "init_channel": 16, "blck_len": 5, "params": 0.649236, "flops": 90.36426, "latency": 0.019105076789855957, "train_per_time": 27.003030856450373, "train_time_200": 5400.606171290075, "train_accuracy_200": 0.97655, "test_accuracy_200": 0.6948999991455078, "train_time_12": 324.0363702774048, "train_accuracy_12": 0.52146, "test_accuracy_12": 0.4969999998779297, "valtest_accuracy_200": 0.69655, "valtest_accuracy_12": 0.4935, "proxy_losses": [2.2725162506103516, 1.855937123298645, 1.7029160261154175, 1.594356656074524, 1.5084196329116821, 1.4432082176208496, 1.3840526342391968, 1.3305946588516235, 1.2855312824249268, 1.2404708862304688, 1.2029056549072266, 1.1626548767089844, 1.1282602548599243, 1.0968493223190308, 1.0693604946136475, 1.0339688062667847, 1.0121394395828247, 0.9874818325042725, 0.9652819633483887, 0.9414758086204529, 0.9188774228096008, 0.9010456204414368, 0.8914976716041565, 0.8640815615653992, 0.8439114093780518, 0.8207177519798279, 0.8088683485984802, 0.7976736426353455, 0.7755271196365356, 0.7616486549377441, 0.7507832646369934, 0.7368247509002686, 0.7290845513343811, 0.7081499099731445, 0.6969594955444336, 0.6880974769592285, 0.6710391640663147, 0.6612467169761658, 0.6582196950912476, 0.6446356177330017, 0.6355533003807068, 0.6202739477157593, 0.6063006520271301, 0.5977575778961182, 0.5950427651405334, 0.580187976360321, 0.571681559085846, 0.5710291862487793, 0.5606820583343506, 0.5568187236785889], "landscape_losses": [2.4061853885650635, 2.018197774887085, 1.759173035621643, 1.5373895168304443, 1.347021460533142, 1.1592814922332764, 0.9851498007774353, 0.8349884748458862, 0.7029942274093628, 0.5938473343849182, 0.5562276244163513], "proxy_train_time": 10.603903881274164, "proxy_train_epochs": 50, "dirty_bit": 1, "landscape_term": 10.851913009385871, "speed_term": 11.1755089432846, "mote": 9.117992243863798}