{"id": 6243, "adj_matrix": [[0, 1, 1, 1], [0, 0, 1, 1], [0, 0, 0, 1], [0, 0, 0, 0]], "operations": ["nor_conv_1x1", "nor_conv_1x1", "avg_pool_3x3", "nor_conv_1x1", "avg_pool_3x3", "nor_conv_3x3"], "init_channel": 16, "blck_len": 5, "params": 0.406196, "flops": 54.97482, "latency": 0.017352002638357657, "train_per_time": 25.992967685063665, "train_time_200": 5198.593537012733, "train_accuracy_200": 0.9544799999999999, "test_accuracy_200": 0.6911999996541341, "train_time_12": 311.91561222076416, "train_accuracy_12": 0.46880000000000005, "test_accuracy_12": 0.4404000002441406, "valtest_accuracy_200": 0.6921666666666667, "valtest_accuracy_12": 0.4465, "proxy_losses": [2.3177075386047363, 1.891647458076477, 1.746740460395813, 1.6595734357833862, 1.5938800573349, 1.5382752418518066, 1.495274305343628, 1.4510923624038696, 1.4159280061721802, 1.3852812051773071, 1.356601595878601, 1.326566457748413, 1.304060697555542, 1.2816503047943115, 1.264312982559204, 1.2316789627075195, 1.2085084915161133, 1.1885228157043457, 1.170911192893982, 1.151214599609375, 1.1247161626815796, 1.1066632270812988, 1.0865854024887085, 1.0707248449325562, 1.052224040031433, 1.0382360219955444, 1.0206010341644287, 1.004551649093628, 0.9862807393074036, 0.9730328917503357, 0.9667786359786987, 0.95025634765625, 0.9403354525566101, 0.9362002015113831, 0.9160816669464111, 0.9039981365203857, 0.8874929547309875, 0.883328914642334, 0.8835474848747253, 0.8668500781059265, 0.8586286306381226, 0.8596977591514587, 0.8451058864593506, 0.8382008671760559, 0.8173755407333374, 0.8125779032707214, 0.8041672110557556, 0.7998819351196289, 0.7892511487007141, 0.7767557501792908], "landscape_losses": [2.4347567558288574, 2.0724620819091797, 1.8421077728271484, 1.6673927307128906, 1.5111154317855835, 1.354864239692688, 1.1993886232376099, 1.0490845441818237, 0.9287814497947693, 0.8362656235694885, 0.7772131562232971], "proxy_train_time": 8.84044059831649, "proxy_train_epochs": 50, "dirty_bit": 1, "landscape_term": 8.781766121695933, "speed_term": 7.784879905215163, "mote": 7.239699141119832}