{"id": 6402, "adj_matrix": [[0, 1, 1, 1], [0, 0, 1, 1], [0, 0, 0, 1], [0, 0, 0, 0]], "operations": ["zeros", "nor_conv_3x3", "avg_pool_3x3", "nor_conv_3x3", "avg_pool_3x3", "nor_conv_1x1"], "init_channel": 16, "blck_len": 5, "params": 0.593236, "flops": 82.49994, "latency": 0.017692067005016184, "train_per_time": 24.067587812741603, "train_time_200": 4813.517562548321, "train_accuracy_200": 0.9754266666666667, "test_accuracy_200": 0.6953333332519531, "train_time_12": 288.81105375289917, "train_accuracy_12": 0.4752, "test_accuracy_12": 0.4561999996948242, "valtest_accuracy_200": 0.6928666666666667, "valtest_accuracy_12": 0.4545, "proxy_losses": [2.143209457397461, 1.8210339546203613, 1.6983505487442017, 1.6201366186141968, 1.5535374879837036, 1.4946684837341309, 1.443793535232544, 1.4014859199523926, 1.3615574836730957, 1.326472282409668, 1.2912524938583374, 1.2561246156692505, 1.225813627243042, 1.2019726037979126, 1.173603892326355, 1.1528065204620361, 1.1301944255828857, 1.1101816892623901, 1.0886846780776978, 1.0696074962615967, 1.0443378686904907, 1.0300488471984863, 1.0113141536712646, 0.9982082843780518, 0.9856850504875183, 0.9605259895324707, 0.9407415986061096, 0.9269845485687256, 0.9112839698791504, 0.8952988982200623, 0.8899187445640564, 0.8865938186645508, 0.8797000050544739, 0.8606889843940735, 0.844368577003479, 0.8384250998497009, 0.8222953081130981, 0.8158999681472778, 0.8023427724838257, 0.7876192927360535, 0.7774865031242371, 0.7665696144104004, 0.7609075903892517, 0.7518336772918701, 0.7459620237350464, 0.7441356778144836, 0.7429260015487671, 0.7292968034744263, 0.709827721118927, 0.7040165662765503], "landscape_losses": [2.23112154006958, 1.9388189315795898, 1.7356743812561035, 1.550112009048462, 1.39043390750885, 1.2284489870071411, 1.0795414447784424, 0.9660281538963318, 0.8436742424964905, 0.7521306872367859, 0.7033122777938843], "proxy_train_time": 8.802740262821317, "proxy_train_epochs": 50, "dirty_bit": 1, "landscape_term": 9.616654217104099, "speed_term": 8.284194149719385, "mote": 7.872316678765391}