{"id": 6530, "adj_matrix": [[0, 1, 1, 1], [0, 0, 1, 1], [0, 0, 0, 1], [0, 0, 0, 0]], "operations": ["nor_conv_3x3", "nor_conv_1x1", "avg_pool_3x3", "skip_connect", "nor_conv_3x3", "nor_conv_1x1"], "init_channel": 16, "blck_len": 5, "params": 0.621236, "flops": 86.4321, "latency": 0.017348276244269475, "train_per_time": 25.242518146832776, "train_time_200": 5048.503629366555, "train_accuracy_200": 0.9952, "test_accuracy_200": 0.7165999993286133, "train_time_12": 302.9102177619933, "train_accuracy_12": 0.63776, "test_accuracy_12": 0.5839999995117188, "valtest_accuracy_200": 0.7161, "valtest_accuracy_12": 0.5836, "proxy_losses": [2.5148584842681885, 1.8490560054779053, 1.6576107740402222, 1.562097430229187, 1.489904522895813, 1.4321502447128296, 1.3835954666137695, 1.3427321910858154, 1.2983827590942383, 1.2601642608642578, 1.2261943817138672, 1.192964792251587, 1.162202000617981, 1.133862853050232, 1.1142476797103882, 1.086203932762146, 1.0625035762786865, 1.0313935279846191, 1.005697250366211, 0.9875838160514832, 0.9701358675956726, 0.9461457133293152, 0.9194872975349426, 0.9208251237869263, 0.8926149606704712, 0.8731600642204285, 0.8499645590782166, 0.8429224491119385, 0.8339715003967285, 0.8303127884864807, 0.8164719939231873, 0.8017605543136597, 0.7839382886886597, 0.7753031253814697, 0.7696048021316528, 0.7498593926429749, 0.7405630350112915, 0.7322916388511658, 0.7219276428222656, 0.7196136713027954, 0.7041977643966675, 0.6947174072265625, 0.6853291392326355, 0.6829670667648315, 0.6730334162712097, 0.6571156978607178, 0.6515583992004395, 0.6541484594345093, 0.6411610841751099, 0.6331473588943481], "landscape_losses": [2.644653797149658, 2.1108760833740234, 1.8190147876739502, 1.5680556297302246, 1.358981966972351, 1.179397702217102, 1.0112961530685425, 0.8566192388534546, 0.7505937218666077, 0.6650105714797974, 0.6301676034927368], "proxy_train_time": 9.20728507079184, "proxy_train_epochs": 50, "dirty_bit": 1, "landscape_term": 10.202177645765031, "speed_term": 9.214351333324826, "mote": 8.402608844272045}