{"id": 6537, "adj_matrix": [[0, 1, 1, 1], [0, 0, 1, 1], [0, 0, 0, 1], [0, 0, 0, 0]], "operations": ["zeros", "nor_conv_3x3", "skip_connect", "zeros", "nor_conv_3x3", "nor_conv_3x3"], "init_channel": 16, "blck_len": 5, "params": 0.808276, "flops": 113.95722, "latency": 0.017874545521206327, "train_per_time": 20.692845344543457, "train_time_200": 4138.569068908691, "train_accuracy_200": 0.88803, "test_accuracy_200": 0.6367999998168945, "train_time_12": 248.31414413452148, "train_accuracy_12": 0.30506, "test_accuracy_12": 0.30639999969482423, "valtest_accuracy_200": 0.63885, "valtest_accuracy_12": 0.31, "proxy_losses": [2.3092920780181885, 1.9778480529785156, 1.8398996591567993, 1.7441363334655762, 1.6725422143936157, 1.60417640209198, 1.546677589416504, 1.486733078956604, 1.4441261291503906, 1.3984869718551636, 1.3559918403625488, 1.3258306980133057, 1.2813925743103027, 1.2510610818862915, 1.2156963348388672, 1.1799347400665283, 1.156219482421875, 1.1321755647659302, 1.102632761001587, 1.0780717134475708, 1.057937741279602, 1.0378046035766602, 1.0064116716384888, 0.9907292127609253, 0.969428539276123, 0.9498228430747986, 0.9349692463874817, 0.9134343862533569, 0.8937987089157104, 0.8770081996917725, 0.8670019507408142, 0.8503146767616272, 0.8388492465019226, 0.8210760951042175, 0.8052083253860474, 0.7931235432624817, 0.7879428863525391, 0.7826693654060364, 0.7705095410346985, 0.7463028430938721, 0.7404086589813232, 0.7221626043319702, 0.7123917937278748, 0.7035509943962097, 0.6999462842941284, 0.6842420101165771, 0.6821854710578918, 0.6777639389038086, 0.6649194955825806, 0.6484156250953674], "landscape_losses": [2.41260027885437, 2.0790696144104004, 1.825241208076477, 1.6134980916976929, 1.4334492683410645, 1.245856523513794, 1.079083800315857, 0.9268185496330261, 0.7998999953269958, 0.7125300168991089, 0.6545354723930359], "proxy_train_time": 8.963457246311009, "proxy_train_epochs": 50, "dirty_bit": 1, "landscape_term": 9.750476699747493, "speed_term": 8.340698057712865, "mote": 7.96908453141053}