{"id": 6550, "adj_matrix": [[0, 1, 1, 1], [0, 0, 1, 1], [0, 0, 0, 1], [0, 0, 0, 0]], "operations": ["skip_connect", "nor_conv_3x3", "skip_connect", "skip_connect", "zeros", "avg_pool_3x3"], "init_channel": 16, "blck_len": 5, "params": 0.322196, "flops": 43.17834, "latency": 0.012245928799664532, "train_per_time": 12.572005271911621, "train_time_200": 2514.401054382324, "train_accuracy_200": 0.6235533333333333, "test_accuracy_200": 0.5687999995727538, "train_time_12": 150.86406326293945, "train_accuracy_12": 0.34119999999999995, "test_accuracy_12": 0.3271999997863769, "valtest_accuracy_200": 0.5664333333333333, "valtest_accuracy_12": 0.3298, "proxy_losses": [3.5167880058288574, 2.2815463542938232, 1.9492740631103516, 1.8160046339035034, 1.7319953441619873, 1.6837702989578247, 1.6399259567260742, 1.6055711507797241, 1.572603702545166, 1.5464609861373901, 1.5251357555389404, 1.5026423931121826, 1.4818611145019531, 1.4619905948638916, 1.445212960243225, 1.4276927709579468, 1.4120633602142334, 1.3941980600357056, 1.3790282011032104, 1.3631958961486816, 1.3491743803024292, 1.3365060091018677, 1.3196938037872314, 1.3085620403289795, 1.2958149909973145, 1.280439853668213, 1.2688957452774048, 1.2606122493743896, 1.2482937574386597, 1.237408995628357, 1.226582407951355, 1.2180650234222412, 1.2075408697128296, 1.1982136964797974, 1.1894153356552124, 1.1769459247589111, 1.1662025451660156, 1.153244972229004, 1.146713137626648, 1.1411935091018677, 1.132327675819397, 1.1225367784500122, 1.107221007347107, 1.1015206575393677, 1.093417763710022, 1.0851482152938843, 1.0843870639801025, 1.0798543691635132, 1.06071937084198, 1.0615129470825195], "landscape_losses": [3.654667854309082, 2.6823978424072266, 2.2473506927490234, 1.9703189134597778, 1.7188674211502075, 1.53615140914917, 1.3674404621124268, 1.2427586317062378, 1.1456761360168457, 1.0937117338180542, 1.0525104999542236], "proxy_train_time": 5.412504899315536, "proxy_train_epochs": 50, "dirty_bit": 1, "landscape_term": 7.104908572727097, "speed_term": 3.899773050838911, "mote": 5.380741317167678}