{"id": 6632, "adj_matrix": [[0, 1, 1, 1], [0, 0, 1, 1], [0, 0, 0, 1], [0, 0, 0, 0]], "operations": ["nor_conv_1x1", "nor_conv_1x1", "nor_conv_1x1", "nor_conv_3x3", "zeros", "nor_conv_1x1"], "init_channel": 16, "blck_len": 5, "params": 0.434196, "flops": 58.90698, "latency": 0.02120269669426812, "train_per_time": 26.057293256123845, "train_time_200": 5211.458651224769, "train_accuracy_200": 0.95512, "test_accuracy_200": 0.6967333330078127, "train_time_12": 312.6875190734863, "train_accuracy_12": 0.48684, "test_accuracy_12": 0.4651999999389648, "valtest_accuracy_200": 0.6953666666666668, "valtest_accuracy_12": 0.46759999999999996, "proxy_losses": [2.3086044788360596, 1.9771212339401245, 1.8414579629898071, 1.74947988986969, 1.6790134906768799, 1.616990566253662, 1.5633764266967773, 1.5177170038223267, 1.4807515144348145, 1.4431055784225464, 1.4138431549072266, 1.384899616241455, 1.357156753540039, 1.3331191539764404, 1.3074126243591309, 1.2845234870910645, 1.2598659992218018, 1.2356966733932495, 1.2116785049438477, 1.189226508140564, 1.17451810836792, 1.1551846265792847, 1.1330208778381348, 1.1104944944381714, 1.0950989723205566, 1.0696818828582764, 1.0610944032669067, 1.042286992073059, 1.0219502449035645, 1.0063409805297852, 0.993154764175415, 0.9738714694976807, 0.9579010605812073, 0.9468932747840881, 0.9307274222373962, 0.9230458736419678, 0.9132336974143982, 0.9008288383483887, 0.8813178539276123, 0.8728613257408142, 0.8667563199996948, 0.8653090000152588, 0.8486011028289795, 0.8386801481246948, 0.8277933597564697, 0.815704882144928, 0.8062298893928528, 0.8061677813529968, 0.7914636731147766, 0.7938744425773621], "landscape_losses": [2.417410135269165, 2.1138672828674316, 1.9005722999572754, 1.7248318195343018, 1.536424160003662, 1.377946138381958, 1.217809796333313, 1.0743424892425537, 0.9536810517311096, 0.8277812600135803, 0.7841703295707703], "proxy_train_time": 10.282667990773916, "proxy_train_epochs": 50, "dirty_bit": 1, "landscape_term": 8.653034637825126, "speed_term": 8.776733517836773, "mote": 7.315731485607633}