{"id": 6817, "adj_matrix": [[0, 1, 1, 1], [0, 0, 1, 1], [0, 0, 0, 1], [0, 0, 0, 0]], "operations": ["skip_connect", "zeros", "avg_pool_3x3", "nor_conv_1x1", "nor_conv_1x1", "nor_conv_3x3"], "init_channel": 16, "blck_len": 5, "params": 0.378196, "flops": 51.04266, "latency": 0.01625526613659329, "train_per_time": 20.670157194137573, "train_time_200": 4134.031438827515, "train_accuracy_200": 0.8824299999999999, "test_accuracy_200": 0.6706999994201661, "train_time_12": 248.04188632965088, "train_accuracy_12": 0.47914, "test_accuracy_12": 0.47039999926757814, "valtest_accuracy_200": 0.67235, "valtest_accuracy_12": 0.4702, "proxy_losses": [2.309112787246704, 1.91512930393219, 1.7919117212295532, 1.7160048484802246, 1.657468557357788, 1.609533667564392, 1.567777395248413, 1.5254535675048828, 1.4890049695968628, 1.4498403072357178, 1.4168589115142822, 1.385590672492981, 1.3567475080490112, 1.3298066854476929, 1.3037896156311035, 1.2803888320922852, 1.2605712413787842, 1.2400338649749756, 1.2191871404647827, 1.2006951570510864, 1.1838834285736084, 1.168084979057312, 1.1511433124542236, 1.1383146047592163, 1.1270365715026855, 1.1080896854400635, 1.0959948301315308, 1.0821470022201538, 1.0670716762542725, 1.0591905117034912, 1.0462363958358765, 1.0384613275527954, 1.0304558277130127, 1.0108054876327515, 0.9964624047279358, 0.9913591742515564, 0.9750730395317078, 0.9602470993995667, 0.9521239399909973, 0.9495849609375, 0.9405373334884644, 0.924131453037262, 0.9164061546325684, 0.912775993347168, 0.9034325480461121, 0.8955301642417908, 0.8855807781219482, 0.8750314712524414, 0.8660311698913574, 0.8582130670547485], "landscape_losses": [2.4102370738983154, 2.071834087371826, 1.873089075088501, 1.687422275543213, 1.5307435989379883, 1.368699073791504, 1.2245502471923828, 1.0890069007873535, 0.9867425560951233, 0.9056973457336426, 0.8513244986534119], "proxy_train_time": 7.97165715880692, "proxy_train_epochs": 50, "dirty_bit": 1, "landscape_term": 8.435048030503163, "speed_term": 6.628206729790962, "mote": 6.810292093190601}