{"id": 6915, "adj_matrix": [[0, 1, 1, 1], [0, 0, 1, 1], [0, 0, 0, 1], [0, 0, 0, 0]], "operations": ["avg_pool_3x3", "zeros", "avg_pool_3x3", "nor_conv_1x1", "nor_conv_1x1", "skip_connect"], "init_channel": 16, "blck_len": 5, "params": 0.135156, "flops": 15.65322, "latency": 0.014035224914550781, "train_per_time": 16.745856483777406, "train_time_200": 3349.171296755481, "train_accuracy_200": 0.7778499999999999, "test_accuracy_200": 0.6246999996643067, "train_time_12": 200.9502778053284, "train_accuracy_12": 0.38392000000000004, "test_accuracy_12": 0.35500000003051757, "valtest_accuracy_200": 0.6239, "valtest_accuracy_12": 0.3556, "proxy_losses": [2.9217915534973145, 2.401393413543701, 2.1691133975982666, 2.047024965286255, 1.9556466341018677, 1.8827509880065918, 1.821118950843811, 1.7691524028778076, 1.7244086265563965, 1.6877466440200806, 1.6557632684707642, 1.627860188484192, 1.603212594985962, 1.581134557723999, 1.561551809310913, 1.5411866903305054, 1.5190187692642212, 1.501059889793396, 1.4828548431396484, 1.4646493196487427, 1.4497593641281128, 1.4337928295135498, 1.4198747873306274, 1.4057636260986328, 1.3929909467697144, 1.3826549053192139, 1.3681622743606567, 1.3601810932159424, 1.3464701175689697, 1.3343228101730347, 1.3226964473724365, 1.3123246431350708, 1.3038698434829712, 1.296087384223938, 1.2845021486282349, 1.275804042816162, 1.266613483428955, 1.2583882808685303, 1.251154899597168, 1.241681456565857, 1.2359826564788818, 1.224953532218933, 1.2227410078048706, 1.214943289756775, 1.2076566219329834, 1.1979234218597412, 1.195461392402649, 1.1828696727752686, 1.175536870956421, 1.1710234880447388], "landscape_losses": [2.9938127994537354, 2.5610647201538086, 2.2860500812530518, 2.066413402557373, 1.8598835468292236, 1.6862012147903442, 1.5352067947387695, 1.4083130359649658, 1.2923710346221924, 1.208082914352417, 1.1676476001739502], "proxy_train_time": 6.785778256133199, "proxy_train_epochs": 50, "dirty_bit": 1, "landscape_term": 6.595967516029282, "speed_term": 4.5447807743401025, "mote": 5.167094883009894}