{"id": 6968, "adj_matrix": [[0, 1, 1, 1], [0, 0, 1, 1], [0, 0, 0, 1], [0, 0, 0, 0]], "operations": ["avg_pool_3x3", "avg_pool_3x3", "avg_pool_3x3", "nor_conv_3x3", "nor_conv_3x3", "avg_pool_3x3"], "init_channel": 16, "blck_len": 5, "params": 0.565236, "flops": 78.56778, "latency": 0.014497054947747124, "train_per_time": 23.15107278029122, "train_time_200": 4630.214556058244, "train_accuracy_200": 0.64594, "test_accuracy_200": 0.5729999997253418, "train_time_12": 277.8128733634948, "train_accuracy_12": 0.32986, "test_accuracy_12": 0.31079999969482425, "valtest_accuracy_200": 0.5742499999999999, "valtest_accuracy_12": 0.31370000000000003, "proxy_losses": [3.4045145511627197, 2.130591630935669, 1.8595010042190552, 1.7291067838668823, 1.641001582145691, 1.5895366668701172, 1.545444369316101, 1.5043753385543823, 1.4770005941390991, 1.4479091167449951, 1.4211080074310303, 1.397019386291504, 1.3753056526184082, 1.357941746711731, 1.3370866775512695, 1.3189219236373901, 1.3032898902893066, 1.2913457155227661, 1.272328495979309, 1.2518852949142456, 1.237762212753296, 1.2243099212646484, 1.2037123441696167, 1.1920355558395386, 1.184494972229004, 1.1742898225784302, 1.1585546731948853, 1.1471281051635742, 1.1264111995697021, 1.1232632398605347, 1.1082017421722412, 1.0999783277511597, 1.0895400047302246, 1.089245319366455, 1.0795574188232422, 1.0640915632247925, 1.0515868663787842, 1.0459202527999878, 1.0315642356872559, 1.0300801992416382, 1.0213336944580078, 1.0179730653762817, 1.0085293054580688, 1.001111388206482, 1.000178575515747, 0.9914265871047974, 0.9808646440505981, 0.9780499935150146, 0.9606549739837646, 0.9519084692001343], "landscape_losses": [3.5396671295166016, 2.6141858100891113, 2.206258535385132, 1.9407273530960083, 1.7019306421279907, 1.5224140882492065, 1.3548781871795654, 1.2087109088897705, 1.080135703086853, 0.9802319407463074, 0.9399837851524353], "proxy_train_time": 7.786636532284319, "proxy_train_epochs": 50, "dirty_bit": 1, "landscape_term": 7.453212881555333, "speed_term": 6.080557093903971, "mote": 6.050894420156732}