{"id": 7036, "adj_matrix": [[0, 1, 1, 1], [0, 0, 1, 1], [0, 0, 0, 1], [0, 0, 0, 0]], "operations": ["nor_conv_3x3", "nor_conv_3x3", "nor_conv_1x1", "nor_conv_3x3", "skip_connect", "nor_conv_1x1"], "init_channel": 16, "blck_len": 5, "params": 0.8642759999999999, "flops": 121.82153999999998, "latency": 0.019954500374970614, "train_per_time": 27.516378800074293, "train_time_200": 5503.275760014859, "train_accuracy_200": 0.9868400000000002, "test_accuracy_200": 0.6990666661376953, "train_time_12": 330.1965456008911, "train_accuracy_12": 0.49886, "test_accuracy_12": 0.4792000001220703, "valtest_accuracy_200": 0.6991333333333334, "valtest_accuracy_12": 0.47859999999999997, "proxy_losses": [2.122112989425659, 1.7653849124908447, 1.629605770111084, 1.535152554512024, 1.4632543325424194, 1.4053435325622559, 1.351812720298767, 1.3017069101333618, 1.2529624700546265, 1.2074817419052124, 1.171571135520935, 1.1373451948165894, 1.104919195175171, 1.0851032733917236, 1.0611145496368408, 1.0262404680252075, 1.0075814723968506, 0.9816579818725586, 0.9689812660217285, 0.9476681351661682, 0.9357436299324036, 0.9175546169281006, 0.9005894660949707, 0.88299161195755, 0.8601118326187134, 0.8530687689781189, 0.8337437510490417, 0.819877564907074, 0.8038263916969299, 0.7974610328674316, 0.7957262992858887, 0.7755006551742554, 0.7633581757545471, 0.7513487339019775, 0.7437456250190735, 0.7275547981262207, 0.7127894163131714, 0.7086522579193115, 0.7007054686546326, 0.6948390603065491, 0.6815261840820312, 0.6733680367469788, 0.6698713898658752, 0.6563578248023987, 0.6672423481941223, 0.6418794989585876, 0.6302118301391602, 0.6214946508407593, 0.61421138048172, 0.6067063808441162], "landscape_losses": [2.2420425415039062, 1.9081984758377075, 1.6994200944900513, 1.4957141876220703, 1.3184247016906738, 1.1308673620224, 0.9851640462875366, 0.8356303572654724, 0.7144191861152649, 0.6383189558982849, 0.6037344932556152], "proxy_train_time": 10.46988933160901, "proxy_train_epochs": 50, "dirty_bit": 1, "landscape_term": 10.704318613775744, "speed_term": 10.913169329254139, "mote": 8.98458353911286}