{"id": 7056, "adj_matrix": [[0, 1, 1, 1], [0, 0, 1, 1], [0, 0, 0, 1], [0, 0, 0, 0]], "operations": ["zeros", "nor_conv_1x1", "zeros", "nor_conv_3x3", "nor_conv_3x3", "nor_conv_3x3"], "init_channel": 16, "blck_len": 5, "params": 0.8362760000000001, "flops": 117.88938, "latency": 0.019739058282640245, "train_per_time": 23.896852016448975, "train_time_200": 4779.370403289795, "train_accuracy_200": 0.9682733333333334, "test_accuracy_200": 0.6903333335367838, "train_time_12": 286.7622241973877, "train_accuracy_12": 0.46912, "test_accuracy_12": 0.45279999951171873, "valtest_accuracy_200": 0.6906666666666667, "valtest_accuracy_12": 0.4551, "proxy_losses": [2.063067674636841, 1.7561674118041992, 1.6308649778366089, 1.547500729560852, 1.4738686084747314, 1.414589524269104, 1.3622854948043823, 1.316019892692566, 1.2745319604873657, 1.2402727603912354, 1.2077361345291138, 1.1747655868530273, 1.141623854637146, 1.1219958066940308, 1.0904674530029297, 1.0640826225280762, 1.0501641035079956, 1.0257147550582886, 0.9985701441764832, 0.9830363988876343, 0.9630854725837708, 0.9476603269577026, 0.9227678775787354, 0.9146173596382141, 0.9078049063682556, 0.8939869403839111, 0.8766263723373413, 0.8619529008865356, 0.8508690595626831, 0.8383504748344421, 0.8258024454116821, 0.8190962076187134, 0.8053650259971619, 0.7998746633529663, 0.7857113480567932, 0.7708441615104675, 0.7596014738082886, 0.7530102729797363, 0.7402940988540649, 0.7320773005485535, 0.7311819791793823, 0.7235822081565857, 0.7191212177276611, 0.7123531103134155, 0.7022778391838074, 0.6976677179336548, 0.6930184364318848, 0.6838074922561646, 0.6720367074012756, 0.6668140888214111], "landscape_losses": [2.162543773651123, 1.883576512336731, 1.6709195375442505, 1.4675167798995972, 1.2885867357254028, 1.1476151943206787, 0.9922417998313904, 0.8730660080909729, 0.77006995677948, 0.6934542655944824, 0.664527416229248], "proxy_train_time": 11.140136088244617, "proxy_train_epochs": 50, "dirty_bit": 1, "landscape_term": 10.319311501754639, "speed_term": 11.2054446960674, "mote": 8.778080343084753}