{"id": 7063, "adj_matrix": [[0, 1, 1, 1], [0, 0, 1, 1], [0, 0, 0, 1], [0, 0, 0, 0]], "operations": ["avg_pool_3x3", "skip_connect", "nor_conv_3x3", "nor_conv_1x1", "skip_connect", "nor_conv_3x3"], "init_channel": 16, "blck_len": 5, "params": 0.593236, "flops": 82.49994, "latency": 0.017430075892695674, "train_per_time": 20.7657724221548, "train_time_200": 4153.15448443096, "train_accuracy_200": 0.9786466666666667, "test_accuracy_200": 0.6737999995320638, "train_time_12": 249.18926906585696, "train_accuracy_12": 0.5071, "test_accuracy_12": 0.4811999994506836, "valtest_accuracy_200": 0.6738000000000001, "valtest_accuracy_12": 0.4796, "proxy_losses": [2.512683629989624, 1.8867930173873901, 1.7261183261871338, 1.6230086088180542, 1.5547834634780884, 1.4971061944961548, 1.446776270866394, 1.4041759967803955, 1.35953950881958, 1.3169124126434326, 1.2818408012390137, 1.243890643119812, 1.2106907367706299, 1.1801711320877075, 1.1531715393066406, 1.1238864660263062, 1.1013569831848145, 1.0843620300292969, 1.0631340742111206, 1.0383784770965576, 1.0248920917510986, 1.0025736093521118, 0.9933121204376221, 0.9729756116867065, 0.962591290473938, 0.946181058883667, 0.9462460875511169, 0.9346718788146973, 0.9078641533851624, 0.8941757678985596, 0.8832671642303467, 0.8690335154533386, 0.868701159954071, 0.8552713990211487, 0.8408988118171692, 0.8285202383995056, 0.8174680471420288, 0.8138880133628845, 0.8151370882987976, 0.7995966076850891, 0.7854138612747192, 0.7756236791610718, 0.7614297866821289, 0.7574143409729004, 0.7471417784690857, 0.7431094646453857, 0.7297265529632568, 0.725895881652832, 0.7187241911888123, 0.7081006169319153], "landscape_losses": [2.649796485900879, 2.104435443878174, 1.83256995677948, 1.6160016059875488, 1.4380475282669067, 1.2638882398605347, 1.1154412031173706, 1.0079413652420044, 0.8876657485961914, 0.765773355960846, 0.7090193629264832], "proxy_train_time": 7.824111040681601, "proxy_train_epochs": 50, "dirty_bit": 1, "landscape_term": 9.235109572665992, "speed_term": 7.348152649471709, "mote": 7.465811151470027}