{"id": 7070, "adj_matrix": [[0, 1, 1, 1], [0, 0, 1, 1], [0, 0, 0, 1], [0, 0, 0, 0]], "operations": ["skip_connect", "nor_conv_1x1", "nor_conv_1x1", "avg_pool_3x3", "nor_conv_1x1", "zeros"], "init_channel": 16, "blck_len": 5, "params": 0.163156, "flops": 19.58538, "latency": 0.01659769923598678, "train_per_time": 18.97675335407257, "train_time_200": 3795.350670814514, "train_accuracy_200": 0.7920266666666668, "test_accuracy_200": 0.6341999999186198, "train_time_12": 227.72104024887085, "train_accuracy_12": 0.43146, "test_accuracy_12": 0.41139999951171874, "valtest_accuracy_200": 0.6347333333333333, "valtest_accuracy_12": 0.4127, "proxy_losses": [2.506460428237915, 2.248875617980957, 2.1066699028015137, 2.025744676589966, 1.966436505317688, 1.9213542938232422, 1.8846570253372192, 1.853875756263733, 1.825429081916809, 1.7973681688308716, 1.7724382877349854, 1.7501945495605469, 1.7271801233291626, 1.706391453742981, 1.6899648904800415, 1.6708353757858276, 1.6543501615524292, 1.6401474475860596, 1.6262471675872803, 1.6126399040222168, 1.601672649383545, 1.58805513381958, 1.5768144130706787, 1.5652066469192505, 1.5526713132858276, 1.5433818101882935, 1.5311628580093384, 1.5224575996398926, 1.508912444114685, 1.498883843421936, 1.486571192741394, 1.4767355918884277, 1.4667928218841553, 1.4564443826675415, 1.4476253986358643, 1.4381600618362427, 1.430151343345642, 1.4174691438674927, 1.4076745510101318, 1.402034044265747, 1.3914613723754883, 1.3863035440444946, 1.3717882633209229, 1.3627063035964966, 1.3527406454086304, 1.3484774827957153, 1.3389561176300049, 1.331605076789856, 1.3192689418792725, 1.3136993646621704], "landscape_losses": [2.559969425201416, 2.3265678882598877, 2.160953998565674, 2.0112648010253906, 1.8651492595672607, 1.732287883758545, 1.6026254892349243, 1.4954822063446045, 1.4072608947753906, 1.3461321592330933, 1.3095649480819702], "proxy_train_time": 7.573897896334529, "proxy_train_epochs": 50, "dirty_bit": 1, "landscape_term": 6.403565381026565, "speed_term": 4.708779966174953, "mote": 5.067315286604384}