{"id": 7079, "adj_matrix": [[0, 1, 1, 1], [0, 0, 1, 1], [0, 0, 0, 1], [0, 0, 0, 0]], "operations": ["nor_conv_1x1", "nor_conv_1x1", "nor_conv_3x3", "zeros", "skip_connect", "nor_conv_3x3"], "init_channel": 16, "blck_len": 5, "params": 0.621236, "flops": 86.4321, "latency": 0.019115655510513873, "train_per_time": 22.605407396952284, "train_time_200": 4521.0814793904565, "train_accuracy_200": 0.9728666666666668, "test_accuracy_200": 0.695933332804362, "train_time_12": 271.2648887634277, "train_accuracy_12": 0.51952, "test_accuracy_12": 0.4997999996948242, "valtest_accuracy_200": 0.6952666666666666, "valtest_accuracy_12": 0.4984, "proxy_losses": [2.2487404346466064, 1.9085041284561157, 1.7493822574615479, 1.6275713443756104, 1.5379290580749512, 1.4708757400512695, 1.4092445373535156, 1.3603075742721558, 1.3114744424819946, 1.2650009393692017, 1.2256869077682495, 1.1873949766159058, 1.1541935205459595, 1.1216988563537598, 1.089584469795227, 1.065178632736206, 1.0385475158691406, 1.0034574270248413, 0.981860339641571, 0.9643594622612, 0.9347642660140991, 0.9146985411643982, 0.895457923412323, 0.8841847777366638, 0.8782564401626587, 0.8531656265258789, 0.8340487480163574, 0.8195450305938721, 0.7999017834663391, 0.7938522100448608, 0.781744658946991, 0.7689729928970337, 0.7590807676315308, 0.7417401075363159, 0.736757755279541, 0.7290123105049133, 0.7251563668251038, 0.7163699865341187, 0.6954063773155212, 0.6887786388397217, 0.6772057414054871, 0.6665648221969604, 0.653118371963501, 0.6446780562400818, 0.6365110874176025, 0.620664119720459, 0.6095660924911499, 0.5984533429145813, 0.5923477411270142, 0.5919983386993408], "landscape_losses": [2.3674299716949463, 2.0523481369018555, 1.784812092781067, 1.5590529441833496, 1.3480390310287476, 1.1595877408981323, 0.9801034927368164, 0.8317069411277771, 0.721584677696228, 0.6341413259506226, 0.5927190780639648], "proxy_train_time": 9.389828160405159, "proxy_train_epochs": 50, "dirty_bit": 1, "landscape_term": 10.588098764677328, "speed_term": 9.58869861565105, "mote": 8.710743786316062}