{"id": 7108, "adj_matrix": [[0, 1, 1, 1], [0, 0, 1, 1], [0, 0, 0, 1], [0, 0, 0, 0]], "operations": ["nor_conv_3x3", "skip_connect", "nor_conv_1x1", "avg_pool_3x3", "zeros", "nor_conv_3x3"], "init_channel": 16, "blck_len": 5, "params": 0.593236, "flops": 82.49994, "latency": 0.016033940845065646, "train_per_time": 20.798144578933716, "train_time_200": 4159.628915786743, "train_accuracy_200": 0.98598, "test_accuracy_200": 0.6777999993286133, "train_time_12": 249.5777349472046, "train_accuracy_12": 0.53604, "test_accuracy_12": 0.5023999998168945, "valtest_accuracy_200": 0.6769499999999999, "valtest_accuracy_12": 0.5012, "proxy_losses": [2.3010199069976807, 1.8559281826019287, 1.684906244277954, 1.5820822715759277, 1.5059517621994019, 1.446000576019287, 1.3921968936920166, 1.3379697799682617, 1.297669768333435, 1.2537055015563965, 1.2175484895706177, 1.1833350658416748, 1.1475422382354736, 1.1144660711288452, 1.087729573249817, 1.0499236583709717, 1.0233137607574463, 1.0008445978164673, 0.9725897312164307, 0.945448637008667, 0.9265644550323486, 0.9064476490020752, 0.8893750905990601, 0.8674820065498352, 0.8469931483268738, 0.8273530006408691, 0.8115754723548889, 0.8029439449310303, 0.8003586530685425, 0.7713522911071777, 0.7539764046669006, 0.7364686727523804, 0.7327697277069092, 0.7217721939086914, 0.7113238573074341, 0.6922457814216614, 0.689540684223175, 0.6755156517028809, 0.6758021712303162, 0.6588491201400757, 0.6412867307662964, 0.633325457572937, 0.6414361596107483, 0.62698894739151, 0.6156166791915894, 0.6013616919517517, 0.6014143824577332, 0.5974451899528503, 0.589998185634613, 0.5692138671875], "landscape_losses": [2.443740129470825, 2.016570806503296, 1.738817572593689, 1.52182137966156, 1.326432466506958, 1.1571341753005981, 1.0040417909622192, 0.866030752658844, 0.7413735389709473, 0.6206207871437073, 0.5584121942520142], "proxy_train_time": 8.48762144614011, "proxy_train_epochs": 50, "dirty_bit": 1, "landscape_term": 10.657014225509977, "speed_term": 8.838147690166448, "mote": 8.637947941802603}