{"id": 7112, "adj_matrix": [[0, 1, 1, 1], [0, 0, 1, 1], [0, 0, 0, 1], [0, 0, 0, 0]], "operations": ["zeros", "nor_conv_1x1", "skip_connect", "nor_conv_1x1", "nor_conv_1x1", "nor_conv_3x3"], "init_channel": 16, "blck_len": 5, "params": 0.406196, "flops": 54.97482, "latency": 0.01808117495642768, "train_per_time": 21.809864799181582, "train_time_200": 4361.9729598363165, "train_accuracy_200": 0.9262, "test_accuracy_200": 0.691699999633789, "train_time_12": 261.7183775901794, "train_accuracy_12": 0.50502, "test_accuracy_12": 0.48380000006103513, "valtest_accuracy_200": 0.6881999999999999, "valtest_accuracy_12": 0.4853, "proxy_losses": [2.2439146041870117, 1.8833858966827393, 1.7378244400024414, 1.6540226936340332, 1.594693660736084, 1.5458630323410034, 1.5023316144943237, 1.465733528137207, 1.4341527223587036, 1.400326132774353, 1.3693747520446777, 1.3408935070037842, 1.3143643140792847, 1.285935878753662, 1.2610324621200562, 1.2369002103805542, 1.2142767906188965, 1.1897329092025757, 1.1731926202774048, 1.1490670442581177, 1.1378110647201538, 1.1133148670196533, 1.0930931568145752, 1.074968695640564, 1.0558987855911255, 1.0412334203720093, 1.0258599519729614, 1.0091763734817505, 0.9974433779716492, 0.9806069135665894, 0.9653218984603882, 0.9523754715919495, 0.9427558779716492, 0.9335765838623047, 0.9197121262550354, 0.9088498950004578, 0.893599808216095, 0.884375810623169, 0.8751118183135986, 0.8635498285293579, 0.8585923910140991, 0.842763364315033, 0.828665554523468, 0.8173502683639526, 0.8080261945724487, 0.798444926738739, 0.7892997860908508, 0.7834397554397583, 0.7753105759620667, 0.7675954699516296], "landscape_losses": [2.346465587615967, 2.021247386932373, 1.7978594303131104, 1.600265622138977, 1.428673267364502, 1.2633472681045532, 1.1189097166061401, 0.9771838188171387, 0.8728010058403015, 0.8020447492599487, 0.755704402923584], "proxy_train_time": 8.979383889585733, "proxy_train_epochs": 50, "dirty_bit": 1, "landscape_term": 9.226422796171086, "speed_term": 7.913423181960426, "mote": 7.555056017151633}