{"id": 72, "adj_matrix": [[0, 1, 1, 1], [0, 0, 1, 1], [0, 0, 0, 1], [0, 0, 0, 0]], "operations": ["zeros", "zeros", "skip_connect", "skip_connect", "nor_conv_1x1", "skip_connect"], "init_channel": 16, "blck_len": 5, "params": 0.10715599999999999, "flops": 11.72106, "latency": 0.011494168528804074, "train_per_time": 9.85166629155474, "train_time_200": 1970.333258310948, "train_accuracy_200": 0.6312599999999999, "test_accuracy_200": 0.5801999996948242, "train_time_12": 118.21999549865721, "train_accuracy_12": 0.46270000000000006, "test_accuracy_12": 0.44459999963378904, "valtest_accuracy_200": 0.5799, "valtest_accuracy_12": 0.4506, "proxy_losses": [2.441007375717163, 2.327064037322998, 2.237380027770996, 2.1687629222869873, 2.112384080886841, 2.069671392440796, 2.0337274074554443, 2.002371311187744, 1.9736368656158447, 1.9485681056976318, 1.9255861043930054, 1.9051575660705566, 1.8876160383224487, 1.872186541557312, 1.8593648672103882, 1.8478792905807495, 1.8374793529510498, 1.8267706632614136, 1.818174958229065, 1.8105233907699585, 1.802628755569458, 1.7957874536514282, 1.7906681299209595, 1.7836925983428955, 1.7785767316818237, 1.772600531578064, 1.766662836074829, 1.761570692062378, 1.7581337690353394, 1.7522931098937988, 1.748824954032898, 1.7443562746047974, 1.740096926689148, 1.736338496208191, 1.732877492904663, 1.728375792503357, 1.7249590158462524, 1.7223949432373047, 1.7177033424377441, 1.7145582437515259, 1.7125115394592285, 1.7087347507476807, 1.7052788734436035, 1.701626181602478, 1.698975920677185, 1.696534514427185, 1.693177342414856, 1.6908928155899048, 1.6879236698150635, 1.684264063835144], "landscape_losses": [2.460319995880127, 2.3354225158691406, 2.2135019302368164, 2.088258743286133, 1.975982427597046, 1.879382848739624, 1.8115503787994385, 1.7589277029037476, 1.7233244180679321, 1.6979279518127441, 1.6828488111495972], "proxy_train_time": 5.00905959866941, "proxy_train_epochs": 50, "dirty_bit": 1, "landscape_term": 5.687445790336547, "speed_term": 2.723548528101222, "mote": 4.124492994613576}