{"id": 720, "adj_matrix": [[0, 1, 1, 1], [0, 0, 1, 1], [0, 0, 0, 1], [0, 0, 0, 0]], "operations": ["zeros", "nor_conv_1x1", "nor_conv_3x3", "nor_conv_3x3", "nor_conv_3x3", "zeros"], "init_channel": 16, "blck_len": 5, "params": 0.836276, "flops": 117.88938, "latency": 0.01824649175008138, "train_per_time": 23.66189984480539, "train_time_200": 4732.379968961078, "train_accuracy_200": 0.90701, "test_accuracy_200": 0.6765999993896484, "train_time_12": 283.9427981376648, "train_accuracy_12": 0.49451999999999996, "test_accuracy_12": 0.47119999938964846, "valtest_accuracy_200": 0.67375, "valtest_accuracy_12": 0.4715, "proxy_losses": [2.228806734085083, 1.95083749294281, 1.8500568866729736, 1.785264015197754, 1.7364146709442139, 1.6941088438034058, 1.6605790853500366, 1.6244502067565918, 1.58930504322052, 1.5557966232299805, 1.5246435403823853, 1.4917534589767456, 1.4614760875701904, 1.4331644773483276, 1.4043452739715576, 1.378677487373352, 1.3541871309280396, 1.3316603899002075, 1.312400460243225, 1.2936949729919434, 1.2736690044403076, 1.2506791353225708, 1.22813081741333, 1.2079756259918213, 1.186447024345398, 1.1689590215682983, 1.1539981365203857, 1.1323364973068237, 1.118201732635498, 1.1032183170318604, 1.0796916484832764, 1.060018539428711, 1.0480295419692993, 1.0290359258651733, 1.0204049348831177, 1.016198754310608, 1.0071687698364258, 0.9885519742965698, 0.9730441570281982, 0.9711120128631592, 0.9537116289138794, 0.9403957724571228, 0.9305150508880615, 0.920973539352417, 0.9104996919631958, 0.901301383972168, 0.8953672647476196, 0.8856015801429749, 0.8821235299110413, 0.8722802996635437], "landscape_losses": [2.3119142055511475, 2.0518252849578857, 1.8764715194702148, 1.7285709381103516, 1.5884896516799927, 1.4557068347930908, 1.339040994644165, 1.204329490661621, 1.0880759954452515, 0.9652059674263, 0.8673900365829468], "proxy_train_time": 10.274694070219994, "proxy_train_epochs": 50, "dirty_bit": 1, "landscape_term": 8.032947222611186, "speed_term": 8.184233822525146, "mote": 6.805739830924662}