{"id": 7210, "adj_matrix": [[0, 1, 1, 1], [0, 0, 1, 1], [0, 0, 0, 1], [0, 0, 0, 0]], "operations": ["nor_conv_3x3", "skip_connect", "zeros", "nor_conv_3x3", "zeros", "zeros"], "init_channel": 16, "blck_len": 5, "params": 0.565236, "flops": 78.56778, "latency": 0.011681887838575575, "train_per_time": 15.728891849517822, "train_time_200": 3145.7783699035645, "train_accuracy_200": 0.9099299999999999, "test_accuracy_200": 0.6795000004882812, "train_time_12": 188.74670219421387, "train_accuracy_12": 0.48198, "test_accuracy_12": 0.46679999932861327, "valtest_accuracy_200": 0.6737000000000001, "valtest_accuracy_12": 0.465, "proxy_losses": [2.2191760540008545, 1.9610222578048706, 1.8556679487228394, 1.7938385009765625, 1.741711139678955, 1.6983100175857544, 1.6544562578201294, 1.61469566822052, 1.5771347284317017, 1.5450665950775146, 1.5136975049972534, 1.4803452491760254, 1.4525662660598755, 1.430938720703125, 1.4090021848678589, 1.3832478523254395, 1.3612221479415894, 1.336548089981079, 1.3182063102722168, 1.2968896627426147, 1.2795597314834595, 1.2621771097183228, 1.2426868677139282, 1.2303000688552856, 1.215814232826233, 1.201562762260437, 1.1797584295272827, 1.168912649154663, 1.1546549797058105, 1.1348332166671753, 1.123329758644104, 1.1168553829193115, 1.0979136228561401, 1.0833899974822998, 1.0729470252990723, 1.0609619617462158, 1.0489834547042847, 1.0347905158996582, 1.0276432037353516, 1.014716386795044, 1.001287579536438, 0.9950200915336609, 0.9781606197357178, 0.9686643481254578, 0.9546129703521729, 0.9468472599983215, 0.9370704293251038, 0.9196470975875854, 0.9160417914390564, 0.905034065246582], "landscape_losses": [2.282118320465088, 2.0444631576538086, 1.8858228921890259, 1.7443174123764038, 1.5980539321899414, 1.455078125, 1.3043498992919922, 1.1810330152511597, 1.0466481447219849, 0.9571527242660522, 0.9017379879951477], "proxy_train_time": 7.766258353367448, "proxy_train_epochs": 50, "dirty_bit": 1, "landscape_term": 8.066435088095696, "speed_term": 6.075180684869724, "mote": 6.463896437953515}