{"id": 7227, "adj_matrix": [[0, 1, 1, 1], [0, 0, 1, 1], [0, 0, 0, 1], [0, 0, 0, 0]], "operations": ["skip_connect", "nor_conv_1x1", "avg_pool_3x3", "zeros", "nor_conv_1x1", "zeros"], "init_channel": 16, "blck_len": 5, "params": 0.135156, "flops": 15.65322, "latency": 0.014890405866834855, "train_per_time": 15.539918820063242, "train_time_200": 3107.9837640126484, "train_accuracy_200": 0.7173466666666667, "test_accuracy_200": 0.6181333327636719, "train_time_12": 186.47902584075925, "train_accuracy_12": 0.4155, "test_accuracy_12": 0.40700000024414057, "valtest_accuracy_200": 0.6189666666666667, "valtest_accuracy_12": 0.40659999999999996, "proxy_losses": [2.328242063522339, 2.162975549697876, 2.068312168121338, 2.003397226333618, 1.952394962310791, 1.9089689254760742, 1.8716773986816406, 1.8385951519012451, 1.809252381324768, 1.7832845449447632, 1.7560160160064697, 1.733282446861267, 1.7105132341384888, 1.6908406019210815, 1.6708614826202393, 1.6515427827835083, 1.636324167251587, 1.6179393529891968, 1.6028558015823364, 1.5888222455978394, 1.576261281967163, 1.5642131567001343, 1.55141282081604, 1.5414366722106934, 1.5287489891052246, 1.5186570882797241, 1.5075606107711792, 1.4971646070480347, 1.4888254404067993, 1.4775434732437134, 1.4690287113189697, 1.4587594270706177, 1.4492474794387817, 1.4427409172058105, 1.4326342344284058, 1.422050952911377, 1.4167230129241943, 1.406768560409546, 1.397847294807434, 1.3914414644241333, 1.3820722103118896, 1.3745681047439575, 1.3635865449905396, 1.3557274341583252, 1.348620891571045, 1.338402271270752, 1.3319296836853027, 1.321774959564209, 1.317842721939087, 1.3086539506912231], "landscape_losses": [2.3633358478546143, 2.199519634246826, 2.0606281757354736, 1.9248909950256348, 1.7996422052383423, 1.6743179559707642, 1.564612627029419, 1.4665071964263916, 1.3898783922195435, 1.3361306190490723, 1.3002824783325195], "proxy_train_time": 7.0233325362205505, "proxy_train_epochs": 50, "dirty_bit": 1, "landscape_term": 6.593507469967886, "speed_term": 4.424517527353797, "mote": 5.140631869768771}