{"id": 7299, "adj_matrix": [[0, 1, 1, 1], [0, 0, 1, 1], [0, 0, 0, 1], [0, 0, 0, 0]], "operations": ["skip_connect", "nor_conv_1x1", "nor_conv_3x3", "skip_connect", "avg_pool_3x3", "zeros"], "init_channel": 16, "blck_len": 5, "params": 0.350196, "flops": 47.1105, "latency": 0.014166946764345522, "train_per_time": 15.859044949213631, "train_time_200": 3171.808989842726, "train_accuracy_200": 0.53996, "test_accuracy_200": 0.5064666662801107, "train_time_12": 190.30853939056394, "train_accuracy_12": 0.26944, "test_accuracy_12": 0.26139999975585937, "valtest_accuracy_200": 0.5027, "valtest_accuracy_12": 0.2577, "proxy_losses": [3.891110897064209, 3.2740421295166016, 2.7748942375183105, 2.450900077819824, 2.2536611557006836, 2.1147804260253906, 2.0241100788116455, 1.953386664390564, 1.9039762020111084, 1.8670439720153809, 1.8390498161315918, 1.817305088043213, 1.7995235919952393, 1.7857999801635742, 1.7725870609283447, 1.7594062089920044, 1.750276803970337, 1.740385890007019, 1.732330083847046, 1.7234687805175781, 1.7157291173934937, 1.7063685655593872, 1.6985398530960083, 1.6923441886901855, 1.6857218742370605, 1.6794625520706177, 1.6744953393936157, 1.6708179712295532, 1.6654276847839355, 1.661148190498352, 1.6563314199447632, 1.6536709070205688, 1.6492027044296265, 1.6456702947616577, 1.6435858011245728, 1.638413667678833, 1.6367090940475464, 1.6325929164886475, 1.6308963298797607, 1.625931978225708, 1.6238914728164673, 1.6189931631088257, 1.6152435541152954, 1.6129214763641357, 1.6097396612167358, 1.607119083404541, 1.603765606880188, 1.600635051727295, 1.5989660024642944, 1.5968573093414307], "landscape_losses": [3.9771156311035156, 3.404597759246826, 2.9680657386779785, 2.6140589714050293, 2.3444981575012207, 2.119457483291626, 1.925480842590332, 1.7748953104019165, 1.6749011278152466, 1.6166887283325195, 1.595260739326477], "proxy_train_time": 6.740377999842167, "proxy_train_epochs": 50, "dirty_bit": 1, "landscape_term": 5.088194429701193, "speed_term": 3.6800799997432514, "mote": 3.9232580445225875}