{"id": 7361, "adj_matrix": [[0, 1, 1, 1], [0, 0, 1, 1], [0, 0, 0, 1], [0, 0, 0, 0]], "operations": ["nor_conv_1x1", "nor_conv_1x1", "nor_conv_1x1", "nor_conv_1x1", "nor_conv_3x3", "nor_conv_1x1"], "init_channel": 16, "blck_len": 5, "params": 0.462196, "flops": 62.83914, "latency": 0.02304753992292616, "train_per_time": 29.85714280605316, "train_time_200": 5971.428561210632, "train_accuracy_200": 0.9588, "test_accuracy_200": 0.6988000001831054, "train_time_12": 358.28571367263794, "train_accuracy_12": 0.48576, "test_accuracy_12": 0.4719999997558594, "valtest_accuracy_200": 0.69985, "valtest_accuracy_12": 0.4717, "proxy_losses": [2.3499271869659424, 1.9054710865020752, 1.7457376718521118, 1.6419066190719604, 1.572933316230774, 1.5226000547409058, 1.4772189855575562, 1.443860411643982, 1.4098087549209595, 1.3796685934066772, 1.352555274963379, 1.3243550062179565, 1.2964075803756714, 1.2682186365127563, 1.248396873474121, 1.2219706773757935, 1.2001750469207764, 1.1763278245925903, 1.1524946689605713, 1.134792447090149, 1.115960955619812, 1.0916666984558105, 1.075311541557312, 1.0576914548873901, 1.0423647165298462, 1.0269020795822144, 1.0141133069992065, 0.9918471574783325, 0.9762244820594788, 0.9621986150741577, 0.9531897306442261, 0.9376624226570129, 0.922641396522522, 0.9111981391906738, 0.8961049914360046, 0.8913170695304871, 0.8792111277580261, 0.8740757703781128, 0.8642985224723816, 0.8497196435928345, 0.8364347815513611, 0.8258463740348816, 0.8172743916511536, 0.7972153425216675, 0.7942363619804382, 0.7841136455535889, 0.7693054676055908, 0.7627606391906738, 0.7514899373054504, 0.7489652633666992], "landscape_losses": [2.4548513889312744, 2.0636024475097656, 1.8388755321502686, 1.6403157711029053, 1.4712886810302734, 1.305441975593567, 1.1480753421783447, 1.0151472091674805, 0.8910046815872192, 0.7982757091522217, 0.7465905547142029], "proxy_train_time": 11.188846924342215, "proxy_train_epochs": 50, "dirty_bit": 1, "landscape_term": 9.061648377750831, "speed_term": 9.981812472621002, "mote": 7.773640930122476}