{"id": 7375, "adj_matrix": [[0, 1, 1, 1], [0, 0, 1, 1], [0, 0, 0, 1], [0, 0, 0, 0]], "operations": ["skip_connect", "nor_conv_3x3", "nor_conv_1x1", "skip_connect", "avg_pool_3x3", "avg_pool_3x3"], "init_channel": 16, "blck_len": 5, "params": 0.350196, "flops": 47.1105, "latency": 0.013890862464904785, "train_per_time": 17.465151151021367, "train_time_200": 3493.0302302042733, "train_accuracy_200": 0.6175133333333332, "test_accuracy_200": 0.5599999998168945, "train_time_12": 209.5818138122559, "train_accuracy_12": 0.32846, "test_accuracy_12": 0.3147999997253418, "valtest_accuracy_200": 0.5566666666666666, "valtest_accuracy_12": 0.3154, "proxy_losses": [3.1638717651367188, 2.0432560443878174, 1.873671054840088, 1.7433332204818726, 1.6556167602539062, 1.603029727935791, 1.5621105432510376, 1.5274310111999512, 1.4977532625198364, 1.4730944633483887, 1.4482536315917969, 1.4272276163101196, 1.4076076745986938, 1.3881715536117554, 1.3755050897598267, 1.3582427501678467, 1.3436616659164429, 1.3315917253494263, 1.3181184530258179, 1.3059258460998535, 1.2951922416687012, 1.2826454639434814, 1.2744349241256714, 1.259812831878662, 1.249300241470337, 1.2410343885421753, 1.2301439046859741, 1.2224777936935425, 1.2158174514770508, 1.208425760269165, 1.196441650390625, 1.1826053857803345, 1.1768018007278442, 1.1662946939468384, 1.1582587957382202, 1.1504689455032349, 1.1406960487365723, 1.131407380104065, 1.1234482526779175, 1.1173731088638306, 1.111148476600647, 1.1104551553726196, 1.0970202684402466, 1.0894980430603027, 1.0892585515975952, 1.075070858001709, 1.073850393295288, 1.058944582939148, 1.051159381866455, 1.0433827638626099], "landscape_losses": [3.257157325744629, 2.440540075302124, 2.113079786300659, 1.8226909637451172, 1.625166416168213, 1.4662936925888062, 1.3418885469436646, 1.2344939708709717, 1.1429651975631714, 1.0817372798919678, 1.0411279201507568], "proxy_train_time": 6.4671763284131885, "proxy_train_epochs": 50, "dirty_bit": 1, "landscape_term": 7.351076826130951, "speed_term": 4.85011475770016, "mote": 5.7463429203883365}