{"id": 7395, "adj_matrix": [[0, 1, 1, 1], [0, 0, 1, 1], [0, 0, 0, 1], [0, 0, 0, 0]], "operations": ["skip_connect", "nor_conv_3x3", "avg_pool_3x3", "nor_conv_1x1", "avg_pool_3x3", "zeros"], "init_channel": 16, "blck_len": 5, "params": 0.350196, "flops": 47.1105, "latency": 0.015457612496835216, "train_per_time": 18.139332175254822, "train_time_200": 3627.8664350509644, "train_accuracy_200": 0.79172, "test_accuracy_200": 0.6304666662394205, "train_time_12": 217.67198610305786, "train_accuracy_12": 0.4265, "test_accuracy_12": 0.4067999998779297, "valtest_accuracy_200": 0.6294666666666666, "valtest_accuracy_12": 0.40740000000000004, "proxy_losses": [2.6158413887023926, 2.3386943340301514, 2.1830053329467773, 2.078821897506714, 1.999597430229187, 1.9401699304580688, 1.8929988145828247, 1.8511301279067993, 1.8171591758728027, 1.7865155935287476, 1.7604929208755493, 1.7377402782440186, 1.7147765159606934, 1.6946005821228027, 1.678510308265686, 1.6613539457321167, 1.646329641342163, 1.6300386190414429, 1.6168371438980103, 1.6008217334747314, 1.588243007659912, 1.5736277103424072, 1.5628259181976318, 1.5498684644699097, 1.5369224548339844, 1.5230435132980347, 1.510504961013794, 1.502148985862732, 1.4900013208389282, 1.480010986328125, 1.4669331312179565, 1.4560943841934204, 1.444982886314392, 1.435970425605774, 1.425489902496338, 1.4158854484558105, 1.404417634010315, 1.398073673248291, 1.3863070011138916, 1.3777211904525757, 1.3688184022903442, 1.3579418659210205, 1.3520023822784424, 1.3415648937225342, 1.3381927013397217, 1.3359901905059814, 1.3245954513549805, 1.316164493560791, 1.3091634511947632, 1.298510193824768], "landscape_losses": [2.6652657985687256, 2.4219844341278076, 2.2315096855163574, 2.065955638885498, 1.8923667669296265, 1.736728549003601, 1.611376166343689, 1.493729829788208, 1.4087237119674683, 1.3349887132644653, 1.2926608324050903], "proxy_train_time": 6.827633669599891, "proxy_train_epochs": 50, "dirty_bit": 1, "landscape_term": 6.347063493727785, "speed_term": 4.261015194591955, "mote": 4.935889804619571}