{"id": 743, "adj_matrix": [[0, 1, 1, 1], [0, 0, 1, 1], [0, 0, 0, 1], [0, 0, 0, 0]], "operations": ["avg_pool_3x3", "zeros", "nor_conv_1x1", "avg_pool_3x3", "zeros", "skip_connect"], "init_channel": 16, "blck_len": 5, "params": 0.107156, "flops": 11.72106, "latency": 0.011748439735836454, "train_per_time": 13.406232277552274, "train_time_200": 2681.246455510455, "train_accuracy_200": 0.66886, "test_accuracy_200": 0.5405000000305176, "train_time_12": 160.87478733062744, "train_accuracy_12": 0.33393999999999996, "test_accuracy_12": 0.3319999995727539, "valtest_accuracy_200": 0.53665, "valtest_accuracy_12": 0.3275, "proxy_losses": [2.7193126678466797, 2.3714849948883057, 2.1945934295654297, 2.0792036056518555, 1.992799997329712, 1.9264140129089355, 1.8733177185058594, 1.8269062042236328, 1.788800835609436, 1.7581888437271118, 1.728879451751709, 1.7050689458847046, 1.6816093921661377, 1.6605472564697266, 1.6430504322052002, 1.6235350370407104, 1.6083831787109375, 1.591729760169983, 1.5773913860321045, 1.564489722251892, 1.5508145093917847, 1.5383342504501343, 1.5287320613861084, 1.5176383256912231, 1.5053043365478516, 1.4948168992996216, 1.4850009679794312, 1.4754483699798584, 1.4664108753204346, 1.4563442468643188, 1.4452762603759766, 1.43497896194458, 1.4266349077224731, 1.4170993566513062, 1.4052523374557495, 1.3968079090118408, 1.3898485898971558, 1.3817172050476074, 1.372300148010254, 1.3607150316238403, 1.3539892435073853, 1.3474948406219482, 1.3370554447174072, 1.3303039073944092, 1.3245712518692017, 1.3123074769973755, 1.3043076992034912, 1.2967140674591064, 1.2882952690124512, 1.2809213399887085], "landscape_losses": [2.7903308868408203, 2.479641914367676, 2.2560603618621826, 2.0523104667663574, 1.8784990310668945, 1.7194421291351318, 1.5804976224899292, 1.4644336700439453, 1.372847557067871, 1.3055471181869507, 1.275254249572754], "proxy_train_time": 5.9181091180071235, "proxy_train_epochs": 50, "dirty_bit": 1, "landscape_term": 6.400197323741081, "speed_term": 3.738958584836222, "mote": 4.860407587552877}