{"id": 7434, "adj_matrix": [[0, 1, 1, 1], [0, 0, 1, 1], [0, 0, 0, 1], [0, 0, 0, 0]], "operations": ["skip_connect", "zeros", "avg_pool_3x3", "nor_conv_1x1", "skip_connect", "zeros"], "init_channel": 16, "blck_len": 5, "params": 0.10715599999999999, "flops": 11.72106, "latency": 0.011439177725050183, "train_per_time": 11.792110482851669, "train_time_200": 2358.422096570334, "train_accuracy_200": 0.7533066666666667, "test_accuracy_200": 0.6412666666259765, "train_time_12": 141.50532579421997, "train_accuracy_12": 0.49742, "test_accuracy_12": 0.47959999981689455, "valtest_accuracy_200": 0.6417, "valtest_accuracy_12": 0.4792, "proxy_losses": [2.346384048461914, 2.113752841949463, 1.9870046377182007, 1.908310890197754, 1.8502259254455566, 1.80537748336792, 1.770021915435791, 1.742439866065979, 1.7202863693237305, 1.700011968612671, 1.6831177473068237, 1.66707181930542, 1.6508642435073853, 1.6379611492156982, 1.626528263092041, 1.6119855642318726, 1.598726511001587, 1.58760666847229, 1.5771381855010986, 1.5652002096176147, 1.5558918714523315, 1.5449285507202148, 1.5358771085739136, 1.5258718729019165, 1.5139387845993042, 1.5035419464111328, 1.4931626319885254, 1.484728217124939, 1.4770593643188477, 1.4669710397720337, 1.4564125537872314, 1.4472031593322754, 1.4370636940002441, 1.4267144203186035, 1.4150806665420532, 1.4064794778823853, 1.3983746767044067, 1.3891531229019165, 1.377609372138977, 1.3733080625534058, 1.36397123336792, 1.3558399677276611, 1.3477119207382202, 1.3390369415283203, 1.3299089670181274, 1.3277862071990967, 1.3198093175888062, 1.3123869895935059, 1.3037313222885132, 1.2932233810424805], "landscape_losses": [2.3921468257904053, 2.1880874633789062, 2.0229146480560303, 1.882164478302002, 1.7456384897232056, 1.6294218301773071, 1.5267850160598755, 1.4390161037445068, 1.3698322772979736, 1.3217103481292725, 1.2849609851837158], "proxy_train_time": 5.85839403513819, "proxy_train_epochs": 50, "dirty_bit": 1, "landscape_term": 6.7020008678098595, "speed_term": 3.7712008269282276, "mote": 5.076143935031225}