{"id": 7437, "adj_matrix": [[0, 1, 1, 1], [0, 0, 1, 1], [0, 0, 0, 1], [0, 0, 0, 0]], "operations": ["zeros", "zeros", "avg_pool_3x3", "nor_conv_1x1", "zeros", "skip_connect"], "init_channel": 16, "blck_len": 5, "params": 0.10715599999999999, "flops": 11.72106, "latency": 0.013247503174675837, "train_per_time": 12.182995875676472, "train_time_200": 2436.5991751352944, "train_accuracy_200": 0.7158666666666665, "test_accuracy_200": 0.6209999998168945, "train_time_12": 146.19595050811768, "train_accuracy_12": 0.41731999999999997, "test_accuracy_12": 0.39440000006103515, "valtest_accuracy_200": 0.6208666666666667, "valtest_accuracy_12": 0.3996, "proxy_losses": [2.395324468612671, 2.2171249389648438, 2.110478162765503, 2.0357437133789062, 1.9801719188690186, 1.9363031387329102, 1.8990530967712402, 1.8660542964935303, 1.8375681638717651, 1.811471700668335, 1.7881019115447998, 1.7662681341171265, 1.7466351985931396, 1.7297853231430054, 1.7145543098449707, 1.6984128952026367, 1.6833750009536743, 1.6688710451126099, 1.6572107076644897, 1.6461827754974365, 1.633243441581726, 1.622864007949829, 1.6106085777282715, 1.6009151935577393, 1.5905057191848755, 1.5809307098388672, 1.5706090927124023, 1.5624785423278809, 1.5517724752426147, 1.5424003601074219, 1.5310386419296265, 1.5205239057540894, 1.509264588356018, 1.5005114078521729, 1.4918193817138672, 1.4794493913650513, 1.4705140590667725, 1.4599326848983765, 1.4461150169372559, 1.4366919994354248, 1.4283701181411743, 1.4163905382156372, 1.4070249795913696, 1.3950014114379883, 1.3838986158370972, 1.3774281740188599, 1.3674243688583374, 1.3563785552978516, 1.3447797298431396, 1.336917519569397], "landscape_losses": [2.42803955078125, 2.2442307472229004, 2.0945780277252197, 1.964503526687622, 1.8441851139068604, 1.734285593032837, 1.6243329048156738, 1.5258376598358154, 1.437461256980896, 1.3693066835403442, 1.3276786804199219], "proxy_train_time": 6.165001675486565, "proxy_train_epochs": 50, "dirty_bit": 1, "landscape_term": 6.41292755961822, "speed_term": 3.7722816146003373, "mote": 4.87657917646992}