{"id": 7479, "adj_matrix": [[0, 1, 1, 1], [0, 0, 1, 1], [0, 0, 0, 1], [0, 0, 0, 0]], "operations": ["avg_pool_3x3", "avg_pool_3x3", "nor_conv_3x3", "skip_connect", "zeros", "nor_conv_3x3"], "init_channel": 16, "blck_len": 5, "params": 0.565236, "flops": 78.56778, "latency": 0.013982839054531522, "train_per_time": 20.395896712938885, "train_time_200": 4079.179342587777, "train_accuracy_200": 0.9604733333333333, "test_accuracy_200": 0.6546666665649415, "train_time_12": 244.7507605552673, "train_accuracy_12": 0.5562400000000001, "test_accuracy_12": 0.515799999633789, "valtest_accuracy_200": 0.6536, "valtest_accuracy_12": 0.5164, "proxy_losses": [2.3801426887512207, 1.9381219148635864, 1.7792515754699707, 1.690575361251831, 1.6121011972427368, 1.5430365800857544, 1.485060691833496, 1.4336901903152466, 1.385498285293579, 1.3531259298324585, 1.306580901145935, 1.2695417404174805, 1.2353582382202148, 1.2055909633636475, 1.1806198358535767, 1.1525737047195435, 1.1268326044082642, 1.1006531715393066, 1.0830662250518799, 1.0604758262634277, 1.0499663352966309, 1.0248558521270752, 1.0157897472381592, 0.9999715685844421, 0.987633466720581, 0.9694689512252808, 0.959775984287262, 0.9413048624992371, 0.9323874115943909, 0.9201915264129639, 0.9127457737922668, 0.9070495963096619, 0.8986924886703491, 0.8822916150093079, 0.87640380859375, 0.8643332719802856, 0.8426411151885986, 0.8335548639297485, 0.840263843536377, 0.8208503723144531, 0.8094621300697327, 0.8050580024719238, 0.7995628118515015, 0.7910983562469482, 0.7934719920158386, 0.7826401591300964, 0.7715342044830322, 0.7770591974258423, 0.7646346092224121, 0.7550531029701233], "landscape_losses": [2.49550724029541, 2.098045587539673, 1.8469657897949219, 1.6418695449829102, 1.4472836256027222, 1.2821029424667358, 1.1270501613616943, 0.9979308843612671, 0.8751351833343506, 0.7924114465713501, 0.7525331974029541], "proxy_train_time": 7.47630490642041, "proxy_train_epochs": 50, "dirty_bit": 1, "landscape_term": 9.12160433708809, "speed_term": 6.839963330192475, "mote": 7.303170469297681}