{"id": 7519, "adj_matrix": [[0, 1, 1, 1], [0, 0, 1, 1], [0, 0, 0, 1], [0, 0, 0, 0]], "operations": ["avg_pool_3x3", "zeros", "skip_connect", "skip_connect", "zeros", "avg_pool_3x3"], "init_channel": 16, "blck_len": 5, "params": 0.079156, "flops": 7.788900000000001, "latency": 0.009235655819928204, "train_per_time": 9.573033372561163, "train_time_200": 1914.6066745122328, "train_accuracy_200": 0.5003866666666666, "test_accuracy_200": 0.4748666663411458, "train_time_12": 114.87640047073366, "train_accuracy_12": 0.24115999999999999, "test_accuracy_12": 0.23079999969482423, "valtest_accuracy_200": 0.47516666666666657, "valtest_accuracy_12": 0.22870000000000001, "proxy_losses": [3.315427303314209, 2.79329514503479, 2.438730001449585, 2.2280566692352295, 2.0988457202911377, 2.0022637844085693, 1.9440863132476807, 1.9069416522979736, 1.876645565032959, 1.8501909971237183, 1.830764651298523, 1.8150173425674438, 1.7998616695404053, 1.7874211072921753, 1.775036334991455, 1.7640258073806763, 1.7535853385925293, 1.7461894750595093, 1.7369894981384277, 1.7295265197753906, 1.7212404012680054, 1.713701605796814, 1.7076449394226074, 1.7007832527160645, 1.6940652132034302, 1.6875869035720825, 1.682244896888733, 1.6768343448638916, 1.6723712682724, 1.667730689048767, 1.6617131233215332, 1.6573617458343506, 1.6507840156555176, 1.6471277475357056, 1.6418994665145874, 1.637620449066162, 1.6321589946746826, 1.6283793449401855, 1.6245074272155762, 1.6191997528076172, 1.6146745681762695, 1.6104835271835327, 1.60638427734375, 1.6032099723815918, 1.5990318059921265, 1.5946240425109863, 1.5911856889724731, 1.5860426425933838, 1.583067536354065, 1.5795170068740845], "landscape_losses": [3.3808679580688477, 2.939854383468628, 2.6405811309814453, 2.3968257904052734, 2.1927084922790527, 2.0040688514709473, 1.841907262802124, 1.7244888544082642, 1.6418163776397705, 1.5998231172561646, 1.5795782804489136], "proxy_train_time": 4.917138796299696, "proxy_train_epochs": 50, "dirty_bit": 1, "landscape_term": 5.3769282069270545, "speed_term": 2.7474322995736844, "mote": 3.9106398735342855}