{"id": 7669, "adj_matrix": [[0, 1, 1, 1], [0, 0, 1, 1], [0, 0, 0, 1], [0, 0, 0, 0]], "operations": ["zeros", "nor_conv_1x1", "avg_pool_3x3", "nor_conv_1x1", "zeros", "skip_connect"], "init_channel": 16, "blck_len": 5, "params": 0.135156, "flops": 15.65322, "latency": 0.014359977510240342, "train_per_time": 15.587305386861198, "train_time_200": 3117.4610773722397, "train_accuracy_200": 0.72721, "test_accuracy_200": 0.626, "train_time_12": 187.04766464233407, "train_accuracy_12": 0.41165999999999997, "test_accuracy_12": 0.3990000001220703, "valtest_accuracy_200": 0.62665, "valtest_accuracy_12": 0.4004, "proxy_losses": [2.4374897480010986, 2.201345205307007, 2.064173460006714, 1.9671884775161743, 1.8961162567138672, 1.8411052227020264, 1.7989391088485718, 1.7593693733215332, 1.72566819190979, 1.6927839517593384, 1.6621696949005127, 1.6358016729354858, 1.609937071800232, 1.587617039680481, 1.5657473802566528, 1.545788288116455, 1.5274689197540283, 1.5094443559646606, 1.4923627376556396, 1.4754047393798828, 1.4624855518341064, 1.4484468698501587, 1.4346505403518677, 1.4233667850494385, 1.4099546670913696, 1.399832844734192, 1.3872768878936768, 1.3778129816055298, 1.3672581911087036, 1.3577665090560913, 1.3486876487731934, 1.3355387449264526, 1.3246999979019165, 1.3150029182434082, 1.3079606294631958, 1.299142837524414, 1.2904809713363647, 1.27730393409729, 1.2690130472183228, 1.2587469816207886, 1.250355839729309, 1.2443863153457642, 1.2321274280548096, 1.2232097387313843, 1.2180107831954956, 1.2084693908691406, 1.1981085538864136, 1.19227933883667, 1.1865900754928589, 1.1829156875610352], "landscape_losses": [2.4831390380859375, 2.2671432495117188, 2.1008777618408203, 1.9391236305236816, 1.782916784286499, 1.6316828727722168, 1.4968831539154053, 1.3770238161087036, 1.2842035293579102, 1.2097254991531372, 1.1702613830566406], "proxy_train_time": 7.064327320083976, "proxy_train_epochs": 50, "dirty_bit": 1, "landscape_term": 6.863326260971098, "speed_term": 4.758545301503612, "mote": 5.394625516970045}