{"id": 7721, "adj_matrix": [[0, 1, 1, 1], [0, 0, 1, 1], [0, 0, 0, 1], [0, 0, 0, 0]], "operations": ["skip_connect", "zeros", "nor_conv_3x3", "avg_pool_3x3", "nor_conv_3x3", "avg_pool_3x3"], "init_channel": 16, "blck_len": 5, "params": 0.565236, "flops": 78.56778, "latency": 0.013833518381471987, "train_per_time": 19.033031622568714, "train_time_200": 3806.6063245137425, "train_accuracy_200": 0.8825533333333333, "test_accuracy_200": 0.6509333329264324, "train_time_12": 228.39637947082517, "train_accuracy_12": 0.43272, "test_accuracy_12": 0.4121999999389649, "valtest_accuracy_200": 0.6507333333333334, "valtest_accuracy_12": 0.4132, "proxy_losses": [2.708986282348633, 1.9810701608657837, 1.813446283340454, 1.712558627128601, 1.628032922744751, 1.5638614892959595, 1.5063890218734741, 1.4614644050598145, 1.42194664478302, 1.3846763372421265, 1.351301908493042, 1.322264313697815, 1.2967973947525024, 1.2704252004623413, 1.2499024868011475, 1.2303816080093384, 1.2114591598510742, 1.188120722770691, 1.1673792600631714, 1.1559251546859741, 1.1330147981643677, 1.1191388368606567, 1.0983632802963257, 1.0781261920928955, 1.0670284032821655, 1.0482313632965088, 1.037731647491455, 1.0234935283660889, 1.0124762058258057, 0.9946686625480652, 0.9820448160171509, 0.96823650598526, 0.9629169702529907, 0.9513624906539917, 0.9413874745368958, 0.924806535243988, 0.9073255658149719, 0.8999289274215698, 0.8926153182983398, 0.8862740993499756, 0.8761226534843445, 0.8671290278434753, 0.8633904457092285, 0.8583098649978638, 0.844122052192688, 0.8441647291183472, 0.8359460234642029, 0.8190193176269531, 0.8069056868553162, 0.7975658178329468], "landscape_losses": [2.847557783126831, 2.2216782569885254, 1.8966150283813477, 1.6778497695922852, 1.5122413635253906, 1.3758293390274048, 1.2346856594085693, 1.1110683679580688, 0.9860816597938538, 0.8790144324302673, 0.8118811249732971], "proxy_train_time": 7.469819218851626, "proxy_train_epochs": 50, "dirty_bit": 1, "landscape_term": 8.406066108711336, "speed_term": 6.4430278146541395, "mote": 6.757940268937251}