{"id": 7730, "adj_matrix": [[0, 1, 1, 1], [0, 0, 1, 1], [0, 0, 0, 1], [0, 0, 0, 0]], "operations": ["avg_pool_3x3", "avg_pool_3x3", "avg_pool_3x3", "zeros", "avg_pool_3x3", "skip_connect"], "init_channel": 16, "blck_len": 5, "params": 0.079156, "flops": 7.7889, "latency": 0.00780944029490153, "train_per_time": 13.139667312304168, "train_time_200": 2627.9334624608337, "train_accuracy_200": 0.30282, "test_accuracy_200": 0.2911999996032715, "train_time_12": 157.67600774765015, "train_accuracy_12": 0.10154, "test_accuracy_12": 0.09919999996185302, "valtest_accuracy_200": 0.2922, "valtest_accuracy_12": 0.09949999999999999, "proxy_losses": [6.263632774353027, 4.58825159072876, 3.598820686340332, 3.043400287628174, 2.669933557510376, 2.473424196243286, 2.326115131378174, 2.1981935501098633, 2.0901429653167725, 2.0176684856414795, 1.9590617418289185, 1.9224388599395752, 1.8890564441680908, 1.8652870655059814, 1.8442351818084717, 1.8277587890625, 1.811631441116333, 1.7996909618377686, 1.785916805267334, 1.7772507667541504, 1.7690197229385376, 1.7598189115524292, 1.7517352104187012, 1.7434598207473755, 1.7384812831878662, 1.7323906421661377, 1.725954532623291, 1.71842622756958, 1.7145017385482788, 1.709902286529541, 1.7045035362243652, 1.700081467628479, 1.6942983865737915, 1.689231038093567, 1.683394193649292, 1.6799585819244385, 1.6742231845855713, 1.6731947660446167, 1.666966438293457, 1.6605058908462524, 1.6556540727615356, 1.6526098251342773, 1.6470586061477661, 1.6442097425460815, 1.639532208442688, 1.6344856023788452, 1.6295897960662842, 1.6268374919891357, 1.6238713264465332, 1.619767665863037], "landscape_losses": [6.398569583892822, 4.991287708282471, 4.153357028961182, 3.5150387287139893, 3.0215632915496826, 2.6084115505218506, 2.257204055786133, 1.9723105430603027, 1.778664469718933, 1.660114049911499, 1.6213572025299072], "proxy_train_time": 4.626790786162019, "proxy_train_epochs": 50, "dirty_bit": 1, "landscape_term": 4.327625188655732, "speed_term": 2.3061178505939974, "mote": 3.040641267106214}