{"id": 7845, "adj_matrix": [[0, 1, 1, 1], [0, 0, 1, 1], [0, 0, 0, 1], [0, 0, 0, 0]], "operations": ["nor_conv_1x1", "avg_pool_3x3", "nor_conv_3x3", "zeros", "nor_conv_3x3", "nor_conv_3x3"], "init_channel": 16, "blck_len": 5, "params": 0.8362760000000001, "flops": 117.88938, "latency": 0.019778856524714717, "train_per_time": 26.15309329827625, "train_time_200": 5230.61865965525, "train_accuracy_200": 0.9661533333333334, "test_accuracy_200": 0.6782000004882813, "train_time_12": 313.8371195793152, "train_accuracy_12": 0.3876, "test_accuracy_12": 0.38019999987792974, "valtest_accuracy_200": 0.6793333333333333, "valtest_accuracy_12": 0.3837, "proxy_losses": [2.101886034011841, 1.7342413663864136, 1.6012792587280273, 1.5243984460830688, 1.4689674377441406, 1.40934419631958, 1.3672738075256348, 1.3235687017440796, 1.2865945100784302, 1.2473012208938599, 1.215211272239685, 1.1768898963928223, 1.1437548398971558, 1.107041358947754, 1.0776348114013672, 1.055524230003357, 1.032554030418396, 1.0049549341201782, 0.9779908061027527, 0.9505825042724609, 0.9254632592201233, 0.9103463888168335, 0.8890313506126404, 0.8609262704849243, 0.8451626896858215, 0.8283907175064087, 0.8167622089385986, 0.7921277284622192, 0.7793166637420654, 0.7716566324234009, 0.7593536972999573, 0.7444576621055603, 0.7312140464782715, 0.7179532647132874, 0.7029331922531128, 0.6940950751304626, 0.6792882680892944, 0.6789326667785645, 0.6659066677093506, 0.6708241701126099, 0.6347066164016724, 0.6274439692497253, 0.6204752922058105, 0.6093946099281311, 0.6035589575767517, 0.5927879214286804, 0.5808162689208984, 0.5719438195228577, 0.5698838829994202, 0.5633755326271057], "landscape_losses": [2.2247707843780518, 1.889634370803833, 1.6529226303100586, 1.4708552360534668, 1.295262336730957, 1.140311360359192, 0.9824746251106262, 0.8297755122184753, 0.6937965750694275, 0.611105740070343, 0.5594782829284668], "proxy_train_time": 10.312413020990789, "proxy_train_epochs": 50, "dirty_bit": 1, "landscape_term": 11.00063620147294, "speed_term": 10.913640417544137, "mote": 9.175513022047879}