{"id": 7853, "adj_matrix": [[0, 1, 1, 1], [0, 0, 1, 1], [0, 0, 0, 1], [0, 0, 0, 0]], "operations": ["avg_pool_3x3", "nor_conv_3x3", "skip_connect", "nor_conv_1x1", "skip_connect", "avg_pool_3x3"], "init_channel": 16, "blck_len": 5, "params": 0.350196, "flops": 47.1105, "latency": 0.014338559574551053, "train_per_time": 17.58191454410553, "train_time_200": 3516.382908821106, "train_accuracy_200": 0.6127066666666667, "test_accuracy_200": 0.5491999997762044, "train_time_12": 210.98297452926636, "train_accuracy_12": 0.32506, "test_accuracy_12": 0.3140000000305176, "valtest_accuracy_200": 0.5499, "valtest_accuracy_12": 0.3116, "proxy_losses": [2.698230266571045, 1.95527982711792, 1.7773218154907227, 1.6717150211334229, 1.5963804721832275, 1.5487020015716553, 1.5075453519821167, 1.4744151830673218, 1.446750283241272, 1.4254120588302612, 1.4018887281417847, 1.3861896991729736, 1.3688136339187622, 1.3513644933700562, 1.3349584341049194, 1.3206768035888672, 1.3069324493408203, 1.2973228693008423, 1.2807347774505615, 1.268343210220337, 1.2543975114822388, 1.2407602071762085, 1.232041597366333, 1.2179534435272217, 1.2054537534713745, 1.1939746141433716, 1.18268620967865, 1.171677589416504, 1.1567833423614502, 1.1476179361343384, 1.1419343948364258, 1.1353967189788818, 1.1175901889801025, 1.1145567893981934, 1.1006238460540771, 1.088272213935852, 1.0742616653442383, 1.0661532878875732, 1.0625132322311401, 1.0577043294906616, 1.0475435256958008, 1.0414553880691528, 1.0327622890472412, 1.0332915782928467, 1.0327186584472656, 1.0258862972259521, 1.0201635360717773, 1.0075119733810425, 0.9975908398628235, 0.9866556525230408], "landscape_losses": [2.807691812515259, 2.2687928676605225, 2.0013210773468018, 1.7912448644638062, 1.5986343622207642, 1.4502290487289429, 1.3052648305892944, 1.2049444913864136, 1.1125227212905884, 1.0302631855010986, 0.983942985534668], "proxy_train_time": 6.572709794156253, "proxy_train_epochs": 50, "dirty_bit": 1, "landscape_term": 7.651793206502879, "speed_term": 5.166663335129378, "mote": 6.012802360424349}