{"id": 7858, "adj_matrix": [[0, 1, 1, 1], [0, 0, 1, 1], [0, 0, 0, 1], [0, 0, 0, 0]], "operations": ["skip_connect", "nor_conv_1x1", "skip_connect", "nor_conv_1x1", "avg_pool_3x3", "zeros"], "init_channel": 16, "blck_len": 5, "params": 0.135156, "flops": 15.65322, "latency": 0.015125393867492676, "train_per_time": 14.978586157163011, "train_time_200": 2995.717231432602, "train_accuracy_200": 0.79256, "test_accuracy_200": 0.6347333331502278, "train_time_12": 179.7430338859558, "train_accuracy_12": 0.43936, "test_accuracy_12": 0.4321999993896485, "valtest_accuracy_200": 0.6323, "valtest_accuracy_12": 0.43799999999999994, "proxy_losses": [2.6484670639038086, 2.361959934234619, 2.1873443126678467, 2.0796446800231934, 2.0067453384399414, 1.9480631351470947, 1.897659182548523, 1.8559322357177734, 1.822571039199829, 1.794603943824768, 1.7685703039169312, 1.7456697225570679, 1.7230867147445679, 1.7021377086639404, 1.6819747686386108, 1.6632906198501587, 1.6454933881759644, 1.6283133029937744, 1.6118488311767578, 1.5980902910232544, 1.581089973449707, 1.5671398639678955, 1.552860140800476, 1.539060354232788, 1.5268309116363525, 1.5152674913406372, 1.5016396045684814, 1.4896093606948853, 1.4783662557601929, 1.4674150943756104, 1.4553953409194946, 1.4432982206344604, 1.4347120523452759, 1.425031304359436, 1.4158210754394531, 1.4070308208465576, 1.396493911743164, 1.3875830173492432, 1.379702091217041, 1.369955062866211, 1.3614636659622192, 1.3571730852127075, 1.3476704359054565, 1.340110182762146, 1.3311116695404053, 1.3218960762023926, 1.316754698753357, 1.3069608211517334, 1.3118033409118652, 1.300398826599121], "landscape_losses": [2.698944568634033, 2.4229395389556885, 2.2031407356262207, 2.017899990081787, 1.8502775430679321, 1.7061798572540283, 1.5815459489822388, 1.472258448600769, 1.388444185256958, 1.3274543285369873, 1.2884777784347534], "proxy_train_time": 6.242899174802005, "proxy_train_epochs": 50, "dirty_bit": 1, "landscape_term": 6.420446434215226, "speed_term": 3.9017577854704837, "mote": 4.9100943390986895}