{"id": 7881, "adj_matrix": [[0, 1, 1, 1], [0, 0, 1, 1], [0, 0, 0, 1], [0, 0, 0, 0]], "operations": ["avg_pool_3x3", "avg_pool_3x3", "skip_connect", "skip_connect", "nor_conv_1x1", "avg_pool_3x3"], "init_channel": 16, "blck_len": 5, "params": 0.107156, "flops": 11.72106, "latency": 0.012414316336313885, "train_per_time": 14.57480001449585, "train_time_200": 2914.96000289917, "train_accuracy_200": 0.38354, "test_accuracy_200": 0.36299999975585934, "train_time_12": 174.8976001739502, "train_accuracy_12": 0.20528, "test_accuracy_12": 0.1936, "valtest_accuracy_200": 0.36460000000000004, "valtest_accuracy_12": 0.1948, "proxy_losses": [6.65202522277832, 4.832690715789795, 3.806565284729004, 3.1525964736938477, 2.7267491817474365, 2.477304697036743, 2.2950236797332764, 2.1643218994140625, 2.0647356510162354, 1.9877045154571533, 1.9258953332901, 1.878826379776001, 1.8401066064834595, 1.8056988716125488, 1.7792197465896606, 1.7541311979293823, 1.7305355072021484, 1.7104629278182983, 1.6915210485458374, 1.6743372678756714, 1.6596006155014038, 1.644882082939148, 1.6334350109100342, 1.6202925443649292, 1.609786868095398, 1.5989452600479126, 1.5884392261505127, 1.5806361436843872, 1.5708194971084595, 1.5628215074539185, 1.5551432371139526, 1.547343134880066, 1.5389639139175415, 1.5314980745315552, 1.5210498571395874, 1.51620614528656, 1.5098977088928223, 1.5045008659362793, 1.4953205585479736, 1.4882433414459229, 1.4829968214035034, 1.479311466217041, 1.4712073802947998, 1.4662518501281738, 1.4626812934875488, 1.457517385482788, 1.4522048234939575, 1.4495398998260498, 1.4433612823486328, 1.4439867734909058], "landscape_losses": [6.815434455871582, 5.258700370788574, 4.268678665161133, 3.5468430519104004, 2.9362094402313232, 2.4532124996185303, 2.071784257888794, 1.7752455472946167, 1.5893958806991577, 1.4850472211837769, 1.442918062210083], "proxy_train_time": 5.044504437595606, "proxy_train_epochs": 50, "dirty_bit": 1, "landscape_term": 4.642863443509983, "speed_term": 2.631805414859918, "mote": 3.3547522615112504}