{"id": 8148, "adj_matrix": [[0, 1, 1, 1], [0, 0, 1, 1], [0, 0, 0, 1], [0, 0, 0, 0]], "operations": ["avg_pool_3x3", "avg_pool_3x3", "nor_conv_3x3", "zeros", "nor_conv_1x1", "nor_conv_1x1"], "init_channel": 16, "blck_len": 5, "params": 0.378196, "flops": 51.04266, "latency": 0.016863438818189833, "train_per_time": 21.90449384848273, "train_time_200": 4380.898769696546, "train_accuracy_200": 0.8305899999999999, "test_accuracy_200": 0.5877999992675781, "train_time_12": 262.85392618179316, "train_accuracy_12": 0.28044, "test_accuracy_12": 0.27739999978637697, "valtest_accuracy_200": 0.5893, "valtest_accuracy_12": 0.2775, "proxy_losses": [2.3882834911346436, 1.981529712677002, 1.8461250066757202, 1.7564347982406616, 1.6850534677505493, 1.627306342124939, 1.5739480257034302, 1.526559829711914, 1.4831463098526, 1.442209005355835, 1.4066712856292725, 1.375542402267456, 1.3490395545959473, 1.3176432847976685, 1.287079930305481, 1.2658605575561523, 1.2377516031265259, 1.2155128717422485, 1.1928951740264893, 1.174765944480896, 1.1542831659317017, 1.1347895860671997, 1.1196128129959106, 1.100402593612671, 1.0833202600479126, 1.0724040269851685, 1.061365008354187, 1.0497779846191406, 1.0439181327819824, 1.0259463787078857, 1.0100988149642944, 0.9951432347297668, 0.9844326376914978, 0.9779378771781921, 0.9720683693885803, 0.9531794190406799, 0.9418314695358276, 0.9285778999328613, 0.9231206774711609, 0.9125058650970459, 0.9057955145835876, 0.8993474841117859, 0.8887990117073059, 0.8832318186759949, 0.8791809678077698, 0.8730546832084656, 0.872947633266449, 0.8514140844345093, 0.8459018468856812, 0.8415161371231079], "landscape_losses": [2.4812381267547607, 2.153717517852783, 1.946244716644287, 1.748411774635315, 1.5593496561050415, 1.3729950189590454, 1.2145662307739258, 1.0697969198226929, 0.9564612507820129, 0.8735734224319458, 0.8313548564910889], "proxy_train_time": 8.233535615727305, "proxy_train_epochs": 50, "dirty_bit": 1, "landscape_term": 8.473919420395713, "speed_term": 6.940018352607859, "mote": 6.891015498865569}