{"id": 8166, "adj_matrix": [[0, 1, 1, 1], [0, 0, 1, 1], [0, 0, 0, 1], [0, 0, 0, 0]], "operations": ["nor_conv_3x3", "skip_connect", "nor_conv_1x1", "skip_connect", "skip_connect", "nor_conv_3x3"], "init_channel": 16, "blck_len": 5, "params": 0.593236, "flops": 82.49994, "latency": 0.016407953368292913, "train_per_time": 17.89157585302984, "train_time_200": 3578.315170605968, "train_accuracy_200": 0.9867199999999999, "test_accuracy_200": 0.6972000002746583, "train_time_12": 214.6989102363586, "train_accuracy_12": 0.61728, "test_accuracy_12": 0.5713999993896484, "valtest_accuracy_200": 0.6989, "valtest_accuracy_12": 0.5722999999999999, "proxy_losses": [2.819087505340576, 2.099073648452759, 1.8777378797531128, 1.762648105621338, 1.6726576089859009, 1.5975486040115356, 1.5269720554351807, 1.4654462337493896, 1.4088860750198364, 1.3583849668502808, 1.3111528158187866, 1.2715494632720947, 1.2335337400436401, 1.1998841762542725, 1.173872947692871, 1.1420512199401855, 1.1197431087493896, 1.0936590433120728, 1.0714762210845947, 1.042580485343933, 1.028506875038147, 1.0061322450637817, 0.9856570363044739, 0.970984160900116, 0.951137900352478, 0.9349995255470276, 0.9180264472961426, 0.8979865312576294, 0.8838528394699097, 0.8649142384529114, 0.8521586656570435, 0.8384801745414734, 0.8243100643157959, 0.8148357272148132, 0.8015056252479553, 0.7894039750099182, 0.7703210115432739, 0.761185348033905, 0.758123517036438, 0.7432060837745667, 0.743248462677002, 0.7291224598884583, 0.7248491048812866, 0.7061707973480225, 0.712638258934021, 0.6967572569847107, 0.6862490773200989, 0.6692348718643188, 0.6730017066001892, 0.6568993926048279], "landscape_losses": [2.9784042835235596, 2.3317677974700928, 1.9825371503829956, 1.6921939849853516, 1.471553921699524, 1.2522902488708496, 1.0619860887527466, 0.9088229537010193, 0.7822626233100891, 0.7004150152206421, 0.6438331007957458], "proxy_train_time": 7.439862959086895, "proxy_train_epochs": 50, "dirty_bit": 1, "landscape_term": 9.639274896216865, "speed_term": 6.934756736494614, "mote": 7.660047276531615}