{"id": 8225, "adj_matrix": [[0, 1, 1, 1], [0, 0, 1, 1], [0, 0, 0, 1], [0, 0, 0, 0]], "operations": ["skip_connect", "zeros", "nor_conv_1x1", "zeros", "nor_conv_1x1", "nor_conv_1x1"], "init_channel": 16, "blck_len": 5, "params": 0.163156, "flops": 19.58538, "latency": 0.015963563212641963, "train_per_time": 16.524904807408692, "train_time_200": 3304.980961481738, "train_accuracy_200": 0.7871066666666667, "test_accuracy_200": 0.6410000001220704, "train_time_12": 198.29885768890384, "train_accuracy_12": 0.38334, "test_accuracy_12": 0.3741999993286133, "valtest_accuracy_200": 0.6433, "valtest_accuracy_12": 0.37270000000000003, "proxy_losses": [2.401139974594116, 2.1547234058380127, 2.0217766761779785, 1.933837890625, 1.8637105226516724, 1.808692216873169, 1.7671419382095337, 1.7281372547149658, 1.6967124938964844, 1.6681814193725586, 1.6411648988723755, 1.617374062538147, 1.59334397315979, 1.5705145597457886, 1.549106478691101, 1.5297794342041016, 1.508524775505066, 1.4877899885177612, 1.4702891111373901, 1.4505716562271118, 1.4316368103027344, 1.4127466678619385, 1.3953514099121094, 1.377830147743225, 1.3608661890029907, 1.3435505628585815, 1.3246310949325562, 1.3088024854660034, 1.2914764881134033, 1.2772889137268066, 1.262030839920044, 1.2467215061187744, 1.232300043106079, 1.2198832035064697, 1.209669828414917, 1.1974983215332031, 1.1844333410263062, 1.1747092008590698, 1.1680008172988892, 1.159015417098999, 1.1463215351104736, 1.1380842924118042, 1.1254445314407349, 1.1190829277038574, 1.1120890378952026, 1.0992186069488525, 1.0911026000976562, 1.0797412395477295, 1.0686585903167725, 1.0616575479507446], "landscape_losses": [2.461505174636841, 2.2468204498291016, 2.058140754699707, 1.8829758167266846, 1.7048693895339966, 1.54851233959198, 1.397648811340332, 1.2768136262893677, 1.1718212366104126, 1.0938453674316406, 1.0578179359436035], "proxy_train_time": 7.584458379074931, "proxy_train_epochs": 50, "dirty_bit": 1, "landscape_term": 7.312222593788651, "speed_term": 5.33497952703473, "mote": 5.815018346713414}