{"id": 8271, "adj_matrix": [[0, 1, 1, 1], [0, 0, 1, 1], [0, 0, 0, 1], [0, 0, 0, 0]], "operations": ["avg_pool_3x3", "nor_conv_1x1", "nor_conv_3x3", "nor_conv_3x3", "skip_connect", "zeros"], "init_channel": 16, "blck_len": 5, "params": 0.593236, "flops": 82.49994, "latency": 0.01577927668889364, "train_per_time": 20.277138749758343, "train_time_200": 4055.427749951669, "train_accuracy_200": 0.8851300000000001, "test_accuracy_200": 0.6577999998168945, "train_time_12": 243.3256649971008, "train_accuracy_12": 0.45064, "test_accuracy_12": 0.4224000000610351, "valtest_accuracy_200": 0.6600499999999999, "valtest_accuracy_12": 0.4292, "proxy_losses": [2.613210439682007, 2.0905144214630127, 1.906734824180603, 1.8168137073516846, 1.7558984756469727, 1.7064872980117798, 1.6607452630996704, 1.6194639205932617, 1.5836035013198853, 1.5502406358718872, 1.5183767080307007, 1.4889647960662842, 1.4638160467147827, 1.442997694015503, 1.4162641763687134, 1.3936806917190552, 1.3712538480758667, 1.3578306436538696, 1.3357346057891846, 1.314185619354248, 1.3002859354019165, 1.2827249765396118, 1.2650563716888428, 1.2518341541290283, 1.2378424406051636, 1.2269375324249268, 1.2123841047286987, 1.1925793886184692, 1.181520700454712, 1.1753506660461426, 1.1578668355941772, 1.1463210582733154, 1.1361981630325317, 1.1223673820495605, 1.1041408777236938, 1.0944205522537231, 1.0851188898086548, 1.0749166011810303, 1.0808384418487549, 1.061589241027832, 1.0499545335769653, 1.037487268447876, 1.0215163230895996, 1.014592170715332, 1.005715012550354, 0.9969677925109863, 0.984916090965271, 0.977368175983429, 0.967200756072998, 0.9590163826942444], "landscape_losses": [2.69986891746521, 2.2612979412078857, 2.0100491046905518, 1.8131316900253296, 1.6322261095046997, 1.4821282625198364, 1.327762246131897, 1.1897729635238647, 1.0860384702682495, 0.9946827292442322, 0.9536834955215454], "proxy_train_time": 8.562205212190747, "proxy_train_epochs": 50, "dirty_bit": 1, "landscape_term": 7.717342785698259, "speed_term": 6.505063840908506, "mote": 6.306554738148952}