{"id": 8306, "adj_matrix": [[0, 1, 1, 1], [0, 0, 1, 1], [0, 0, 0, 1], [0, 0, 0, 0]], "operations": ["nor_conv_1x1", "zeros", "skip_connect", "nor_conv_3x3", "skip_connect", "nor_conv_3x3"], "init_channel": 16, "blck_len": 5, "params": 0.593236, "flops": 82.49994, "latency": 0.017043385240766738, "train_per_time": 18.187582453091988, "train_time_200": 3637.5164906183977, "train_accuracy_200": 0.9654200000000001, "test_accuracy_200": 0.7005999995117187, "train_time_12": 218.2509894371033, "train_accuracy_12": 0.50704, "test_accuracy_12": 0.4837999996948242, "valtest_accuracy_200": 0.69745, "valtest_accuracy_12": 0.4841, "proxy_losses": [2.160648822784424, 1.7912956476211548, 1.6766149997711182, 1.604899525642395, 1.543965220451355, 1.5009315013885498, 1.4539330005645752, 1.4158318042755127, 1.378816843032837, 1.341046690940857, 1.306749939918518, 1.2756842374801636, 1.2472691535949707, 1.218502402305603, 1.1921895742416382, 1.1725062131881714, 1.1515942811965942, 1.1308820247650146, 1.106358528137207, 1.0882728099822998, 1.0707714557647705, 1.0635429620742798, 1.0397721529006958, 1.0260804891586304, 1.0094025135040283, 0.9894018769264221, 0.9714301824569702, 0.9605205059051514, 0.95526123046875, 0.9353652596473694, 0.9255033135414124, 0.9101969599723816, 0.8938192129135132, 0.8897758722305298, 0.8691571354866028, 0.8611921072006226, 0.8473139405250549, 0.8380311727523804, 0.8394376039505005, 0.8296548128128052, 0.8207077980041504, 0.8092684149742126, 0.7986845970153809, 0.7900049686431885, 0.784825325012207, 0.7822057604789734, 0.7692211866378784, 0.767055332660675, 0.7596619725227356, 0.7475200891494751], "landscape_losses": [2.255920648574829, 1.9248759746551514, 1.7444722652435303, 1.5799996852874756, 1.4289838075637817, 1.274763584136963, 1.1347464323043823, 1.023133635520935, 0.9098119139671326, 0.8074823021888733, 0.7387032508850098], "proxy_train_time": 8.11187223251909, "proxy_train_epochs": 50, "dirty_bit": 1, "landscape_term": 9.20311260855414, "speed_term": 7.467738088680867, "mote": 7.465043672029298}