{"id": 8325, "adj_matrix": [[0, 1, 1, 1], [0, 0, 1, 1], [0, 0, 0, 1], [0, 0, 0, 0]], "operations": ["skip_connect", "nor_conv_1x1", "skip_connect", "skip_connect", "skip_connect", "nor_conv_3x3"], "init_channel": 16, "blck_len": 5, "params": 0.350196, "flops": 47.1105, "latency": 0.012644423378838435, "train_per_time": 13.19855546951294, "train_time_200": 2639.711093902588, "train_accuracy_200": 0.7156666666666668, "test_accuracy_200": 0.6158666665242513, "train_time_12": 158.38266563415527, "train_accuracy_12": 0.37804000000000004, "test_accuracy_12": 0.354999999786377, "valtest_accuracy_200": 0.6172333333333334, "valtest_accuracy_12": 0.35869999999999996, "proxy_losses": [3.3636391162872314, 2.3100953102111816, 1.9335646629333496, 1.8054978847503662, 1.7064107656478882, 1.6264947652816772, 1.5671260356903076, 1.5215462446212769, 1.491749882698059, 1.4593833684921265, 1.4314517974853516, 1.4086464643478394, 1.3874852657318115, 1.3673584461212158, 1.3459399938583374, 1.3296072483062744, 1.3133418560028076, 1.2963577508926392, 1.279564380645752, 1.2667357921600342, 1.2533913850784302, 1.2412339448928833, 1.230838418006897, 1.2150864601135254, 1.2039527893066406, 1.191819429397583, 1.1807959079742432, 1.167870283126831, 1.1594624519348145, 1.1456366777420044, 1.1342828273773193, 1.1225686073303223, 1.117788553237915, 1.1063894033432007, 1.1026819944381714, 1.0938594341278076, 1.0785760879516602, 1.0672887563705444, 1.0582726001739502, 1.0466673374176025, 1.0356383323669434, 1.0308938026428223, 1.0258008241653442, 1.0160281658172607, 1.0088164806365967, 0.9903048872947693, 0.9818011522293091, 0.9759863018989563, 0.976877748966217, 0.9607721567153931], "landscape_losses": [3.5064210891723633, 2.688067674636841, 2.2675085067749023, 1.948816180229187, 1.6977417469024658, 1.4936391115188599, 1.3082551956176758, 1.1698744297027588, 1.072420358657837, 0.9961443543434143, 0.9573136568069458], "proxy_train_time": 5.574451038613915, "proxy_train_epochs": 50, "dirty_bit": 1, "landscape_term": 7.469973645482071, "speed_term": 4.27925820720982, "mote": 5.710333511752913}