{"id": 8368, "adj_matrix": [[0, 1, 1, 1], [0, 0, 1, 1], [0, 0, 0, 1], [0, 0, 0, 0]], "operations": ["zeros", "skip_connect", "zeros", "nor_conv_1x1", "skip_connect", "nor_conv_1x1"], "init_channel": 16, "blck_len": 5, "params": 0.135156, "flops": 15.65322, "latency": 0.014372150103251139, "train_per_time": 12.676895459493005, "train_time_200": 2535.379091898601, "train_accuracy_200": 0.72894, "test_accuracy_200": 0.6308999999694824, "train_time_12": 152.12274551391602, "train_accuracy_12": 0.41165999999999997, "test_accuracy_12": 0.3990000001220703, "valtest_accuracy_200": 0.62925, "valtest_accuracy_12": 0.4004, "proxy_losses": [2.4504714012145996, 2.124466896057129, 1.993065595626831, 1.9044636487960815, 1.840552568435669, 1.7988694906234741, 1.7620679140090942, 1.7324576377868652, 1.7055401802062988, 1.6797935962677002, 1.657336950302124, 1.6372385025024414, 1.6136878728866577, 1.5921227931976318, 1.5721901655197144, 1.554823398590088, 1.5364152193069458, 1.5206139087677002, 1.5032894611358643, 1.4887945652008057, 1.474303960800171, 1.459441065788269, 1.445662498474121, 1.4310177564620972, 1.4157418012619019, 1.404698133468628, 1.3915971517562866, 1.3791717290878296, 1.3670861721038818, 1.3513175249099731, 1.3409504890441895, 1.3284950256347656, 1.3148105144500732, 1.3066296577453613, 1.3004757165908813, 1.286435604095459, 1.2749032974243164, 1.2667557001113892, 1.2557098865509033, 1.2472370862960815, 1.235807180404663, 1.2293217182159424, 1.2219094038009644, 1.213009238243103, 1.2026821374893188, 1.1970266103744507, 1.1883596181869507, 1.1802244186401367, 1.176142692565918, 1.1724493503570557], "landscape_losses": [2.5041465759277344, 2.2322027683258057, 2.065056324005127, 1.909738302230835, 1.7609554529190063, 1.6308331489562988, 1.5046467781066895, 1.3970236778259277, 1.3076090812683105, 1.2305707931518555, 1.1670706272125244], "proxy_train_time": 6.7369485748931766, "proxy_train_epochs": 50, "dirty_bit": 1, "landscape_term": 6.850909958404059, "speed_term": 4.568808278885038, "mote": 5.347608026593344}