{"id": 8370, "adj_matrix": [[0, 1, 1, 1], [0, 0, 1, 1], [0, 0, 0, 1], [0, 0, 0, 0]], "operations": ["skip_connect", "nor_conv_1x1", "skip_connect", "zeros", "skip_connect", "zeros"], "init_channel": 16, "blck_len": 5, "params": 0.10715599999999999, "flops": 11.72106, "latency": 0.011907643742031522, "train_per_time": 8.995312492052738, "train_time_200": 1799.0624984105477, "train_accuracy_200": 0.6309866666666667, "test_accuracy_200": 0.5847333326619466, "train_time_12": 107.94374990463258, "train_accuracy_12": 0.4653, "test_accuracy_12": 0.44599999951171876, "valtest_accuracy_200": 0.5818333333333333, "valtest_accuracy_12": 0.4493, "proxy_losses": [2.4786832332611084, 2.371955394744873, 2.2843985557556152, 2.2095894813537598, 2.151747465133667, 2.1044461727142334, 2.06394624710083, 2.030762195587158, 2.0011868476867676, 1.975620150566101, 1.954966425895691, 1.9377315044403076, 1.921948790550232, 1.9087586402893066, 1.8961015939712524, 1.885543942451477, 1.8745441436767578, 1.865004539489746, 1.856341004371643, 1.8480849266052246, 1.8410812616348267, 1.8329185247421265, 1.8265968561172485, 1.820063829421997, 1.8137714862823486, 1.8078346252441406, 1.8024226427078247, 1.79616117477417, 1.7898627519607544, 1.7849138975143433, 1.7797811031341553, 1.7746117115020752, 1.769668698310852, 1.764546513557434, 1.759501576423645, 1.7543416023254395, 1.7496380805969238, 1.7458606958389282, 1.7406039237976074, 1.7357523441314697, 1.7317849397659302, 1.7277828454971313, 1.7239711284637451, 1.720212697982788, 1.7154769897460938, 1.7116144895553589, 1.7071789503097534, 1.7044038772583008, 1.7007619142532349, 1.6972025632858276], "landscape_losses": [2.499319314956665, 2.3704745769500732, 2.2536582946777344, 2.14308762550354, 2.0286831855773926, 1.9325796365737915, 1.853946328163147, 1.7939685583114624, 1.7475802898406982, 1.7161030769348145, 1.6960781812667847], "proxy_train_time": 5.446903414092958, "proxy_train_epochs": 50, "dirty_bit": 1, "landscape_term": 5.5840226827652595, "speed_term": 2.914288499401251, "mote": 4.098401635161918}