{"id": 8394, "adj_matrix": [[0, 1, 1, 1], [0, 0, 1, 1], [0, 0, 0, 1], [0, 0, 0, 0]], "operations": ["nor_conv_1x1", "nor_conv_1x1", "avg_pool_3x3", "skip_connect", "avg_pool_3x3", "nor_conv_3x3"], "init_channel": 16, "blck_len": 5, "params": 0.378196, "flops": 51.04266, "latency": 0.014540857738918729, "train_per_time": 21.134301622708687, "train_time_200": 4226.860324541737, "train_accuracy_200": 0.9631200000000001, "test_accuracy_200": 0.6956999996948242, "train_time_12": 253.6116194725037, "train_accuracy_12": 0.57664, "test_accuracy_12": 0.532399999633789, "valtest_accuracy_200": 0.69585, "valtest_accuracy_12": 0.5307999999999999, "proxy_losses": [2.8242268562316895, 2.060218334197998, 1.831114411354065, 1.7110642194747925, 1.6434129476547241, 1.5881160497665405, 1.542178750038147, 1.502898097038269, 1.470945954322815, 1.4385080337524414, 1.4106088876724243, 1.3876171112060547, 1.357666015625, 1.332464337348938, 1.3069359064102173, 1.2871630191802979, 1.2625452280044556, 1.2394137382507324, 1.2166601419448853, 1.1985461711883545, 1.1730045080184937, 1.1593377590179443, 1.1362295150756836, 1.1184043884277344, 1.1016286611557007, 1.0878727436065674, 1.0704245567321777, 1.0539195537567139, 1.0431139469146729, 1.0309332609176636, 1.0144834518432617, 1.0049365758895874, 0.9938759803771973, 0.9816796779632568, 0.9708808660507202, 0.9631922841072083, 0.9542700052261353, 0.9428882002830505, 0.9309498071670532, 0.9183173775672913, 0.9113900661468506, 0.8987070322036743, 0.8879716992378235, 0.8758158087730408, 0.8746579885482788, 0.8651779294013977, 0.8543792963027954, 0.8526352643966675, 0.8418185710906982, 0.8370650410652161], "landscape_losses": [2.9298248291015625, 2.2913968563079834, 1.9544405937194824, 1.709976315498352, 1.5263625383377075, 1.3571749925613403, 1.2236534357070923, 1.0949510335922241, 0.9684356451034546, 0.8771223425865173, 0.8306962847709656], "proxy_train_time": 7.711124544963241, "proxy_train_epochs": 50, "dirty_bit": 1, "landscape_term": 8.37317019123244, "speed_term": 6.429980932818473, "mote": 6.733635079811853}