{"id": 8547, "adj_matrix": [[0, 1, 1, 1], [0, 0, 1, 1], [0, 0, 0, 1], [0, 0, 0, 0]], "operations": ["zeros", "nor_conv_3x3", "nor_conv_3x3", "skip_connect", "nor_conv_1x1", "nor_conv_1x1"], "init_channel": 16, "blck_len": 5, "params": 0.621236, "flops": 86.4321, "latency": 0.017953210406833224, "train_per_time": 21.774313131968142, "train_time_200": 4354.8626263936285, "train_accuracy_200": 0.9599500000000001, "test_accuracy_200": 0.6974999993286133, "train_time_12": 261.2917575836181, "train_accuracy_12": 0.62762, "test_accuracy_12": 0.5723999996948241, "valtest_accuracy_200": 0.6955500000000001, "valtest_accuracy_12": 0.5729, "proxy_losses": [2.6821506023406982, 2.1926379203796387, 1.9851174354553223, 1.853875756263733, 1.757236123085022, 1.685805082321167, 1.6287639141082764, 1.579705834388733, 1.5387133359909058, 1.4993343353271484, 1.462912678718567, 1.4298391342163086, 1.3981783390045166, 1.3691635131835938, 1.3415838479995728, 1.315058708190918, 1.2954190969467163, 1.2679517269134521, 1.2471002340316772, 1.2246264219284058, 1.2023895978927612, 1.1822590827941895, 1.1619552373886108, 1.1449488401412964, 1.125550627708435, 1.1030795574188232, 1.0931522846221924, 1.0758874416351318, 1.0598286390304565, 1.041370153427124, 1.0305233001708984, 1.0094072818756104, 0.9932387471199036, 0.9839858412742615, 0.9689409136772156, 0.95513916015625, 0.9482647180557251, 0.9324930906295776, 0.9175869822502136, 0.9082912802696228, 0.8984168171882629, 0.8858532309532166, 0.8696925640106201, 0.8650068640708923, 0.8522796630859375, 0.8395237326622009, 0.8396804928779602, 0.82358717918396, 0.8105603456497192, 0.8025881052017212], "landscape_losses": [2.7911815643310547, 2.371123790740967, 2.084991693496704, 1.8443255424499512, 1.611668348312378, 1.4170621633529663, 1.2261983156204224, 1.0896302461624146, 0.9662331938743591, 0.8702060580253601, 0.8097681403160095], "proxy_train_time": 9.302479580976069, "proxy_train_epochs": 50, "dirty_bit": 1, "landscape_term": 8.280287035796146, "speed_term": 7.614914621597037, "mote": 6.8771636736768045}