{"id": 8637, "adj_matrix": [[0, 1, 1, 1], [0, 0, 1, 1], [0, 0, 0, 1], [0, 0, 0, 0]], "operations": ["nor_conv_1x1", "nor_conv_3x3", "zeros", "avg_pool_3x3", "avg_pool_3x3", "zeros"], "init_channel": 16, "blck_len": 5, "params": 0.350196, "flops": 47.1105, "latency": 0.015519234869215224, "train_per_time": 17.41421902179718, "train_time_200": 3482.843804359436, "train_accuracy_200": 0.76048, "test_accuracy_200": 0.5978999995117187, "train_time_12": 208.97062826156616, "train_accuracy_12": 0.40130000000000005, "test_accuracy_12": 0.3765999998168945, "valtest_accuracy_200": 0.5973, "valtest_accuracy_12": 0.38079999999999997, "proxy_losses": [2.787811279296875, 2.491990566253662, 2.317415952682495, 2.1915440559387207, 2.0897068977355957, 2.0115106105804443, 1.945046067237854, 1.889890432357788, 1.8459852933883667, 1.8081905841827393, 1.778273582458496, 1.7494810819625854, 1.7240324020385742, 1.7011299133300781, 1.6801748275756836, 1.6626230478286743, 1.6454664468765259, 1.629228949546814, 1.6146836280822754, 1.6012295484542847, 1.5866056680679321, 1.5762956142425537, 1.5632535219192505, 1.5518574714660645, 1.5399127006530762, 1.5315556526184082, 1.5214465856552124, 1.5143849849700928, 1.5042668581008911, 1.4961005449295044, 1.4870165586471558, 1.4809576272964478, 1.4722338914871216, 1.4625543355941772, 1.4567381143569946, 1.4484093189239502, 1.440974473953247, 1.434288740158081, 1.4309253692626953, 1.4232183694839478, 1.417954921722412, 1.4088736772537231, 1.4004830121994019, 1.3956201076507568, 1.3889236450195312, 1.3798633813858032, 1.3733607530593872, 1.3677891492843628, 1.3610928058624268, 1.3549237251281738], "landscape_losses": [2.834392786026001, 2.5362794399261475, 2.310007333755493, 2.120626449584961, 1.9168281555175781, 1.760087490081787, 1.6298097372055054, 1.5232163667678833, 1.4399006366729736, 1.3829128742218018, 1.3468998670578003], "proxy_train_time": 7.910991455428302, "proxy_train_epochs": 50, "dirty_bit": 1, "landscape_term": 6.171517663398955, "speed_term": 4.827466715031592, "mote": 4.929854177246941}