{"id": 8656, "adj_matrix": [[0, 1, 1, 1], [0, 0, 1, 1], [0, 0, 0, 1], [0, 0, 0, 0]], "operations": ["avg_pool_3x3", "nor_conv_3x3", "avg_pool_3x3", "zeros", "skip_connect", "nor_conv_3x3"], "init_channel": 16, "blck_len": 5, "params": 0.565236, "flops": 78.56778, "latency": 0.014132055971357558, "train_per_time": 18.863613168398487, "train_time_200": 3772.722633679697, "train_accuracy_200": 0.9648699999999999, "test_accuracy_200": 0.6536999996032715, "train_time_12": 226.36335802078244, "train_accuracy_12": 0.44542000000000004, "test_accuracy_12": 0.4323999997558594, "valtest_accuracy_200": 0.6593000000000001, "valtest_accuracy_12": 0.4296, "proxy_losses": [2.2445180416107178, 1.8599997758865356, 1.7246166467666626, 1.6305490732192993, 1.5567630529403687, 1.490540862083435, 1.4330722093582153, 1.3807640075683594, 1.3335731029510498, 1.2944895029067993, 1.2534538507461548, 1.2140636444091797, 1.1775684356689453, 1.1468027830123901, 1.1249618530273438, 1.0932579040527344, 1.0647262334823608, 1.0406880378723145, 1.019029140472412, 0.9935939311981201, 0.9696727395057678, 0.9548032283782959, 0.9377186298370361, 0.926314651966095, 0.904234766960144, 0.8846690654754639, 0.8714938759803772, 0.8529340028762817, 0.8374231457710266, 0.8198652267456055, 0.8072212934494019, 0.8009976744651794, 0.7877247333526611, 0.7786473631858826, 0.779614269733429, 0.760729968547821, 0.7567825317382812, 0.7447224855422974, 0.7274317145347595, 0.7200461626052856, 0.717964231967926, 0.714076578617096, 0.6993635296821594, 0.6936925053596497, 0.6856126189231873, 0.6758866906166077, 0.6665399670600891, 0.6644253134727478, 0.6541889905929565, 0.6530386209487915], "landscape_losses": [2.3605146408081055, 1.995699167251587, 1.7612062692642212, 1.5572437047958374, 1.37956964969635, 1.206753134727478, 1.0569136142730713, 0.9255712032318115, 0.8083096146583557, 0.6956671476364136, 0.6460651159286499], "proxy_train_time": 7.7852678084746, "proxy_train_epochs": 50, "dirty_bit": 1, "landscape_term": 9.93721588235474, "speed_term": 7.704391930008252, "mote": 7.986144087271385}