{"id": 8670, "adj_matrix": [[0, 1, 1, 1], [0, 0, 1, 1], [0, 0, 0, 1], [0, 0, 0, 0]], "operations": ["nor_conv_3x3", "nor_conv_1x1", "skip_connect", "zeros", "nor_conv_1x1", "skip_connect"], "init_channel": 16, "blck_len": 5, "params": 0.378196, "flops": 51.04266, "latency": 0.015524142318301732, "train_per_time": 16.946562568346618, "train_time_200": 3389.3125136693234, "train_accuracy_200": 0.93833, "test_accuracy_200": 0.6868999990844727, "train_time_12": 203.35875082015988, "train_accuracy_12": 0.50042, "test_accuracy_12": 0.47699999951171873, "valtest_accuracy_200": 0.6859999999999999, "valtest_accuracy_12": 0.47759999999999997, "proxy_losses": [2.444824457168579, 2.0207953453063965, 1.838426113128662, 1.7204020023345947, 1.6330043077468872, 1.5643017292022705, 1.5095640420913696, 1.463974952697754, 1.42279851436615, 1.3870636224746704, 1.3543568849563599, 1.3250914812088013, 1.3010740280151367, 1.2759355306625366, 1.2523218393325806, 1.226193904876709, 1.2038226127624512, 1.1830490827560425, 1.1650489568710327, 1.1450281143188477, 1.1256392002105713, 1.1038485765457153, 1.0828206539154053, 1.0691088438034058, 1.05241060256958, 1.033691644668579, 1.030181884765625, 1.0154913663864136, 1.0001730918884277, 0.9785603284835815, 0.9668045043945312, 0.9502013921737671, 0.9325838685035706, 0.9275780320167542, 0.921608030796051, 0.9035345911979675, 0.8880801796913147, 0.8822391629219055, 0.8745111227035522, 0.8683154582977295, 0.8488859534263611, 0.845771074295044, 0.8327826857566833, 0.8281782269477844, 0.8075445294380188, 0.8126946687698364, 0.7982848882675171, 0.7870945930480957, 0.7769690155982971, 0.7609410881996155], "landscape_losses": [2.542593002319336, 2.163738965988159, 1.9089165925979614, 1.6719924211502075, 1.4718801975250244, 1.3120148181915283, 1.1570923328399658, 1.0242526531219482, 0.8946699500083923, 0.7963112592697144, 0.7613817453384399], "proxy_train_time": 7.48598662763834, "proxy_train_epochs": 50, "dirty_bit": 1, "landscape_term": 8.946477517128256, "speed_term": 6.550152369802545, "mote": 7.1362491880816314}