{"id": 8678, "adj_matrix": [[0, 1, 1, 1], [0, 0, 1, 1], [0, 0, 0, 1], [0, 0, 0, 0]], "operations": ["zeros", "skip_connect", "nor_conv_1x1", "zeros", "nor_conv_3x3", "nor_conv_3x3"], "init_channel": 16, "blck_len": 5, "params": 0.593236, "flops": 82.49994, "latency": 0.01635138193766276, "train_per_time": 18.412986238797554, "train_time_200": 3682.597247759511, "train_accuracy_200": 0.9044800000000001, "test_accuracy_200": 0.6724999993896484, "train_time_12": 220.9558348655701, "train_accuracy_12": 0.47314, "test_accuracy_12": 0.4550000002441406, "valtest_accuracy_200": 0.67155, "valtest_accuracy_12": 0.4579, "proxy_losses": [2.2093138694763184, 1.9401519298553467, 1.8355941772460938, 1.763325572013855, 1.7093802690505981, 1.6605329513549805, 1.6171120405197144, 1.5773833990097046, 1.540648102760315, 1.5061748027801514, 1.472835898399353, 1.441670298576355, 1.4148805141448975, 1.3858397006988525, 1.3631435632705688, 1.3389886617660522, 1.3147910833358765, 1.2859641313552856, 1.26762056350708, 1.2425413131713867, 1.2231987714767456, 1.2095831632614136, 1.1875942945480347, 1.168603539466858, 1.1474058628082275, 1.1264959573745728, 1.1129390001296997, 1.0944347381591797, 1.0758849382400513, 1.0687278509140015, 1.04732084274292, 1.0375512838363647, 1.026226282119751, 1.0104691982269287, 0.996418833732605, 0.9823734164237976, 0.96958327293396, 0.9527785181999207, 0.9477143287658691, 0.9442248344421387, 0.9308416247367859, 0.9209923148155212, 0.9085821509361267, 0.8963237404823303, 0.8866116404533386, 0.8757089972496033, 0.8727009892463684, 0.8696033358573914, 0.8604222536087036, 0.85589599609375], "landscape_losses": [2.296044111251831, 2.054215908050537, 1.876918911933899, 1.7244224548339844, 1.572654128074646, 1.4284013509750366, 1.295929193496704, 1.1834309101104736, 1.0619077682495117, 0.9360125064849854, 0.8556472659111023], "proxy_train_time": 8.314541977830231, "proxy_train_epochs": 50, "dirty_bit": 1, "landscape_term": 8.166395784536672, "speed_term": 6.804589339195867, "mote": 6.6617480989573705}