{"id": 8685, "adj_matrix": [[0, 1, 1, 1], [0, 0, 1, 1], [0, 0, 0, 1], [0, 0, 0, 0]], "operations": ["zeros", "avg_pool_3x3", "nor_conv_1x1", "skip_connect", "zeros", "nor_conv_1x1"], "init_channel": 16, "blck_len": 5, "params": 0.135156, "flops": 15.65322, "latency": 0.0149001677831014, "train_per_time": 14.843977252642286, "train_time_200": 2968.7954505284574, "train_accuracy_200": 0.7622999999999999, "test_accuracy_200": 0.6197999996032715, "train_time_12": 178.12772703170776, "train_accuracy_12": 0.47212000000000004, "test_accuracy_12": 0.45679999981689456, "valtest_accuracy_200": 0.6241, "valtest_accuracy_12": 0.45799999999999996, "proxy_losses": [3.2463772296905518, 2.764525890350342, 2.500473976135254, 2.318549633026123, 2.191138982772827, 2.102855682373047, 2.0331156253814697, 1.9776142835617065, 1.9279999732971191, 1.882017731666565, 1.8412443399429321, 1.8048466444015503, 1.7710713148117065, 1.7422466278076172, 1.7142435312271118, 1.688546895980835, 1.6662120819091797, 1.6463128328323364, 1.6272823810577393, 1.6101644039154053, 1.5933499336242676, 1.5764821767807007, 1.5637472867965698, 1.5485124588012695, 1.536534070968628, 1.5241109132766724, 1.5124247074127197, 1.5016511678695679, 1.4894587993621826, 1.476199746131897, 1.46425199508667, 1.4554165601730347, 1.4432767629623413, 1.4354482889175415, 1.4262827634811401, 1.4174672365188599, 1.4079760313034058, 1.3995698690414429, 1.3918129205703735, 1.384102463722229, 1.371403694152832, 1.3673756122589111, 1.356223225593567, 1.3530973196029663, 1.34310781955719, 1.3335267305374146, 1.3235582113265991, 1.3178331851959229, 1.312052845954895, 1.3050029277801514], "landscape_losses": [3.3340694904327393, 2.904101610183716, 2.6034839153289795, 2.3440041542053223, 2.108196973800659, 1.8896031379699707, 1.6992597579956055, 1.5448377132415771, 1.4187875986099243, 1.3396297693252563, 1.2981157302856445], "proxy_train_time": 7.01767126377672, "proxy_train_epochs": 50, "dirty_bit": 1, "landscape_term": 5.916004175230032, "speed_term": 4.228119122453365, "mote": 4.628210429855883}