{"id": 8845, "adj_matrix": [[0, 1, 1, 1], [0, 0, 1, 1], [0, 0, 0, 1], [0, 0, 0, 0]], "operations": ["skip_connect", "zeros", "nor_conv_3x3", "skip_connect", "nor_conv_1x1", "nor_conv_3x3"], "init_channel": 16, "blck_len": 5, "params": 0.593236, "flops": 82.49994, "latency": 0.017193860477871362, "train_per_time": 18.214945872624764, "train_time_200": 3642.989174524953, "train_accuracy_200": 0.9912866666666666, "test_accuracy_200": 0.7043999999186197, "train_time_12": 218.5793504714966, "train_accuracy_12": 0.6452, "test_accuracy_12": 0.5931999995117188, "valtest_accuracy_200": 0.7061999999999999, "valtest_accuracy_12": 0.5936, "proxy_losses": [2.3754940032958984, 1.8459928035736084, 1.6779533624649048, 1.5912258625030518, 1.52280592918396, 1.4632954597473145, 1.4123319387435913, 1.3663029670715332, 1.3220421075820923, 1.281494140625, 1.2419822216033936, 1.2096537351608276, 1.1760300397872925, 1.146176815032959, 1.1161500215530396, 1.0923341512680054, 1.0722498893737793, 1.0472254753112793, 1.025933027267456, 1.011831521987915, 0.9871054887771606, 0.9645563364028931, 0.9511373043060303, 0.9327220916748047, 0.9231668710708618, 0.9171506762504578, 0.9024195075035095, 0.8882894515991211, 0.8697970509529114, 0.8543903231620789, 0.838265597820282, 0.8302528262138367, 0.8133413195610046, 0.8059583306312561, 0.7977430820465088, 0.7979170083999634, 0.7861165404319763, 0.7707418203353882, 0.7505837678909302, 0.7479495406150818, 0.7363575100898743, 0.7270154356956482, 0.7220856547355652, 0.721786618232727, 0.7113500237464905, 0.7043048739433289, 0.6976911425590515, 0.6924458742141724, 0.6843185424804688, 0.6749672293663025], "landscape_losses": [2.507502317428589, 2.0656163692474365, 1.8009066581726074, 1.5815292596817017, 1.3769854307174683, 1.2128721475601196, 1.069257140159607, 0.9110084772109985, 0.8079588413238525, 0.7220219373703003, 0.6665894389152527], "proxy_train_time": 7.891056480817497, "proxy_train_epochs": 50, "dirty_bit": 1, "landscape_term": 9.776982210083457, "speed_term": 7.706044627051476, "mote": 7.881813828728003}