{"id": 8851, "adj_matrix": [[0, 1, 1, 1], [0, 0, 1, 1], [0, 0, 0, 1], [0, 0, 0, 0]], "operations": ["nor_conv_3x3", "zeros", "nor_conv_1x1", "nor_conv_3x3", "avg_pool_3x3", "nor_conv_3x3"], "init_channel": 16, "blck_len": 5, "params": 0.836276, "flops": 117.88938, "latency": 0.01841196748945448, "train_per_time": 25.32517353693645, "train_time_200": 5065.03470738729, "train_accuracy_200": 0.98457, "test_accuracy_200": 0.6967999990844725, "train_time_12": 303.9020824432373, "train_accuracy_12": 0.41788, "test_accuracy_12": 0.39659999999999995, "valtest_accuracy_200": 0.6899000000000001, "valtest_accuracy_12": 0.4007, "proxy_losses": [2.1670079231262207, 1.7094013690948486, 1.5500566959381104, 1.4516721963882446, 1.3688584566116333, 1.3029519319534302, 1.244994878768921, 1.194584608078003, 1.1495293378829956, 1.1048270463943481, 1.0678836107254028, 1.027537226676941, 0.9978705048561096, 0.9671862125396729, 0.9406646490097046, 0.9180063605308533, 0.8930465579032898, 0.8745869398117065, 0.8498310446739197, 0.8310825228691101, 0.8160735368728638, 0.7994804978370667, 0.7716633081436157, 0.756486713886261, 0.7394253015518188, 0.7249637246131897, 0.7173325419425964, 0.6933757662773132, 0.6831164956092834, 0.667350709438324, 0.6567562222480774, 0.6477293968200684, 0.6417146325111389, 0.6246882081031799, 0.6118884682655334, 0.6031217575073242, 0.5968068242073059, 0.5859910249710083, 0.5831454992294312, 0.5834916234016418, 0.572945237159729, 0.557913064956665, 0.5330008268356323, 0.5314190983772278, 0.5222833752632141, 0.5231344699859619, 0.5109450221061707, 0.4998409152030945, 0.497569739818573, 0.4953649342060089], "landscape_losses": [2.3108887672424316, 1.8756861686706543, 1.624145746231079, 1.39057195186615, 1.1988935470581055, 1.0173554420471191, 0.8544230461120605, 0.7094731330871582, 0.5898240804672241, 0.5175698399543762, 0.48256146907806396], "proxy_train_time": 10.240534408017993, "proxy_train_epochs": 50, "dirty_bit": 1, "landscape_term": 12.397431150170318, "speed_term": 12.087334276499007, "mote": 10.234404898057939}