{"id": 8927, "adj_matrix": [[0, 1, 1, 1], [0, 0, 1, 1], [0, 0, 0, 1], [0, 0, 0, 0]], "operations": ["zeros", "zeros", "avg_pool_3x3", "zeros", "nor_conv_3x3", "avg_pool_3x3"], "init_channel": 16, "blck_len": 5, "params": 0.322196, "flops": 43.17834, "latency": 0.013071695963541666, "train_per_time": 14.816464583078993, "train_time_200": 2963.2929166157987, "train_accuracy_200": 0.01, "test_accuracy_200": 0.00999999999109904, "train_time_12": 177.79757499694816, "train_accuracy_12": 0.00966, "test_accuracy_12": 0.01, "valtest_accuracy_200": 0.01, "valtest_accuracy_12": 0.01, "proxy_losses": [2.302643060684204, 2.3026039600372314, 2.302593469619751, 2.3025925159454346, 2.3025929927825928, 2.30259370803833, 2.302591323852539, 2.302593469619751, 2.302595615386963, 2.3025965690612793, 2.3025903701782227, 2.3025965690612793, 2.302591323852539, 2.302591323852539, 2.3025968074798584, 2.3025929927825928, 2.30259108543396, 2.302591323852539, 2.302593469619751, 2.302598237991333, 2.3025965690612793, 2.3025941848754883, 2.3025906085968018, 2.3025898933410645, 2.3025946617126465, 2.3025951385498047, 2.30259370803833, 2.3025925159454346, 2.302600860595703, 2.3025906085968018, 2.3025929927825928, 2.3025879859924316, 2.302595376968384, 2.302593469619751, 2.302595376968384, 2.302590847015381, 2.3025898933410645, 2.3025918006896973, 2.302590847015381, 2.30259108543396, 2.302598476409912, 2.302591323852539, 2.302591323852539, 2.3025965690612793, 2.3025922775268555, 2.3025901317596436, 2.302593469619751, 2.302588701248169, 2.302591562271118, 2.302591323852539], "landscape_losses": [2.3025901317596436, 2.302590847015381, 2.3025898933410645, 2.302595376968384, 2.3025901317596436, 2.30259108543396, 2.3025946617126465, 2.302593946456909, 2.3025898933410645, 2.3025968074798584, 2.3025963306427], "proxy_train_time": 6.812507789582014, "proxy_train_epochs": 50, "dirty_bit": 1, "landscape_term": 4.777223630572289, "speed_term": 2.958622742244942, "mote": 3.532700097588208}