{"id": 8964, "adj_matrix": [[0, 1, 1, 1], [0, 0, 1, 1], [0, 0, 0, 1], [0, 0, 0, 0]], "operations": ["skip_connect", "zeros", "skip_connect", "skip_connect", "nor_conv_1x1", "nor_conv_1x1"], "init_channel": 16, "blck_len": 5, "params": 0.135156, "flops": 15.65322, "latency": 0.014634273670337818, "train_per_time": 12.305890838305157, "train_time_200": 2461.1781676610312, "train_accuracy_200": 0.7569666666666666, "test_accuracy_200": 0.646333333231608, "train_time_12": 147.6706900596619, "train_accuracy_12": 0.48558, "test_accuracy_12": 0.473599999633789, "valtest_accuracy_200": 0.6417, "valtest_accuracy_12": 0.47700000000000004, "proxy_losses": [2.9217116832733154, 2.3387675285339355, 2.094774007797241, 1.9697818756103516, 1.8961279392242432, 1.8391287326812744, 1.7947865724563599, 1.757032871246338, 1.7233136892318726, 1.6947678327560425, 1.6707876920700073, 1.6497271060943604, 1.6288203001022339, 1.6103167533874512, 1.5910636186599731, 1.5707736015319824, 1.5528603792190552, 1.5347434282302856, 1.5162906646728516, 1.500710368156433, 1.4863883256912231, 1.4716566801071167, 1.4590392112731934, 1.446041226387024, 1.4322478771209717, 1.420271635055542, 1.4090851545333862, 1.396143913269043, 1.3852484226226807, 1.3755838871002197, 1.3637739419937134, 1.3568544387817383, 1.3444448709487915, 1.338068962097168, 1.3294432163238525, 1.316810965538025, 1.3141624927520752, 1.3021631240844727, 1.294973373413086, 1.2889349460601807, 1.2775439023971558, 1.2688201665878296, 1.2650152444839478, 1.255763053894043, 1.2510924339294434, 1.2431976795196533, 1.237271785736084, 1.2272533178329468, 1.2214725017547607, 1.2163963317871094], "landscape_losses": [2.9914016723632812, 2.493328094482422, 2.2430810928344727, 2.031374454498291, 1.8567423820495605, 1.703049659729004, 1.567462682723999, 1.4569560289382935, 1.367017149925232, 1.293863296508789, 1.2159194946289062], "proxy_train_time": 5.981137124821544, "proxy_train_epochs": 50, "dirty_bit": 1, "landscape_term": 6.450372312359992, "speed_term": 3.94266500262598, "mote": 4.939699722674432}