{"id": 9011, "adj_matrix": [[0, 1, 1, 1], [0, 0, 1, 1], [0, 0, 0, 1], [0, 0, 0, 0]], "operations": ["zeros", "zeros", "skip_connect", "zeros", "nor_conv_3x3", "nor_conv_1x1"], "init_channel": 16, "blck_len": 5, "params": 0.350196, "flops": 47.1105, "latency": 0.014525135358174643, "train_per_time": 14.39596108595528, "train_time_200": 2879.192217191056, "train_accuracy_200": 0.01, "test_accuracy_200": 0.009999999994913737, "train_time_12": 172.75153303146362, "train_accuracy_12": 0.01, "test_accuracy_12": 0.01, "valtest_accuracy_200": 0.01, "valtest_accuracy_12": 0.01, "proxy_losses": [2.302623748779297, 2.3026018142700195, 2.302596092224121, 2.30259370803833, 2.302596092224121, 2.302593469619751, 2.3025918006896973, 2.3025929927825928, 2.30259370803833, 2.302597761154175, 2.3025944232940674, 2.302593469619751, 2.302593469619751, 2.3025941848754883, 2.3025901317596436, 2.3025949001312256, 2.3025949001312256, 2.3025944232940674, 2.3025925159454346, 2.302600622177124, 2.3025901317596436, 2.302589178085327, 2.3025963306427, 2.302593231201172, 2.3025920391082764, 2.3025927543640137, 2.3025922775268555, 2.302593469619751, 2.30258846282959, 2.3025922775268555, 2.302595376968384, 2.3025929927825928, 2.302591562271118, 2.3025944232940674, 2.30259108543396, 2.30259370803833, 2.302593469619751, 2.3025896549224854, 2.3025922775268555, 2.302593469619751, 2.302591323852539, 2.3025922775268555, 2.3025965690612793, 2.3025946617126465, 2.3025901317596436, 2.3025929927825928, 2.3025925159454346, 2.302595615386963, 2.30259108543396, 2.30259370803833], "landscape_losses": [2.302591323852539, 2.30259108543396, 2.302593231201172, 2.3025879859924316, 2.302593469619751, 2.3025922775268555, 2.3025906085968018, 2.302590847015381, 2.3025896549224854, 2.3025949001312256, 2.3025944232940674], "proxy_train_time": 7.105775447562337, "proxy_train_epochs": 50, "dirty_bit": 1, "landscape_term": 4.7772253843314365, "speed_term": 3.0859870411011663, "mote": 3.563207619318487}