{"id": 9012, "adj_matrix": [[0, 1, 1, 1], [0, 0, 1, 1], [0, 0, 0, 1], [0, 0, 0, 0]], "operations": ["zeros", "avg_pool_3x3", "skip_connect", "zeros", "nor_conv_1x1", "skip_connect"], "init_channel": 16, "blck_len": 5, "params": 0.10715599999999999, "flops": 11.72106, "latency": 0.011218892203436958, "train_per_time": 11.3508295615514, "train_time_200": 2270.16591231028, "train_accuracy_200": 0.5191399999999999, "test_accuracy_200": 0.46266666632080083, "train_time_12": 136.20995473861691, "train_accuracy_12": 0.31814, "test_accuracy_12": 0.31079999996948243, "valtest_accuracy_200": 0.46699999999999997, "valtest_accuracy_12": 0.30829999999999996, "proxy_losses": [2.4463655948638916, 2.315232276916504, 2.2138774394989014, 2.1377553939819336, 2.0818493366241455, 2.0372474193573, 2.0031425952911377, 1.9740090370178223, 1.9522794485092163, 1.9345694780349731, 1.9180246591567993, 1.9032396078109741, 1.8869258165359497, 1.872554063796997, 1.8595976829528809, 1.8494312763214111, 1.839037537574768, 1.8303056955337524, 1.822404146194458, 1.8142203092575073, 1.8074862957000732, 1.8002748489379883, 1.794335126876831, 1.7879360914230347, 1.7821992635726929, 1.7776947021484375, 1.771493911743164, 1.7669599056243896, 1.7620763778686523, 1.7567460536956787, 1.753020167350769, 1.7482839822769165, 1.7441339492797852, 1.740938663482666, 1.7368237972259521, 1.7334296703338623, 1.7287789583206177, 1.7257269620895386, 1.7226678133010864, 1.719052791595459, 1.715924620628357, 1.713617205619812, 1.7094275951385498, 1.7068513631820679, 1.7062596082687378, 1.7013695240020752, 1.6979658603668213, 1.6963812112808228, 1.6929601430892944, 1.6901066303253174], "landscape_losses": [2.4683334827423096, 2.3289294242858887, 2.2032833099365234, 2.07802414894104, 1.968101143836975, 1.875848412513733, 1.8097466230392456, 1.758689045906067, 1.7253296375274658, 1.7024871110916138, 1.689477562904358], "proxy_train_time": 5.406764291226864, "proxy_train_epochs": 50, "dirty_bit": 1, "landscape_term": 5.6908472117445905, "speed_term": 2.9422008245682494, "mote": 4.180582228019178}