{"id": 904, "adj_matrix": [[0, 1, 1, 1], [0, 0, 1, 1], [0, 0, 0, 1], [0, 0, 0, 0]], "operations": ["nor_conv_1x1", "skip_connect", "skip_connect", "avg_pool_3x3", "nor_conv_3x3", "skip_connect"], "init_channel": 16, "blck_len": 5, "params": 0.350196, "flops": 47.1105, "latency": 0.0148204211835508, "train_per_time": 15.505242864290842, "train_time_200": 3101.0485728581684, "train_accuracy_200": 0.7818066666666666, "test_accuracy_200": 0.6412666663004558, "train_time_12": 186.0629143714904, "train_accuracy_12": 0.39024000000000003, "test_accuracy_12": 0.37039999963378906, "valtest_accuracy_200": 0.6417999999999999, "valtest_accuracy_12": 0.3729, "proxy_losses": [4.150278091430664, 2.711028814315796, 2.2907137870788574, 2.036062002182007, 1.8711539506912231, 1.741668939590454, 1.6625298261642456, 1.5991164445877075, 1.553223967552185, 1.5170639753341675, 1.487330436706543, 1.461012363433838, 1.4319617748260498, 1.4118658304214478, 1.3875494003295898, 1.3653151988983154, 1.348981499671936, 1.32763671875, 1.3107632398605347, 1.2974830865859985, 1.283813714981079, 1.2688971757888794, 1.2566384077072144, 1.2397106885910034, 1.2242076396942139, 1.2135215997695923, 1.1991938352584839, 1.1863157749176025, 1.1747746467590332, 1.1600490808486938, 1.1480019092559814, 1.1370984315872192, 1.1232662200927734, 1.1109141111373901, 1.1043487787246704, 1.094231128692627, 1.0806872844696045, 1.0690817832946777, 1.0633738040924072, 1.0530849695205688, 1.0402545928955078, 1.0342512130737305, 1.0254170894622803, 1.012069582939148, 1.0004284381866455, 0.9945822358131409, 0.9920406341552734, 0.9873083829879761, 0.9905235171318054, 0.9773816466331482], "landscape_losses": [4.295060157775879, 3.110454559326172, 2.5543599128723145, 2.1245808601379395, 1.79572594165802, 1.514809250831604, 1.3216406106948853, 1.1707813739776611, 1.0509017705917358, 0.9871014356613159, 0.9561405181884766], "proxy_train_time": 6.032462052069604, "proxy_train_epochs": 50, "dirty_bit": 1, "landscape_term": 7.254785570339938, "speed_term": 4.422093952044525, "mote": 5.593747585835227}