{"id": 9113, "adj_matrix": [[0, 1, 1, 1], [0, 0, 1, 1], [0, 0, 0, 1], [0, 0, 0, 0]], "operations": ["zeros", "zeros", "avg_pool_3x3", "nor_conv_1x1", "avg_pool_3x3", "nor_conv_3x3"], "init_channel": 16, "blck_len": 5, "params": 0.350196, "flops": 47.1105, "latency": 0.01364188724093967, "train_per_time": 18.661869764328003, "train_time_200": 3732.3739528656006, "train_accuracy_200": 0.72247, "test_accuracy_200": 0.6228999998474122, "train_time_12": 223.94243717193604, "train_accuracy_12": 0.42122, "test_accuracy_12": 0.40539999963378903, "valtest_accuracy_200": 0.62345, "valtest_accuracy_12": 0.4086, "proxy_losses": [2.26078200340271, 2.147414207458496, 2.063735008239746, 1.9937667846679688, 1.9423424005508423, 1.902231216430664, 1.8642441034317017, 1.8299812078475952, 1.800082802772522, 1.769449234008789, 1.7441353797912598, 1.7196593284606934, 1.696152925491333, 1.6758027076721191, 1.6561578512191772, 1.6376895904541016, 1.6206916570663452, 1.602596640586853, 1.5868339538574219, 1.570872187614441, 1.5545942783355713, 1.5398536920547485, 1.5257948637008667, 1.5114433765411377, 1.4977902173995972, 1.4838099479675293, 1.4723464250564575, 1.4594392776489258, 1.448150396347046, 1.4342938661575317, 1.4225224256515503, 1.41139554977417, 1.4000970125198364, 1.3897225856781006, 1.380384922027588, 1.3682010173797607, 1.3577442169189453, 1.3485438823699951, 1.3391257524490356, 1.3288191556930542, 1.3184707164764404, 1.3152847290039062, 1.3067742586135864, 1.298924207687378, 1.2877919673919678, 1.2802461385726929, 1.2736183404922485, 1.266295075416565, 1.2560158967971802, 1.2473403215408325], "landscape_losses": [2.2932522296905518, 2.1869654655456543, 2.0723180770874023, 1.9484937191009521, 1.8110101222991943, 1.6764261722564697, 1.5469473600387573, 1.4329636096954346, 1.3408972024917603, 1.2768553495407104, 1.2445755004882812], "proxy_train_time": 7.466021849773824, "proxy_train_epochs": 50, "dirty_bit": 1, "landscape_term": 6.71448897778048, "speed_term": 4.809994981914775, "mote": 5.3025860025993055}