{"id": 9115, "adj_matrix": [[0, 1, 1, 1], [0, 0, 1, 1], [0, 0, 0, 1], [0, 0, 0, 0]], "operations": ["avg_pool_3x3", "avg_pool_3x3", "skip_connect", "nor_conv_3x3", "avg_pool_3x3", "zeros"], "init_channel": 16, "blck_len": 5, "params": 0.322196, "flops": 43.17834, "latency": 0.012575003835890029, "train_per_time": 16.22997399171197, "train_time_200": 3245.994798342394, "train_accuracy_200": 0.85158, "test_accuracy_200": 0.6380999998168946, "train_time_12": 194.75968790054324, "train_accuracy_12": 0.41172, "test_accuracy_12": 0.3985999994506836, "valtest_accuracy_200": 0.6414, "valtest_accuracy_12": 0.39270000000000005, "proxy_losses": [2.5525412559509277, 2.0979855060577393, 1.9086376428604126, 1.803696870803833, 1.7266367673873901, 1.6702513694763184, 1.6247068643569946, 1.584336280822754, 1.5529284477233887, 1.5226478576660156, 1.4950079917907715, 1.4678682088851929, 1.4438340663909912, 1.4213073253631592, 1.3982017040252686, 1.377548098564148, 1.3571937084197998, 1.3383560180664062, 1.3205790519714355, 1.3016892671585083, 1.2859774827957153, 1.2701148986816406, 1.253171682357788, 1.2387546300888062, 1.228641152381897, 1.2105143070220947, 1.1985208988189697, 1.1824780702590942, 1.1697293519973755, 1.151831030845642, 1.142632007598877, 1.1278188228607178, 1.114627718925476, 1.107129454612732, 1.0949084758758545, 1.0876390933990479, 1.0736843347549438, 1.0569193363189697, 1.0401890277862549, 1.0260164737701416, 1.0231244564056396, 1.0170420408248901, 1.0076870918273926, 0.994361937046051, 0.9893067479133606, 0.9806265830993652, 0.9764012694358826, 0.9604650139808655, 0.9614905118942261, 0.9538497924804688], "landscape_losses": [2.6383843421936035, 2.2637836933135986, 2.0180251598358154, 1.8091322183609009, 1.6333004236221313, 1.4491328001022339, 1.291298270225525, 1.1738383769989014, 1.072997808456421, 0.987389087677002, 0.9456733465194702], "proxy_train_time": 6.252823144197464, "proxy_train_epochs": 50, "dirty_bit": 1, "landscape_term": 7.7998768025002665, "speed_term": 4.817898135777879, "mote": 6.043898730508842}