{"id": 9133, "adj_matrix": [[0, 1, 1, 1], [0, 0, 1, 1], [0, 0, 0, 1], [0, 0, 0, 0]], "operations": ["nor_conv_3x3", "avg_pool_3x3", "skip_connect", "nor_conv_3x3", "zeros", "nor_conv_1x1"], "init_channel": 16, "blck_len": 5, "params": 0.593236, "flops": 82.49994, "latency": 0.020307395193311904, "train_per_time": 21.07624955972041, "train_time_200": 4215.249911944082, "train_accuracy_200": 0.9738499999999999, "test_accuracy_200": 0.6881000003051758, "train_time_12": 252.91499471664432, "train_accuracy_12": 0.47326, "test_accuracy_12": 0.4519999993286133, "valtest_accuracy_200": 0.6870500000000002, "valtest_accuracy_12": 0.45270000000000005, "proxy_losses": [2.4564273357391357, 2.0109622478485107, 1.8364595174789429, 1.7524851560592651, 1.6860040426254272, 1.625848650932312, 1.5740729570388794, 1.5217093229293823, 1.471136212348938, 1.424647569656372, 1.3842085599899292, 1.3451899290084839, 1.311579942703247, 1.274368405342102, 1.2469255924224854, 1.2130993604660034, 1.1871777772903442, 1.158631443977356, 1.1329402923583984, 1.106408953666687, 1.0879956483840942, 1.066472053527832, 1.046094298362732, 1.0200597047805786, 0.9995482563972473, 0.9805204272270203, 0.9626061320304871, 0.9479016661643982, 0.9353354573249817, 0.9203160405158997, 0.903533399105072, 0.8956462740898132, 0.8863552808761597, 0.8680303692817688, 0.8530154228210449, 0.839485764503479, 0.8304798007011414, 0.8245460987091064, 0.8090559244155884, 0.8001357913017273, 0.7994791269302368, 0.7949271202087402, 0.7818480730056763, 0.7675403356552124, 0.7616493105888367, 0.7482967972755432, 0.7441626191139221, 0.7299408912658691, 0.7216751575469971, 0.7185221314430237], "landscape_losses": [2.558366060256958, 2.1409318447113037, 1.8761351108551025, 1.6424943208694458, 1.446999430656433, 1.2769362926483154, 1.131579875946045, 0.9997977614402771, 0.884972095489502, 0.7780660390853882, 0.7131674885749817], "proxy_train_time": 8.39462448656559, "proxy_train_epochs": 50, "dirty_bit": 1, "landscape_term": 9.175345997623594, "speed_term": 7.52672415037479, "mote": 7.456713641440751}