{"id": 9168, "adj_matrix": [[0, 1, 1, 1], [0, 0, 1, 1], [0, 0, 0, 1], [0, 0, 0, 0]], "operations": ["nor_conv_3x3", "nor_conv_3x3", "nor_conv_1x1", "skip_connect", "skip_connect", "zeros"], "init_channel": 16, "blck_len": 5, "params": 0.593236, "flops": 82.49994, "latency": 0.016376058260599773, "train_per_time": 18.73114562034607, "train_time_200": 3746.229124069214, "train_accuracy_200": 0.90755, "test_accuracy_200": 0.6725999996032715, "train_time_12": 224.77374744415283, "train_accuracy_12": 0.5771000000000001, "test_accuracy_12": 0.5481999999389648, "valtest_accuracy_200": 0.67145, "valtest_accuracy_12": 0.5403, "proxy_losses": [2.9190354347229004, 2.310293674468994, 2.0651276111602783, 1.945720911026001, 1.8663100004196167, 1.8041964769363403, 1.7516520023345947, 1.7053972482681274, 1.6635408401489258, 1.6209282875061035, 1.5818575620651245, 1.542119026184082, 1.5071067810058594, 1.47515070438385, 1.4433327913284302, 1.4150662422180176, 1.3935015201568604, 1.36762535572052, 1.3493765592575073, 1.3327374458312988, 1.3072609901428223, 1.2875250577926636, 1.273589015007019, 1.2638440132141113, 1.2466872930526733, 1.2304145097732544, 1.2127143144607544, 1.1993331909179688, 1.185064673423767, 1.1778925657272339, 1.1608997583389282, 1.1448990106582642, 1.1405882835388184, 1.1283503770828247, 1.1146373748779297, 1.1116032600402832, 1.0904412269592285, 1.0786325931549072, 1.0652340650558472, 1.053469181060791, 1.0435421466827393, 1.0343742370605469, 1.0286122560501099, 1.0186161994934082, 1.006931185722351, 1.002518892288208, 0.9967213869094849, 0.9884666204452515, 0.9802143573760986, 0.9743794798851013], "landscape_losses": [3.02884578704834, 2.504307270050049, 2.1703879833221436, 1.8979684114456177, 1.6697101593017578, 1.4892690181732178, 1.3407269716262817, 1.205539345741272, 1.104980230331421, 1.0116345882415771, 0.9712733626365662], "proxy_train_time": 8.138023199513555, "proxy_train_epochs": 50, "dirty_bit": 1, "landscape_term": 7.485911066422866, "speed_term": 6.018577160761665, "mote": 6.061706154264341}