{"id": 9174, "adj_matrix": [[0, 1, 1, 1], [0, 0, 1, 1], [0, 0, 0, 1], [0, 0, 0, 0]], "operations": ["nor_conv_1x1", "nor_conv_1x1", "skip_connect", "nor_conv_1x1", "skip_connect", "nor_conv_1x1"], "init_channel": 16, "blck_len": 5, "params": 0.191156, "flops": 23.51754, "latency": 0.01831013626522488, "train_per_time": 20.295742988586426, "train_time_200": 4059.148597717285, "train_accuracy_200": 0.7948999999999999, "test_accuracy_200": 0.6498000002441406, "train_time_12": 243.5489158630371, "train_accuracy_12": 0.40824, "test_accuracy_12": 0.3881999993896484, "valtest_accuracy_200": 0.65185, "valtest_accuracy_12": 0.3917, "proxy_losses": [2.3349032402038574, 2.0254414081573486, 1.8870173692703247, 1.797991156578064, 1.7392486333847046, 1.6937999725341797, 1.6526943445205688, 1.6176788806915283, 1.5890097618103027, 1.5616096258163452, 1.5386621952056885, 1.5161371231079102, 1.4943619966506958, 1.4731411933898926, 1.456107497215271, 1.437064290046692, 1.420865535736084, 1.4038149118423462, 1.3918956518173218, 1.372359037399292, 1.3575652837753296, 1.34328031539917, 1.3322625160217285, 1.3148744106292725, 1.304338812828064, 1.2914117574691772, 1.2772040367126465, 1.2626912593841553, 1.2506183385849, 1.2386685609817505, 1.2239360809326172, 1.2110497951507568, 1.200321912765503, 1.1870417594909668, 1.1755211353302002, 1.1680536270141602, 1.1584291458129883, 1.1471904516220093, 1.1338541507720947, 1.125650405883789, 1.1123536825180054, 1.103851318359375, 1.0881547927856445, 1.079705834388733, 1.0716848373413086, 1.0642396211624146, 1.0562584400177002, 1.0507177114486694, 1.0372018814086914, 1.0286136865615845], "landscape_losses": [2.4023382663726807, 2.135854959487915, 1.943101167678833, 1.772383451461792, 1.6250883340835571, 1.473013997077942, 1.3350341320037842, 1.2254310846328735, 1.1344040632247925, 1.0626715421676636, 1.0208834409713745], "proxy_train_time": 8.845867990516126, "proxy_train_epochs": 50, "dirty_bit": 1, "landscape_term": 7.624714567530932, "speed_term": 6.523448607992142, "mote": 6.247204233423391}