{"id": 9189, "adj_matrix": [[0, 1, 1, 1], [0, 0, 1, 1], [0, 0, 0, 1], [0, 0, 0, 0]], "operations": ["nor_conv_3x3", "nor_conv_3x3", "skip_connect", "avg_pool_3x3", "avg_pool_3x3", "nor_conv_3x3"], "init_channel": 16, "blck_len": 5, "params": 0.808276, "flops": 113.95722, "latency": 0.01819055610232883, "train_per_time": 23.11463737487793, "train_time_200": 4622.927474975586, "train_accuracy_200": 0.98554, "test_accuracy_200": 0.6797999990234375, "train_time_12": 277.37564849853516, "train_accuracy_12": 0.50632, "test_accuracy_12": 0.47100000012207033, "valtest_accuracy_200": 0.6837000000000001, "valtest_accuracy_12": 0.4728, "proxy_losses": [2.277409553527832, 1.7779853343963623, 1.6189426183700562, 1.5146222114562988, 1.436172604560852, 1.3640068769454956, 1.3081789016723633, 1.2623555660247803, 1.221895694732666, 1.1826330423355103, 1.1373685598373413, 1.1070775985717773, 1.0790554285049438, 1.0508066415786743, 1.029605507850647, 1.006213665008545, 0.9855689406394958, 0.9681419134140015, 0.9378320574760437, 0.9178319573402405, 0.9010213613510132, 0.8758481740951538, 0.8540063500404358, 0.8466622829437256, 0.8272752165794373, 0.8144572973251343, 0.8006430864334106, 0.7864434123039246, 0.7863672971725464, 0.7799459099769592, 0.7721951603889465, 0.7546854019165039, 0.7470408082008362, 0.7246649265289307, 0.7074283361434937, 0.7092804908752441, 0.6951152682304382, 0.6915217638015747, 0.6846619844436646, 0.6678897738456726, 0.6549854278564453, 0.653731644153595, 0.6479952931404114, 0.6464118361473083, 0.6348662972450256, 0.6237915754318237, 0.6132014393806458, 0.6059566736221313, 0.6092877388000488, 0.6149581074714661], "landscape_losses": [2.4435603618621826, 2.0019829273223877, 1.7176767587661743, 1.4808200597763062, 1.2857158184051514, 1.1200239658355713, 0.9688970446586609, 0.838370144367218, 0.7222864627838135, 0.6352161765098572, 0.6064357757568359], "proxy_train_time": 8.754297868348658, "proxy_train_epochs": 50, "dirty_bit": 1, "landscape_term": 10.669472428191957, "speed_term": 9.329748347783726, "mote": 8.723245062457988}