{"id": 9373, "adj_matrix": [[0, 1, 1, 1], [0, 0, 1, 1], [0, 0, 0, 1], [0, 0, 0, 0]], "operations": ["nor_conv_1x1", "avg_pool_3x3", "zeros", "zeros", "zeros", "nor_conv_1x1"], "init_channel": 16, "blck_len": 5, "params": 0.135156, "flops": 15.65322, "latency": 0.014064669609069824, "train_per_time": 15.782374858856201, "train_time_200": 3156.4749717712402, "train_accuracy_200": 0.6318699999999999, "test_accuracy_200": 0.5171999999084472, "train_time_12": 189.3884983062744, "train_accuracy_12": 0.24094000000000002, "test_accuracy_12": 0.2457999998779297, "valtest_accuracy_200": 0.5164, "valtest_accuracy_12": 0.24109999999999998, "proxy_losses": [2.5672285556793213, 2.368788242340088, 2.2493085861206055, 2.162665367126465, 2.0915167331695557, 2.0288102626800537, 1.9765193462371826, 1.930728554725647, 1.8864367008209229, 1.844390630722046, 1.8101515769958496, 1.7779210805892944, 1.7513898611068726, 1.7271568775177002, 1.705088496208191, 1.684554934501648, 1.6642836332321167, 1.6461368799209595, 1.6295169591903687, 1.6149832010269165, 1.6025800704956055, 1.5868021249771118, 1.5711015462875366, 1.5594056844711304, 1.5429097414016724, 1.529234528541565, 1.5162639617919922, 1.5043537616729736, 1.4900448322296143, 1.4776668548583984, 1.4662920236587524, 1.4566642045974731, 1.4467992782592773, 1.4397640228271484, 1.422851324081421, 1.4109394550323486, 1.3987419605255127, 1.389994740486145, 1.3769298791885376, 1.3687032461166382, 1.3569127321243286, 1.3515820503234863, 1.339665412902832, 1.3302730321884155, 1.321760892868042, 1.3154621124267578, 1.301712155342102, 1.2928794622421265, 1.2853765487670898, 1.2740895748138428], "landscape_losses": [2.622511148452759, 2.4299333095550537, 2.242095947265625, 2.0686357021331787, 1.9072155952453613, 1.7485302686691284, 1.6151660680770874, 1.4890776872634888, 1.3964165449142456, 1.3169151544570923, 1.2677738666534424], "proxy_train_time": 7.346379178576171, "proxy_train_epochs": 50, "dirty_bit": 1, "landscape_term": 6.373444223650366, "speed_term": 4.543477553233917, "mote": 5.0127839101653455}