{"id": 9464, "adj_matrix": [[0, 1, 1, 1], [0, 0, 1, 1], [0, 0, 0, 1], [0, 0, 0, 0]], "operations": ["zeros", "nor_conv_3x3", "skip_connect", "zeros", "skip_connect", "zeros"], "init_channel": 16, "blck_len": 5, "params": 0.322196, "flops": 43.17834, "latency": 0.01216271188524034, "train_per_time": 10.752443591753662, "train_time_200": 2150.4887183507326, "train_accuracy_200": 0.01, "test_accuracy_200": 0.009999999996185303, "train_time_12": 129.02932310104373, "train_accuracy_12": 0.00966, "test_accuracy_12": 0.01, "valtest_accuracy_200": 0.01, "valtest_accuracy_12": 0.01, "proxy_losses": [2.3026270866394043, 2.3026106357574463, 2.3026039600372314, 2.302593469619751, 2.3025922775268555, 2.3025929927825928, 2.3025941848754883, 2.3025929927825928, 2.302591323852539, 2.302593469619751, 2.3025922775268555, 2.3025972843170166, 2.3025941848754883, 2.302591323852539, 2.3025901317596436, 2.3025944232940674, 2.302591323852539, 2.302591323852539, 2.3025922775268555, 2.3025918006896973, 2.302595376968384, 2.3025927543640137, 2.3025918006896973, 2.3025918006896973, 2.3025901317596436, 2.3025929927825928, 2.302593469619751, 2.3025965690612793, 2.3025925159454346, 2.3025941848754883, 2.3025963306427, 2.30259108543396, 2.3025929927825928, 2.302593469619751, 2.302593469619751, 2.302595376968384, 2.30259108543396, 2.3025901317596436, 2.3025972843170166, 2.302590847015381, 2.302597999572754, 2.3025901317596436, 2.30259108543396, 2.3025996685028076, 2.302593469619751, 2.302593469619751, 2.3025903701782227, 2.3025922775268555, 2.30259108543396, 2.30259370803833], "landscape_losses": [2.3025901317596436, 2.302591562271118, 2.302596092224121, 2.302597999572754, 2.3025991916656494, 2.3025901317596436, 2.3025951385498047, 2.302591323852539, 2.30259370803833, 2.3025925159454346, 2.3025968074798584], "proxy_train_time": 6.097014975734055, "proxy_train_epochs": 50, "dirty_bit": 1, "landscape_term": 4.777220707640605, "speed_term": 2.6478893566555666, "mote": 3.456077536284076}