{"id": 9496, "adj_matrix": [[0, 1, 1, 1], [0, 0, 1, 1], [0, 0, 0, 1], [0, 0, 0, 0]], "operations": ["nor_conv_1x1", "avg_pool_3x3", "nor_conv_3x3", "skip_connect", "nor_conv_1x1", "zeros"], "init_channel": 16, "blck_len": 5, "params": 0.378196, "flops": 51.04266, "latency": 0.016716970337761775, "train_per_time": 19.731847961743732, "train_time_200": 3946.369592348746, "train_accuracy_200": 0.83777, "test_accuracy_200": 0.665599999938965, "train_time_12": 236.7821755409241, "train_accuracy_12": 0.5136999999999999, "test_accuracy_12": 0.49280000018310544, "valtest_accuracy_200": 0.66525, "valtest_accuracy_12": 0.4939, "proxy_losses": [2.648482322692871, 2.2854506969451904, 2.0915207862854004, 1.9738677740097046, 1.8891857862472534, 1.8230996131896973, 1.7712359428405762, 1.7254517078399658, 1.6901317834854126, 1.659132480621338, 1.6305911540985107, 1.6046630144119263, 1.5825353860855103, 1.56119704246521, 1.5442272424697876, 1.5256928205490112, 1.5092195272445679, 1.4933340549468994, 1.4775607585906982, 1.463433027267456, 1.4489272832870483, 1.4356635808944702, 1.4221404790878296, 1.4093869924545288, 1.3959401845932007, 1.385184407234192, 1.3726861476898193, 1.3595699071884155, 1.347127914428711, 1.3360962867736816, 1.3222452402114868, 1.3119853734970093, 1.302650809288025, 1.2916147708892822, 1.2810001373291016, 1.2698750495910645, 1.258421540260315, 1.2476823329925537, 1.2390809059143066, 1.2302902936935425, 1.220597505569458, 1.2111064195632935, 1.1999212503433228, 1.190475344657898, 1.1820238828659058, 1.1765321493148804, 1.1687029600143433, 1.1596190929412842, 1.1543805599212646, 1.1402517557144165], "landscape_losses": [2.7109482288360596, 2.406048059463501, 2.1915910243988037, 1.982404112815857, 1.8022931814193726, 1.6276302337646484, 1.4796301126480103, 1.3558166027069092, 1.2540205717086792, 1.17465341091156, 1.137144923210144], "proxy_train_time": 8.590086858719587, "proxy_train_epochs": 50, "dirty_bit": 1, "landscape_term": 6.856013170014273, "speed_term": 5.849868717403793, "mote": 5.600526124347687}