{"id": 958, "adj_matrix": [[0, 1, 1, 1], [0, 0, 1, 1], [0, 0, 0, 1], [0, 0, 0, 0]], "operations": ["avg_pool_3x3", "skip_connect", "nor_conv_1x1", "nor_conv_3x3", "zeros", "nor_conv_1x1"], "init_channel": 16, "blck_len": 5, "params": 0.378196, "flops": 51.04265999999999, "latency": 0.01592486434512668, "train_per_time": 20.435518622398376, "train_time_200": 4087.1037244796753, "train_accuracy_200": 0.9547066666666666, "test_accuracy_200": 0.6863333327229817, "train_time_12": 245.22622346878052, "train_accuracy_12": 0.50922, "test_accuracy_12": 0.4871999993896485, "valtest_accuracy_200": 0.6847333333333333, "valtest_accuracy_12": 0.4893, "proxy_losses": [2.1787807941436768, 1.8729634284973145, 1.720536470413208, 1.637947678565979, 1.5785523653030396, 1.5249595642089844, 1.4811594486236572, 1.4447765350341797, 1.4122954607009888, 1.384682059288025, 1.3572698831558228, 1.3327288627624512, 1.3085135221481323, 1.28385329246521, 1.2640223503112793, 1.244592547416687, 1.2246966361999512, 1.203993320465088, 1.1839040517807007, 1.1724865436553955, 1.159304141998291, 1.1416394710540771, 1.1194562911987305, 1.1083862781524658, 1.100519061088562, 1.0809558629989624, 1.0697218179702759, 1.0525777339935303, 1.0338284969329834, 1.0210870504379272, 1.0072643756866455, 0.9918460845947266, 0.978674590587616, 0.9659640789031982, 0.9533518552780151, 0.9477816224098206, 0.9346206188201904, 0.9198244214057922, 0.9116333723068237, 0.8991909027099609, 0.8863234519958496, 0.8844240307807922, 0.8799834847450256, 0.8650927543640137, 0.8557023406028748, 0.8396105766296387, 0.8420122861862183, 0.8351605534553528, 0.8193079829216003, 0.8090165853500366], "landscape_losses": [2.2674851417541504, 2.011237382888794, 1.8051173686981201, 1.6173237562179565, 1.4441660642623901, 1.2985352277755737, 1.1458337306976318, 1.032395839691162, 0.9387038946151733, 0.8536702394485474, 0.8070201873779297], "proxy_train_time": 8.110567707568407, "proxy_train_epochs": 50, "dirty_bit": 1, "landscape_term": 8.890234419250252, "speed_term": 7.024937152758821, "mote": 7.182437537625236}