{"id": 96, "adj_matrix": [[0, 1, 1, 1], [0, 0, 1, 1], [0, 0, 0, 1], [0, 0, 0, 0]], "operations": ["avg_pool_3x3", "nor_conv_1x1", "nor_conv_3x3", "nor_conv_3x3", "avg_pool_3x3", "zeros"], "init_channel": 16, "blck_len": 5, "params": 0.593236, "flops": 82.49994, "latency": 0.01646313843903718, "train_per_time": 22.88979975382485, "train_time_200": 4577.95995076497, "train_accuracy_200": 0.8506533333333333, "test_accuracy_200": 0.6383999998982747, "train_time_12": 274.6775970458984, "train_accuracy_12": 0.40976, "test_accuracy_12": 0.38439999993896484, "valtest_accuracy_200": 0.6379333333333332, "valtest_accuracy_12": 0.3895, "proxy_losses": [2.3988101482391357, 1.9725595712661743, 1.8364976644515991, 1.7421468496322632, 1.6784086227416992, 1.6314550638198853, 1.587461233139038, 1.5540034770965576, 1.5238875150680542, 1.4953693151474, 1.4685428142547607, 1.4428943395614624, 1.4184685945510864, 1.396918535232544, 1.3732820749282837, 1.3551925420761108, 1.3373173475265503, 1.3149055242538452, 1.2977113723754883, 1.2813074588775635, 1.265792727470398, 1.2484668493270874, 1.230272889137268, 1.2139846086502075, 1.1991649866104126, 1.1829642057418823, 1.1701947450637817, 1.1538326740264893, 1.1545461416244507, 1.142610788345337, 1.135208249092102, 1.118046522140503, 1.101685643196106, 1.0898234844207764, 1.0789986848831177, 1.0718176364898682, 1.065030574798584, 1.0520496368408203, 1.0346401929855347, 1.0257923603057861, 1.0271260738372803, 1.0174987316131592, 1.004246711730957, 0.9957430958747864, 0.9895220994949341, 0.9845066666603088, 0.9741328954696655, 0.9617467522621155, 0.9573527574539185, 0.9519436359405518], "landscape_losses": [2.5050735473632812, 2.1269097328186035, 1.9189382791519165, 1.743286371231079, 1.5678702592849731, 1.4266932010650635, 1.2816991806030273, 1.164773941040039, 1.070192813873291, 1.000885009765625, 0.9543845653533936], "proxy_train_time": 8.866652239114046, "proxy_train_epochs": 50, "dirty_bit": 1, "landscape_term": 7.922908169718601, "speed_term": 6.959052923873903, "mote": 6.5251975122530474}