{"id": 963, "adj_matrix": [[0, 1, 1, 1], [0, 0, 1, 1], [0, 0, 0, 1], [0, 0, 0, 0]], "operations": ["avg_pool_3x3", "skip_connect", "nor_conv_1x1", "skip_connect", "nor_conv_3x3", "nor_conv_1x1"], "init_channel": 16, "blck_len": 5, "params": 0.378196, "flops": 51.04265999999999, "latency": 0.01633153138337312, "train_per_time": 19.94635800520573, "train_time_200": 3989.2716010411464, "train_accuracy_200": 0.9248466666666667, "test_accuracy_200": 0.6622000000813801, "train_time_12": 239.35629606246945, "train_accuracy_12": 0.54352, "test_accuracy_12": 0.5156000001831055, "valtest_accuracy_200": 0.6642333333333333, "valtest_accuracy_12": 0.514, "proxy_losses": [2.776444435119629, 2.046257257461548, 1.838727593421936, 1.7379380464553833, 1.675125241279602, 1.6250941753387451, 1.5789226293563843, 1.5387533903121948, 1.5033259391784668, 1.4698313474655151, 1.4384132623672485, 1.4107261896133423, 1.3845784664154053, 1.3595515489578247, 1.3367078304290771, 1.3170835971832275, 1.296402096748352, 1.2749601602554321, 1.2581983804702759, 1.236160159111023, 1.2238892316818237, 1.208787441253662, 1.194496989250183, 1.1765657663345337, 1.1697628498077393, 1.1561132669448853, 1.1385703086853027, 1.1297798156738281, 1.1170003414154053, 1.106988787651062, 1.091088056564331, 1.0873793363571167, 1.0797374248504639, 1.062404990196228, 1.0508718490600586, 1.0485926866531372, 1.0349105596542358, 1.0254751443862915, 1.0219485759735107, 1.0175821781158447, 0.9987889528274536, 0.9927980303764343, 0.992878794670105, 0.9856787323951721, 0.9808632731437683, 0.964174211025238, 0.9565279483795166, 0.9543179869651794, 0.9438442587852478, 0.9354414939880371], "landscape_losses": [2.903352975845337, 2.311830520629883, 2.016172170639038, 1.7715202569961548, 1.5604380369186401, 1.3960440158843994, 1.2415658235549927, 1.1189310550689697, 1.0218101739883423, 0.9641693234443665, 0.9296802878379822], "proxy_train_time": 7.330261141993105, "proxy_train_epochs": 50, "dirty_bit": 1, "landscape_term": 7.9852196382622616, "speed_term": 5.822245796181709, "mote": 6.362585172180724}