{"id": 9667, "adj_matrix": [[0, 1, 1, 1], [0, 0, 1, 1], [0, 0, 0, 1], [0, 0, 0, 0]], "operations": ["avg_pool_3x3", "avg_pool_3x3", "nor_conv_1x1", "nor_conv_1x1", "skip_connect", "nor_conv_3x3"], "init_channel": 16, "blck_len": 5, "params": 0.378196, "flops": 51.04266, "latency": 0.01423690054151747, "train_per_time": 21.476748824119568, "train_time_200": 4295.349764823914, "train_accuracy_200": 0.9311699999999999, "test_accuracy_200": 0.6416999993896485, "train_time_12": 257.7209858894348, "train_accuracy_12": 0.4446, "test_accuracy_12": 0.4165999995117188, "valtest_accuracy_200": 0.63775, "valtest_accuracy_12": 0.42340000000000005, "proxy_losses": [2.733138084411621, 2.104248046875, 1.8962466716766357, 1.7778544425964355, 1.6940746307373047, 1.6262779235839844, 1.5739549398422241, 1.5262144804000854, 1.4835656881332397, 1.4442882537841797, 1.410954236984253, 1.376729965209961, 1.3440090417861938, 1.3143441677093506, 1.2896103858947754, 1.2643831968307495, 1.237584114074707, 1.2206207513809204, 1.1982173919677734, 1.1777451038360596, 1.1601898670196533, 1.1432092189788818, 1.1331982612609863, 1.1107488870620728, 1.094036340713501, 1.0765063762664795, 1.0629221200942993, 1.0524569749832153, 1.045423984527588, 1.0319335460662842, 1.0294642448425293, 1.0163742303848267, 1.0038641691207886, 0.9903435707092285, 0.9788023233413696, 0.9682092666625977, 0.9587699174880981, 0.9509113430976868, 0.9478924870491028, 0.9314902424812317, 0.932624876499176, 0.9177238345146179, 0.9043248891830444, 0.8996325135231018, 0.8914848566055298, 0.8826318383216858, 0.8761591911315918, 0.8646789193153381, 0.8597844839096069, 0.8545862436294556], "landscape_losses": [2.8741297721862793, 2.3785440921783447, 2.096313714981079, 1.862841248512268, 1.659722089767456, 1.479637622833252, 1.2921159267425537, 1.1270440816879272, 0.9846487045288086, 0.8932056427001953, 0.8541455864906311], "proxy_train_time": 7.623768783174455, "proxy_train_epochs": 50, "dirty_bit": 1, "landscape_term": 8.027665904443484, "speed_term": 6.325263053389782, "mote": 6.48334558698755}