{"id": 9721, "adj_matrix": [[0, 1, 1, 1], [0, 0, 1, 1], [0, 0, 0, 1], [0, 0, 0, 0]], "operations": ["nor_conv_1x1", "avg_pool_3x3", "zeros", "nor_conv_3x3", "nor_conv_1x1", "skip_connect"], "init_channel": 16, "blck_len": 5, "params": 0.378196, "flops": 51.04266, "latency": 0.016764084498087566, "train_per_time": 19.431951959927932, "train_time_200": 3886.3903919855866, "train_accuracy_200": 0.9564900000000001, "test_accuracy_200": 0.674299999267578, "train_time_12": 233.18342351913455, "train_accuracy_12": 0.4936, "test_accuracy_12": 0.47240000000000004, "valtest_accuracy_200": 0.66995, "valtest_accuracy_12": 0.4742, "proxy_losses": [2.9218788146972656, 2.145742416381836, 1.8538308143615723, 1.7297390699386597, 1.6556665897369385, 1.6051636934280396, 1.5625263452529907, 1.5235048532485962, 1.4908697605133057, 1.4626740217208862, 1.435341238975525, 1.4065169095993042, 1.3816235065460205, 1.359578013420105, 1.3364379405975342, 1.3152966499328613, 1.2982230186462402, 1.2830084562301636, 1.2622472047805786, 1.2456402778625488, 1.2315959930419922, 1.2184361219406128, 1.20396888256073, 1.1915801763534546, 1.177552580833435, 1.1593706607818604, 1.1488746404647827, 1.1356632709503174, 1.124038815498352, 1.1136494874954224, 1.0987614393234253, 1.0906039476394653, 1.0825155973434448, 1.0609935522079468, 1.0495548248291016, 1.0381170511245728, 1.0325109958648682, 1.0273590087890625, 1.0136305093765259, 1.0021872520446777, 0.9891831278800964, 0.9843265414237976, 0.9775832295417786, 0.9615524411201477, 0.9550512433052063, 0.948638379573822, 0.9396212100982666, 0.925346851348877, 0.918228805065155, 0.9161058664321899], "landscape_losses": [3.0005459785461426, 2.369473934173584, 2.02775502204895, 1.7839453220367432, 1.5769224166870117, 1.4169212579727173, 1.2531249523162842, 1.1284223794937134, 1.0324152708053589, 0.9576078057289124, 0.9081274271011353], "proxy_train_time": 8.049516547471285, "proxy_train_epochs": 50, "dirty_bit": 1, "landscape_term": 7.947157322296528, "speed_term": 6.3893051678254436, "mote": 6.440753210453189}