{"id": 9737, "adj_matrix": [[0, 1, 1, 1], [0, 0, 1, 1], [0, 0, 0, 1], [0, 0, 0, 0]], "operations": ["zeros", "skip_connect", "nor_conv_1x1", "nor_conv_1x1", "avg_pool_3x3", "nor_conv_3x3"], "init_channel": 16, "blck_len": 5, "params": 0.378196, "flops": 51.04266, "latency": 0.014721287621392144, "train_per_time": 19.9678450028101, "train_time_200": 3993.5690005620204, "train_accuracy_200": 0.91988, "test_accuracy_200": 0.6832000002441407, "train_time_12": 239.6141400337219, "train_accuracy_12": 0.5272, "test_accuracy_12": 0.4915999995117188, "valtest_accuracy_200": 0.6824000000000001, "valtest_accuracy_12": 0.49420000000000003, "proxy_losses": [2.1412711143493652, 1.8679945468902588, 1.7665523290634155, 1.7002525329589844, 1.6452997922897339, 1.599729061126709, 1.558542013168335, 1.519088625907898, 1.4847118854522705, 1.452595591545105, 1.4230576753616333, 1.3959296941757202, 1.3657068014144897, 1.3413865566253662, 1.3183972835540771, 1.2988301515579224, 1.2751559019088745, 1.2586277723312378, 1.2416809797286987, 1.2215019464492798, 1.205850601196289, 1.1830174922943115, 1.1720491647720337, 1.1536551713943481, 1.1432205438613892, 1.1247574090957642, 1.1118402481079102, 1.1009924411773682, 1.0865799188613892, 1.0753456354141235, 1.0594857931137085, 1.054190993309021, 1.0387712717056274, 1.0197627544403076, 1.0107048749923706, 0.9995836019515991, 0.9904459118843079, 0.9833840727806091, 0.9724289774894714, 0.9602599740028381, 0.9454764723777771, 0.9386175870895386, 0.9269559383392334, 0.9237847924232483, 0.9127182364463806, 0.9053982496261597, 0.8924371004104614, 0.8855046629905701, 0.8817874789237976, 0.8714091777801514], "landscape_losses": [2.2296159267425537, 1.9793273210525513, 1.8276183605194092, 1.6722586154937744, 1.5185611248016357, 1.3921818733215332, 1.2528347969055176, 1.141585111618042, 1.0212652683258057, 0.9333431720733643, 0.8857427835464478], "proxy_train_time": 8.13216326572001, "proxy_train_epochs": 50, "dirty_bit": 1, "landscape_term": 8.329454322074794, "speed_term": 6.731173353295791, "mote": 6.75797598873902}