{"id": 98, "adj_matrix": [[0, 1, 1, 1], [0, 0, 1, 1], [0, 0, 0, 1], [0, 0, 0, 0]], "operations": ["skip_connect", "avg_pool_3x3", "skip_connect", "avg_pool_3x3", "nor_conv_1x1", "nor_conv_1x1"], "init_channel": 16, "blck_len": 5, "params": 0.135156, "flops": 15.65322, "latency": 0.013653569751315646, "train_per_time": 16.95147748788202, "train_time_200": 3390.295497576404, "train_accuracy_200": 0.8038066666666667, "test_accuracy_200": 0.6365333330688476, "train_time_12": 203.41772985458377, "train_accuracy_12": 0.4181, "test_accuracy_12": 0.39820000024414065, "valtest_accuracy_200": 0.6365333333333333, "valtest_accuracy_12": 0.397, "proxy_losses": [2.640439748764038, 2.175945997238159, 1.9851006269454956, 1.8837833404541016, 1.8186842203140259, 1.7703689336776733, 1.7322643995285034, 1.6991585493087769, 1.6728965044021606, 1.6493726968765259, 1.628063678741455, 1.604383945465088, 1.586076021194458, 1.5649645328521729, 1.5486117601394653, 1.5311888456344604, 1.5124260187149048, 1.4974501132965088, 1.4823421239852905, 1.4669235944747925, 1.4507988691329956, 1.4359291791915894, 1.4255024194717407, 1.4081984758377075, 1.3953490257263184, 1.384840726852417, 1.3740037679672241, 1.3620091676712036, 1.3493541479110718, 1.3444935083389282, 1.3283607959747314, 1.3187323808670044, 1.308423638343811, 1.3011654615402222, 1.2926689386367798, 1.2862807512283325, 1.2776124477386475, 1.271005392074585, 1.2615429162979126, 1.2525969743728638, 1.246018886566162, 1.238884687423706, 1.2303791046142578, 1.2230896949768066, 1.2175475358963013, 1.2097786664962769, 1.2051265239715576, 1.1991078853607178, 1.1923550367355347, 1.1921138763427734], "landscape_losses": [2.7089779376983643, 2.31899094581604, 2.101518154144287, 1.9185763597488403, 1.7571262121200562, 1.6100645065307617, 1.485980749130249, 1.3701250553131104, 1.276648759841919, 1.2178773880004883, 1.187546730041504], "proxy_train_time": 6.304918970912695, "proxy_train_epochs": 50, "dirty_bit": 1, "landscape_term": 6.8369256995615695, "speed_term": 4.292931958481806, "mote": 5.280925929050008}