{"id": 9802, "adj_matrix": [[0, 1, 1, 1], [0, 0, 1, 1], [0, 0, 0, 1], [0, 0, 0, 0]], "operations": ["nor_conv_1x1", "skip_connect", "nor_conv_3x3", "nor_conv_3x3", "nor_conv_1x1", "zeros"], "init_channel": 16, "blck_len": 5, "params": 0.621236, "flops": 86.4321, "latency": 0.018288850784301758, "train_per_time": 22.27121102809906, "train_time_200": 4454.242205619812, "train_accuracy_200": 0.94489, "test_accuracy_200": 0.6889999999389649, "train_time_12": 267.2545323371887, "train_accuracy_12": 0.50162, "test_accuracy_12": 0.4803999999389649, "valtest_accuracy_200": 0.68885, "valtest_accuracy_12": 0.48369999999999996, "proxy_losses": [2.3131213188171387, 1.969543695449829, 1.8234314918518066, 1.7320871353149414, 1.6637250185012817, 1.6053075790405273, 1.5577421188354492, 1.515366554260254, 1.4750298261642456, 1.4376927614212036, 1.4051848649978638, 1.375611662864685, 1.3489948511123657, 1.3265368938446045, 1.3018947839736938, 1.2810628414154053, 1.257972240447998, 1.2384244203567505, 1.2196067571640015, 1.2037127017974854, 1.1841609477996826, 1.1662182807922363, 1.1540719270706177, 1.1358511447906494, 1.1189260482788086, 1.106088638305664, 1.0925557613372803, 1.0791573524475098, 1.0579500198364258, 1.0458290576934814, 1.0353425741195679, 1.0264021158218384, 1.0080024003982544, 1.0016376972198486, 0.9906249046325684, 0.9783146381378174, 0.9724017381668091, 0.9592261910438538, 0.9474690556526184, 0.9462957978248596, 0.9303985238075256, 0.9218772649765015, 0.9178103804588318, 0.9109264612197876, 0.9125657081604004, 0.8904819488525391, 0.8863224387168884, 0.8846940398216248, 0.8711408972740173, 0.8654499053955078], "landscape_losses": [2.419867992401123, 2.112865686416626, 1.9177875518798828, 1.7354788780212402, 1.5468931198120117, 1.381482720375061, 1.2422981262207031, 1.097313642501831, 0.9919996857643127, 0.9002795815467834, 0.8532066345214844], "proxy_train_time": 9.374315205961466, "proxy_train_epochs": 50, "dirty_bit": 1, "landscape_term": 8.36165372025251, "speed_term": 7.805393183006589, "mote": 6.963429281173676}