{"id": 9922, "adj_matrix": [[0, 1, 1, 1], [0, 0, 1, 1], [0, 0, 0, 1], [0, 0, 0, 0]], "operations": ["nor_conv_3x3", "avg_pool_3x3", "nor_conv_3x3", "skip_connect", "zeros", "zeros"], "init_channel": 16, "blck_len": 5, "params": 0.565236, "flops": 78.56778, "latency": 0.014993508656819662, "train_per_time": 17.50366234779358, "train_time_200": 3500.732469558716, "train_accuracy_200": 0.63274, "test_accuracy_200": 0.5836000000305175, "train_time_12": 210.04394817352295, "train_accuracy_12": 0.45527999999999996, "test_accuracy_12": 0.44159999938964845, "valtest_accuracy_200": 0.5842499999999999, "valtest_accuracy_12": 0.4468, "proxy_losses": [2.421375274658203, 2.318828582763672, 2.239034652709961, 2.1779747009277344, 2.1289310455322266, 2.0886354446411133, 2.054063081741333, 2.024031162261963, 1.998178482055664, 1.9743801355361938, 1.9529013633728027, 1.9331345558166504, 1.9149091243743896, 1.899511694908142, 1.8865560293197632, 1.8761500120162964, 1.8648828268051147, 1.8553519248962402, 1.846099615097046, 1.8385827541351318, 1.8312548398971558, 1.8236414194107056, 1.8171892166137695, 1.8117691278457642, 1.8046661615371704, 1.798944115638733, 1.7937002182006836, 1.787305474281311, 1.7820591926574707, 1.7776588201522827, 1.7721232175827026, 1.7682769298553467, 1.762925386428833, 1.7590502500534058, 1.7549464702606201, 1.7506431341171265, 1.747098445892334, 1.7436294555664062, 1.7385445833206177, 1.735327124595642, 1.7319749593734741, 1.7291640043258667, 1.7253252267837524, 1.7213048934936523, 1.7185484170913696, 1.715519905090332, 1.712314486503601, 1.7097195386886597, 1.7060980796813965, 1.7032265663146973], "landscape_losses": [2.4404635429382324, 2.3128342628479004, 2.2002344131469727, 2.099067211151123, 2.0045523643493652, 1.9192790985107422, 1.8490939140319824, 1.7928849458694458, 1.7472912073135376, 1.7180805206298828, 1.703386664390564], "proxy_train_time": 7.923835435882211, "proxy_train_epochs": 50, "dirty_bit": 1, "landscape_term": 5.632911527971718, "speed_term": 4.258868969923088, "mote": 4.435493675524689}