{"id": 1004, "adj_matrix": [[0, 1, 1, 1], [0, 0, 1, 1], [0, 0, 0, 1], [0, 0, 0, 0]], "operations": ["zeros", "avg_pool_3x3", "skip_connect", "avg_pool_3x3", "nor_conv_3x3", "nor_conv_1x1"], "init_channel": 16, "blck_len": 5, "params": 0.351496, "flops": 11.7838, "latency": 0.012656768163045248, "train_per_time": 54.98492902199422, "train_time_200": 10996.985804398844, "train_accuracy_200": 0.2261898483915084, "test_accuracy_200": 0.20211111071268717, "train_time_12": 659.8191482639313, "train_accuracy_12": 0.14597231377417427, "test_accuracy_12": 0.1443333332824707, "valtest_accuracy_200": 0.5419333333333334, "valtest_accuracy_12": 0.321, "proxy_losses": [2.7196543216705322, 2.330406665802002, 2.1388282775878906, 2.015125036239624, 1.9311187267303467, 1.8672617673873901, 1.8185853958129883, 1.782881259918213, 1.755581259727478, 1.730574607849121, 1.7081243991851807, 1.6892790794372559, 1.667426586151123, 1.649499773979187, 1.6338238716125488, 1.617075800895691, 1.6012035608291626, 1.5857417583465576, 1.5713444948196411, 1.5572772026062012, 1.5434434413909912, 1.5293517112731934, 1.5166435241699219, 1.503053069114685, 1.4891544580459595, 1.477228045463562, 1.4636337757110596, 1.4519710540771484, 1.441162347793579, 1.4294533729553223, 1.416203498840332, 1.404268741607666, 1.39439058303833, 1.382108449935913, 1.3725640773773193, 1.3637133836746216, 1.3532187938690186, 1.3433138132095337, 1.3358960151672363, 1.3245630264282227, 1.3183234930038452, 1.309632420539856, 1.3030767440795898, 1.2960829734802246, 1.2831839323043823, 1.277704119682312, 1.2687180042266846, 1.2593327760696411, 1.2547942399978638, 1.2467495203018188], "landscape_losses": [2.7957520484924316, 2.4753119945526123, 2.2703731060028076, 2.064877986907959, 1.8837333917617798, 1.7193034887313843, 1.5780141353607178, 1.4518660306930542, 1.365034580230713, 1.2833714485168457, 1.2447984218597412], "proxy_train_time": 7.1328300181776285, "proxy_train_epochs": 50, "dirty_bit": 1, "landscape_term": 6.436512309092521, "speed_term": 4.588578311156991, "mote": 5.065741853444316}