{"id": 10066, "adj_matrix": [[0, 1, 1, 1], [0, 0, 1, 1], [0, 0, 0, 1], [0, 0, 0, 0]], "operations": ["nor_conv_1x1", "nor_conv_1x1", "zeros", "skip_connect", "nor_conv_1x1", "nor_conv_3x3"], "init_channel": 16, "blck_len": 5, "params": 0.407496, "flops": 13.74988, "latency": 0.016026687622070313, "train_per_time": 65.0569911793076, "train_time_200": 13011.398235861521, "train_accuracy_200": 0.5589321028446004, "test_accuracy_200": 0.4504999994405111, "train_time_12": 780.6838941516875, "train_accuracy_12": 0.34568226765259835, "test_accuracy_12": 0.3473333329264323, "valtest_accuracy_200": 0.7019999999999998, "valtest_accuracy_12": 0.5625, "proxy_losses": [2.908421039581299, 2.177288770675659, 1.925447702407837, 1.7852861881256104, 1.6962811946868896, 1.631362795829773, 1.5782232284545898, 1.5298898220062256, 1.491249918937683, 1.454101324081421, 1.4194304943084717, 1.385567307472229, 1.3569797277450562, 1.3259117603302002, 1.2996792793273926, 1.277608036994934, 1.25343918800354, 1.2336349487304688, 1.2099156379699707, 1.194776177406311, 1.1769590377807617, 1.158605933189392, 1.1450510025024414, 1.130877137184143, 1.1108099222183228, 1.0927073955535889, 1.0773568153381348, 1.0640742778778076, 1.0496268272399902, 1.040233850479126, 1.034506916999817, 1.0206313133239746, 1.0019558668136597, 0.9939087629318237, 0.9770769476890564, 0.9675990343093872, 0.9572106599807739, 0.9477109313011169, 0.9378783106803894, 0.9325637817382812, 0.9152559638023376, 0.9062587022781372, 0.8998818397521973, 0.8931887745857239, 0.8870019316673279, 0.8755407929420471, 0.8778253793716431, 0.863959789276123, 0.8430206775665283, 0.8360072374343872], "landscape_losses": [3.0343732833862305, 2.4165940284729004, 2.06172776222229, 1.794512152671814, 1.559271216392517, 1.3880082368850708, 1.2122209072113037, 1.0793553590774536, 0.9618210196495056, 0.8757336139678955, 0.8299716114997864], "proxy_train_time": 9.004745385609567, "proxy_train_epochs": 50, "dirty_bit": 1, "landscape_term": 8.285295357690773, "speed_term": 7.411339870456976, "mote": 6.846111800446356}