{"id": 10099, "adj_matrix": [[0, 1, 1, 1], [0, 0, 1, 1], [0, 0, 0, 1], [0, 0, 0, 0]], "operations": ["zeros", "skip_connect", "nor_conv_3x3", "avg_pool_3x3", "skip_connect", "skip_connect"], "init_channel": 16, "blck_len": 5, "params": 0.323496, "flops": 10.80076, "latency": 0.010680675506591797, "train_per_time": 36.54935553805015, "train_time_200": 7309.87110761003, "train_accuracy_200": 0.21094594595751326, "test_accuracy_200": 0.21149999961853028, "train_time_12": 438.59226645660414, "train_accuracy_12": 0.13475939353837257, "test_accuracy_12": 0.13299999997456868, "valtest_accuracy_200": 0.5054, "valtest_accuracy_12": 0.2627, "proxy_losses": [4.092418193817139, 3.4568545818328857, 3.095844030380249, 2.8304481506347656, 2.60121750831604, 2.385387897491455, 2.2210938930511475, 2.102396011352539, 2.0038816928863525, 1.931473970413208, 1.8760740756988525, 1.8405840396881104, 1.8126728534698486, 1.790352702140808, 1.7758886814117432, 1.7604765892028809, 1.7491730451583862, 1.7370437383651733, 1.7273054122924805, 1.7186802625656128, 1.7099013328552246, 1.7021255493164062, 1.6939085721969604, 1.685927391052246, 1.6792340278625488, 1.673940658569336, 1.6690365076065063, 1.6629630327224731, 1.6572586297988892, 1.6528123617172241, 1.6469671726226807, 1.6432900428771973, 1.637877106666565, 1.6346241235733032, 1.6301898956298828, 1.624982476234436, 1.6208508014678955, 1.6186593770980835, 1.613023281097412, 1.6091824769973755, 1.6087734699249268, 1.6012952327728271, 1.6001930236816406, 1.5939414501190186, 1.5909050703048706, 1.5873064994812012, 1.5852118730545044, 1.5827960968017578, 1.5767954587936401, 1.5736570358276367], "landscape_losses": [4.166672706604004, 3.5523691177368164, 3.153836965560913, 2.791905164718628, 2.4508731365203857, 2.1623375415802, 1.925921082496643, 1.7618921995162964, 1.6565130949020386, 1.5967693328857422, 1.5739721059799194], "proxy_train_time": 5.482538525015116, "proxy_train_epochs": 50, "dirty_bit": 1, "landscape_term": 5.019315910808726, "speed_term": 2.932563381926075, "mote": 3.700702904165454}