{"id": 1013, "adj_matrix": [[0, 1, 1, 1], [0, 0, 1, 1], [0, 0, 0, 1], [0, 0, 0, 0]], "operations": ["nor_conv_3x3", "nor_conv_3x3", "nor_conv_1x1", "nor_conv_1x1", "zeros", "nor_conv_1x1"], "init_channel": 16, "blck_len": 5, "params": 0.650536, "flops": 22.59724, "latency": 0.022519874572753906, "train_per_time": 81.25071944053933, "train_time_200": 16250.143888107865, "train_accuracy_200": 0.5436892990648758, "test_accuracy_200": 0.45211111036512586, "train_time_12": 975.0086332864761, "train_accuracy_12": 0.2756493078454357, "test_accuracy_12": 0.27399999908447265, "valtest_accuracy_200": 0.6956, "valtest_accuracy_12": 0.5085000000000001, "proxy_losses": [2.3738763332366943, 1.9917194843292236, 1.8238749504089355, 1.7117700576782227, 1.6292108297348022, 1.5620585680007935, 1.5080639123916626, 1.4570109844207764, 1.4083473682403564, 1.365032434463501, 1.327771544456482, 1.2925384044647217, 1.2622267007827759, 1.2315915822982788, 1.2055168151855469, 1.1795012950897217, 1.1517119407653809, 1.130983829498291, 1.1031426191329956, 1.080701231956482, 1.0582160949707031, 1.0437027215957642, 1.0212756395339966, 0.995063066482544, 0.974677324295044, 0.9577702283859253, 0.9376185536384583, 0.9266895651817322, 0.914720892906189, 0.8926177620887756, 0.8790804743766785, 0.8617498874664307, 0.8511580228805542, 0.8344414830207825, 0.8229717016220093, 0.806727945804596, 0.8049113154411316, 0.7943524122238159, 0.7804113626480103, 0.7706173062324524, 0.7478142380714417, 0.7446471452713013, 0.7346563339233398, 0.7217254042625427, 0.7178019285202026, 0.7100977301597595, 0.6908528804779053, 0.6850107908248901, 0.6740032434463501, 0.6728861331939697], "landscape_losses": [2.476747751235962, 2.1216626167297363, 1.8587661981582642, 1.6336464881896973, 1.4316633939743042, 1.2459518909454346, 1.0624473094940186, 0.9162774682044983, 0.8012971878051758, 0.7094338536262512, 0.6594110131263733], "proxy_train_time": 10.573718483559787, "proxy_train_epochs": 50, "dirty_bit": 1, "landscape_term": 9.732941561722647, "speed_term": 9.822326155015945, "mote": 8.190595588840917}