{"id": 10141, "adj_matrix": [[0, 1, 1, 1], [0, 0, 1, 1], [0, 0, 0, 1], [0, 0, 0, 0]], "operations": ["avg_pool_3x3", "nor_conv_3x3", "zeros", "avg_pool_3x3", "nor_conv_3x3", "skip_connect"], "init_channel": 16, "blck_len": 5, "params": 0.566536, "flops": 19.64812, "latency": 0.014269530773162842, "train_per_time": 57.54822328321114, "train_time_200": 11509.644656642227, "train_accuracy_200": 0.4222083058869595, "test_accuracy_200": 0.37699999997456873, "train_time_12": 690.578679398537, "train_accuracy_12": 0.2294792353374202, "test_accuracy_12": 0.2373333329264323, "valtest_accuracy_200": 0.65435, "valtest_accuracy_12": 0.4226, "proxy_losses": [2.483649253845215, 1.8846839666366577, 1.7355828285217285, 1.6529853343963623, 1.5833202600479126, 1.5223807096481323, 1.4627220630645752, 1.4134232997894287, 1.3731907606124878, 1.3364793062210083, 1.3013566732406616, 1.2737277746200562, 1.2538522481918335, 1.2305095195770264, 1.2025084495544434, 1.1847630739212036, 1.1595510244369507, 1.1404141187667847, 1.1247060298919678, 1.1041314601898193, 1.0853108167648315, 1.065018892288208, 1.0528297424316406, 1.034293532371521, 1.0166988372802734, 0.9989060759544373, 0.992428719997406, 0.9810405373573303, 0.9643656015396118, 0.9549015760421753, 0.938400387763977, 0.9282861351966858, 0.928135335445404, 0.9119727611541748, 0.9041855335235596, 0.8893974423408508, 0.8853296041488647, 0.8723403215408325, 0.8632215857505798, 0.8580354452133179, 0.8562381863594055, 0.8386059403419495, 0.8312948346138, 0.8234497308731079, 0.814750611782074, 0.8069748282432556, 0.8051192164421082, 0.7920450568199158, 0.7850750088691711, 0.7829296588897705], "landscape_losses": [2.625166893005371, 2.138888120651245, 1.8589375019073486, 1.6478480100631714, 1.4882639646530151, 1.330990195274353, 1.208202838897705, 1.065881371498108, 0.9362975358963013, 0.8381386995315552, 0.7808053493499756], "proxy_train_time": 7.429306129924953, "proxy_train_epochs": 50, "dirty_bit": 1, "landscape_term": 8.724250470784305, "speed_term": 6.670770170516309, "mote": 7.010337700004465}