{"id": 10198, "adj_matrix": [[0, 1, 1, 1], [0, 0, 1, 1], [0, 0, 0, 1], [0, 0, 0, 0]], "operations": ["nor_conv_1x1", "zeros", "skip_connect", "nor_conv_3x3", "nor_conv_3x3", "avg_pool_3x3"], "init_channel": 16, "blck_len": 5, "params": 0.594536, "flops": 20.63116, "latency": 0.015869450569152833, "train_per_time": 63.15617411295548, "train_time_200": 12631.234822591097, "train_accuracy_200": 0.49426499670804447, "test_accuracy_200": 0.41549999852498376, "train_time_12": 757.8740893554686, "train_accuracy_12": 0.2152999340859541, "test_accuracy_12": 0.21499999944051107, "valtest_accuracy_200": 0.6854, "valtest_accuracy_12": 0.4443, "proxy_losses": [2.382305383682251, 1.9077582359313965, 1.718317985534668, 1.6103370189666748, 1.5441814661026, 1.4877867698669434, 1.4444949626922607, 1.4056588411331177, 1.371573805809021, 1.339931845664978, 1.307242751121521, 1.2788277864456177, 1.2524142265319824, 1.2261097431182861, 1.2016595602035522, 1.1760647296905518, 1.156166672706604, 1.1299408674240112, 1.1097545623779297, 1.0879616737365723, 1.0723814964294434, 1.0499475002288818, 1.0299152135849, 1.0173263549804688, 1.0016385316848755, 0.9799220561981201, 0.9627532958984375, 0.9522579908370972, 0.9359191656112671, 0.9243595600128174, 0.8977300524711609, 0.8825333118438721, 0.881438672542572, 0.865073025226593, 0.8514738082885742, 0.83945631980896, 0.8275867104530334, 0.8161475658416748, 0.8098724484443665, 0.796697735786438, 0.784773051738739, 0.7726896405220032, 0.7679917216300964, 0.7786574363708496, 0.7733346819877625, 0.7631166577339172, 0.7456643581390381, 0.7326681017875671, 0.7168644070625305, 0.7136200070381165], "landscape_losses": [2.465750217437744, 2.073664426803589, 1.8011358976364136, 1.5881656408309937, 1.3969967365264893, 1.2284798622131348, 1.0802533626556396, 0.9395196437835693, 0.842546284198761, 0.763132631778717, 0.7069269418716431], "proxy_train_time": 8.536518905311823, "proxy_train_epochs": 50, "dirty_bit": 1, "landscape_term": 9.50441447901239, "speed_term": 7.892155975046796, "mote": 7.734320460210242}