{"id": 10323, "adj_matrix": [[0, 1, 1, 1], [0, 0, 1, 1], [0, 0, 0, 1], [0, 0, 0, 0]], "operations": ["zeros", "zeros", "nor_conv_3x3", "nor_conv_3x3", "zeros", "nor_conv_3x3"], "init_channel": 16, "blck_len": 5, "params": 0.809576, "flops": 28.49548, "latency": 0.013508892059326172, "train_per_time": 61.764487170378295, "train_time_200": 12352.89743407566, "train_accuracy_200": 0.4439650626311431, "test_accuracy_200": 0.3998333329264323, "train_time_12": 741.1738460445405, "train_accuracy_12": 0.22575477917595138, "test_accuracy_12": 0.22833333333333333, "valtest_accuracy_200": 0.6690999999999999, "valtest_accuracy_12": 0.4531, "proxy_losses": [2.140410900115967, 1.8844902515411377, 1.7947888374328613, 1.740473985671997, 1.694309949874878, 1.6535390615463257, 1.6158318519592285, 1.5800058841705322, 1.5425926446914673, 1.5068485736846924, 1.4761096239089966, 1.4433293342590332, 1.4145220518112183, 1.3879904747009277, 1.3614507913589478, 1.337350606918335, 1.3138844966888428, 1.2889330387115479, 1.2665643692016602, 1.2424832582473755, 1.2244459390640259, 1.2048444747924805, 1.1887017488479614, 1.1677154302597046, 1.1553878784179688, 1.1403050422668457, 1.1248100996017456, 1.1145273447036743, 1.0989984273910522, 1.0793839693069458, 1.0659798383712769, 1.0521767139434814, 1.0370475053787231, 1.0241886377334595, 1.0135997533798218, 1.003075122833252, 0.9921064376831055, 0.9806174635887146, 0.9687053561210632, 0.9627863168716431, 0.9463982582092285, 0.941964328289032, 0.9375771284103394, 0.9252015352249146, 0.9134286046028137, 0.9072807431221008, 0.9002508521080017, 0.8927537202835083, 0.8834145665168762, 0.8785567283630371], "landscape_losses": [2.211010456085205, 1.9806605577468872, 1.8118089437484741, 1.6598457098007202, 1.5136234760284424, 1.373314380645752, 1.2489062547683716, 1.1422346830368042, 1.0419853925704956, 0.9377634525299072, 0.8694677948951721], "proxy_train_time": 9.561724421568215, "proxy_train_epochs": 50, "dirty_bit": 1, "landscape_term": 8.352775498233065, "speed_term": 7.784881319078968, "mote": 6.954080063493867}