{"id": 10358, "adj_matrix": [[0, 1, 1, 1], [0, 0, 1, 1], [0, 0, 0, 1], [0, 0, 0, 0]], "operations": ["nor_conv_1x1", "nor_conv_1x1", "skip_connect", "zeros", "skip_connect", "nor_conv_1x1"], "init_channel": 16, "blck_len": 5, "params": 0.164456, "flops": 4.90252, "latency": 0.01915125846862793, "train_per_time": 51.641055703958, "train_time_200": 10328.2111407916, "train_accuracy_200": 0.3691760052790984, "test_accuracy_200": 0.33883333287556966, "train_time_12": 619.6926684474945, "train_accuracy_12": 0.19877389585134148, "test_accuracy_12": 0.2086666661071777, "valtest_accuracy_200": 0.642, "valtest_accuracy_12": 0.36210000000000003, "proxy_losses": [2.3673856258392334, 2.08056902885437, 1.9603767395019531, 1.88723886013031, 1.8307368755340576, 1.7849457263946533, 1.7436425685882568, 1.7086431980133057, 1.675531268119812, 1.6485607624053955, 1.6215829849243164, 1.5959128141403198, 1.5732991695404053, 1.5512908697128296, 1.5295825004577637, 1.5103081464767456, 1.491496205329895, 1.472089409828186, 1.4545785188674927, 1.4389290809631348, 1.4252281188964844, 1.4084874391555786, 1.3946218490600586, 1.3794448375701904, 1.3671351671218872, 1.3513983488082886, 1.3392568826675415, 1.3264352083206177, 1.3158843517303467, 1.3040289878845215, 1.290408968925476, 1.2803312540054321, 1.2679872512817383, 1.2580304145812988, 1.2448519468307495, 1.234135389328003, 1.2232913970947266, 1.213181734085083, 1.205923080444336, 1.19720458984375, 1.1839494705200195, 1.1705126762390137, 1.1617431640625, 1.1504842042922974, 1.1426140069961548, 1.1342867612838745, 1.1259212493896484, 1.1212652921676636, 1.1125344038009644, 1.1031454801559448], "landscape_losses": [2.4417457580566406, 2.187129020690918, 1.986924171447754, 1.8129632472991943, 1.6680489778518677, 1.5268362760543823, 1.3963630199432373, 1.3054288625717163, 1.211187720298767, 1.1432617902755737, 1.0951656103134155], "proxy_train_time": 7.318520518019795, "proxy_train_epochs": 50, "dirty_bit": 1, "landscape_term": 7.271696919295864, "speed_term": 5.127856645923734, "mote": 5.747213937202908}