{"id": 10396, "adj_matrix": [[0, 1, 1, 1], [0, 0, 1, 1], [0, 0, 0, 1], [0, 0, 0, 0]], "operations": ["zeros", "skip_connect", "nor_conv_1x1", "skip_connect", "zeros", "nor_conv_3x3"], "init_channel": 16, "blck_len": 5, "params": 0.351496, "flops": 11.7838, "latency": 0.01264030933380127, "train_per_time": 43.042510088602505, "train_time_200": 8608.5020177205, "train_accuracy_200": 0.4633091628304106, "test_accuracy_200": 0.39850000005086256, "train_time_12": 516.5101210632323, "train_accuracy_12": 0.30338826633320093, "test_accuracy_12": 0.2906666657511393, "valtest_accuracy_200": 0.67345, "valtest_accuracy_12": 0.5289, "proxy_losses": [2.5460758209228516, 2.050764322280884, 1.8728532791137695, 1.7809703350067139, 1.7183592319488525, 1.6727468967437744, 1.6279391050338745, 1.5897883176803589, 1.5517175197601318, 1.5185798406600952, 1.4844565391540527, 1.4567641019821167, 1.4302891492843628, 1.40839684009552, 1.3822765350341797, 1.3600051403045654, 1.3408703804016113, 1.3265302181243896, 1.3080748319625854, 1.2958914041519165, 1.2759343385696411, 1.2631847858428955, 1.2505265474319458, 1.2362629175186157, 1.2231322526931763, 1.2077140808105469, 1.2027974128723145, 1.1904040575027466, 1.1736702919006348, 1.1622064113616943, 1.1546224355697632, 1.148666501045227, 1.133452296257019, 1.117945671081543, 1.1049792766571045, 1.0972459316253662, 1.0879994630813599, 1.0853322744369507, 1.0756607055664062, 1.0679682493209839, 1.057329535484314, 1.0531530380249023, 1.0403602123260498, 1.0239322185516357, 1.0241341590881348, 1.0106171369552612, 1.004186749458313, 0.9950771331787109, 0.9864494204521179, 0.9906934499740601], "landscape_losses": [2.6564643383026123, 2.260364055633545, 2.007233142852783, 1.8153119087219238, 1.6496007442474365, 1.4699914455413818, 1.313657283782959, 1.186523199081421, 1.084542989730835, 1.012972116470337, 0.9672305583953857], "proxy_train_time": 6.960784325376153, "proxy_train_epochs": 50, "dirty_bit": 1, "landscape_term": 7.701551031182226, "speed_term": 5.340564935381357, "mote": 6.0801465643594}