{"id": 10420, "adj_matrix": [[0, 1, 1, 1], [0, 0, 1, 1], [0, 0, 0, 1], [0, 0, 0, 0]], "operations": ["nor_conv_1x1", "skip_connect", "nor_conv_3x3", "avg_pool_3x3", "avg_pool_3x3", "avg_pool_3x3"], "init_channel": 16, "blck_len": 5, "params": 0.351496, "flops": 11.7838, "latency": 0.013679981231689453, "train_per_time": 58.28259361577025, "train_time_200": 11656.518723154051, "train_accuracy_200": 0.3116743572959322, "test_accuracy_200": 0.2991666660308838, "train_time_12": 699.3911233892442, "train_accuracy_12": 0.19851021753460776, "test_accuracy_12": 0.21033333338419596, "valtest_accuracy_200": 0.6124, "valtest_accuracy_12": 0.3337, "proxy_losses": [4.7248358726501465, 2.840134382247925, 2.3262767791748047, 2.0713138580322266, 1.9096689224243164, 1.8029890060424805, 1.7220253944396973, 1.663650631904602, 1.6140497922897339, 1.5677704811096191, 1.530654788017273, 1.4972633123397827, 1.4677244424819946, 1.441524624824524, 1.414426565170288, 1.389844536781311, 1.36590576171875, 1.3418830633163452, 1.3219844102859497, 1.3004207611083984, 1.28378427028656, 1.2648037672042847, 1.2438760995864868, 1.2271183729171753, 1.2111642360687256, 1.1975302696228027, 1.182695984840393, 1.1676462888717651, 1.1514371633529663, 1.1393808126449585, 1.1228379011154175, 1.1139546632766724, 1.0950533151626587, 1.0868991613388062, 1.0740312337875366, 1.0591087341308594, 1.0540693998336792, 1.0429251194000244, 1.03056001663208, 1.0221401453018188, 1.0082504749298096, 0.9997658133506775, 0.9953801035881042, 0.9804860353469849, 0.9736380577087402, 0.9669224619865417, 0.9607099890708923, 0.9559613466262817, 0.9547090530395508, 0.9442554712295532], "landscape_losses": [4.868847846984863, 3.375880479812622, 2.703819990158081, 2.2404987812042236, 1.8641353845596313, 1.5813608169555664, 1.3423126935958862, 1.1898757219314575, 1.051284909248352, 0.9773354530334473, 0.9299299716949463], "proxy_train_time": 7.057585766538978, "proxy_train_epochs": 50, "dirty_bit": 1, "landscape_term": 7.121754845134699, "speed_term": 5.12716333064483, "mote": 5.644782857238482}