{"id": 10432, "adj_matrix": [[0, 1, 1, 1], [0, 0, 1, 1], [0, 0, 0, 1], [0, 0, 0, 0]], "operations": ["zeros", "avg_pool_3x3", "nor_conv_1x1", "avg_pool_3x3", "skip_connect", "nor_conv_1x1"], "init_channel": 16, "blck_len": 5, "params": 0.136456, "flops": 3.91948, "latency": 0.010611891746520996, "train_per_time": 51.34448163684214, "train_time_200": 10268.896327368428, "train_accuracy_200": 0.22895517469392296, "test_accuracy_200": 0.20599999946594238, "train_time_12": 616.1337796421049, "train_accuracy_12": 0.14414634146291172, "test_accuracy_12": 0.14733333300272625, "valtest_accuracy_200": 0.54515, "valtest_accuracy_12": 0.3155, "proxy_losses": [2.745772123336792, 2.4134140014648438, 2.225740432739258, 2.1025357246398926, 2.0146095752716064, 1.9476639032363892, 1.8961818218231201, 1.8523921966552734, 1.8153984546661377, 1.7847068309783936, 1.7582350969314575, 1.7318601608276367, 1.7092593908309937, 1.6866999864578247, 1.6700050830841064, 1.650460958480835, 1.6320148706436157, 1.6175857782363892, 1.6008821725845337, 1.5863099098205566, 1.5715094804763794, 1.5573481321334839, 1.5411039590835571, 1.5306144952774048, 1.5167455673217773, 1.5036542415618896, 1.4892101287841797, 1.4761722087860107, 1.4635353088378906, 1.450943112373352, 1.4377774000167847, 1.425748586654663, 1.4146368503570557, 1.4031904935836792, 1.3934420347213745, 1.3823878765106201, 1.3724300861358643, 1.363701581954956, 1.3549695014953613, 1.3439480066299438, 1.3383136987686157, 1.3290070295333862, 1.320003867149353, 1.3113025426864624, 1.304513931274414, 1.295962929725647, 1.2919028997421265, 1.283845067024231, 1.276741862297058, 1.2719813585281372], "landscape_losses": [2.8085272312164307, 2.52203369140625, 2.307584285736084, 2.1153550148010254, 1.9417085647583008, 1.7753061056137085, 1.6283929347991943, 1.5023916959762573, 1.4062604904174805, 1.3232554197311401, 1.2654545307159424], "proxy_train_time": 6.6534083085134625, "proxy_train_epochs": 50, "dirty_bit": 1, "landscape_term": 6.273700382756655, "speed_term": 4.186725754262343, "mote": 4.86925744488309}