{"id": 10448, "adj_matrix": [[0, 1, 1, 1], [0, 0, 1, 1], [0, 0, 0, 1], [0, 0, 0, 0]], "operations": ["zeros", "zeros", "skip_connect", "zeros", "nor_conv_1x1", "zeros"], "init_channel": 16, "blck_len": 5, "params": 0.108456, "flops": 2.9364399999999997, "latency": 0.010331106185913085, "train_per_time": 31.270334876855255, "train_time_200": 6254.066975371051, "train_accuracy_200": 0.008569545155052457, "test_accuracy_200": 0.008333333322736952, "train_time_12": 375.2440185222625, "train_accuracy_12": 0.008437705998964505, "test_accuracy_12": 0.008333333326975506, "valtest_accuracy_200": 0.01, "valtest_accuracy_12": 0.01, "proxy_losses": [2.302615165710449, 2.3025944232940674, 2.3025972843170166, 2.302593469619751, 2.302591562271118, 2.3025925159454346, 2.3025941848754883, 2.302593469619751, 2.3025903701782227, 2.3025901317596436, 2.302591323852539, 2.3025941848754883, 2.3025918006896973, 2.302593231201172, 2.302597999572754, 2.3025944232940674, 2.3025920391082764, 2.3025920391082764, 2.3025894165039062, 2.3025918006896973, 2.3025946617126465, 2.302593469619751, 2.3025918006896973, 2.3025896549224854, 2.302590847015381, 2.3025925159454346, 2.302588701248169, 2.3025944232940674, 2.302596092224121, 2.3025920391082764, 2.3025944232940674, 2.3025898933410645, 2.3025918006896973, 2.302591323852539, 2.302593469619751, 2.302591323852539, 2.302591323852539, 2.302595615386963, 2.3025946617126465, 2.302593946456909, 2.3025925159454346, 2.302591562271118, 2.3025944232940674, 2.3025951385498047, 2.3025898933410645, 2.3025927543640137, 2.3025941848754883, 2.302593469619751, 2.3025925159454346, 2.3025922775268555], "landscape_losses": [2.3025922775268555, 2.3025922775268555, 2.30259108543396, 2.302591323852539, 2.3025922775268555, 2.302591323852539, 2.3025927543640137, 2.3025906085968018, 2.302591323852539, 2.3025925159454346, 2.3025927543640137], "proxy_train_time": 6.245239868760109, "proxy_train_epochs": 50, "dirty_bit": 1, "landscape_term": 4.7772252494235, "speed_term": 2.7122636269985967, "mote": 3.4722255628615004}