{"id": 10477, "adj_matrix": [[0, 1, 1, 1], [0, 0, 1, 1], [0, 0, 0, 1], [0, 0, 0, 0]], "operations": ["zeros", "zeros", "zeros", "avg_pool_3x3", "skip_connect", "avg_pool_3x3"], "init_channel": 16, "blck_len": 5, "params": 0.080456, "flops": 1.9534, "latency": 0.009546399116516113, "train_per_time": 29.270855457544414, "train_time_200": 5854.1710915088825, "train_accuracy_200": 0.16889914305164536, "test_accuracy_200": 0.15533333320617676, "train_time_12": 351.25026549053183, "train_accuracy_12": 0.1297033619055248, "test_accuracy_12": 0.12833333287556967, "valtest_accuracy_200": 0.46799999999999997, "valtest_accuracy_12": 0.2956, "proxy_losses": [2.3785340785980225, 2.2570202350616455, 2.164334535598755, 2.096256732940674, 2.0522730350494385, 2.020376682281494, 1.996687889099121, 1.974135160446167, 1.9539304971694946, 1.9344562292099, 1.9155257940292358, 1.8975015878677368, 1.8839634656906128, 1.8717560768127441, 1.861814260482788, 1.850080132484436, 1.841556429862976, 1.8323054313659668, 1.8252414464950562, 1.8173714876174927, 1.810892939567566, 1.8044403791427612, 1.7983615398406982, 1.7931722402572632, 1.7876224517822266, 1.7830029726028442, 1.7782855033874512, 1.7733564376831055, 1.7682374715805054, 1.7649792432785034, 1.7607167959213257, 1.7561858892440796, 1.7531843185424805, 1.7492406368255615, 1.7451521158218384, 1.7418451309204102, 1.7385542392730713, 1.7364164590835571, 1.7321562767028809, 1.7290427684783936, 1.7268574237823486, 1.7237200736999512, 1.7202472686767578, 1.7180722951889038, 1.7149994373321533, 1.7129255533218384, 1.70966637134552, 1.7067939043045044, 1.7041015625, 1.7020111083984375], "landscape_losses": [2.3977608680725098, 2.259840965270996, 2.145550489425659, 2.0428221225738525, 1.956444501876831, 1.8786574602127075, 1.8188437223434448, 1.7722797393798828, 1.7374277114868164, 1.7153500318527222, 1.7008280754089355], "proxy_train_time": 5.24528538249433, "proxy_train_epochs": 50, "dirty_bit": 1, "landscape_term": 5.7191194882984835, "speed_term": 2.854752263701123, "mote": 4.17922447514489}