{"id": 10471, "adj_matrix": [[0, 1, 1, 1], [0, 0, 1, 1], [0, 0, 0, 1], [0, 0, 0, 0]], "operations": ["zeros", "avg_pool_3x3", "zeros", "zeros", "avg_pool_3x3", "nor_conv_1x1"], "init_channel": 16, "blck_len": 5, "params": 0.108456, "flops": 2.93644, "latency": 0.01087625026702881, "train_per_time": 42.81119653272619, "train_time_200": 8562.239306545238, "train_accuracy_200": 0.17921555702546435, "test_accuracy_200": 0.17816666632334388, "train_time_12": 513.7343583927154, "train_accuracy_12": 0.10315095583790608, "test_accuracy_12": 0.11100000005086263, "valtest_accuracy_200": 0.49975, "valtest_accuracy_12": 0.23600000000000002, "proxy_losses": [2.443293571472168, 2.2589025497436523, 2.157179594039917, 2.0856776237487793, 2.0233709812164307, 1.9707998037338257, 1.9251097440719604, 1.8825331926345825, 1.8443095684051514, 1.810571312904358, 1.7804151773452759, 1.7541296482086182, 1.729013442993164, 1.7078330516815186, 1.6880066394805908, 1.6701666116714478, 1.6535439491271973, 1.6388111114501953, 1.6253821849822998, 1.613173246383667, 1.5981810092926025, 1.5849385261535645, 1.5730738639831543, 1.5630311965942383, 1.5497218370437622, 1.539730429649353, 1.5291777849197388, 1.5171529054641724, 1.5068258047103882, 1.4946929216384888, 1.4831459522247314, 1.4759258031845093, 1.467059850692749, 1.455880880355835, 1.4451638460159302, 1.4323259592056274, 1.4203271865844727, 1.413472294807434, 1.40263032913208, 1.38904869556427, 1.3818385601043701, 1.368331789970398, 1.362650990486145, 1.3507721424102783, 1.3383980989456177, 1.3274515867233276, 1.321213722229004, 1.3089678287506104, 1.3042075634002686, 1.293381690979004], "landscape_losses": [2.4919655323028564, 2.322138786315918, 2.1705446243286133, 2.0280535221099854, 1.8911634683609009, 1.765032410621643, 1.6503503322601318, 1.5345183610916138, 1.429147720336914, 1.3489038944244385, 1.2968980073928833], "proxy_train_time": 6.6352873938158154, "proxy_train_epochs": 50, "dirty_bit": 1, "landscape_term": 6.350794767264512, "speed_term": 4.123297005535747, "mote": 4.909379867226666}