{"id": 10470, "adj_matrix": [[0, 1, 1, 1], [0, 0, 1, 1], [0, 0, 0, 1], [0, 0, 0, 0]], "operations": ["avg_pool_3x3", "skip_connect", "skip_connect", "avg_pool_3x3", "zeros", "avg_pool_3x3"], "init_channel": 16, "blck_len": 5, "params": 0.080456, "flops": 1.9534, "latency": 0.008051347732543946, "train_per_time": 33.3724846772354, "train_time_200": 6674.4969354470795, "train_accuracy_200": 0.118022412661714, "test_accuracy_200": 0.11833333334604898, "train_time_12": 400.46981612682333, "train_accuracy_12": 0.08970995385843276, "test_accuracy_12": 0.08433333307902018, "valtest_accuracy_200": 0.29460000000000003, "valtest_accuracy_12": 0.09970000000000001, "proxy_losses": [6.082413196563721, 4.589987277984619, 3.62777042388916, 3.052109479904175, 2.671036958694458, 2.4105241298675537, 2.2126173973083496, 2.0885133743286133, 2.004065990447998, 1.934342384338379, 1.8902857303619385, 1.8618301153182983, 1.8390684127807617, 1.8218095302581787, 1.802618384361267, 1.7894684076309204, 1.7759369611740112, 1.7663806676864624, 1.755342721939087, 1.7467793226242065, 1.7395673990249634, 1.7319072484970093, 1.7258775234222412, 1.7179772853851318, 1.7128818035125732, 1.7060751914978027, 1.699931025505066, 1.6940103769302368, 1.688998818397522, 1.6821331977844238, 1.677534580230713, 1.6706539392471313, 1.6673468351364136, 1.6595115661621094, 1.654344916343689, 1.6482203006744385, 1.6454708576202393, 1.6386382579803467, 1.6333707571029663, 1.629699468612671, 1.6226235628128052, 1.619549036026001, 1.6131253242492676, 1.60933256149292, 1.6068204641342163, 1.6022306680679321, 1.5960347652435303, 1.5955009460449219, 1.5865681171417236, 1.5828770399093628], "landscape_losses": [6.2373528480529785, 4.954314231872559, 4.117714881896973, 3.455967664718628, 2.9486441612243652, 2.5057475566864014, 2.1625521183013916, 1.9025572538375854, 1.7080320119857788, 1.6159943342208862, 1.5851728916168213], "proxy_train_time": 4.481626859866083, "proxy_train_epochs": 50, "dirty_bit": 1, "landscape_term": 4.455751976506891, "speed_term": 2.2776726719273195, "mote": 3.1267376987820277}