{"id": 10480, "adj_matrix": [[0, 1, 1, 1], [0, 0, 1, 1], [0, 0, 0, 1], [0, 0, 0, 0]], "operations": ["nor_conv_3x3", "zeros", "avg_pool_3x3", "nor_conv_3x3", "zeros", "avg_pool_3x3"], "init_channel": 16, "blck_len": 5, "params": 0.566536, "flops": 19.64812, "latency": 0.012488389015197754, "train_per_time": 60.460478811502504, "train_time_200": 12092.095762300502, "train_accuracy_200": 0.40010217535865095, "test_accuracy_200": 0.3644999995930989, "train_time_12": 725.5257457380294, "train_accuracy_12": 0.16926170072863583, "test_accuracy_12": 0.17233333282470703, "valtest_accuracy_200": 0.67485, "valtest_accuracy_12": 0.3774, "proxy_losses": [2.1986446380615234, 1.8785148859024048, 1.7607975006103516, 1.6647135019302368, 1.5872725248336792, 1.5211479663848877, 1.4652243852615356, 1.4155995845794678, 1.3757638931274414, 1.3380423784255981, 1.3100860118865967, 1.2771157026290894, 1.2496024370193481, 1.2260355949401855, 1.2006839513778687, 1.1761723756790161, 1.1512577533721924, 1.1302237510681152, 1.110054850578308, 1.090726613998413, 1.0776482820510864, 1.055359125137329, 1.0417596101760864, 1.021243691444397, 1.0120846033096313, 0.9977726340293884, 0.9863744974136353, 0.9695336222648621, 0.9555217623710632, 0.938259482383728, 0.9244292974472046, 0.9157445430755615, 0.9094939231872559, 0.8952050805091858, 0.8869577050209045, 0.8679815530776978, 0.857260525226593, 0.844843864440918, 0.8336271643638611, 0.8328439593315125, 0.8289511799812317, 0.8268582820892334, 0.8131897449493408, 0.8014085292816162, 0.790052056312561, 0.7874138951301575, 0.7846667170524597, 0.7710315585136414, 0.7743238210678101, 0.7729562520980835], "landscape_losses": [2.2859151363372803, 2.0025010108947754, 1.7993136644363403, 1.6211289167404175, 1.461788296699524, 1.3195576667785645, 1.1857664585113525, 1.0584440231323242, 0.9230238199234009, 0.80754154920578, 0.7623889446258545], "proxy_train_time": 8.230275354348123, "proxy_train_epochs": 50, "dirty_bit": 1, "landscape_term": 8.972889885441619, "speed_term": 7.4953588293584845, "mote": 7.317700791365162}