{"id": 10562, "adj_matrix": [[0, 1, 1, 1], [0, 0, 1, 1], [0, 0, 0, 1], [0, 0, 0, 0]], "operations": ["nor_conv_1x1", "avg_pool_3x3", "avg_pool_3x3", "nor_conv_3x3", "zeros", "zeros"], "init_channel": 16, "blck_len": 5, "params": 0.351496, "flops": 11.7838, "latency": 0.014454054832458495, "train_per_time": 56.3658102629184, "train_time_200": 11273.16205258368, "train_accuracy_200": 0.4488068556557381, "test_accuracy_200": 0.3819999996439616, "train_time_12": 676.3897231550214, "train_accuracy_12": 0.22353988135783548, "test_accuracy_12": 0.21666666641235352, "valtest_accuracy_200": 0.67525, "valtest_accuracy_12": 0.45990000000000003, "proxy_losses": [2.2486212253570557, 2.002223253250122, 1.8954890966415405, 1.8246283531188965, 1.7698426246643066, 1.7171903848648071, 1.6751574277877808, 1.635815978050232, 1.598071813583374, 1.5628200769424438, 1.529402494430542, 1.4982062578201294, 1.4681129455566406, 1.4404457807540894, 1.4132804870605469, 1.3893731832504272, 1.36319100856781, 1.3359650373458862, 1.3202353715896606, 1.3005539178848267, 1.2743349075317383, 1.2561756372451782, 1.235121488571167, 1.2173417806625366, 1.1989578008651733, 1.1780952215194702, 1.162747859954834, 1.141646146774292, 1.12410569190979, 1.0994129180908203, 1.0863183736801147, 1.0736103057861328, 1.0568640232086182, 1.040449857711792, 1.024472713470459, 1.0160623788833618, 1.008519172668457, 0.9961023330688477, 0.9804458022117615, 0.9682681560516357, 0.9526796936988831, 0.9492810368537903, 0.9387765526771545, 0.933346688747406, 0.922791600227356, 0.904325008392334, 0.8956496119499207, 0.8875241279602051, 0.8816030025482178, 0.86441570520401], "landscape_losses": [2.320129156112671, 2.098949670791626, 1.9214454889297485, 1.752777099609375, 1.5874346494674683, 1.428901195526123, 1.2750375270843506, 1.1356600522994995, 1.0168530941009521, 0.9283884763717651, 0.8786694407463074], "proxy_train_time": 7.888565945439041, "proxy_train_epochs": 50, "dirty_bit": 1, "landscape_term": 8.19167139019916, "speed_term": 6.2352247361821185, "mote": 6.577083631107014}