{"id": 10568, "adj_matrix": [[0, 1, 1, 1], [0, 0, 1, 1], [0, 0, 0, 1], [0, 0, 0, 0]], "operations": ["nor_conv_1x1", "zeros", "zeros", "nor_conv_3x3", "nor_conv_3x3", "nor_conv_1x1"], "init_channel": 16, "blck_len": 5, "params": 0.622536, "flops": 21.6142, "latency": 0.01728181838989258, "train_per_time": 68.49461184684463, "train_time_200": 13698.922369368926, "train_accuracy_200": 0.5068292683067649, "test_accuracy_200": 0.42133333262125644, "train_time_12": 821.9353421621323, "train_accuracy_12": 0.2210217534673159, "test_accuracy_12": 0.21966666610717772, "valtest_accuracy_200": 0.6886, "valtest_accuracy_12": 0.4633, "proxy_losses": [2.1486620903015137, 1.790817141532898, 1.6528323888778687, 1.5671600103378296, 1.4958899021148682, 1.4378544092178345, 1.396405577659607, 1.3458704948425293, 1.303846001625061, 1.2693685293197632, 1.2386343479156494, 1.209282636642456, 1.1854248046875, 1.162363052368164, 1.1336413621902466, 1.1106683015823364, 1.0905083417892456, 1.0753448009490967, 1.060186743736267, 1.03983736038208, 1.0308936834335327, 1.0136853456497192, 0.9990659952163696, 0.980537474155426, 0.9654123783111572, 0.9533048868179321, 0.9423739314079285, 0.9313554763793945, 0.9145942330360413, 0.9029014706611633, 0.8870416879653931, 0.8775781989097595, 0.8718142509460449, 0.8585770726203918, 0.8537740111351013, 0.8416763544082642, 0.8318164944648743, 0.8184967041015625, 0.8094221949577332, 0.7929248213768005, 0.8038177490234375, 0.7914674282073975, 0.7790433168411255, 0.7661598920822144, 0.7588534951210022, 0.7564255595207214, 0.7411070466041565, 0.7333842515945435, 0.7227733135223389, 0.7201945185661316], "landscape_losses": [2.2447028160095215, 1.904837727546692, 1.683203101158142, 1.4907500743865967, 1.3265730142593384, 1.1763789653778076, 1.047731637954712, 0.9183958172798157, 0.8212056756019592, 0.7526909112930298, 0.7104321122169495], "proxy_train_time": 9.777046234346926, "proxy_train_epochs": 50, "dirty_bit": 1, "landscape_term": 9.836449626806214, "speed_term": 9.335465366252269, "mote": 8.183270835303905}