{"id": 10577, "adj_matrix": [[0, 1, 1, 1], [0, 0, 1, 1], [0, 0, 0, 1], [0, 0, 0, 0]], "operations": ["nor_conv_1x1", "nor_conv_3x3", "skip_connect", "skip_connect", "nor_conv_1x1", "skip_connect"], "init_channel": 16, "blck_len": 5, "params": 0.379496, "flops": 12.76684, "latency": 0.012696099281311036, "train_per_time": 52.76507689658808, "train_time_200": 10553.015379317616, "train_accuracy_200": 0.5019017798341413, "test_accuracy_200": 0.41483333226521807, "train_time_12": 633.1809227590561, "train_accuracy_12": 0.3230257086440145, "test_accuracy_12": 0.3169999993387858, "valtest_accuracy_200": 0.6910499999999999, "valtest_accuracy_12": 0.5516, "proxy_losses": [3.1974551677703857, 2.221914529800415, 1.8971292972564697, 1.7658052444458008, 1.6858842372894287, 1.6312247514724731, 1.5814898014068604, 1.5378605127334595, 1.4986281394958496, 1.4669952392578125, 1.438609004020691, 1.4115351438522339, 1.3882334232330322, 1.3668537139892578, 1.3485469818115234, 1.3337255716323853, 1.3128465414047241, 1.296579122543335, 1.2865797281265259, 1.2696260213851929, 1.2535892724990845, 1.2444967031478882, 1.2289772033691406, 1.2176693677902222, 1.2054475545883179, 1.201410174369812, 1.187337875366211, 1.1757839918136597, 1.16319739818573, 1.151711106300354, 1.1417055130004883, 1.1344664096832275, 1.1280351877212524, 1.1156039237976074, 1.1098765134811401, 1.1055798530578613, 1.095658302307129, 1.082306981086731, 1.0708189010620117, 1.0626591444015503, 1.0595630407333374, 1.0531532764434814, 1.046526312828064, 1.0350253582000732, 1.0280699729919434, 1.0219166278839111, 1.017652988433838, 1.0090782642364502, 0.9982903599739075, 0.9964609146118164], "landscape_losses": [3.2881414890289307, 2.5116207599639893, 2.1198177337646484, 1.8386484384536743, 1.6123695373535156, 1.4167169332504272, 1.2577996253967285, 1.150988221168518, 1.0742080211639404, 1.0183427333831787, 0.995168924331665], "proxy_train_time": 6.963764148764312, "proxy_train_epochs": 50, "dirty_bit": 1, "landscape_term": 7.625569800732615, "speed_term": 5.333798877786103, "mote": 6.027460504911351}