{"id": 106, "adj_matrix": [[0, 1, 1, 1], [0, 0, 1, 1], [0, 0, 0, 1], [0, 0, 0, 0]], "operations": ["zeros", "zeros", "skip_connect", "avg_pool_3x3", "avg_pool_3x3", "nor_conv_1x1"], "init_channel": 16, "blck_len": 5, "params": 0.108456, "flops": 2.9364399999999997, "latency": 0.01058204174041748, "train_per_time": 40.65056074706717, "train_time_200": 8130.112149413434, "train_accuracy_200": 0.1685234014534159, "test_accuracy_200": 0.1549999998050266, "train_time_12": 487.8067289648056, "train_accuracy_12": 0.12648648648799526, "test_accuracy_12": 0.13233333333333333, "valtest_accuracy_200": 0.47063333333333335, "valtest_accuracy_12": 0.30829999999999996, "proxy_losses": [2.3997089862823486, 2.2696080207824707, 2.1715714931488037, 2.1073033809661865, 2.0609631538391113, 2.0233242511749268, 1.993505835533142, 1.9686270952224731, 1.9472941160202026, 1.928977131843567, 1.9129488468170166, 1.8962329626083374, 1.8801828622817993, 1.8665142059326172, 1.853463053703308, 1.8411959409713745, 1.8302404880523682, 1.8204689025878906, 1.8113802671432495, 1.802260398864746, 1.7948753833770752, 1.7876832485198975, 1.7800911664962769, 1.7736722230911255, 1.7677011489868164, 1.7618910074234009, 1.756131887435913, 1.7514094114303589, 1.7459111213684082, 1.7417136430740356, 1.7376281023025513, 1.732948660850525, 1.7291030883789062, 1.7252349853515625, 1.7209292650222778, 1.7167166471481323, 1.7129098176956177, 1.709502100944519, 1.7067914009094238, 1.7036292552947998, 1.6998119354248047, 1.696919560432434, 1.6961685419082642, 1.6910589933395386, 1.6890337467193604, 1.6862542629241943, 1.6834070682525635, 1.679943561553955, 1.6778138875961304, 1.675125002861023], "landscape_losses": [2.421875476837158, 2.2769227027893066, 2.154648780822754, 2.045254707336426, 1.9476722478866577, 1.8691152334213257, 1.798609972000122, 1.7494168281555176, 1.7146586179733276, 1.6888363361358643, 1.6745765209197998], "proxy_train_time": 5.953266333788633, "proxy_train_epochs": 50, "dirty_bit": 1, "landscape_term": 5.753687754876429, "speed_term": 3.2667972345711207, "mote": 4.301820286857004}