{"id": 10634, "adj_matrix": [[0, 1, 1, 1], [0, 0, 1, 1], [0, 0, 0, 1], [0, 0, 0, 0]], "operations": ["nor_conv_1x1", "nor_conv_1x1", "nor_conv_1x1", "nor_conv_1x1", "skip_connect", "nor_conv_1x1"], "init_channel": 16, "blck_len": 5, "params": 0.220456, "flops": 6.8686, "latency": 0.016947484016418456, "train_per_time": 74.05386691331846, "train_time_200": 14810.77338266369, "train_accuracy_200": 0.3800131839337283, "test_accuracy_200": 0.3544999989318848, "train_time_12": 888.6464029598236, "train_accuracy_12": 0.21932762031228273, "test_accuracy_12": 0.22766666651407877, "valtest_accuracy_200": 0.65155, "valtest_accuracy_12": 0.3868, "proxy_losses": [2.5582871437072754, 2.173506736755371, 1.966598629951477, 1.853093147277832, 1.7759640216827393, 1.7170480489730835, 1.6711851358413696, 1.6276189088821411, 1.593701720237732, 1.5603551864624023, 1.5336164236068726, 1.506465196609497, 1.4808696508407593, 1.4578015804290771, 1.4344781637191772, 1.4132860898971558, 1.3964146375656128, 1.372884750366211, 1.3540312051773071, 1.3347371816635132, 1.3192343711853027, 1.3011304140090942, 1.2827684879302979, 1.267586350440979, 1.2543623447418213, 1.2354720830917358, 1.218930721282959, 1.2027496099472046, 1.1912108659744263, 1.1766773462295532, 1.1634219884872437, 1.1502605676651, 1.137378454208374, 1.1199573278427124, 1.1101651191711426, 1.0980288982391357, 1.0869500637054443, 1.081884741783142, 1.0680725574493408, 1.0611134767532349, 1.0452433824539185, 1.0342504978179932, 1.0262086391448975, 1.013166069984436, 1.0067005157470703, 1.0001965761184692, 0.9926347732543945, 0.9820476770401001, 0.9722270369529724, 0.9622626900672913], "landscape_losses": [2.643085479736328, 2.3014490604400635, 2.046196699142456, 1.8274236917495728, 1.6287310123443604, 1.453948974609375, 1.3012551069259644, 1.1796010732650757, 1.0782171487808228, 1.0049463510513306, 0.9581453204154968], "proxy_train_time": 9.210459282621741, "proxy_train_epochs": 50, "dirty_bit": 1, "landscape_term": 7.732992577813937, "speed_term": 6.941416218031556, "mote": 6.39407616331682}