{"id": 10642, "adj_matrix": [[0, 1, 1, 1], [0, 0, 1, 1], [0, 0, 0, 1], [0, 0, 0, 0]], "operations": ["avg_pool_3x3", "avg_pool_3x3", "skip_connect", "avg_pool_3x3", "avg_pool_3x3", "nor_conv_1x1"], "init_channel": 16, "blck_len": 5, "params": 0.108456, "flops": 2.93644, "latency": 0.010849499702453613, "train_per_time": 50.13883808803561, "train_time_200": 10027.767617607122, "train_accuracy_200": 0.17740606460898192, "test_accuracy_200": 0.1764999998474121, "train_time_12": 601.666057056427, "train_accuracy_12": 0.12749505603591627, "test_accuracy_12": 0.13033333318074544, "valtest_accuracy_200": 0.45909999999999995, "valtest_accuracy_12": 0.265, "proxy_losses": [4.206690311431885, 3.304300308227539, 2.843252658843994, 2.5677993297576904, 2.3588573932647705, 2.187861442565918, 2.0423734188079834, 1.9244228601455688, 1.855738639831543, 1.8062937259674072, 1.7667101621627808, 1.7423644065856934, 1.7215628623962402, 1.704663872718811, 1.6884288787841797, 1.6739447116851807, 1.6594905853271484, 1.646166443824768, 1.6319208145141602, 1.619765281677246, 1.6054390668869019, 1.5944108963012695, 1.5794651508331299, 1.568119764328003, 1.5563546419143677, 1.5454812049865723, 1.5339105129241943, 1.5234427452087402, 1.513184905052185, 1.5040243864059448, 1.4926199913024902, 1.4833595752716064, 1.4766395092010498, 1.464203119277954, 1.4560563564300537, 1.4502384662628174, 1.4391320943832397, 1.4306150674819946, 1.4229414463043213, 1.4135695695877075, 1.4072624444961548, 1.398268699645996, 1.3917545080184937, 1.3818732500076294, 1.3787752389907837, 1.3709211349487305, 1.3662281036376953, 1.3548370599746704, 1.3477648496627808, 1.341896891593933], "landscape_losses": [4.316954612731934, 3.547703981399536, 3.0879948139190674, 2.723639726638794, 2.3903496265411377, 2.098505973815918, 1.8582611083984375, 1.6427865028381348, 1.5084865093231201, 1.389035701751709, 1.3422377109527588], "proxy_train_time": 5.325127490796149, "proxy_train_epochs": 50, "dirty_bit": 1, "landscape_term": 5.374109915979954, "speed_term": 3.105197227964916, "mote": 3.9954198467188076}