{"id": 10712, "adj_matrix": [[0, 1, 1, 1], [0, 0, 1, 1], [0, 0, 0, 1], [0, 0, 0, 0]], "operations": ["skip_connect", "zeros", "skip_connect", "avg_pool_3x3", "skip_connect", "skip_connect"], "init_channel": 16, "blck_len": 5, "params": 0.080456, "flops": 1.9534, "latency": 0.007245159149169921, "train_per_time": 21.68945707678803, "train_time_200": 4337.891415357606, "train_accuracy_200": 0.1591628213607094, "test_accuracy_200": 0.16077777739630805, "train_time_12": 260.27348492145546, "train_accuracy_12": 0.1195781146960425, "test_accuracy_12": 0.12566666676839192, "valtest_accuracy_200": 0.37616666666666665, "valtest_accuracy_12": 0.1025, "proxy_losses": [8.225445747375488, 6.184544563293457, 4.889082908630371, 4.074265480041504, 3.5023984909057617, 3.040208578109741, 2.680928945541382, 2.424138307571411, 2.2617568969726562, 2.146071195602417, 2.0411922931671143, 1.9566148519515991, 1.9012837409973145, 1.8551921844482422, 1.8166917562484741, 1.7814607620239258, 1.7501941919326782, 1.7271021604537964, 1.7046054601669312, 1.6861437559127808, 1.6747015714645386, 1.6640961170196533, 1.6533178091049194, 1.6447882652282715, 1.6355900764465332, 1.628750205039978, 1.621430516242981, 1.6160552501678467, 1.6096162796020508, 1.6030681133270264, 1.599949598312378, 1.5943524837493896, 1.59024178981781, 1.5844990015029907, 1.5825140476226807, 1.5759623050689697, 1.5744361877441406, 1.5675297975540161, 1.5642246007919312, 1.5611176490783691, 1.5565189123153687, 1.5521337985992432, 1.5470893383026123, 1.5452699661254883, 1.5413439273834229, 1.5362277030944824, 1.5366963148117065, 1.5317211151123047, 1.5283738374710083, 1.523880124092102], "landscape_losses": [8.465102195739746, 6.63649320602417, 5.398815631866455, 4.4151458740234375, 3.6486399173736572, 2.9927797317504883, 2.4587814807891846, 2.032569646835327, 1.7383283376693726, 1.5826834440231323, 1.5340230464935303], "proxy_train_time": 3.5272542480379343, "proxy_train_epochs": 50, "dirty_bit": 1, "landscape_term": 4.046423072949976, "speed_term": 1.676534206938991, "mote": 2.656363256488257}