{"id": 10728, "adj_matrix": [[0, 1, 1, 1], [0, 0, 1, 1], [0, 0, 0, 1], [0, 0, 0, 0]], "operations": ["avg_pool_3x3", "nor_conv_3x3", "nor_conv_1x1", "skip_connect", "nor_conv_3x3", "zeros"], "init_channel": 16, "blck_len": 5, "params": 0.594536, "flops": 20.63116, "latency": 0.015472650527954102, "train_per_time": 63.394484508037394, "train_time_200": 12678.896901607479, "train_accuracy_200": 0.3692023731158765, "test_accuracy_200": 0.3339999997965495, "train_time_12": 760.7338140964507, "train_accuracy_12": 0.24824653922667533, "test_accuracy_12": 0.24933333251953127, "valtest_accuracy_200": 0.63905, "valtest_accuracy_12": 0.4878, "proxy_losses": [2.446791887283325, 2.0232608318328857, 1.8735963106155396, 1.7818621397018433, 1.7157189846038818, 1.6600338220596313, 1.613202691078186, 1.5752726793289185, 1.5449916124343872, 1.5148712396621704, 1.487616777420044, 1.459428310394287, 1.4341168403625488, 1.4096245765686035, 1.3866711854934692, 1.361189365386963, 1.3392504453659058, 1.3146710395812988, 1.292646884918213, 1.2729837894439697, 1.2558742761611938, 1.2391916513442993, 1.2210793495178223, 1.197270154953003, 1.1819385290145874, 1.1688052415847778, 1.1528745889663696, 1.1358821392059326, 1.1148734092712402, 1.1034855842590332, 1.0936492681503296, 1.0827429294586182, 1.065672516822815, 1.058197021484375, 1.0413624048233032, 1.0297144651412964, 1.0280119180679321, 1.013711929321289, 1.0058962106704712, 0.9966176748275757, 0.9993922114372253, 0.986504316329956, 0.9813708066940308, 0.9668135643005371, 0.9710487127304077, 0.963305652141571, 0.9528137445449829, 0.9451249241828918, 0.9453490376472473, 0.9409006834030151], "landscape_losses": [2.548785448074341, 2.1862874031066895, 1.9782816171646118, 1.7949784994125366, 1.6541681289672852, 1.4720932245254517, 1.3275080919265747, 1.1774332523345947, 1.051759958267212, 0.9738287329673767, 0.929854691028595], "proxy_train_time": 8.621816241182387, "proxy_train_epochs": 50, "dirty_bit": 1, "landscape_term": 7.85187222593394, "speed_term": 6.80519885043586, "mote": 6.450464254259401}