{"id": 10769, "adj_matrix": [[0, 1, 1, 1], [0, 0, 1, 1], [0, 0, 0, 1], [0, 0, 0, 0]], "operations": ["skip_connect", "skip_connect", "skip_connect", "zeros", "skip_connect", "nor_conv_1x1"], "init_channel": 16, "blck_len": 5, "params": 0.108456, "flops": 2.9364399999999997, "latency": 0.010189493497212728, "train_per_time": 28.003419194777894, "train_time_200": 5600.683838955579, "train_accuracy_200": 0.3563150955864058, "test_accuracy_200": 0.3391111109076606, "train_time_12": 336.0410303373337, "train_accuracy_12": 0.2510481212920237, "test_accuracy_12": 0.2566666667683919, "valtest_accuracy_200": 0.6409333333333332, "valtest_accuracy_12": 0.4792, "proxy_losses": [2.9289515018463135, 2.598724126815796, 2.3896732330322266, 2.2352473735809326, 2.1236722469329834, 2.037306547164917, 1.9661868810653687, 1.9090056419372559, 1.8619182109832764, 1.8254765272140503, 1.7949280738830566, 1.7691761255264282, 1.746655821800232, 1.7237656116485596, 1.7032662630081177, 1.6854660511016846, 1.6695398092269897, 1.6537461280822754, 1.6374287605285645, 1.6248540878295898, 1.6092280149459839, 1.595122218132019, 1.5826926231384277, 1.5695945024490356, 1.5555216073989868, 1.5466434955596924, 1.5341980457305908, 1.5219331979751587, 1.5115149021148682, 1.5005465745925903, 1.4878652095794678, 1.4773763418197632, 1.4689632654190063, 1.4577609300613403, 1.4466906785964966, 1.4374516010284424, 1.4295189380645752, 1.4190810918807983, 1.4095464944839478, 1.3990460634231567, 1.3916256427764893, 1.3819053173065186, 1.3742713928222656, 1.3655353784561157, 1.3594914674758911, 1.3497681617736816, 1.3416938781738281, 1.3354158401489258, 1.3254420757293701, 1.3197518587112427], "landscape_losses": [2.9898386001586914, 2.6972663402557373, 2.4879586696624756, 2.2775912284851074, 2.046764373779297, 1.8481861352920532, 1.6624480485916138, 1.5219417810440063, 1.4164763689041138, 1.3480631113052368, 1.3176217079162598], "proxy_train_time": 4.6167032746598125, "proxy_train_epochs": 50, "dirty_bit": 1, "landscape_term": 6.041158610754864, "speed_term": 2.80173131543778, "mote": 4.392211443627256}