{"id": 10950, "adj_matrix": [[0, 1, 1, 1], [0, 0, 1, 1], [0, 0, 0, 1], [0, 0, 0, 0]], "operations": ["zeros", "avg_pool_3x3", "zeros", "zeros", "zeros", "zeros"], "init_channel": 16, "blck_len": 5, "params": 0.080456, "flops": 1.9534, "latency": 0.00861011346181234, "train_per_time": 26.79009510914485, "train_time_200": 5358.01902182897, "train_accuracy_200": 0.008569545155005309, "test_accuracy_200": 0.008333333320617675, "train_time_12": 321.481141309738, "train_accuracy_12": 0.008569545155052457, "test_accuracy_12": 0.008333333320617677, "valtest_accuracy_200": 0.01, "valtest_accuracy_12": 0.01, "proxy_losses": [2.3026106357574463, 2.3026010990142822, 2.302598476409912, 2.3025989532470703, 2.302600860595703, 2.3025925159454346, 2.302597761154175, 2.302591323852539, 2.30259108543396, 2.3025972843170166, 2.3025972843170166, 2.3025927543640137, 2.3025941848754883, 2.3025922775268555, 2.3025929927825928, 2.3025918006896973, 2.302593469619751, 2.302589178085327, 2.3025944232940674, 2.30259370803833, 2.3025929927825928, 2.3025941848754883, 2.3025941848754883, 2.3025898933410645, 2.3025903701782227, 2.3025877475738525, 2.3025903701782227, 2.302593231201172, 2.3025918006896973, 2.3025922775268555, 2.30259370803833, 2.302588939666748, 2.30259108543396, 2.302598714828491, 2.3025922775268555, 2.3025991916656494, 2.30259108543396, 2.302595615386963, 2.30259108543396, 2.3025946617126465, 2.3025922775268555, 2.3025941848754883, 2.3025922775268555, 2.3025941848754883, 2.302591323852539, 2.3025929927825928, 2.302595615386963, 2.3025906085968018, 2.3025901317596436, 2.3025918006896973], "landscape_losses": [2.3025894165039062, 2.302589178085327, 2.302590847015381, 2.3025927543640137, 2.302593946456909, 2.302596092224121, 2.3025918006896973, 2.3025944232940674, 2.302589178085327, 2.3025925159454346, 2.302593231201172], "proxy_train_time": 5.8870248245075345, "proxy_train_epochs": 50, "dirty_bit": 1, "landscape_term": 4.7772247098081895, "speed_term": 2.5566927085560054, "mote": 3.432948966654218}