{"id": 10956, "adj_matrix": [[0, 1, 1, 1], [0, 0, 1, 1], [0, 0, 0, 1], [0, 0, 0, 0]], "operations": ["skip_connect", "avg_pool_3x3", "nor_conv_1x1", "avg_pool_3x3", "avg_pool_3x3", "skip_connect"], "init_channel": 16, "blck_len": 5, "params": 0.108456, "flops": 2.9364399999999997, "latency": 0.011565915743509929, "train_per_time": 43.40910414759312, "train_time_200": 8681.820829518623, "train_accuracy_200": 0.22248297078420345, "test_accuracy_200": 0.22144444378323025, "train_time_12": 520.909249771118, "train_accuracy_12": 0.12761371127275078, "test_accuracy_12": 0.12700000010172524, "valtest_accuracy_200": 0.4408000000000001, "valtest_accuracy_12": 0.23379999999999998, "proxy_losses": [8.187125205993652, 5.795627593994141, 4.64392614364624, 3.734114408493042, 3.076080322265625, 2.606412172317505, 2.3424465656280518, 2.135624647140503, 2.0057120323181152, 1.946866750717163, 1.8933950662612915, 1.8454495668411255, 1.8156687021255493, 1.7900105714797974, 1.7675297260284424, 1.7494276762008667, 1.7310470342636108, 1.7118849754333496, 1.6975207328796387, 1.683456301689148, 1.6684335470199585, 1.6545490026474, 1.642690658569336, 1.6319774389266968, 1.6197588443756104, 1.6110678911209106, 1.6017271280288696, 1.5913045406341553, 1.5807524919509888, 1.5701251029968262, 1.5618510246276855, 1.5533415079116821, 1.5469386577606201, 1.5392740964889526, 1.531206488609314, 1.5258760452270508, 1.5156583786010742, 1.5098896026611328, 1.5021581649780273, 1.4955437183380127, 1.491913914680481, 1.4857877492904663, 1.4795745611190796, 1.473617434501648, 1.4713704586029053, 1.4624102115631104, 1.4598650932312012, 1.4511377811431885, 1.447349190711975, 1.4424009323120117], "landscape_losses": [8.412036895751953, 6.324701309204102, 5.228978633880615, 4.328035831451416, 3.5341625213623047, 2.85955810546875, 2.303205966949463, 1.9090650081634521, 1.6367418766021729, 1.4957563877105713, 1.4450827836990356], "proxy_train_time": 4.2314687157049775, "proxy_train_epochs": 50, "dirty_bit": 1, "landscape_term": 4.26146185409017, "speed_term": 2.1098504521815094, "mote": 2.939095745382835}