{"id": 11026, "adj_matrix": [[0, 1, 1, 1], [0, 0, 1, 1], [0, 0, 0, 1], [0, 0, 0, 0]], "operations": ["nor_conv_1x1", "skip_connect", "avg_pool_3x3", "nor_conv_1x1", "nor_conv_1x1", "nor_conv_3x3"], "init_channel": 16, "blck_len": 5, "params": 0.407496, "flops": 13.74988, "latency": 0.0164445161819458, "train_per_time": 71.09656136608105, "train_time_200": 14219.312273216208, "train_accuracy_200": 0.5191001977853894, "test_accuracy_200": 0.43916666559855144, "train_time_12": 853.1587363929748, "train_accuracy_12": 0.2778905735164232, "test_accuracy_12": 0.27166666681925455, "valtest_accuracy_200": 0.693, "valtest_accuracy_12": 0.4961, "proxy_losses": [2.68155837059021, 2.1063129901885986, 1.9150629043579102, 1.8059738874435425, 1.725372314453125, 1.663447618484497, 1.6115838289260864, 1.5663295984268188, 1.5286824703216553, 1.488166332244873, 1.452270746231079, 1.4208574295043945, 1.3922574520111084, 1.3621829748153687, 1.3358303308486938, 1.306580901145935, 1.2846612930297852, 1.2525418996810913, 1.2304712533950806, 1.207152247428894, 1.1863892078399658, 1.1770429611206055, 1.1530219316482544, 1.1382733583450317, 1.1237167119979858, 1.099240779876709, 1.081242322921753, 1.064379096031189, 1.0577312707901, 1.039137840270996, 1.023739218711853, 1.017669916152954, 1.0064419507980347, 0.9891325235366821, 0.9881890416145325, 0.9767997860908508, 0.9670513868331909, 0.9605662822723389, 0.9379109144210815, 0.930823564529419, 0.920296847820282, 0.9059675931930542, 0.8990961909294128, 0.8948414921760559, 0.8840541243553162, 0.8749927878379822, 0.861617386341095, 0.849816620349884, 0.8378885984420776, 0.8289270401000977], "landscape_losses": [2.8145313262939453, 2.3630008697509766, 2.055055856704712, 1.8291269540786743, 1.625075340270996, 1.4478342533111572, 1.3011651039123535, 1.1316595077514648, 0.9866294860839844, 0.887848436832428, 0.8295804858207703], "proxy_train_time": 8.606879611499608, "proxy_train_epochs": 50, "dirty_bit": 1, "landscape_term": 8.115344827490693, "speed_term": 7.053282016769534, "mote": 6.670865912809981}