{"id": 11038, "adj_matrix": [[0, 1, 1, 1], [0, 0, 1, 1], [0, 0, 0, 1], [0, 0, 0, 0]], "operations": ["zeros", "skip_connect", "nor_conv_1x1", "nor_conv_1x1", "skip_connect", "nor_conv_3x3"], "init_channel": 16, "blck_len": 5, "params": 0.379496, "flops": 12.76684, "latency": 0.019827842712402344, "train_per_time": 53.821448072274514, "train_time_200": 10764.289614454903, "train_accuracy_200": 0.48363546474358715, "test_accuracy_200": 0.41916666656494145, "train_time_12": 645.8573768672942, "train_accuracy_12": 0.26534607778510216, "test_accuracy_12": 0.263, "valtest_accuracy_200": 0.6811, "valtest_accuracy_12": 0.5094, "proxy_losses": [2.336418628692627, 1.9763342142105103, 1.838974952697754, 1.751340627670288, 1.6879369020462036, 1.6361497640609741, 1.5936017036437988, 1.5524555444717407, 1.516202688217163, 1.4819599390029907, 1.4496829509735107, 1.421202540397644, 1.391846776008606, 1.3643715381622314, 1.3398996591567993, 1.3165225982666016, 1.2912083864212036, 1.271880865097046, 1.2530680894851685, 1.2274590730667114, 1.2133086919784546, 1.1938954591751099, 1.1778011322021484, 1.1598912477493286, 1.145810842514038, 1.1337424516677856, 1.1151344776153564, 1.0971453189849854, 1.079949140548706, 1.0657070875167847, 1.0509424209594727, 1.0389810800552368, 1.0310348272323608, 1.027471661567688, 1.008300542831421, 0.9997884631156921, 0.9869075417518616, 0.9774516820907593, 0.9784306883811951, 0.9681150317192078, 0.9513393640518188, 0.9417131543159485, 0.9297141432762146, 0.9295984506607056, 0.9198363423347473, 0.9189196228981018, 0.9019625186920166, 0.8959217667579651, 0.8888375163078308, 0.8810241222381592], "landscape_losses": [2.4058678150177, 2.0851149559020996, 1.8925811052322388, 1.7386671304702759, 1.5708564519882202, 1.4389601945877075, 1.305361270904541, 1.1884782314300537, 1.071719765663147, 0.962282121181488, 0.8852896690368652], "proxy_train_time": 7.738277009688318, "proxy_train_epochs": 50, "dirty_bit": 1, "landscape_term": 8.039647501805721, "speed_term": 6.311067654055599, "mote": 6.4888314807453025}