{"id": 1103, "adj_matrix": [[0, 1, 1, 1], [0, 0, 1, 1], [0, 0, 0, 1], [0, 0, 0, 0]], "operations": ["skip_connect", "skip_connect", "nor_conv_3x3", "nor_conv_1x1", "avg_pool_3x3", "skip_connect"], "init_channel": 16, "blck_len": 5, "params": 0.351496, "flops": 11.7838, "latency": 0.012458221117655438, "train_per_time": 47.935656924247986, "train_time_200": 9587.131384849597, "train_accuracy_200": 0.33936058010083714, "test_accuracy_200": 0.3242222216796875, "train_time_12": 575.2278830909728, "train_accuracy_12": 0.2120632828080662, "test_accuracy_12": 0.21299999984741214, "valtest_accuracy_200": 0.5816, "valtest_accuracy_12": 0.341, "proxy_losses": [3.12162446975708, 2.162691354751587, 1.8906469345092773, 1.766685962677002, 1.6927636861801147, 1.6440609693527222, 1.5955461263656616, 1.5580456256866455, 1.523937463760376, 1.492464303970337, 1.4640287160873413, 1.4379180669784546, 1.4128717184066772, 1.3926897048950195, 1.3726081848144531, 1.3566986322402954, 1.3395605087280273, 1.3214455842971802, 1.3076810836791992, 1.2929182052612305, 1.2825782299041748, 1.2679901123046875, 1.2524278163909912, 1.2412867546081543, 1.2297849655151367, 1.2185944318771362, 1.2127872705459595, 1.201035737991333, 1.1868985891342163, 1.1791064739227295, 1.1703617572784424, 1.1638416051864624, 1.1484280824661255, 1.1418697834014893, 1.1355382204055786, 1.1269922256469727, 1.1135753393173218, 1.113022804260254, 1.1060436964035034, 1.0990527868270874, 1.0843377113342285, 1.0769411325454712, 1.0670477151870728, 1.0596444606781006, 1.049321174621582, 1.0417927503585815, 1.0334503650665283, 1.0288431644439697, 1.0263644456863403, 1.0151081085205078], "landscape_losses": [3.187851667404175, 2.5230982303619385, 2.151235818862915, 1.894608974456787, 1.7054287195205688, 1.5446337461471558, 1.37849760055542, 1.266886591911316, 1.1556298732757568, 1.0601447820663452, 1.0121501684188843], "proxy_train_time": 6.000493216328323, "proxy_train_epochs": 50, "dirty_bit": 1, "landscape_term": 7.24781308990128, "speed_term": 4.530660434479541, "mote": 5.611367017965348}