{"id": 11082, "adj_matrix": [[0, 1, 1, 1], [0, 0, 1, 1], [0, 0, 0, 1], [0, 0, 0, 0]], "operations": ["nor_conv_1x1", "skip_connect", "nor_conv_1x1", "nor_conv_3x3", "avg_pool_3x3", "avg_pool_3x3"], "init_channel": 16, "blck_len": 5, "params": 0.379496, "flops": 12.76684, "latency": 0.01591668128967285, "train_per_time": 63.14823847047466, "train_time_200": 12629.647694094932, "train_accuracy_200": 0.4506855636174221, "test_accuracy_200": 0.37716666702270507, "train_time_12": 757.7788616456986, "train_accuracy_12": 0.25559657218193804, "test_accuracy_12": 0.2449999996948242, "valtest_accuracy_200": 0.6585, "valtest_accuracy_12": 0.4388, "proxy_losses": [2.87479567527771, 2.244926929473877, 2.0217700004577637, 1.8649060726165771, 1.7493568658828735, 1.6656745672225952, 1.600473403930664, 1.5518394708633423, 1.5083671808242798, 1.4694151878356934, 1.436125636100769, 1.4056512117385864, 1.3777915239334106, 1.3514763116836548, 1.3230103254318237, 1.3022743463516235, 1.2775721549987793, 1.2597240209579468, 1.2369534969329834, 1.2235124111175537, 1.2034697532653809, 1.1842797994613647, 1.1718857288360596, 1.1557018756866455, 1.141961932182312, 1.1247142553329468, 1.1149213314056396, 1.1043294668197632, 1.0972706079483032, 1.082837700843811, 1.0741304159164429, 1.0585005283355713, 1.0463018417358398, 1.0358517169952393, 1.0250113010406494, 1.0163801908493042, 1.0110447406768799, 1.00100576877594, 0.9943979382514954, 0.9773334264755249, 0.9708496928215027, 0.9623420834541321, 0.9631523489952087, 0.9508131742477417, 0.9433701038360596, 0.935490608215332, 0.925449788570404, 0.9214226603507996, 0.9140845537185669, 0.9095494151115417], "landscape_losses": [2.9806690216064453, 2.4479262828826904, 2.138115882873535, 1.8457967042922974, 1.6078921556472778, 1.4073679447174072, 1.2341516017913818, 1.109375, 1.0191950798034668, 0.9364913105964661, 0.9040212035179138], "proxy_train_time": 7.876757393591106, "proxy_train_epochs": 50, "dirty_bit": 1, "landscape_term": 7.952788072709651, "speed_term": 6.2749535676142765, "mote": 6.423909321719021}