{"id": 11217, "adj_matrix": [[0, 1, 1, 1], [0, 0, 1, 1], [0, 0, 0, 1], [0, 0, 0, 0]], "operations": ["nor_conv_3x3", "avg_pool_3x3", "nor_conv_1x1", "skip_connect", "nor_conv_3x3", "zeros"], "init_channel": 16, "blck_len": 5, "params": 0.594536, "flops": 20.63116, "latency": 0.014855027198791504, "train_per_time": 62.879426674047984, "train_time_200": 12575.885334809596, "train_accuracy_200": 0.5854284772833949, "test_accuracy_200": 0.43749999984741206, "train_time_12": 754.5531200885772, "train_accuracy_12": 0.3616743572861251, "test_accuracy_12": 0.34499999979654944, "valtest_accuracy_200": 0.70525, "valtest_accuracy_12": 0.5905, "proxy_losses": [2.3388421535491943, 1.8912476301193237, 1.7337913513183594, 1.6316649913787842, 1.5503240823745728, 1.485839605331421, 1.4272648096084595, 1.3738545179367065, 1.326144814491272, 1.283523440361023, 1.2451575994491577, 1.206437349319458, 1.1683478355407715, 1.1345099210739136, 1.101548671722412, 1.0689245462417603, 1.0391184091567993, 1.0221943855285645, 0.99314284324646, 0.9740707278251648, 0.9626640677452087, 0.9423197507858276, 0.9190311431884766, 0.8975107669830322, 0.8833543062210083, 0.8696974515914917, 0.8531497120857239, 0.8335388898849487, 0.817741334438324, 0.8062520623207092, 0.7961173057556152, 0.7841165661811829, 0.7784445881843567, 0.766329288482666, 0.7560920715332031, 0.7442898750305176, 0.729442298412323, 0.7153975367546082, 0.7014263272285461, 0.6968514919281006, 0.695682942867279, 0.6827743649482727, 0.6859337687492371, 0.670940637588501, 0.6678612232208252, 0.6587925553321838, 0.6479777097702026, 0.6426683068275452, 0.6396639347076416, 0.6313450932502747], "landscape_losses": [2.4742212295532227, 2.058506727218628, 1.778701901435852, 1.5319225788116455, 1.3150562047958374, 1.1430307626724243, 0.9832578301429749, 0.8463823199272156, 0.7389633655548096, 0.6652401089668274, 0.6271137595176697], "proxy_train_time": 8.498306265100837, "proxy_train_epochs": 50, "dirty_bit": 1, "landscape_term": 10.38982684810182, "speed_term": 8.519885933576518, "mote": 8.414214267269143}