{"id": 11302, "adj_matrix": [[0, 1, 1, 1], [0, 0, 1, 1], [0, 0, 0, 1], [0, 0, 0, 0]], "operations": ["avg_pool_3x3", "skip_connect", "nor_conv_1x1", "avg_pool_3x3", "avg_pool_3x3", "avg_pool_3x3"], "init_channel": 16, "blck_len": 5, "params": 0.108456, "flops": 2.93644, "latency": 0.012795472145080566, "train_per_time": 49.526907136917195, "train_time_200": 9905.38142738344, "train_accuracy_200": 0.16432102834390983, "test_accuracy_200": 0.1619999998855591, "train_time_12": 594.3228856430053, "train_accuracy_12": 0.0990243902509434, "test_accuracy_12": 0.0966666667175293, "valtest_accuracy_200": 0.35855000000000004, "valtest_accuracy_12": 0.1892, "proxy_losses": [6.06995964050293, 4.350615978240967, 3.41638445854187, 2.85955810546875, 2.563416004180908, 2.3453562259674072, 2.1692569255828857, 2.011519432067871, 1.9004396200180054, 1.8195892572402954, 1.7597769498825073, 1.7169275283813477, 1.6863558292388916, 1.659956693649292, 1.6362102031707764, 1.6168007850646973, 1.596627116203308, 1.5787326097488403, 1.5621240139007568, 1.5488168001174927, 1.5289276838302612, 1.5159919261932373, 1.5056006908416748, 1.4973642826080322, 1.4845162630081177, 1.4762629270553589, 1.4669665098190308, 1.4579664468765259, 1.4518036842346191, 1.4461265802383423, 1.43941068649292, 1.4320273399353027, 1.424680233001709, 1.4163800477981567, 1.4123059511184692, 1.4062004089355469, 1.4017646312713623, 1.3962599039077759, 1.3925789594650269, 1.3878635168075562, 1.3840010166168213, 1.379671335220337, 1.3732291460037231, 1.368890404701233, 1.3664482831954956, 1.3606904745101929, 1.3570808172225952, 1.3518576622009277, 1.350347638130188, 1.3498895168304443], "landscape_losses": [6.182719707489014, 4.780970096588135, 3.9165799617767334, 3.2614171504974365, 2.7185373306274414, 2.2745893001556396, 1.9227374792099, 1.6398144960403442, 1.4810500144958496, 1.3807896375656128, 1.3525066375732422], "proxy_train_time": 5.512077215127647, "proxy_train_epochs": 50, "dirty_bit": 1, "landscape_term": 5.009033049482165, "speed_term": 3.1158744616368397, "mote": 3.7372213845569613}