{"id": 11353, "adj_matrix": [[0, 1, 1, 1], [0, 0, 1, 1], [0, 0, 0, 1], [0, 0, 0, 0]], "operations": ["zeros", "nor_conv_1x1", "avg_pool_3x3", "skip_connect", "nor_conv_3x3", "nor_conv_3x3"], "init_channel": 16, "blck_len": 5, "params": 0.594536, "flops": 20.63116, "latency": 0.01387852430343628, "train_per_time": 63.45102199729266, "train_time_200": 12690.204399458533, "train_accuracy_200": 0.5132168754290969, "test_accuracy_200": 0.4286666667175293, "train_time_12": 761.4122639675141, "train_accuracy_12": 0.3348714568292144, "test_accuracy_12": 0.3206666650390625, "valtest_accuracy_200": 0.6946000000000001, "valtest_accuracy_12": 0.5647, "proxy_losses": [2.4421801567077637, 1.9361541271209717, 1.7622740268707275, 1.6749894618988037, 1.6133075952529907, 1.5681090354919434, 1.5273185968399048, 1.4909673929214478, 1.4571532011032104, 1.4247174263000488, 1.3938604593276978, 1.366768717765808, 1.3380967378616333, 1.313981533050537, 1.288045048713684, 1.2627257108688354, 1.2371546030044556, 1.215888500213623, 1.1936383247375488, 1.169853925704956, 1.1487650871276855, 1.1314793825149536, 1.110792636871338, 1.0928142070770264, 1.0777568817138672, 1.0605058670043945, 1.0450900793075562, 1.0276548862457275, 1.0097848176956177, 0.9926935434341431, 0.978058397769928, 0.9713797569274902, 0.957068681716919, 0.9464394450187683, 0.9353821277618408, 0.9171930551528931, 0.9031052589416504, 0.8952843546867371, 0.8794353604316711, 0.8698720932006836, 0.8618156313896179, 0.8644714951515198, 0.859365701675415, 0.8536462783813477, 0.8390374779701233, 0.8306581974029541, 0.8195040822029114, 0.8133704662322998, 0.8094380497932434, 0.7953184843063354], "landscape_losses": [2.5722405910491943, 2.1331114768981934, 1.8818392753601074, 1.6891316175460815, 1.507960319519043, 1.3311136960983276, 1.1759718656539917, 1.0495012998580933, 0.9350202083587646, 0.8454510569572449, 0.7967626452445984], "proxy_train_time": 8.590402738191187, "proxy_train_epochs": 50, "dirty_bit": 1, "landscape_term": 8.70594719648215, "speed_term": 7.4087939864930155, "mote": 7.126076081817739}