{"id": 1135, "adj_matrix": [[0, 1, 1, 1], [0, 0, 1, 1], [0, 0, 0, 1], [0, 0, 0, 0]], "operations": ["nor_conv_1x1", "skip_connect", "zeros", "skip_connect", "avg_pool_3x3", "nor_conv_3x3"], "init_channel": 16, "blck_len": 5, "params": 0.351496, "flops": 11.7838, "latency": 0.013513040542602541, "train_per_time": 48.89894214439407, "train_time_200": 9779.788428878814, "train_accuracy_200": 0.4625357064425041, "test_accuracy_200": 0.3946666655137804, "train_time_12": 586.7873057327271, "train_accuracy_12": 0.29952537903153903, "test_accuracy_12": 0.29666666631062827, "valtest_accuracy_200": 0.6758333333333333, "valtest_accuracy_12": 0.5274, "proxy_losses": [2.5912163257598877, 2.0282835960388184, 1.829219102859497, 1.7177449464797974, 1.6477527618408203, 1.594234585762024, 1.5492496490478516, 1.5142817497253418, 1.480381727218628, 1.4521065950393677, 1.4285534620285034, 1.4069799184799194, 1.3843504190444946, 1.364011287689209, 1.342618703842163, 1.3266350030899048, 1.307282567024231, 1.2872895002365112, 1.2676604986190796, 1.2496886253356934, 1.2297101020812988, 1.2143689393997192, 1.2065367698669434, 1.185362696647644, 1.1725051403045654, 1.1579082012176514, 1.1502865552902222, 1.134853720664978, 1.1248759031295776, 1.1166915893554688, 1.1007421016693115, 1.0890980958938599, 1.0765293836593628, 1.0672073364257812, 1.0585685968399048, 1.0492947101593018, 1.044561743736267, 1.0309147834777832, 1.0239312648773193, 1.0154359340667725, 1.0119750499725342, 1.0058075189590454, 0.9928960204124451, 0.9825869202613831, 0.9809777140617371, 0.9680114388465881, 0.9587908983230591, 0.9517537355422974, 0.9492848515510559, 0.9469188451766968], "landscape_losses": [2.7097859382629395, 2.2424204349517822, 1.98930823802948, 1.773792028427124, 1.6047452688217163, 1.4590727090835571, 1.3018476963043213, 1.1756778955459595, 1.0722647905349731, 0.9903437495231628, 0.9386383891105652], "proxy_train_time": 6.864727823063731, "proxy_train_epochs": 50, "dirty_bit": 1, "landscape_term": 7.8163904484725535, "speed_term": 5.468340350687288, "mote": 6.182169357360445}