{"id": 11457, "adj_matrix": [[0, 1, 1, 1], [0, 0, 1, 1], [0, 0, 0, 1], [0, 0, 0, 0]], "operations": ["nor_conv_1x1", "nor_conv_3x3", "nor_conv_3x3", "avg_pool_3x3", "nor_conv_3x3", "nor_conv_3x3"], "init_channel": 16, "blck_len": 5, "params": 1.080616, "flops": 38.32588, "latency": 0.017337775230407713, "train_per_time": 92.01372718524935, "train_time_200": 18402.74543704987, "train_accuracy_200": 0.6156361239609942, "test_accuracy_200": 0.4209999998474121, "train_time_12": 1104.164726222992, "train_accuracy_12": 0.3061041529399593, "test_accuracy_12": 0.298333332417806, "valtest_accuracy_200": 0.6992, "valtest_accuracy_12": 0.5149, "proxy_losses": [2.2993171215057373, 1.7652080059051514, 1.5931155681610107, 1.4875726699829102, 1.4140030145645142, 1.3552130460739136, 1.3040541410446167, 1.2541911602020264, 1.2112927436828613, 1.175902009010315, 1.1322640180587769, 1.0933184623718262, 1.063999056816101, 1.0301729440689087, 1.0111820697784424, 0.9857845902442932, 0.9563996195793152, 0.940720796585083, 0.9225710034370422, 0.8957006931304932, 0.8736881613731384, 0.852180004119873, 0.834022581577301, 0.8249866962432861, 0.8058810830116272, 0.777368426322937, 0.7606843709945679, 0.7461408376693726, 0.7363567352294922, 0.7177692651748657, 0.7121001482009888, 0.6970006823539734, 0.6785376071929932, 0.6642985939979553, 0.6562445163726807, 0.6574419140815735, 0.6510084271430969, 0.6478939652442932, 0.626412034034729, 0.6164522767066956, 0.5944918394088745, 0.5884061455726624, 0.5729101300239563, 0.5664121508598328, 0.5533161759376526, 0.5544296503067017, 0.5370966196060181, 0.5307811498641968, 0.5238335728645325, 0.5075594782829285], "landscape_losses": [2.4139857292175293, 1.9535398483276367, 1.6726601123809814, 1.449751615524292, 1.2724345922470093, 1.1137157678604126, 0.9568588733673096, 0.8118000030517578, 0.6678953766822815, 0.5871248245239258, 0.5330066680908203], "proxy_train_time": 11.156025314703584, "proxy_train_epochs": 50, "dirty_bit": 1, "landscape_term": 11.251079168279379, "speed_term": 12.407249813603933, "mote": 9.54963564689298}