{"id": 11471, "adj_matrix": [[0, 1, 1, 1], [0, 0, 1, 1], [0, 0, 0, 1], [0, 0, 0, 0]], "operations": ["skip_connect", "nor_conv_3x3", "skip_connect", "nor_conv_3x3", "skip_connect", "nor_conv_3x3"], "init_channel": 16, "blck_len": 5, "params": 0.809576, "flops": 28.49548, "latency": 0.015512363115946453, "train_per_time": 59.54042218486452, "train_time_200": 11908.084436972904, "train_accuracy_200": 0.5877851021813811, "test_accuracy_200": 0.43966666612413197, "train_time_12": 714.4850662183762, "train_accuracy_12": 0.34470006593969515, "test_accuracy_12": 0.3256666672770182, "valtest_accuracy_200": 0.6992, "valtest_accuracy_12": 0.5699000000000001, "proxy_losses": [2.5104949474334717, 1.8200637102127075, 1.6695911884307861, 1.5733526945114136, 1.512679100036621, 1.4581794738769531, 1.4081823825836182, 1.3669928312301636, 1.321575403213501, 1.2853403091430664, 1.25093674659729, 1.2167028188705444, 1.1885600090026855, 1.1659470796585083, 1.1290496587753296, 1.1101336479187012, 1.0867232084274292, 1.0611449480056763, 1.0463221073150635, 1.0176632404327393, 0.9944056868553162, 0.9808307886123657, 0.9647404551506042, 0.9485747814178467, 0.9283744096755981, 0.9134849905967712, 0.8895597457885742, 0.8696269392967224, 0.8574654459953308, 0.8470884561538696, 0.8318845629692078, 0.8239593505859375, 0.8182377219200134, 0.8026612401008606, 0.7899322509765625, 0.7795878052711487, 0.7710561156272888, 0.7662801742553711, 0.7608116865158081, 0.7578696012496948, 0.7474244236946106, 0.7338749766349792, 0.7152973413467407, 0.717553973197937, 0.7191365361213684, 0.7087687253952026, 0.6922521591186523, 0.6852880120277405, 0.6671797633171082, 0.6702874898910522], "landscape_losses": [2.6502797603607178, 2.0674989223480225, 1.7629051208496094, 1.549328088760376, 1.343559980392456, 1.1716547012329102, 1.0178570747375488, 0.9015085697174072, 0.7837900519371033, 0.701875627040863, 0.67734295129776], "proxy_train_time": 7.823862615041435, "proxy_train_epochs": 50, "dirty_bit": 1, "landscape_term": 9.940137212149809, "speed_term": 7.617707474792721, "mote": 7.973509400369625}