{"id": 11527, "adj_matrix": [[0, 1, 1, 1], [0, 0, 1, 1], [0, 0, 0, 1], [0, 0, 0, 0]], "operations": ["zeros", "skip_connect", "zeros", "avg_pool_3x3", "nor_conv_3x3", "nor_conv_1x1"], "init_channel": 16, "blck_len": 5, "params": 0.351496, "flops": 11.7838, "latency": 0.01138477325439453, "train_per_time": 49.06451391220075, "train_time_200": 9812.902782440151, "train_accuracy_200": 0.36000329597085895, "test_accuracy_200": 0.33416666590372723, "train_time_12": 588.7741669464111, "train_accuracy_12": 0.23448253130375277, "test_accuracy_12": 0.23533333353678387, "valtest_accuracy_200": 0.63455, "valtest_accuracy_12": 0.41200000000000003, "proxy_losses": [2.734898328781128, 2.3551905155181885, 2.1797804832458496, 2.09344220161438, 2.015390157699585, 1.9544109106063843, 1.9078351259231567, 1.8653861284255981, 1.829347848892212, 1.7966042757034302, 1.7669117450714111, 1.7394098043441772, 1.7126730680465698, 1.688822627067566, 1.6676108837127686, 1.646306037902832, 1.6272239685058594, 1.6087875366210938, 1.5922760963439941, 1.576240062713623, 1.5597995519638062, 1.5449128150939941, 1.531190037727356, 1.5180611610412598, 1.5045287609100342, 1.4929039478302002, 1.4801573753356934, 1.4688812494277954, 1.4586628675460815, 1.4463353157043457, 1.4357504844665527, 1.427384614944458, 1.4154545068740845, 1.406388282775879, 1.3960552215576172, 1.385909914970398, 1.3769701719284058, 1.3703314065933228, 1.3628911972045898, 1.3547314405441284, 1.3452329635620117, 1.3394198417663574, 1.3310813903808594, 1.323710560798645, 1.3131071329116821, 1.3057012557983398, 1.301721215248108, 1.29032564163208, 1.2827246189117432, 1.2801485061645508], "landscape_losses": [2.814143419265747, 2.519221782684326, 2.3080456256866455, 2.1156680583953857, 1.9391353130340576, 1.7748439311981201, 1.632190465927124, 1.4938545227050781, 1.3865745067596436, 1.3114240169525146, 1.27483332157135], "proxy_train_time": 7.3986355401575565, "proxy_train_epochs": 50, "dirty_bit": 1, "landscape_term": 6.287581178263206, "speed_term": 4.6585610947693095, "mote": 4.9766101959725235}