{"id": 11524, "adj_matrix": [[0, 1, 1, 1], [0, 0, 1, 1], [0, 0, 0, 1], [0, 0, 0, 0]], "operations": ["skip_connect", "avg_pool_3x3", "skip_connect", "skip_connect", "nor_conv_3x3", "zeros"], "init_channel": 16, "blck_len": 5, "params": 0.323496, "flops": 10.800760000000002, "latency": 0.011886167526245118, "train_per_time": 37.68834453654289, "train_time_200": 7537.668907308579, "train_accuracy_200": 0.46040870139302853, "test_accuracy_200": 0.38922222161187064, "train_time_12": 452.26013443851474, "train_accuracy_12": 0.29464733025909806, "test_accuracy_12": 0.28666666661580403, "valtest_accuracy_200": 0.6725333333333334, "valtest_accuracy_12": 0.5409, "proxy_losses": [2.507739782333374, 2.040170907974243, 1.8735982179641724, 1.7832218408584595, 1.7159414291381836, 1.6650466918945312, 1.6242287158966064, 1.5872316360473633, 1.5547255277633667, 1.5260876417160034, 1.4960683584213257, 1.4718555212020874, 1.4468516111373901, 1.4250150918960571, 1.4026377201080322, 1.384537935256958, 1.3573499917984009, 1.3376197814941406, 1.317713975906372, 1.301167607307434, 1.2804068326950073, 1.2689865827560425, 1.2523092031478882, 1.2342681884765625, 1.220462441444397, 1.2027723789215088, 1.1902741193771362, 1.1782499551773071, 1.1684685945510864, 1.1578404903411865, 1.142685055732727, 1.1319973468780518, 1.118114948272705, 1.1110280752182007, 1.1042507886886597, 1.0904600620269775, 1.0767724514007568, 1.0663350820541382, 1.0613356828689575, 1.0535188913345337, 1.039511799812317, 1.028428554534912, 1.0190823078155518, 1.013695478439331, 1.0091686248779297, 1.002037525177002, 0.9948047995567322, 0.9828035235404968, 0.9734781384468079, 0.9686397314071655], "landscape_losses": [2.6094698905944824, 2.2195680141448975, 1.9850224256515503, 1.7840934991836548, 1.6254724264144897, 1.4692634344100952, 1.3267765045166016, 1.1940934658050537, 1.0947819948196411, 1.0095546245574951, 0.9581233263015747], "proxy_train_time": 5.527157026343048, "proxy_train_epochs": 50, "dirty_bit": 1, "landscape_term": 7.732686472390898, "speed_term": 4.254211932582164, "mote": 5.882941911768755}