{"id": 11531, "adj_matrix": [[0, 1, 1, 1], [0, 0, 1, 1], [0, 0, 0, 1], [0, 0, 0, 0]], "operations": ["nor_conv_3x3", "nor_conv_1x1", "skip_connect", "skip_connect", "zeros", "zeros"], "init_channel": 16, "blck_len": 5, "params": 0.351496, "flops": 11.7838, "latency": 0.011360645294189453, "train_per_time": 43.247046954473056, "train_time_200": 8649.40939089461, "train_accuracy_200": 0.2871028345418589, "test_accuracy_200": 0.2778333331044515, "train_time_12": 518.9645634536743, "train_accuracy_12": 0.22808174029195002, "test_accuracy_12": 0.2256666665140788, "valtest_accuracy_200": 0.5815, "valtest_accuracy_12": 0.4454, "proxy_losses": [2.389570951461792, 2.29272198677063, 2.21809983253479, 2.164118766784668, 2.122230052947998, 2.084811210632324, 2.049923896789551, 2.019972085952759, 1.994336485862732, 1.97163987159729, 1.9513968229293823, 1.9324156045913696, 1.9154373407363892, 1.8993382453918457, 1.8844488859176636, 1.8707164525985718, 1.8584041595458984, 1.8461494445800781, 1.8358689546585083, 1.825885534286499, 1.8170472383499146, 1.8079273700714111, 1.7998062372207642, 1.7928329706192017, 1.7852181196212769, 1.7787361145019531, 1.7718784809112549, 1.765644907951355, 1.7603394985198975, 1.7550283670425415, 1.750678539276123, 1.7452781200408936, 1.7398167848587036, 1.7352970838546753, 1.7320716381072998, 1.727411150932312, 1.722674012184143, 1.7176703214645386, 1.7143634557724, 1.7108417749404907, 1.707881212234497, 1.703093409538269, 1.7000049352645874, 1.6958411931991577, 1.6924384832382202, 1.689379334449768, 1.686699628829956, 1.6832287311553955, 1.6793032884597778, 1.6773884296417236], "landscape_losses": [2.406221866607666, 2.299492597579956, 2.194882392883301, 2.089837074279785, 1.9919703006744385, 1.9016847610473633, 1.8239489793777466, 1.768750786781311, 1.72232186794281, 1.6930598020553589, 1.6749857664108276], "proxy_train_time": 6.999404102563858, "proxy_train_epochs": 50, "dirty_bit": 1, "landscape_term": 5.694354207141344, "speed_term": 3.7968715122478445, "mote": 4.379686299429365}