{"id": 11605, "adj_matrix": [[0, 1, 1, 1], [0, 0, 1, 1], [0, 0, 0, 1], [0, 0, 0, 0]], "operations": ["skip_connect", "nor_conv_1x1", "avg_pool_3x3", "zeros", "zeros", "zeros"], "init_channel": 16, "blck_len": 5, "params": 0.108456, "flops": 2.9364399999999997, "latency": 0.012193894386291504, "train_per_time": 36.16283864370968, "train_time_200": 7232.567728741936, "train_accuracy_200": 0.008569545155052457, "test_accuracy_200": 0.008333333326975506, "train_time_12": 433.95406372451794, "train_accuracy_12": 0.008437705998964505, "test_accuracy_12": 0.008333333326975506, "valtest_accuracy_200": 0.01, "valtest_accuracy_12": 0.01, "proxy_losses": [2.3026270866394043, 2.302595615386963, 2.3025963306427, 2.3025918006896973, 2.3025999069213867, 2.3025925159454346, 2.3025941848754883, 2.3025929927825928, 2.3025946617126465, 2.3025882244110107, 2.3025903701782227, 2.3025918006896973, 2.3025946617126465, 2.3025927543640137, 2.3025944232940674, 2.3025944232940674, 2.302593946456909, 2.3025944232940674, 2.3025918006896973, 2.302593469619751, 2.3025941848754883, 2.30259108543396, 2.302596092224121, 2.3025901317596436, 2.3025965690612793, 2.3025929927825928, 2.302593946456909, 2.3025944232940674, 2.30259108543396, 2.3025882244110107, 2.302595615386963, 2.302591562271118, 2.3025901317596436, 2.3025906085968018, 2.302595376968384, 2.3025925159454346, 2.3025903701782227, 2.3025922775268555, 2.3025944232940674, 2.3025922775268555, 2.302589178085327, 2.3025901317596436, 2.302591323852539, 2.3025918006896973, 2.3025918006896973, 2.30259108543396, 2.302593469619751, 2.302596092224121, 2.302588939666748, 2.302591323852539], "landscape_losses": [2.302595853805542, 2.3025918006896973, 2.3025894165039062, 2.3025906085968018, 2.302593231201172, 2.3025965690612793, 2.30259108543396, 2.3025941848754883, 2.3025991916656494, 2.302591323852539, 2.302595376968384], "proxy_train_time": 5.696984491311014, "proxy_train_epochs": 50, "dirty_bit": 1, "landscape_term": 4.777221831844464, "speed_term": 2.474159906768499, "mote": 3.4117390500480935}