{"id": 11627, "adj_matrix": [[0, 1, 1, 1], [0, 0, 1, 1], [0, 0, 0, 1], [0, 0, 0, 0]], "operations": ["skip_connect", "zeros", "nor_conv_1x1", "zeros", "nor_conv_3x3", "nor_conv_3x3"], "init_channel": 16, "blck_len": 5, "params": 0.594536, "flops": 20.63116, "latency": 0.015209269523620604, "train_per_time": 58.10273713692016, "train_time_200": 11620.547427384032, "train_accuracy_200": 0.5025005493318293, "test_accuracy_200": 0.4171111108059353, "train_time_12": 697.2328456430433, "train_accuracy_12": 0.22818061964202258, "test_accuracy_12": 0.2289999998474121, "valtest_accuracy_200": 0.6949333333333334, "valtest_accuracy_12": 0.46270000000000006, "proxy_losses": [2.3177528381347656, 1.9166535139083862, 1.781862735748291, 1.6895312070846558, 1.616361379623413, 1.5535404682159424, 1.500541090965271, 1.4497010707855225, 1.402193307876587, 1.3608695268630981, 1.3176862001419067, 1.280174970626831, 1.2523295879364014, 1.2167350053787231, 1.1866023540496826, 1.159375548362732, 1.13008451461792, 1.111879825592041, 1.085506558418274, 1.0544739961624146, 1.0375161170959473, 1.0180659294128418, 0.9996544122695923, 0.9797574281692505, 0.9564118981361389, 0.9394494295120239, 0.9325667023658752, 0.9168731570243835, 0.9034368991851807, 0.8865891695022583, 0.8760117888450623, 0.8602093458175659, 0.8481886982917786, 0.8385782241821289, 0.8319978713989258, 0.8239122033119202, 0.81480872631073, 0.798984169960022, 0.7957600355148315, 0.7867392301559448, 0.7768227458000183, 0.7619478702545166, 0.761621356010437, 0.7554453015327454, 0.7396639585494995, 0.7319052219390869, 0.7203858494758606, 0.724236249923706, 0.7130569219589233, 0.7068427801132202], "landscape_losses": [2.4043798446655273, 2.0504565238952637, 1.8210430145263672, 1.643648386001587, 1.4409236907958984, 1.2755107879638672, 1.112324833869934, 0.9644572138786316, 0.8517082929611206, 0.7577124834060669, 0.699795126914978], "proxy_train_time": 8.991445181891322, "proxy_train_epochs": 50, "dirty_bit": 1, "landscape_term": 9.397874299799852, "speed_term": 8.38421108262402, "mote": 7.7450073025408575}