{"id": 11671, "adj_matrix": [[0, 1, 1, 1], [0, 0, 1, 1], [0, 0, 0, 1], [0, 0, 0, 0]], "operations": ["nor_conv_3x3", "nor_conv_1x1", "zeros", "zeros", "avg_pool_3x3", "skip_connect"], "init_channel": 16, "blck_len": 5, "params": 0.351496, "flops": 11.7838, "latency": 0.012117433547973632, "train_per_time": 50.04459222157798, "train_time_200": 10008.918444315595, "train_accuracy_200": 0.4351318391652821, "test_accuracy_200": 0.39166666681925455, "train_time_12": 600.5351066589354, "train_accuracy_12": 0.24059327620303228, "test_accuracy_12": 0.24299999974568684, "valtest_accuracy_200": 0.67975, "valtest_accuracy_12": 0.4518, "proxy_losses": [2.2112557888031006, 1.888681411743164, 1.7714262008666992, 1.6980950832366943, 1.648313283920288, 1.6078749895095825, 1.5687577724456787, 1.5359251499176025, 1.5032062530517578, 1.4720921516418457, 1.4403024911880493, 1.4124939441680908, 1.387000560760498, 1.360640048980713, 1.3367938995361328, 1.314782738685608, 1.2949020862579346, 1.277936339378357, 1.2551461458206177, 1.2406024932861328, 1.2263267040252686, 1.2120227813720703, 1.1962339878082275, 1.181744933128357, 1.1672526597976685, 1.157450556755066, 1.1466015577316284, 1.1377384662628174, 1.1237666606903076, 1.1074652671813965, 1.0954629182815552, 1.0879935026168823, 1.071953535079956, 1.0631808042526245, 1.0499192476272583, 1.036597728729248, 1.0373120307922363, 1.0304981470108032, 1.018923044204712, 1.0097178220748901, 1.0022929906845093, 0.9955820441246033, 0.9786499738693237, 0.9670864343643188, 0.9551841020584106, 0.9558203816413879, 0.9439589977264404, 0.9418879747390747, 0.924008309841156, 0.9188738465309143], "landscape_losses": [2.2934958934783936, 2.0348751544952393, 1.8468101024627686, 1.6881333589553833, 1.5399587154388428, 1.3911821842193604, 1.2566611766815186, 1.1226611137390137, 1.0273884534835815, 0.9525077939033508, 0.9152238368988037], "proxy_train_time": 7.31708755530417, "proxy_train_epochs": 50, "dirty_bit": 1, "landscape_term": 8.231802797731522, "speed_term": 5.903949376550633, "mote": 6.543209327753971}