{"id": 11681, "adj_matrix": [[0, 1, 1, 1], [0, 0, 1, 1], [0, 0, 0, 1], [0, 0, 0, 0]], "operations": ["zeros", "nor_conv_3x3", "nor_conv_3x3", "nor_conv_3x3", "nor_conv_3x3", "zeros"], "init_channel": 16, "blck_len": 5, "params": 1.052616, "flops": 37.34284, "latency": 0.015461158752441407, "train_per_time": 74.85212855346984, "train_time_200": 14970.425710693968, "train_accuracy_200": 0.4504943968454158, "test_accuracy_200": 0.3936666663614909, "train_time_12": 898.2255426416394, "train_accuracy_12": 0.22345418590427468, "test_accuracy_12": 0.2229999997965495, "valtest_accuracy_200": 0.6719999999999999, "valtest_accuracy_12": 0.47409999999999997, "proxy_losses": [2.2129812240600586, 1.9431084394454956, 1.8278263807296753, 1.7505582571029663, 1.6928869485855103, 1.644849419593811, 1.6021931171417236, 1.5689738988876343, 1.5363647937774658, 1.508423089981079, 1.4824929237365723, 1.4577100276947021, 1.4350308179855347, 1.4120092391967773, 1.3902398347854614, 1.366201400756836, 1.345635175704956, 1.3265653848648071, 1.3070814609527588, 1.2813878059387207, 1.2631255388259888, 1.2466405630111694, 1.2289624214172363, 1.2106562852859497, 1.1939036846160889, 1.1781419515609741, 1.1654906272888184, 1.143968105316162, 1.1251479387283325, 1.1085474491119385, 1.0967226028442383, 1.0814356803894043, 1.0686349868774414, 1.0567985773086548, 1.0410963296890259, 1.0225470066070557, 1.0112415552139282, 0.9968827366828918, 0.985166609287262, 0.9804468750953674, 0.9733926057815552, 0.961967408657074, 0.9539862275123596, 0.9403547048568726, 0.9328984618186951, 0.9217628836631775, 0.908195972442627, 0.9068937301635742, 0.8868212699890137, 0.8746885657310486], "landscape_losses": [2.28194260597229, 2.0423903465270996, 1.8577131032943726, 1.698800802230835, 1.5494927167892456, 1.398148775100708, 1.2643581628799438, 1.1272600889205933, 1.0092413425445557, 0.9160359501838684, 0.8645420670509338], "proxy_train_time": 10.851336939260364, "proxy_train_epochs": 50, "dirty_bit": 1, "landscape_term": 8.332603299874153, "speed_term": 8.672876944156211, "mote": 7.085557257553646}