{"id": 11690, "adj_matrix": [[0, 1, 1, 1], [0, 0, 1, 1], [0, 0, 0, 1], [0, 0, 0, 0]], "operations": ["skip_connect", "skip_connect", "nor_conv_3x3", "skip_connect", "nor_conv_1x1", "skip_connect"], "init_channel": 16, "blck_len": 5, "params": 0.351496, "flops": 11.7838, "latency": 0.012428339322408041, "train_per_time": 41.44898249133437, "train_time_200": 8289.796498266875, "train_accuracy_200": 0.34777191826374654, "test_accuracy_200": 0.33666666542900936, "train_time_12": 497.3877898960113, "train_accuracy_12": 0.21587343441856952, "test_accuracy_12": 0.21533333292643228, "valtest_accuracy_200": 0.6001666666666667, "valtest_accuracy_12": 0.34049999999999997, "proxy_losses": [4.09713888168335, 2.6408047676086426, 2.139784574508667, 1.8960906267166138, 1.7787644863128662, 1.7045366764068604, 1.6527228355407715, 1.6063663959503174, 1.5714592933654785, 1.5412639379501343, 1.5117051601409912, 1.4904083013534546, 1.467844009399414, 1.4453884363174438, 1.4249745607376099, 1.4040720462799072, 1.3840097188949585, 1.36799156665802, 1.3467073440551758, 1.3286417722702026, 1.3140190839767456, 1.3007938861846924, 1.2850204706192017, 1.2711195945739746, 1.256988763809204, 1.245319128036499, 1.235945224761963, 1.2257157564163208, 1.2159961462020874, 1.2039767503738403, 1.1897019147872925, 1.1782211065292358, 1.1699827909469604, 1.1612192392349243, 1.1488169431686401, 1.139448881149292, 1.1295322179794312, 1.1202384233474731, 1.1125150918960571, 1.1063640117645264, 1.0954748392105103, 1.086155891418457, 1.080336093902588, 1.0690466165542603, 1.0603084564208984, 1.0545493364334106, 1.0513097047805786, 1.0448018312454224, 1.0311821699142456, 1.0229549407958984], "landscape_losses": [4.22206449508667, 3.0990967750549316, 2.50962495803833, 2.1174216270446777, 1.7849701642990112, 1.547286868095398, 1.34224271774292, 1.223901391029358, 1.1250932216644287, 1.0484118461608887, 1.0131103992462158], "proxy_train_time": 5.562180089764297, "proxy_train_epochs": 50, "dirty_bit": 1, "landscape_term": 7.028569202850037, "speed_term": 4.006888017934903, "mote": 5.351675136127457}