{"id": 11769, "adj_matrix": [[0, 1, 1, 1], [0, 0, 1, 1], [0, 0, 0, 1], [0, 0, 0, 0]], "operations": ["nor_conv_3x3", "zeros", "nor_conv_1x1", "nor_conv_3x3", "zeros", "avg_pool_3x3"], "init_channel": 16, "blck_len": 5, "params": 0.594536, "flops": 20.63116, "latency": 0.02005457878112793, "train_per_time": 64.57390968171774, "train_time_200": 12914.781936343548, "train_accuracy_200": 0.4722972973209349, "test_accuracy_200": 0.40549999974568685, "train_time_12": 774.886916180611, "train_accuracy_12": 0.1914040870153519, "test_accuracy_12": 0.19199999944051108, "valtest_accuracy_200": 0.68735, "valtest_accuracy_12": 0.40990000000000004, "proxy_losses": [2.130479574203491, 1.8210078477859497, 1.6857857704162598, 1.5986977815628052, 1.5322718620300293, 1.4768154621124268, 1.4270248413085938, 1.3806694746017456, 1.3361132144927979, 1.2953780889511108, 1.2539632320404053, 1.2194584608078003, 1.1871000528335571, 1.15562105178833, 1.1281945705413818, 1.1051371097564697, 1.0835705995559692, 1.0598291158676147, 1.0316314697265625, 1.0091434717178345, 0.987374484539032, 0.9723743200302124, 0.9483087062835693, 0.9336425065994263, 0.9136896729469299, 0.8946951031684875, 0.8745545148849487, 0.8608281016349792, 0.8590821027755737, 0.845082700252533, 0.8263928890228271, 0.8175238966941833, 0.8102137446403503, 0.7875491380691528, 0.7797126173973083, 0.7761051654815674, 0.7587615251541138, 0.7436840534210205, 0.7381099462509155, 0.734401285648346, 0.7158363461494446, 0.7091718912124634, 0.7018511891365051, 0.692560076713562, 0.6780444979667664, 0.6682248711585999, 0.666648805141449, 0.662679135799408, 0.6531988382339478, 0.6468524932861328], "landscape_losses": [2.2141263484954834, 1.9159519672393799, 1.7028312683105469, 1.5124597549438477, 1.3381917476654053, 1.1830123662948608, 1.0407522916793823, 0.9275465607643127, 0.8155012130737305, 0.7183218002319336, 0.6517446041107178], "proxy_train_time": 9.090260402299464, "proxy_train_epochs": 50, "dirty_bit": 1, "landscape_term": 10.006261029124447, "speed_term": 8.986902455624373, "mote": 8.239433572545083}