{"id": 11763, "adj_matrix": [[0, 1, 1, 1], [0, 0, 1, 1], [0, 0, 0, 1], [0, 0, 0, 0]], "operations": ["zeros", "avg_pool_3x3", "skip_connect", "avg_pool_3x3", "skip_connect", "avg_pool_3x3"], "init_channel": 16, "blck_len": 5, "params": 0.080456, "flops": 1.9534, "latency": 0.006969380378723145, "train_per_time": 33.53781592718767, "train_time_200": 6707.563185437535, "train_accuracy_200": 0.143750823995397, "test_accuracy_200": 0.1363333332655165, "train_time_12": 402.45379112625113, "train_accuracy_12": 0.10144363876020901, "test_accuracy_12": 0.09999999969482422, "valtest_accuracy_200": 0.40636666666666665, "valtest_accuracy_12": 0.2132, "proxy_losses": [3.575094223022461, 2.9627254009246826, 2.5539610385894775, 2.288875102996826, 2.108081817626953, 1.995471477508545, 1.9229415655136108, 1.8738656044006348, 1.838392972946167, 1.810537338256836, 1.789961338043213, 1.7752364873886108, 1.7602285146713257, 1.746986746788025, 1.735713243484497, 1.7264158725738525, 1.7204431295394897, 1.710329532623291, 1.7028683423995972, 1.6966794729232788, 1.6910752058029175, 1.6854687929153442, 1.6822986602783203, 1.6762619018554688, 1.6715185642242432, 1.6676150560379028, 1.6626789569854736, 1.6601945161819458, 1.6551513671875, 1.6524982452392578, 1.6478711366653442, 1.6427273750305176, 1.6402556896209717, 1.6357271671295166, 1.6334781646728516, 1.6290712356567383, 1.625685691833496, 1.6215909719467163, 1.6186492443084717, 1.6152780055999756, 1.6114253997802734, 1.6078799962997437, 1.60386323928833, 1.6004700660705566, 1.59861159324646, 1.5938655138015747, 1.590768575668335, 1.5880550146102905, 1.583601713180542, 1.5803496837615967], "landscape_losses": [3.6521081924438477, 3.080739736557007, 2.7029247283935547, 2.4044408798217773, 2.17263126373291, 1.9714339971542358, 1.823502540588379, 1.7115873098373413, 1.6410988569259644, 1.5975335836410522, 1.5793229341506958], "proxy_train_time": 4.960963049903512, "proxy_train_epochs": 50, "dirty_bit": 1, "landscape_term": 5.352938529077352, "speed_term": 2.7786658239076956, "mote": 3.901328473445909}