{"id": 11823, "adj_matrix": [[0, 1, 1, 1], [0, 0, 1, 1], [0, 0, 0, 1], [0, 0, 0, 0]], "operations": ["nor_conv_1x1", "nor_conv_3x3", "skip_connect", "avg_pool_3x3", "nor_conv_3x3", "nor_conv_3x3"], "init_channel": 16, "blck_len": 5, "params": 0.837576, "flops": 29.47852, "latency": 0.017704153060913087, "train_per_time": 75.40101272209503, "train_time_200": 15080.202544419006, "train_accuracy_200": 0.5746341463500131, "test_accuracy_200": 0.41933333292643227, "train_time_12": 904.8121526651381, "train_accuracy_12": 0.3011140408711443, "test_accuracy_12": 0.29433333251953125, "valtest_accuracy_200": 0.6949500000000001, "valtest_accuracy_12": 0.5164, "proxy_losses": [2.38265061378479, 1.8390871286392212, 1.6597340106964111, 1.5611213445663452, 1.4863184690475464, 1.429895281791687, 1.3723576068878174, 1.32856023311615, 1.2809638977050781, 1.2412919998168945, 1.2058274745941162, 1.1703157424926758, 1.1387743949890137, 1.1053416728973389, 1.0806142091751099, 1.0610110759735107, 1.0334899425506592, 1.0034571886062622, 0.9850422143936157, 0.9666414260864258, 0.9494894742965698, 0.9302064180374146, 0.9072996973991394, 0.9027857184410095, 0.8813493847846985, 0.8666290044784546, 0.8493326902389526, 0.8267984390258789, 0.8143715858459473, 0.8037048578262329, 0.7905517220497131, 0.7777300477027893, 0.7632393836975098, 0.7485814690589905, 0.7443258166313171, 0.733919084072113, 0.722767174243927, 0.7093486189842224, 0.6893784403800964, 0.6898128390312195, 0.6818619966506958, 0.6755300760269165, 0.6595587134361267, 0.6510912179946899, 0.6453772187232971, 0.6365638375282288, 0.6352589726448059, 0.6235400438308716, 0.6120349764823914, 0.6019489765167236], "landscape_losses": [2.498894453048706, 2.0235726833343506, 1.7508724927902222, 1.5135042667388916, 1.3072857856750488, 1.1145838499069214, 0.9551897644996643, 0.8188315033912659, 0.709847092628479, 0.6428402066230774, 0.6055204272270203], "proxy_train_time": 9.619217544794083, "proxy_train_epochs": 50, "dirty_bit": 1, "landscape_term": 10.672341560571102, "speed_term": 9.844280674419625, "mote": 8.804301845753878}