{"id": 1185, "adj_matrix": [[0, 1, 1, 1], [0, 0, 1, 1], [0, 0, 0, 1], [0, 0, 0, 0]], "operations": ["zeros", "nor_conv_1x1", "nor_conv_1x1", "zeros", "nor_conv_3x3", "nor_conv_3x3"], "init_channel": 16, "blck_len": 5, "params": 0.622536, "flops": 21.6142, "latency": 0.01776589552561442, "train_per_time": 68.56715986824022, "train_time_200": 13713.431973648045, "train_accuracy_200": 0.3542584047589505, "test_accuracy_200": 0.3371111111450195, "train_time_12": 822.8059184188841, "train_accuracy_12": 0.16454845088689674, "test_accuracy_12": 0.1633333332824707, "valtest_accuracy_200": 0.6421333333333333, "valtest_accuracy_12": 0.3818, "proxy_losses": [2.2066774368286133, 1.9320677518844604, 1.8101717233657837, 1.730500340461731, 1.666976809501648, 1.6143888235092163, 1.5695732831954956, 1.5311386585235596, 1.4949771165847778, 1.4660286903381348, 1.4333934783935547, 1.4067060947418213, 1.381724238395691, 1.3553913831710815, 1.3306059837341309, 1.3062567710876465, 1.2820651531219482, 1.2642111778259277, 1.2396869659423828, 1.21964430809021, 1.1941330432891846, 1.1756409406661987, 1.1493364572525024, 1.1294361352920532, 1.1057171821594238, 1.0914276838302612, 1.074540615081787, 1.0548839569091797, 1.028723955154419, 1.0136711597442627, 0.9973732233047485, 0.9832168221473694, 0.9705010056495667, 0.9465561509132385, 0.9343399405479431, 0.9170665144920349, 0.9091899394989014, 0.891243577003479, 0.895323634147644, 0.8732966780662537, 0.8569151163101196, 0.8440571427345276, 0.8407464623451233, 0.8297895789146423, 0.8202692270278931, 0.8094735741615295, 0.7965662479400635, 0.7863914966583252, 0.7855380773544312, 0.7848072052001953], "landscape_losses": [2.2863869667053223, 2.0271785259246826, 1.8270621299743652, 1.6475961208343506, 1.4836816787719727, 1.3351203203201294, 1.1920833587646484, 1.0494906902313232, 0.9392272233963013, 0.8269746899604797, 0.7815530300140381], "proxy_train_time": 9.802225429564714, "proxy_train_epochs": 50, "dirty_bit": 1, "landscape_term": 8.853080847772565, "speed_term": 8.344825244318079, "mote": 7.379088246123949}