{"id": 11876, "adj_matrix": [[0, 1, 1, 1], [0, 0, 1, 1], [0, 0, 0, 1], [0, 0, 0, 0]], "operations": ["nor_conv_3x3", "nor_conv_3x3", "skip_connect", "skip_connect", "avg_pool_3x3", "nor_conv_3x3"], "init_channel": 16, "blck_len": 5, "params": 0.809576, "flops": 28.49548, "latency": 0.01387021541595459, "train_per_time": 65.00320921691265, "train_time_200": 13000.641843382531, "train_accuracy_200": 0.5976038233521273, "test_accuracy_200": 0.4549999997965494, "train_time_12": 780.0385106029513, "train_accuracy_12": 0.36253131181972154, "test_accuracy_12": 0.3429999989827474, "valtest_accuracy_200": 0.70825, "valtest_accuracy_12": 0.5817, "proxy_losses": [2.4632885456085205, 1.8114490509033203, 1.6470019817352295, 1.549584984779358, 1.4794738292694092, 1.4176998138427734, 1.3714923858642578, 1.3268241882324219, 1.2864024639129639, 1.251105785369873, 1.2167972326278687, 1.1841349601745605, 1.1518511772155762, 1.130855917930603, 1.1092571020126343, 1.0790982246398926, 1.0505650043487549, 1.0218238830566406, 1.0053311586380005, 0.9821379780769348, 0.9647326469421387, 0.9482412338256836, 0.9279970526695251, 0.9077675938606262, 0.8885841965675354, 0.874808669090271, 0.8523452877998352, 0.8365535140037537, 0.8236973881721497, 0.8117179870605469, 0.7998637557029724, 0.7844050526618958, 0.773191511631012, 0.7615180611610413, 0.7518374919891357, 0.7459055781364441, 0.7415454983711243, 0.7318180799484253, 0.717674732208252, 0.7038213014602661, 0.6934859752655029, 0.6823634505271912, 0.6733970046043396, 0.677089273929596, 0.6619246006011963, 0.65096515417099, 0.6465020775794983, 0.6426655650138855, 0.629690945148468, 0.6182584762573242], "landscape_losses": [2.657285451889038, 2.067364454269409, 1.7587015628814697, 1.5282034873962402, 1.3372308015823364, 1.1616264581680298, 1.0087463855743408, 0.8668845891952515, 0.7711490988731384, 0.670341432094574, 0.625117301940918], "proxy_train_time": 8.344152179546654, "proxy_train_epochs": 50, "dirty_bit": 1, "landscape_term": 10.22480045808284, "speed_term": 8.435159993826552, "mote": 8.293479585111644}