{"id": 11886, "adj_matrix": [[0, 1, 1, 1], [0, 0, 1, 1], [0, 0, 0, 1], [0, 0, 0, 0]], "operations": ["zeros", "nor_conv_3x3", "nor_conv_3x3", "avg_pool_3x3", "zeros", "avg_pool_3x3"], "init_channel": 16, "blck_len": 5, "params": 0.566536, "flops": 19.64812, "latency": 0.013644981384277343, "train_per_time": 57.50748438103984, "train_time_200": 11501.496876207968, "train_accuracy_200": 0.33491100858614176, "test_accuracy_200": 0.2994999998474121, "train_time_12": 690.0898125724792, "train_accuracy_12": 0.20396176664368762, "test_accuracy_12": 0.20933333251953126, "valtest_accuracy_200": 0.62275, "valtest_accuracy_12": 0.3899, "proxy_losses": [2.5735878944396973, 2.0546724796295166, 1.881613850593567, 1.7857944965362549, 1.7220324277877808, 1.6673976182937622, 1.6225502490997314, 1.5850697755813599, 1.5485554933547974, 1.5163654088974, 1.4850022792816162, 1.4583379030227661, 1.4302394390106201, 1.4055445194244385, 1.3794872760772705, 1.3578003644943237, 1.3352280855178833, 1.3134710788726807, 1.2978065013885498, 1.2753098011016846, 1.2560027837753296, 1.2395490407943726, 1.2215595245361328, 1.2073458433151245, 1.1905642747879028, 1.173125147819519, 1.1618191003799438, 1.1482024192810059, 1.1354279518127441, 1.1214909553527832, 1.1161894798278809, 1.1021056175231934, 1.0903921127319336, 1.0756415128707886, 1.0650662183761597, 1.0530704259872437, 1.0415788888931274, 1.0371475219726562, 1.0226017236709595, 1.0118916034698486, 0.9989666938781738, 0.9932203888893127, 0.9861319065093994, 0.9860597848892212, 0.9720454812049866, 0.973013162612915, 0.9574877023696899, 0.9501767754554749, 0.9357883930206299, 0.9248542189598083], "landscape_losses": [2.6744542121887207, 2.2252180576324463, 1.9761013984680176, 1.7734007835388184, 1.603185772895813, 1.464311122894287, 1.335304856300354, 1.2019935846328735, 1.0798957347869873, 0.9941507577896118, 0.9364810585975647], "proxy_train_time": 8.305391851812601, "proxy_train_epochs": 50, "dirty_bit": 1, "landscape_term": 7.7804805587105275, "speed_term": 6.50440288075255, "mote": 6.349067775119083}