{"id": 11896, "adj_matrix": [[0, 1, 1, 1], [0, 0, 1, 1], [0, 0, 0, 1], [0, 0, 0, 0]], "operations": ["skip_connect", "nor_conv_1x1", "nor_conv_1x1", "avg_pool_3x3", "nor_conv_1x1", "nor_conv_3x3"], "init_channel": 16, "blck_len": 5, "params": 0.407496, "flops": 13.74988, "latency": 0.01771683692932129, "train_per_time": 69.41969668308913, "train_time_200": 13883.939336617826, "train_accuracy_200": 0.4841771039546597, "test_accuracy_200": 0.39022222205268015, "train_time_12": 833.0363601970671, "train_accuracy_12": 0.28367831247288217, "test_accuracy_12": 0.28266666615804037, "valtest_accuracy_200": 0.6695, "valtest_accuracy_12": 0.47950000000000004, "proxy_losses": [2.4020767211914062, 1.9322062730789185, 1.7556382417678833, 1.6481823921203613, 1.5745409727096558, 1.5160983800888062, 1.4688737392425537, 1.4271531105041504, 1.3949798345565796, 1.3644154071807861, 1.3356376886367798, 1.3112152814865112, 1.2887803316116333, 1.2650426626205444, 1.2438843250274658, 1.2251156568527222, 1.2052161693572998, 1.186401128768921, 1.1676703691482544, 1.1506638526916504, 1.133962869644165, 1.1179956197738647, 1.102480173110962, 1.0887898206710815, 1.0695605278015137, 1.0552213191986084, 1.0421491861343384, 1.026907205581665, 1.0096937417984009, 1.0016424655914307, 0.9923778176307678, 0.9751801490783691, 0.9641913175582886, 0.959526538848877, 0.9424722790718079, 0.9247592091560364, 0.9114553928375244, 0.9039896726608276, 0.8895799517631531, 0.8844905495643616, 0.8761930465698242, 0.8656864166259766, 0.8476516604423523, 0.8444331288337708, 0.8359056711196899, 0.8269748091697693, 0.8179911375045776, 0.8164003491401672, 0.808495044708252, 0.8038594722747803], "landscape_losses": [2.5072736740112305, 2.11344313621521, 1.8600367307662964, 1.6533141136169434, 1.464106798171997, 1.3012064695358276, 1.1327532529830933, 1.0080926418304443, 0.9066203832626343, 0.8308263421058655, 0.7915526032447815], "proxy_train_time": 8.851779201067984, "proxy_train_epochs": 50, "dirty_bit": 1, "landscape_term": 8.910733959600073, "speed_term": 7.737054003082727, "mote": 7.317197334509876}