{"id": 11908, "adj_matrix": [[0, 1, 1, 1], [0, 0, 1, 1], [0, 0, 0, 1], [0, 0, 0, 0]], "operations": ["zeros", "zeros", "nor_conv_1x1", "zeros", "zeros", "zeros"], "init_channel": 16, "blck_len": 5, "params": 0.108456, "flops": 2.9364399999999997, "latency": 0.011553454399108884, "train_per_time": 31.843717265844205, "train_time_200": 6368.743453168841, "train_accuracy_200": 0.008569545155052457, "test_accuracy_200": 0.008333333329094783, "train_time_12": 382.1246071901323, "train_accuracy_12": 0.008437705998964505, "test_accuracy_12": 0.008333333326975506, "valtest_accuracy_200": 0.01, "valtest_accuracy_12": 0.01, "proxy_losses": [2.302623748779297, 2.302600383758545, 2.3025944232940674, 2.3025903701782227, 2.302595853805542, 2.302593469619751, 2.302593946456909, 2.302600622177124, 2.302591323852539, 2.302595615386963, 2.3025949001312256, 2.3025922775268555, 2.3025918006896973, 2.302598476409912, 2.302593946456909, 2.3025965690612793, 2.302593469619751, 2.302591323852539, 2.302591323852539, 2.302591323852539, 2.3025918006896973, 2.302591562271118, 2.3025929927825928, 2.3025894165039062, 2.3025925159454346, 2.3025918006896973, 2.3025920391082764, 2.302595376968384, 2.3025906085968018, 2.302596092224121, 2.302589178085327, 2.302590847015381, 2.302591323852539, 2.302590847015381, 2.302593469619751, 2.3025925159454346, 2.302593469619751, 2.3025929927825928, 2.302588701248169, 2.3025929927825928, 2.3025996685028076, 2.30259370803833, 2.302588939666748, 2.302589178085327, 2.3025877475738525, 2.3025903701782227, 2.3025944232940674, 2.302595376968384, 2.3025941848754883, 2.3025968074798584], "landscape_losses": [2.3025944232940674, 2.3025901317596436, 2.302598237991333, 2.3025929927825928, 2.3025901317596436, 2.3025906085968018, 2.302591323852539, 2.3026020526885986, 2.302593469619751, 2.302588939666748, 2.302595615386963], "proxy_train_time": 7.613140110857785, "proxy_train_epochs": 50, "dirty_bit": 1, "landscape_term": 4.777221966754635, "speed_term": 3.306332349030109, "mote": 3.6148670523843824}