{"id": 12045, "adj_matrix": [[0, 1, 1, 1], [0, 0, 1, 1], [0, 0, 0, 1], [0, 0, 0, 0]], "operations": ["avg_pool_3x3", "nor_conv_3x3", "nor_conv_1x1", "nor_conv_3x3", "nor_conv_3x3", "nor_conv_3x3"], "init_channel": 16, "blck_len": 5, "params": 1.080616, "flops": 38.32588, "latency": 0.020897698402404786, "train_per_time": 92.5484796338876, "train_time_200": 18509.69592677752, "train_accuracy_200": 0.432030323010962, "test_accuracy_200": 0.38066666651407877, "train_time_12": 1110.5817556066513, "train_accuracy_12": 0.18263678312710263, "test_accuracy_12": 0.1959999997965495, "valtest_accuracy_200": 0.70285, "valtest_accuracy_12": 0.40380000000000005, "proxy_losses": [2.2429189682006836, 1.8162211179733276, 1.6833128929138184, 1.5873889923095703, 1.5159411430358887, 1.4528002738952637, 1.3900988101959229, 1.3390904664993286, 1.2884349822998047, 1.2445273399353027, 1.2041666507720947, 1.168779730796814, 1.1377379894256592, 1.1080621480941772, 1.0763118267059326, 1.0464805364608765, 1.0244994163513184, 0.9990935325622559, 0.9838668704032898, 0.9511446356773376, 0.9337332248687744, 0.9175277352333069, 0.8958951234817505, 0.8800582885742188, 0.8658077120780945, 0.8420287370681763, 0.8253361582756042, 0.8214399218559265, 0.8028844594955444, 0.7779858112335205, 0.7638251781463623, 0.7537184357643127, 0.7469742894172668, 0.7242156267166138, 0.7128009796142578, 0.7042721509933472, 0.6945854425430298, 0.6819289326667786, 0.6863602995872498, 0.669369637966156, 0.6581742167472839, 0.6402084231376648, 0.6273804903030396, 0.619994580745697, 0.6104229688644409, 0.6103754639625549, 0.5963036417961121, 0.592918336391449, 0.5915135741233826, 0.5782567262649536], "landscape_losses": [2.3486087322235107, 1.9621927738189697, 1.7418513298034668, 1.5257506370544434, 1.3768982887268066, 1.21247398853302, 1.0669382810592651, 0.9117059707641602, 0.7803061604499817, 0.631542980670929, 0.5828017592430115], "proxy_train_time": 11.212658366188407, "proxy_train_epochs": 50, "dirty_bit": 1, "landscape_term": 10.330892105137515, "speed_term": 11.658678630291682, "mote": 8.850809969818954}