{"id": 12063, "adj_matrix": [[0, 1, 1, 1], [0, 0, 1, 1], [0, 0, 0, 1], [0, 0, 0, 0]], "operations": ["zeros", "skip_connect", "nor_conv_3x3", "nor_conv_3x3", "nor_conv_3x3", "skip_connect"], "init_channel": 16, "blck_len": 5, "params": 0.809576, "flops": 28.49548, "latency": 0.014034509658813477, "train_per_time": 60.156919961214335, "train_time_200": 12031.383992242867, "train_accuracy_200": 0.461852340166146, "test_accuracy_200": 0.3938333327229817, "train_time_12": 721.8830395345686, "train_accuracy_12": 0.30160843772209234, "test_accuracy_12": 0.30833333267211915, "valtest_accuracy_200": 0.6733, "valtest_accuracy_12": 0.5508, "proxy_losses": [2.2873291969299316, 1.9152278900146484, 1.7812130451202393, 1.7002097368240356, 1.643104910850525, 1.5944724082946777, 1.5518115758895874, 1.5186543464660645, 1.4880515336990356, 1.4616738557815552, 1.4362150430679321, 1.4146994352340698, 1.3944276571273804, 1.3764792680740356, 1.3555268049240112, 1.3348451852798462, 1.3190054893493652, 1.3001816272735596, 1.280609369277954, 1.2667324542999268, 1.2508682012557983, 1.2316163778305054, 1.2158359289169312, 1.1992545127868652, 1.1873494386672974, 1.1727193593978882, 1.1546118259429932, 1.136977195739746, 1.1200422048568726, 1.1146410703659058, 1.0988726615905762, 1.0833107233047485, 1.065826416015625, 1.0577678680419922, 1.0482151508331299, 1.0396264791488647, 1.0293598175048828, 1.0188190937042236, 1.0080121755599976, 0.9946857690811157, 0.9882356524467468, 0.9733312726020813, 0.9636986255645752, 0.9556992053985596, 0.9503596425056458, 0.9403989315032959, 0.9415102601051331, 0.9256464838981628, 0.9218529462814331, 0.913991391658783], "landscape_losses": [2.3932504653930664, 2.078976631164551, 1.8796234130859375, 1.7376559972763062, 1.5907682180404663, 1.4739913940429688, 1.3476225137710571, 1.2269710302352905, 1.0899337530136108, 0.9795238375663757, 0.9082510471343994], "proxy_train_time": 8.43247088138014, "proxy_train_epochs": 50, "dirty_bit": 1, "landscape_term": 7.909885178922719, "speed_term": 6.786849008381519, "mote": 6.486320160353214}