{"id": 12060, "adj_matrix": [[0, 1, 1, 1], [0, 0, 1, 1], [0, 0, 0, 1], [0, 0, 0, 0]], "operations": ["nor_conv_3x3", "zeros", "nor_conv_1x1", "nor_conv_3x3", "avg_pool_3x3", "avg_pool_3x3"], "init_channel": 16, "blck_len": 5, "params": 0.594536, "flops": 20.63116, "latency": 0.016435527801513673, "train_per_time": 70.52142783832512, "train_time_200": 14104.285567665025, "train_accuracy_200": 0.44490112064640697, "test_accuracy_200": 0.38683333282470705, "train_time_12": 846.257134059906, "train_accuracy_12": 0.16994067238397165, "test_accuracy_12": 0.17833333338419596, "valtest_accuracy_200": 0.68385, "valtest_accuracy_12": 0.40159999999999996, "proxy_losses": [2.3132071495056152, 1.8457266092300415, 1.7061330080032349, 1.607999563217163, 1.53080153465271, 1.46107017993927, 1.4034334421157837, 1.3561984300613403, 1.3114798069000244, 1.2816898822784424, 1.2464540004730225, 1.2183021306991577, 1.1930047273635864, 1.1691951751708984, 1.1474575996398926, 1.1249473094940186, 1.115268588066101, 1.0991220474243164, 1.0734376907348633, 1.051769495010376, 1.0357861518859863, 1.0164419412612915, 1.003065586090088, 0.9854108691215515, 0.979698896408081, 0.9593569040298462, 0.948890745639801, 0.9367035031318665, 0.931691586971283, 0.9119284152984619, 0.9031392335891724, 0.8927315473556519, 0.8843792676925659, 0.8707498908042908, 0.8584860563278198, 0.8456416130065918, 0.8307127952575684, 0.8243091702461243, 0.8205975294113159, 0.8143014907836914, 0.8037974238395691, 0.7931236624717712, 0.7927303314208984, 0.774054765701294, 0.7638980150222778, 0.7521377205848694, 0.7445161938667297, 0.7330560684204102, 0.7283404469490051, 0.7206147909164429], "landscape_losses": [2.4018642902374268, 2.0007176399230957, 1.758226752281189, 1.5490458011627197, 1.3613947629928589, 1.2262226343154907, 1.1067161560058594, 1.005635380744934, 0.8964005708694458, 0.7961040735244751, 0.7444186806678772], "proxy_train_time": 9.065718744881451, "proxy_train_epochs": 50, "dirty_bit": 1, "landscape_term": 9.293521054200308, "speed_term": 8.53372769901437, "mote": 7.700516228918523}