{"id": 12195, "adj_matrix": [[0, 1, 1, 1], [0, 0, 1, 1], [0, 0, 0, 1], [0, 0, 0, 0]], "operations": ["skip_connect", "avg_pool_3x3", "zeros", "zeros", "skip_connect", "nor_conv_1x1"], "init_channel": 16, "blck_len": 5, "params": 0.108456, "flops": 2.9364399999999997, "latency": 0.010629924138387046, "train_per_time": 35.816407817363846, "train_time_200": 7163.281563472769, "train_accuracy_200": 0.32990331795679245, "test_accuracy_200": 0.3091111107889811, "train_time_12": 429.79689380836476, "train_accuracy_12": 0.23461437048009923, "test_accuracy_12": 0.22999999984741212, "valtest_accuracy_200": 0.6242333333333334, "valtest_accuracy_12": 0.4611, "proxy_losses": [3.0574491024017334, 2.6836435794830322, 2.4439430236816406, 2.288313627243042, 2.1733007431030273, 2.080007314682007, 2.0065042972564697, 1.9476410150527954, 1.8981281518936157, 1.8596439361572266, 1.8253341913223267, 1.7926043272018433, 1.7624022960662842, 1.7348825931549072, 1.7094906568527222, 1.6865360736846924, 1.6646816730499268, 1.6450443267822266, 1.6250526905059814, 1.6094805002212524, 1.5915366411209106, 1.5749961137771606, 1.5603054761886597, 1.5418376922607422, 1.5288971662521362, 1.5147961378097534, 1.5021030902862549, 1.4882020950317383, 1.4772021770477295, 1.4672033786773682, 1.4532078504562378, 1.445430874824524, 1.4366466999053955, 1.4246340990066528, 1.414008617401123, 1.404114842414856, 1.3955729007720947, 1.3865255117416382, 1.377835988998413, 1.3740637302398682, 1.3627049922943115, 1.357085943222046, 1.3468555212020874, 1.3387750387191772, 1.3308961391448975, 1.32318913936615, 1.3167375326156616, 1.3131479024887085, 1.303131103515625, 1.2933454513549805], "landscape_losses": [3.1170051097869873, 2.7712957859039307, 2.5059516429901123, 2.2620632648468018, 2.03324031829834, 1.8191958665847778, 1.6506476402282715, 1.5010559558868408, 1.399004340171814, 1.3270986080169678, 1.2930625677108765], "proxy_train_time": 5.574587349779904, "proxy_train_epochs": 50, "dirty_bit": 1, "landscape_term": 6.078002145060352, "speed_term": 3.3933833682835117, "mote": 4.558451476919181}