{"id": 12191, "adj_matrix": [[0, 1, 1, 1], [0, 0, 1, 1], [0, 0, 0, 1], [0, 0, 0, 0]], "operations": ["nor_conv_3x3", "avg_pool_3x3", "skip_connect", "nor_conv_3x3", "nor_conv_1x1", "avg_pool_3x3"], "init_channel": 16, "blck_len": 5, "params": 0.594536, "flops": 20.63116, "latency": 0.015584754943847656, "train_per_time": 67.47295589709262, "train_time_200": 13494.591179418525, "train_accuracy_200": 0.47188529995520334, "test_accuracy_200": 0.38866666514078774, "train_time_12": 809.6754707651136, "train_accuracy_12": 0.24531311799403313, "test_accuracy_12": 0.23933333343505858, "valtest_accuracy_200": 0.6536, "valtest_accuracy_12": 0.4224, "proxy_losses": [2.308006525039673, 1.7768964767456055, 1.6198729276657104, 1.5215789079666138, 1.4519761800765991, 1.39500093460083, 1.3494548797607422, 1.304978847503662, 1.2733027935028076, 1.2420766353607178, 1.212684988975525, 1.1828080415725708, 1.1603641510009766, 1.1367846727371216, 1.1186343431472778, 1.0960664749145508, 1.075821876525879, 1.0572333335876465, 1.0428014993667603, 1.030868411064148, 1.0047682523727417, 0.993642270565033, 0.9765381813049316, 0.9581791162490845, 0.9500674605369568, 0.9431062340736389, 0.923346757888794, 0.9043751955032349, 0.9064717888832092, 0.8935714960098267, 0.8773188591003418, 0.871769905090332, 0.8613974452018738, 0.8467352390289307, 0.83412766456604, 0.8238331079483032, 0.8131250143051147, 0.8069796562194824, 0.7974782586097717, 0.7832566499710083, 0.78250652551651, 0.7796924114227295, 0.7715162634849548, 0.7533515691757202, 0.7457470297813416, 0.7525654435157776, 0.7375516295433044, 0.7341079115867615, 0.7149962782859802, 0.7081486582756042], "landscape_losses": [2.4642114639282227, 1.994962453842163, 1.7311732769012451, 1.5402281284332275, 1.3641318082809448, 1.1980222463607788, 1.0699502229690552, 0.934211015701294, 0.839779794216156, 0.7541699409484863, 0.7226133942604065], "proxy_train_time": 8.29860120266676, "proxy_train_epochs": 50, "dirty_bit": 1, "landscape_term": 9.6074055201713, "speed_term": 8.04011392388625, "mote": 7.8262985444383215}