{"id": 1226, "adj_matrix": [[0, 1, 1, 1], [0, 0, 1, 1], [0, 0, 0, 1], [0, 0, 0, 0]], "operations": ["nor_conv_3x3", "nor_conv_1x1", "nor_conv_1x1", "avg_pool_3x3", "zeros", "nor_conv_1x1"], "init_channel": 16, "blck_len": 5, "params": 0.407496, "flops": 13.74988, "latency": 0.017641703287760418, "train_per_time": 70.5055622196995, "train_time_200": 14101.112443939901, "train_accuracy_200": 0.5289211162428834, "test_accuracy_200": 0.40488888888888885, "train_time_12": 846.0667466363906, "train_accuracy_12": 0.2974950560246004, "test_accuracy_12": 0.2916666657511393, "valtest_accuracy_200": 0.6807333333333334, "valtest_accuracy_12": 0.5162, "proxy_losses": [2.5962209701538086, 2.1778321266174316, 1.9726593494415283, 1.8373448848724365, 1.7442883253097534, 1.6763200759887695, 1.619475245475769, 1.5737062692642212, 1.529006004333496, 1.4899004697799683, 1.4521989822387695, 1.421187162399292, 1.3909883499145508, 1.360831618309021, 1.3350635766983032, 1.3047035932540894, 1.2790197134017944, 1.254117727279663, 1.2364779710769653, 1.2103172540664673, 1.187160849571228, 1.172966718673706, 1.155074954032898, 1.130463719367981, 1.110907793045044, 1.0969228744506836, 1.0761338472366333, 1.0626131296157837, 1.0535213947296143, 1.0355173349380493, 1.0144866704940796, 1.0020700693130493, 0.9901036024093628, 0.9736371040344238, 0.9566296935081482, 0.9419176578521729, 0.927187979221344, 0.9199022650718689, 0.9008755087852478, 0.8856975436210632, 0.883000373840332, 0.8667569160461426, 0.8597198128700256, 0.8509963750839233, 0.8389747142791748, 0.8378064632415771, 0.8238075375556946, 0.82147216796875, 0.8043856620788574, 0.7980291247367859], "landscape_losses": [2.705240249633789, 2.3215365409851074, 2.0248525142669678, 1.7725719213485718, 1.5599701404571533, 1.368624210357666, 1.1894491910934448, 1.0368988513946533, 0.9214649200439453, 0.8348206281661987, 0.7928147912025452], "proxy_train_time": 9.571646228432655, "proxy_train_epochs": 50, "dirty_bit": 1, "landscape_term": 8.579674686982282, "speed_term": 7.918251950063416, "mote": 7.127558433464424}