{"id": 12288, "adj_matrix": [[0, 1, 1, 1], [0, 0, 1, 1], [0, 0, 0, 1], [0, 0, 0, 0]], "operations": ["skip_connect", "avg_pool_3x3", "nor_conv_3x3", "zeros", "skip_connect", "nor_conv_3x3"], "init_channel": 16, "blck_len": 5, "params": 0.566536, "flops": 19.64812, "latency": 0.013147560755411784, "train_per_time": 52.54188898626969, "train_time_200": 10508.377797253937, "train_accuracy_200": 0.555271368937617, "test_accuracy_200": 0.4229999996948242, "train_time_12": 630.5026678352356, "train_accuracy_12": 0.31709294661821785, "test_accuracy_12": 0.315666666208903, "valtest_accuracy_200": 0.6913666666666667, "valtest_accuracy_12": 0.5629, "proxy_losses": [2.220482349395752, 1.8378909826278687, 1.7118765115737915, 1.6222763061523438, 1.5507625341415405, 1.4855057001113892, 1.4353455305099487, 1.381066918373108, 1.3335365056991577, 1.2940680980682373, 1.2560513019561768, 1.2267796993255615, 1.1949043273925781, 1.1606128215789795, 1.133118748664856, 1.103623867034912, 1.0719929933547974, 1.0503779649734497, 1.0309125185012817, 1.0088790655136108, 0.9806222915649414, 0.9666228294372559, 0.9427098631858826, 0.9268870949745178, 0.9073816537857056, 0.893728494644165, 0.8745952844619751, 0.8678205013275146, 0.8536109328269958, 0.842688798904419, 0.8367953300476074, 0.8171717524528503, 0.8052735328674316, 0.8007783889770508, 0.7972298264503479, 0.7914541959762573, 0.785933792591095, 0.7610426545143127, 0.7591136693954468, 0.7452320456504822, 0.7315449118614197, 0.722010612487793, 0.7118731737136841, 0.7130512595176697, 0.7013367414474487, 0.6897332668304443, 0.6872619390487671, 0.6826114058494568, 0.6709582805633545, 0.6679741144180298], "landscape_losses": [2.3472776412963867, 2.008953332901001, 1.7749441862106323, 1.5781623125076294, 1.3724220991134644, 1.192824363708496, 1.0614745616912842, 0.9112781286239624, 0.8012680411338806, 0.7174160480499268, 0.6735268831253052], "proxy_train_time": 7.535726027563214, "proxy_train_epochs": 50, "dirty_bit": 1, "landscape_term": 9.853909046435334, "speed_term": 7.381437250189791, "mote": 7.877292978892442}