{"id": 12402, "adj_matrix": [[0, 1, 1, 1], [0, 0, 1, 1], [0, 0, 0, 1], [0, 0, 0, 0]], "operations": ["zeros", "skip_connect", "skip_connect", "skip_connect", "nor_conv_1x1", "skip_connect"], "init_channel": 16, "blck_len": 5, "params": 0.108456, "flops": 2.93644, "latency": 0.010421514511108398, "train_per_time": 27.956360520203837, "train_time_200": 5591.272104040768, "train_accuracy_200": 0.2615985497733049, "test_accuracy_200": 0.26333333282470706, "train_time_12": 335.47632624244693, "train_accuracy_12": 0.17760052735360737, "test_accuracy_12": 0.19066666625976564, "valtest_accuracy_200": 0.5515, "valtest_accuracy_12": 0.2877, "proxy_losses": [3.7401652336120605, 3.162362813949585, 2.760122299194336, 2.4700565338134766, 2.2403154373168945, 2.060091018676758, 1.938459038734436, 1.8577253818511963, 1.8123053312301636, 1.7818480730056763, 1.7556859254837036, 1.7363033294677734, 1.7237679958343506, 1.7083595991134644, 1.6996521949768066, 1.6891573667526245, 1.6795408725738525, 1.6738263368606567, 1.6676982641220093, 1.6610310077667236, 1.6554768085479736, 1.6512181758880615, 1.6455392837524414, 1.6405869722366333, 1.6368074417114258, 1.6327885389328003, 1.6285014152526855, 1.624857783317566, 1.6226205825805664, 1.6170978546142578, 1.613219141960144, 1.6076732873916626, 1.606370449066162, 1.6005899906158447, 1.597009539604187, 1.5932819843292236, 1.5893405675888062, 1.5859941244125366, 1.5826524496078491, 1.5797182321548462, 1.5754200220108032, 1.571908950805664, 1.5678070783615112, 1.5674617290496826, 1.5615849494934082, 1.5585886240005493, 1.5564765930175781, 1.5533381700515747, 1.5509060621261597, 1.546370506286621], "landscape_losses": [3.810368061065674, 3.2535593509674072, 2.883317708969116, 2.5735039710998535, 2.2964534759521484, 2.0615551471710205, 1.8676769733428955, 1.7236288785934448, 1.623665452003479, 1.5704559087753296, 1.5489164590835571], "proxy_train_time": 4.8853996973484755, "proxy_train_epochs": 50, "dirty_bit": 1, "landscape_term": 5.239576851132509, "speed_term": 2.752657899096097, "mote": 3.8141525611791853}