{"id": 12503, "adj_matrix": [[0, 1, 1, 1], [0, 0, 1, 1], [0, 0, 0, 1], [0, 0, 0, 0]], "operations": ["nor_conv_3x3", "nor_conv_3x3", "nor_conv_1x1", "avg_pool_3x3", "nor_conv_3x3", "avg_pool_3x3"], "init_channel": 16, "blck_len": 5, "params": 0.837576, "flops": 29.47852, "latency": 0.016860806941986085, "train_per_time": 82.37808039538096, "train_time_200": 16475.616079076193, "train_accuracy_200": 0.5100362557790274, "test_accuracy_200": 0.4059999987792969, "train_time_12": 988.5369647445682, "train_accuracy_12": 0.2655899802351909, "test_accuracy_12": 0.25566666666666665, "valtest_accuracy_200": 0.67645, "valtest_accuracy_12": 0.48090000000000005, "proxy_losses": [2.1372249126434326, 1.6876972913742065, 1.538915991783142, 1.4291611909866333, 1.3560117483139038, 1.3019914627075195, 1.2584540843963623, 1.2028234004974365, 1.164915680885315, 1.132861852645874, 1.093806505203247, 1.070973515510559, 1.038303256034851, 1.0145097970962524, 0.9889350533485413, 0.9725840091705322, 0.9607617259025574, 0.9378131628036499, 0.9238799810409546, 0.9075057506561279, 0.8907942175865173, 0.8723626732826233, 0.8651890754699707, 0.8496270775794983, 0.831290602684021, 0.8186048865318298, 0.8052696585655212, 0.7909865379333496, 0.787832498550415, 0.7786164879798889, 0.760452151298523, 0.751728892326355, 0.7504719495773315, 0.7436571717262268, 0.7271315455436707, 0.713657796382904, 0.7118468880653381, 0.7127417922019958, 0.7014692425727844, 0.6868895292282104, 0.6735178232192993, 0.6650097966194153, 0.6604849696159363, 0.6524704098701477, 0.6534880995750427, 0.6367389559745789, 0.6277522444725037, 0.6260093450546265, 0.6267445087432861, 0.6310678720474243], "landscape_losses": [2.2973453998565674, 1.8806722164154053, 1.6304452419281006, 1.4150463342666626, 1.2335091829299927, 1.0643880367279053, 0.9382253885269165, 0.8021672964096069, 0.7009387016296387, 0.6364464163780212, 0.604407012462616], "proxy_train_time": 10.00387773104012, "proxy_train_epochs": 50, "dirty_bit": 1, "landscape_term": 11.00209342866365, "speed_term": 10.84477389133862, "mote": 9.166350673569433}