{"id": 12530, "adj_matrix": [[0, 1, 1, 1], [0, 0, 1, 1], [0, 0, 0, 1], [0, 0, 0, 0]], "operations": ["nor_conv_3x3", "zeros", "skip_connect", "nor_conv_3x3", "nor_conv_1x1", "zeros"], "init_channel": 16, "blck_len": 5, "params": 0.594536, "flops": 20.63116, "latency": 0.014784002304077148, "train_per_time": 58.007284943818895, "train_time_200": 11601.456988763779, "train_accuracy_200": 0.5121654581591732, "test_accuracy_200": 0.42566666676839193, "train_time_12": 696.0874193258286, "train_accuracy_12": 0.22212261041881384, "test_accuracy_12": 0.22033333292643228, "valtest_accuracy_200": 0.6912999999999999, "valtest_accuracy_12": 0.4545, "proxy_losses": [2.2253313064575195, 1.852402925491333, 1.7188830375671387, 1.629060983657837, 1.5539884567260742, 1.4855408668518066, 1.4296265840530396, 1.3810772895812988, 1.34115731716156, 1.3028441667556763, 1.2693922519683838, 1.237874984741211, 1.2101880311965942, 1.181658148765564, 1.1512649059295654, 1.1293917894363403, 1.1099860668182373, 1.0826609134674072, 1.0704460144042969, 1.0539630651474, 1.031798005104065, 1.0031888484954834, 0.985109269618988, 0.9691454172134399, 0.9557990431785583, 0.9383905529975891, 0.920691192150116, 0.9076734185218811, 0.8936643600463867, 0.8791248798370361, 0.8640853762626648, 0.8530415892601013, 0.8506177663803101, 0.8336927890777588, 0.8218980431556702, 0.8193342089653015, 0.8072212934494019, 0.7893447279930115, 0.7819163799285889, 0.7710095643997192, 0.7596859335899353, 0.7604397535324097, 0.7519850134849548, 0.7408879995346069, 0.7342326045036316, 0.7246612310409546, 0.7244412302970886, 0.7147228121757507, 0.7010302543640137, 0.6910374164581299], "landscape_losses": [2.3137190341949463, 1.9894676208496094, 1.7801705598831177, 1.6055160760879517, 1.4445067644119263, 1.2849143743515015, 1.1478062868118286, 1.003592610359192, 0.8578799962997437, 0.7431924939155579, 0.697891116142273], "proxy_train_time": 8.648266832344234, "proxy_train_epochs": 50, "dirty_bit": 1, "landscape_term": 9.401734342704799, "speed_term": 8.252696900565269, "mote": 7.726169777629063}