{"id": 12546, "adj_matrix": [[0, 1, 1, 1], [0, 0, 1, 1], [0, 0, 0, 1], [0, 0, 0, 0]], "operations": ["avg_pool_3x3", "avg_pool_3x3", "nor_conv_1x1", "zeros", "avg_pool_3x3", "nor_conv_1x1"], "init_channel": 16, "blck_len": 5, "params": 0.136456, "flops": 3.91948, "latency": 0.015022635459899902, "train_per_time": 57.23210783362395, "train_time_200": 11446.42156672479, "train_accuracy_200": 0.25358932103211734, "test_accuracy_200": 0.20816666648864746, "train_time_12": 686.7852940034867, "train_accuracy_12": 0.14111404087064136, "test_accuracy_12": 0.1326666663869222, "valtest_accuracy_200": 0.49620000000000003, "valtest_accuracy_12": 0.3089, "proxy_losses": [2.753359317779541, 2.3601930141448975, 2.177863836288452, 2.058000087738037, 1.9761574268341064, 1.9113683700561523, 1.8570106029510498, 1.8123197555541992, 1.7725557088851929, 1.7375001907348633, 1.704235315322876, 1.673026204109192, 1.6461762189865112, 1.6173211336135864, 1.5941810607910156, 1.5717885494232178, 1.5527664422988892, 1.5300395488739014, 1.5138638019561768, 1.490833044052124, 1.4712412357330322, 1.4544053077697754, 1.4397592544555664, 1.4247709512710571, 1.4090384244918823, 1.3937745094299316, 1.3819661140441895, 1.3710259199142456, 1.3569471836090088, 1.3445242643356323, 1.3330947160720825, 1.3216063976287842, 1.3140512704849243, 1.3069555759429932, 1.2922890186309814, 1.2874585390090942, 1.276833176612854, 1.264408826828003, 1.2513186931610107, 1.2426910400390625, 1.232519507408142, 1.2269835472106934, 1.218509316444397, 1.217734456062317, 1.208017349243164, 1.1928632259368896, 1.1865757703781128, 1.1784913539886475, 1.172091007232666, 1.165475606918335], "landscape_losses": [2.839489698410034, 2.5016491413116455, 2.2844717502593994, 2.0959441661834717, 1.936281681060791, 1.7750555276870728, 1.618965983390808, 1.4718843698501587, 1.3336260318756104, 1.2217026948928833, 1.1632437705993652], "proxy_train_time": 7.11677023395896, "proxy_train_epochs": 50, "dirty_bit": 1, "landscape_term": 6.471688191866411, "speed_term": 4.728877852499972, "mote": 5.118580282811673}