{"id": 1258, "adj_matrix": [[0, 1, 1, 1], [0, 0, 1, 1], [0, 0, 0, 1], [0, 0, 0, 0]], "operations": ["nor_conv_3x3", "zeros", "avg_pool_3x3", "zeros", "avg_pool_3x3", "nor_conv_1x1"], "init_channel": 16, "blck_len": 5, "params": 0.351496, "flops": 11.7838, "latency": 0.013829127947489422, "train_per_time": 56.47038754669843, "train_time_200": 11294.077509339686, "train_accuracy_200": 0.21222148979034458, "test_accuracy_200": 0.2055555551486545, "train_time_12": 677.6446505603791, "train_accuracy_12": 0.11678312458850555, "test_accuracy_12": 0.11933333287556966, "valtest_accuracy_200": 0.6024333333333334, "valtest_accuracy_12": 0.2493, "proxy_losses": [2.2539074420928955, 1.960355281829834, 1.8303749561309814, 1.7445701360702515, 1.6757938861846924, 1.6188992261886597, 1.564322590827942, 1.5146440267562866, 1.468772053718567, 1.423018217086792, 1.3838459253311157, 1.3457037210464478, 1.3110058307647705, 1.277401328086853, 1.2446728944778442, 1.2168775796890259, 1.190233826637268, 1.1626425981521606, 1.139515995979309, 1.12309730052948, 1.0945329666137695, 1.073930025100708, 1.047847032546997, 1.0269412994384766, 1.0049991607666016, 0.9927683472633362, 0.9760081768035889, 0.9610372185707092, 0.9523366093635559, 0.94037264585495, 0.9250012636184692, 0.9066619873046875, 0.894233226776123, 0.8797112107276917, 0.8732883930206299, 0.8598684668540955, 0.8486377000808716, 0.8346971869468689, 0.8288928866386414, 0.8197540044784546, 0.8082993030548096, 0.8011032342910767, 0.7935379147529602, 0.7800476551055908, 0.773963987827301, 0.767281174659729, 0.7566896080970764, 0.747696578502655, 0.7388584017753601, 0.7359938025474548], "landscape_losses": [2.3387622833251953, 2.067774772644043, 1.8809064626693726, 1.7040435075759888, 1.5301789045333862, 1.3900015354156494, 1.2170618772506714, 1.0677801370620728, 0.9318114519119263, 0.8042612671852112, 0.7348155379295349], "proxy_train_time": 7.4890052461996675, "proxy_train_epochs": 50, "dirty_bit": 1, "landscape_term": 8.838242882530137, "speed_term": 6.699215169688114, "mote": 7.090997038872418}