{"id": 12587, "adj_matrix": [[0, 1, 1, 1], [0, 0, 1, 1], [0, 0, 0, 1], [0, 0, 0, 0]], "operations": ["nor_conv_3x3", "nor_conv_3x3", "nor_conv_1x1", "zeros", "nor_conv_1x1", "avg_pool_3x3"], "init_channel": 16, "blck_len": 5, "params": 0.622536, "flops": 21.6142, "latency": 0.017112207412719727, "train_per_time": 74.50316993872353, "train_time_200": 14900.633987744706, "train_accuracy_200": 0.33010217535990827, "test_accuracy_200": 0.3103333328755697, "train_time_12": 894.0380392646788, "train_accuracy_12": 0.1655042847771038, "test_accuracy_12": 0.1649999996693929, "valtest_accuracy_200": 0.6796500000000001, "valtest_accuracy_12": 0.355, "proxy_losses": [2.3225319385528564, 1.936543583869934, 1.7863200902938843, 1.6666063070297241, 1.570739984512329, 1.4906505346298218, 1.4254320859909058, 1.364105224609375, 1.3170498609542847, 1.269963026046753, 1.2344281673431396, 1.1993627548217773, 1.1750062704086304, 1.1467440128326416, 1.1158721446990967, 1.090804934501648, 1.0675804615020752, 1.0500010251998901, 1.0159447193145752, 0.9936807751655579, 0.9697980284690857, 0.9557914137840271, 0.936098039150238, 0.9160130620002747, 0.8986888527870178, 0.8803256154060364, 0.8620558381080627, 0.8429514765739441, 0.8335251808166504, 0.8164287805557251, 0.807227611541748, 0.7976278066635132, 0.7820547223091125, 0.7780176401138306, 0.7604216933250427, 0.7610880732536316, 0.7647798657417297, 0.7493053078651428, 0.7430299520492554, 0.7257354259490967, 0.7179127335548401, 0.702285647392273, 0.692247748374939, 0.6864351630210876, 0.6748074293136597, 0.6661606431007385, 0.6614339351654053, 0.6502694487571716, 0.6479447484016418, 0.6413333415985107], "landscape_losses": [2.447242498397827, 2.0863938331604004, 1.851306676864624, 1.6248435974121094, 1.4088175296783447, 1.218598484992981, 1.052712321281433, 0.9193370342254639, 0.7978688478469849, 0.688576340675354, 0.6376189589500427], "proxy_train_time": 9.74367400817573, "proxy_train_epochs": 50, "dirty_bit": 1, "landscape_term": 9.885564824100893, "speed_term": 9.635531903825166, "mote": 8.261710787659833}