{"id": 12681, "adj_matrix": [[0, 1, 1, 1], [0, 0, 1, 1], [0, 0, 0, 1], [0, 0, 0, 0]], "operations": ["zeros", "avg_pool_3x3", "skip_connect", "skip_connect", "skip_connect", "zeros"], "init_channel": 16, "blck_len": 5, "params": 0.080456, "flops": 1.9534, "latency": 0.008548911412556967, "train_per_time": 23.89276048874854, "train_time_200": 4778.552097749708, "train_accuracy_200": 0.2866622720361725, "test_accuracy_200": 0.2833333329094781, "train_time_12": 286.71312586498254, "train_accuracy_12": 0.2280883322366854, "test_accuracy_12": 0.2366666668701172, "valtest_accuracy_200": 0.5807666666666668, "valtest_accuracy_12": 0.4496, "proxy_losses": [2.5168869495391846, 2.3997550010681152, 2.3144171237945557, 2.2384259700775146, 2.1770718097686768, 2.1269781589508057, 2.0873515605926514, 2.0546555519104004, 2.025547981262207, 1.999011754989624, 1.975752592086792, 1.9557279348373413, 1.938122272491455, 1.9218367338180542, 1.906058430671692, 1.892708420753479, 1.8791437149047852, 1.8673698902130127, 1.8571447134017944, 1.8469367027282715, 1.8381004333496094, 1.829009771347046, 1.820847511291504, 1.8132755756378174, 1.8057701587677002, 1.79973304271698, 1.7936668395996094, 1.7875781059265137, 1.782370686531067, 1.7753946781158447, 1.770367980003357, 1.763904094696045, 1.7589564323425293, 1.7550851106643677, 1.750391960144043, 1.7463277578353882, 1.7424982786178589, 1.7390004396438599, 1.7352800369262695, 1.7319583892822266, 1.7288812398910522, 1.7249490022659302, 1.7221373319625854, 1.7194103002548218, 1.7160810232162476, 1.7126951217651367, 1.7091302871704102, 1.7070163488388062, 1.7041943073272705, 1.7025189399719238], "landscape_losses": [2.5370585918426514, 2.3991878032684326, 2.2761194705963135, 2.1461637020111084, 2.026665210723877, 1.928244948387146, 1.850156307220459, 1.789336919784546, 1.7445101737976074, 1.716302752494812, 1.699663519859314], "proxy_train_time": 4.558920230716467, "proxy_train_epochs": 50, "dirty_bit": 1, "landscape_term": 5.571872062346023, "speed_term": 2.4335673637763025, "mote": 3.969057673043509}