{"id": 12711, "adj_matrix": [[0, 1, 1, 1], [0, 0, 1, 1], [0, 0, 0, 1], [0, 0, 0, 0]], "operations": ["avg_pool_3x3", "nor_conv_3x3", "zeros", "nor_conv_1x1", "zeros", "nor_conv_1x1"], "init_channel": 16, "blck_len": 5, "params": 0.379496, "flops": 12.76684, "latency": 0.014606881141662597, "train_per_time": 61.207869056701504, "train_time_200": 12241.5738113403, "train_accuracy_200": 0.49827290706496213, "test_accuracy_200": 0.4233333324178059, "train_time_12": 734.4944286804198, "train_accuracy_12": 0.2625708635464733, "test_accuracy_12": 0.26699999994913737, "valtest_accuracy_200": 0.6899500000000001, "valtest_accuracy_12": 0.4899, "proxy_losses": [2.369004964828491, 2.04138445854187, 1.9007987976074219, 1.8097587823867798, 1.740206241607666, 1.682024359703064, 1.6324992179870605, 1.5886640548706055, 1.5441864728927612, 1.5056984424591064, 1.4689171314239502, 1.4318701028823853, 1.4025994539260864, 1.3695454597473145, 1.3397278785705566, 1.3131189346313477, 1.2837461233139038, 1.2587352991104126, 1.2353054285049438, 1.2142950296401978, 1.1862564086914062, 1.1708093881607056, 1.1479613780975342, 1.1324318647384644, 1.1110621690750122, 1.0947144031524658, 1.070050835609436, 1.0502986907958984, 1.0338126420974731, 1.019187569618225, 1.0026415586471558, 0.9874019622802734, 0.9714564681053162, 0.9616148471832275, 0.9530667066574097, 0.9365979433059692, 0.918350875377655, 0.9171697497367859, 0.8985071182250977, 0.8821247220039368, 0.8706562519073486, 0.8678302764892578, 0.8541420102119446, 0.842664361000061, 0.8303191661834717, 0.8183887600898743, 0.8137732148170471, 0.8060247302055359, 0.7945045232772827, 0.7817081212997437], "landscape_losses": [2.4531962871551514, 2.166590929031372, 1.9581283330917358, 1.7460163831710815, 1.552256464958191, 1.379737138748169, 1.2364404201507568, 1.1062164306640625, 0.9739529490470886, 0.8507946133613586, 0.7835214734077454], "proxy_train_time": 8.465733923017979, "proxy_train_epochs": 50, "dirty_bit": 1, "landscape_term": 8.512769497985445, "speed_term": 7.0715596280271855, "mote": 6.939744885082765}