{"id": 12713, "adj_matrix": [[0, 1, 1, 1], [0, 0, 1, 1], [0, 0, 0, 1], [0, 0, 0, 0]], "operations": ["avg_pool_3x3", "avg_pool_3x3", "skip_connect", "nor_conv_1x1", "avg_pool_3x3", "avg_pool_3x3"], "init_channel": 16, "blck_len": 5, "params": 0.108456, "flops": 2.93644, "latency": 0.009847545623779297, "train_per_time": 49.12148770928376, "train_time_200": 9824.297541856753, "train_accuracy_200": 0.22109096902383343, "test_accuracy_200": 0.22083333305358885, "train_time_12": 589.457852511406, "train_accuracy_12": 0.11790375741821571, "test_accuracy_12": 0.12299999979654946, "valtest_accuracy_200": 0.43345, "valtest_accuracy_12": 0.2202, "proxy_losses": [8.834817886352539, 6.2121710777282715, 4.633129119873047, 3.7816991806030273, 3.1444897651672363, 2.621490955352783, 2.3667244911193848, 2.1410562992095947, 2.03328800201416, 1.9426180124282837, 1.8716411590576172, 1.8185102939605713, 1.7786892652511597, 1.7545841932296753, 1.7325626611709595, 1.710593342781067, 1.696396827697754, 1.6805593967437744, 1.6686224937438965, 1.6559667587280273, 1.6449412107467651, 1.6354331970214844, 1.6240155696868896, 1.6166542768478394, 1.6060478687286377, 1.597748041152954, 1.5917518138885498, 1.5857703685760498, 1.5747575759887695, 1.568058967590332, 1.5606540441513062, 1.5559470653533936, 1.550833821296692, 1.5441999435424805, 1.5374555587768555, 1.5322344303131104, 1.526059865951538, 1.5221924781799316, 1.5156220197677612, 1.510067343711853, 1.503871202468872, 1.4982973337173462, 1.4946898221969604, 1.4879728555679321, 1.483789086341858, 1.478499174118042, 1.47314453125, 1.4702895879745483, 1.465491771697998, 1.461219072341919], "landscape_losses": [9.0695219039917, 6.8697829246521, 5.534703731536865, 4.513001918792725, 3.65372896194458, 2.934180498123169, 2.345381498336792, 1.924101710319519, 1.6764583587646484, 1.5266062021255493, 1.4682905673980713], "proxy_train_time": 5.520896174013615, "proxy_train_epochs": 50, "dirty_bit": 1, "landscape_term": 4.151288574530195, "speed_term": 2.7250948569459994, "mote": 3.018808133148874}