{"id": 12719, "adj_matrix": [[0, 1, 1, 1], [0, 0, 1, 1], [0, 0, 0, 1], [0, 0, 0, 0]], "operations": ["skip_connect", "skip_connect", "avg_pool_3x3", "avg_pool_3x3", "nor_conv_3x3", "avg_pool_3x3"], "init_channel": 16, "blck_len": 5, "params": 0.323496, "flops": 10.800760000000002, "latency": 0.011379671096801757, "train_per_time": 47.28164728403115, "train_time_200": 9456.32945680623, "train_accuracy_200": 0.25545594375533237, "test_accuracy_200": 0.2557777773200141, "train_time_12": 567.3797674083709, "train_accuracy_12": 0.14934739618093934, "test_accuracy_12": 0.1539999998474121, "valtest_accuracy_200": 0.43736666666666674, "valtest_accuracy_12": 0.2697, "proxy_losses": [6.770210266113281, 4.148134231567383, 3.1499836444854736, 2.606820821762085, 2.266078233718872, 2.0306642055511475, 1.8937073945999146, 1.806010127067566, 1.7453306913375854, 1.6908913850784302, 1.655245065689087, 1.6255379915237427, 1.5978376865386963, 1.5746351480484009, 1.5500233173370361, 1.5302698612213135, 1.5122681856155396, 1.4948381185531616, 1.4786109924316406, 1.4634290933609009, 1.450076699256897, 1.4349757432937622, 1.4232807159423828, 1.4110310077667236, 1.3965483903884888, 1.3848717212677002, 1.372907042503357, 1.3624435663223267, 1.34859299659729, 1.341652750968933, 1.3310495615005493, 1.3230900764465332, 1.310784935951233, 1.3051090240478516, 1.2912765741348267, 1.2837625741958618, 1.277434229850769, 1.2649989128112793, 1.259826421737671, 1.2538572549819946, 1.2452647686004639, 1.235607624053955, 1.2309597730636597, 1.2231829166412354, 1.2123628854751587, 1.2072068452835083, 1.204636573791504, 1.1935843229293823, 1.1880522966384888, 1.1821160316467285], "landscape_losses": [6.893455505371094, 4.852072715759277, 3.8376989364624023, 3.064758539199829, 2.50809383392334, 2.0551717281341553, 1.7105780839920044, 1.4766377210617065, 1.3116532564163208, 1.219992995262146, 1.1855108737945557], "proxy_train_time": 5.446876275353134, "proxy_train_epochs": 50, "dirty_bit": 1, "landscape_term": 5.51071543655499, "speed_term": 3.299494560211389, "mote": 4.137854488507961}