{"id": 12767, "adj_matrix": [[0, 1, 1, 1], [0, 0, 1, 1], [0, 0, 0, 1], [0, 0, 0, 0]], "operations": ["skip_connect", "avg_pool_3x3", "skip_connect", "zeros", "nor_conv_1x1", "nor_conv_3x3"], "init_channel": 16, "blck_len": 5, "params": 0.351496, "flops": 11.7838, "latency": 0.012645443280537924, "train_per_time": 49.02435948650052, "train_time_200": 9804.871897300105, "train_accuracy_200": 0.45625796528067913, "test_accuracy_200": 0.407333333706326, "train_time_12": 588.2923138380052, "train_accuracy_12": 0.24441661173670248, "test_accuracy_12": 0.247, "valtest_accuracy_200": 0.6820333333333334, "valtest_accuracy_12": 0.46840000000000004, "proxy_losses": [2.2616875171661377, 1.941332221031189, 1.8318527936935425, 1.7545093297958374, 1.6867235898971558, 1.629210352897644, 1.582716941833496, 1.5407260656356812, 1.5010428428649902, 1.4669731855392456, 1.4336011409759521, 1.4056371450424194, 1.3771899938583374, 1.3518421649932861, 1.324695110321045, 1.3043403625488281, 1.2814019918441772, 1.258719563484192, 1.2400137186050415, 1.2270102500915527, 1.208255410194397, 1.1885287761688232, 1.1705635786056519, 1.1558353900909424, 1.1464009284973145, 1.1325254440307617, 1.117124080657959, 1.1024610996246338, 1.0874837636947632, 1.075459599494934, 1.064077615737915, 1.0543545484542847, 1.0390470027923584, 1.0292247533798218, 1.0223435163497925, 1.0112996101379395, 1.0023914575576782, 0.9910276532173157, 0.9839963912963867, 0.9668158292770386, 0.9582782983779907, 0.9495365023612976, 0.9445473551750183, 0.9345899224281311, 0.9319499731063843, 0.9248785972595215, 0.9128922820091248, 0.9046255946159363, 0.8935205936431885, 0.8845479488372803], "landscape_losses": [2.338610887527466, 2.0527184009552, 1.8742492198944092, 1.7007451057434082, 1.5342016220092773, 1.3803061246871948, 1.2455803155899048, 1.1091878414154053, 1.016553282737732, 0.9267481565475464, 0.8808427453041077], "proxy_train_time": 6.7756539061665535, "proxy_train_epochs": 50, "dirty_bit": 1, "landscape_term": 8.315003166578903, "speed_term": 5.5365868339860125, "mote": 6.5299552818478634}