{"id": 1277, "adj_matrix": [[0, 1, 1, 1], [0, 0, 1, 1], [0, 0, 0, 1], [0, 0, 0, 0]], "operations": ["skip_connect", "nor_conv_3x3", "nor_conv_3x3", "nor_conv_3x3", "zeros", "nor_conv_3x3"], "init_channel": 16, "blck_len": 5, "params": 1.052616, "flops": 37.34284, "latency": 0.023391135533650714, "train_per_time": 74.26208858505913, "train_time_200": 14852.417717011826, "train_accuracy_200": 0.4627158866320723, "test_accuracy_200": 0.39488888854980464, "train_time_12": 891.145063020706, "train_accuracy_12": 0.2030982201814494, "test_accuracy_12": 0.20433333300272621, "valtest_accuracy_200": 0.6966333333333334, "valtest_accuracy_12": 0.455, "proxy_losses": [2.12790584564209, 1.7940447330474854, 1.6574434041976929, 1.561678171157837, 1.4814250469207764, 1.404802680015564, 1.3438804149627686, 1.2912871837615967, 1.2441117763519287, 1.198163628578186, 1.1584664583206177, 1.1149718761444092, 1.082746148109436, 1.0513454675674438, 1.0140022039413452, 0.9833052754402161, 0.9567065238952637, 0.936891496181488, 0.912495493888855, 0.8823840022087097, 0.8652181625366211, 0.8489204049110413, 0.8223330974578857, 0.8093562722206116, 0.795646071434021, 0.7744353413581848, 0.7602548003196716, 0.7492093443870544, 0.7312076687812805, 0.7248931527137756, 0.7217504382133484, 0.7177953124046326, 0.6989558935165405, 0.6848392486572266, 0.6724458336830139, 0.6641495823860168, 0.6483981609344482, 0.6342393755912781, 0.6246593594551086, 0.6220057010650635, 0.6088511347770691, 0.6013807654380798, 0.6032584309577942, 0.593489944934845, 0.5815131664276123, 0.5767546892166138, 0.5598910450935364, 0.5451723337173462, 0.5356763005256653, 0.5336821675300598], "landscape_losses": [2.248652219772339, 1.9102874994277954, 1.6720064878463745, 1.4297809600830078, 1.218302845954895, 1.0373108386993408, 0.8901557326316833, 0.7562735676765442, 0.6522615551948547, 0.5704039931297302, 0.5281685590744019], "proxy_train_time": 10.024791169911623, "proxy_train_epochs": 50, "dirty_bit": 1, "landscape_term": 11.675806492898587, "speed_term": 11.014210707731566, "mote": 9.622450592537062}