{"id": 12788, "adj_matrix": [[0, 1, 1, 1], [0, 0, 1, 1], [0, 0, 0, 1], [0, 0, 0, 0]], "operations": ["skip_connect", "nor_conv_1x1", "avg_pool_3x3", "nor_conv_1x1", "avg_pool_3x3", "avg_pool_3x3"], "init_channel": 16, "blck_len": 5, "params": 0.136456, "flops": 3.91948, "latency": 0.013079627354939777, "train_per_time": 54.22573845243459, "train_time_200": 10845.147690486918, "train_accuracy_200": 0.28510656999333617, "test_accuracy_200": 0.27499999910142686, "train_time_12": 650.7088614292145, "train_accuracy_12": 0.1705339485907759, "test_accuracy_12": 0.17199999954223633, "valtest_accuracy_200": 0.5194333333333333, "valtest_accuracy_12": 0.3015, "proxy_losses": [4.577052593231201, 3.5190398693084717, 2.916581392288208, 2.5495543479919434, 2.2770981788635254, 2.0653464794158936, 1.9382648468017578, 1.862641453742981, 1.8121347427368164, 1.771872878074646, 1.7376354932785034, 1.7081900835037231, 1.6828054189682007, 1.6603673696517944, 1.6391527652740479, 1.6183971166610718, 1.600911021232605, 1.583594799041748, 1.5691261291503906, 1.552699327468872, 1.5380055904388428, 1.525724172592163, 1.5133509635925293, 1.5021321773529053, 1.4906975030899048, 1.478257656097412, 1.4714046716690063, 1.4575799703598022, 1.4510905742645264, 1.4391720294952393, 1.4313607215881348, 1.4222153425216675, 1.4144494533538818, 1.4040400981903076, 1.3976378440856934, 1.391055703163147, 1.3812960386276245, 1.3757072687149048, 1.3696141242980957, 1.3611464500427246, 1.3527802228927612, 1.3479061126708984, 1.3395434617996216, 1.3302861452102661, 1.3257285356521606, 1.3205668926239014, 1.317293643951416, 1.310210108757019, 1.3037176132202148, 1.2947911024093628], "landscape_losses": [4.656027793884277, 3.7368359565734863, 3.185453176498413, 2.7291548252105713, 2.3367512226104736, 1.9920732975006104, 1.7295597791671753, 1.5481672286987305, 1.4204012155532837, 1.3327468633651733, 1.2978404760360718], "proxy_train_time": 6.173788454383612, "proxy_train_epochs": 50, "dirty_bit": 1, "landscape_term": 5.5416304839503825, "speed_term": 3.687991541502251, "mote": 4.24778823603116}