{"id": 12807, "adj_matrix": [[0, 1, 1, 1], [0, 0, 1, 1], [0, 0, 0, 1], [0, 0, 0, 0]], "operations": ["zeros", "nor_conv_1x1", "avg_pool_3x3", "nor_conv_3x3", "nor_conv_1x1", "avg_pool_3x3"], "init_channel": 16, "blck_len": 5, "params": 0.379496, "flops": 12.76684, "latency": 0.021315240859985353, "train_per_time": 66.95857681775112, "train_time_200": 13391.715363550224, "train_accuracy_200": 0.43913645352870917, "test_accuracy_200": 0.3853333320109049, "train_time_12": 803.5029218130109, "train_accuracy_12": 0.20755438366099732, "test_accuracy_12": 0.20766666687011717, "valtest_accuracy_200": 0.66885, "valtest_accuracy_12": 0.447, "proxy_losses": [2.3268086910247803, 1.9949640035629272, 1.8555513620376587, 1.7673548460006714, 1.6999092102050781, 1.643980860710144, 1.594651460647583, 1.5550075769424438, 1.5166875123977661, 1.482720136642456, 1.4524226188659668, 1.4256099462509155, 1.3999437093734741, 1.373721957206726, 1.3467719554901123, 1.3209106922149658, 1.2976118326187134, 1.2769966125488281, 1.2541611194610596, 1.2324188947677612, 1.2120856046676636, 1.193411946296692, 1.1789119243621826, 1.1572355031967163, 1.1426007747650146, 1.1244590282440186, 1.103713035583496, 1.083925485610962, 1.0728929042816162, 1.0587044954299927, 1.047458529472351, 1.0364168882369995, 1.0144084692001343, 1.0050281286239624, 0.9935822486877441, 0.9801250100135803, 0.9724921584129333, 0.9601953029632568, 0.947199821472168, 0.933599591255188, 0.9305419921875, 0.9222529530525208, 0.910800576210022, 0.8986508846282959, 0.8887035250663757, 0.8747482299804688, 0.8745323419570923, 0.8665902614593506, 0.8564406037330627, 0.8489882946014404], "landscape_losses": [2.4244093894958496, 2.1238608360290527, 1.9030663967132568, 1.7105580568313599, 1.5322409868240356, 1.3653806447982788, 1.226803183555603, 1.0970635414123535, 0.9882103800773621, 0.889762818813324, 0.8468988537788391], "proxy_train_time": 8.609138643369079, "proxy_train_epochs": 50, "dirty_bit": 1, "landscape_term": 8.421674606891585, "speed_term": 7.067225339456262, "mote": 6.878245891563366}