{"id": 12834, "adj_matrix": [[0, 1, 1, 1], [0, 0, 1, 1], [0, 0, 0, 1], [0, 0, 0, 0]], "operations": ["zeros", "nor_conv_1x1", "zeros", "avg_pool_3x3", "zeros", "skip_connect"], "init_channel": 16, "blck_len": 5, "params": 0.108456, "flops": 2.93644, "latency": 0.012898015975952148, "train_per_time": 35.177561290741075, "train_time_200": 7035.512258148215, "train_accuracy_200": 0.35911997363418047, "test_accuracy_200": 0.3301666660054525, "train_time_12": 422.13073548889173, "train_accuracy_12": 0.229901120639366, "test_accuracy_12": 0.22833333318074545, "valtest_accuracy_200": 0.6353, "valtest_accuracy_12": 0.4251, "proxy_losses": [2.5924296379089355, 2.2745821475982666, 2.1021931171417236, 1.9973267316818237, 1.921770691871643, 1.8661484718322754, 1.8236814737319946, 1.7906594276428223, 1.7587493658065796, 1.7297804355621338, 1.708124041557312, 1.6858943700790405, 1.6669902801513672, 1.6503368616104126, 1.6348416805267334, 1.6186153888702393, 1.6055903434753418, 1.5923677682876587, 1.5789190530776978, 1.5656371116638184, 1.5535632371902466, 1.5406696796417236, 1.5291508436203003, 1.5169947147369385, 1.5061933994293213, 1.497234582901001, 1.4867528676986694, 1.4757003784179688, 1.4670629501342773, 1.456899642944336, 1.4450502395629883, 1.435926079750061, 1.4253017902374268, 1.413947582244873, 1.4041297435760498, 1.3969777822494507, 1.3845854997634888, 1.3768969774246216, 1.367391586303711, 1.35929536819458, 1.3511813879013062, 1.3457660675048828, 1.3375966548919678, 1.329054832458496, 1.32096266746521, 1.3112021684646606, 1.3060767650604248, 1.3002381324768066, 1.2942043542861938, 1.2877588272094727], "landscape_losses": [2.6462461948394775, 2.3619372844696045, 2.168473958969116, 1.99356210231781, 1.8455302715301514, 1.7168033123016357, 1.5967705249786377, 1.4864089488983154, 1.3962429761886597, 1.3179090023040771, 1.282178282737732], "proxy_train_time": 6.09782300516963, "proxy_train_epochs": 50, "dirty_bit": 1, "landscape_term": 6.442305739361248, "speed_term": 3.8894929609261455, "mote": 4.922578638592285}