{"id": 12859, "adj_matrix": [[0, 1, 1, 1], [0, 0, 1, 1], [0, 0, 0, 1], [0, 0, 0, 0]], "operations": ["avg_pool_3x3", "zeros", "avg_pool_3x3", "zeros", "skip_connect", "zeros"], "init_channel": 16, "blck_len": 5, "params": 0.080456, "flops": 1.9534, "latency": 0.009467673301696778, "train_per_time": 30.65347180271147, "train_time_200": 6130.694360542294, "train_accuracy_200": 0.16909360580570065, "test_accuracy_200": 0.15399999977111817, "train_time_12": 367.8416616325378, "train_accuracy_12": 0.12773895847393482, "test_accuracy_12": 0.12199999954223634, "valtest_accuracy_200": 0.46314999999999995, "valtest_accuracy_12": 0.2981, "proxy_losses": [2.3750925064086914, 2.279031753540039, 2.207432508468628, 2.1494827270507812, 2.10105299949646, 2.0577852725982666, 2.0234434604644775, 1.9942477941513062, 1.9683572053909302, 1.946801781654358, 1.9274797439575195, 1.9101759195327759, 1.8957397937774658, 1.8818907737731934, 1.869935393333435, 1.8585445880889893, 1.8477715253829956, 1.8385266065597534, 1.8302075862884521, 1.8214120864868164, 1.8144431114196777, 1.807207465171814, 1.8008663654327393, 1.7946168184280396, 1.789188027381897, 1.7838804721832275, 1.778141975402832, 1.7732644081115723, 1.7699435949325562, 1.765232801437378, 1.760430097579956, 1.7572418451309204, 1.7529245615005493, 1.7497225999832153, 1.7466119527816772, 1.7431367635726929, 1.7393137216567993, 1.735577940940857, 1.7334357500076294, 1.7295892238616943, 1.726839303970337, 1.724707841873169, 1.7221269607543945, 1.718798041343689, 1.7159377336502075, 1.7143476009368896, 1.7110674381256104, 1.709092378616333, 1.7079849243164062, 1.7052934169769287], "landscape_losses": [2.391998529434204, 2.2807765007019043, 2.1720926761627197, 2.062863349914551, 1.964872121810913, 1.8807201385498047, 1.8182373046875, 1.7692281007766724, 1.739215612411499, 1.7164682149887085, 1.703003168106079], "proxy_train_time": 6.155544204637408, "proxy_train_epochs": 50, "dirty_bit": 1, "landscape_term": 5.702269305484324, "speed_term": 3.3357822803366317, "mote": 4.2815752548552135}