{"id": 12893, "adj_matrix": [[0, 1, 1, 1], [0, 0, 1, 1], [0, 0, 0, 1], [0, 0, 0, 0]], "operations": ["nor_conv_1x1", "skip_connect", "nor_conv_1x1", "avg_pool_3x3", "nor_conv_1x1", "zeros"], "init_channel": 16, "blck_len": 5, "params": 0.164456, "flops": 4.90252, "latency": 0.016132378578186037, "train_per_time": 55.97980502661081, "train_time_200": 11195.961005322162, "train_accuracy_200": 0.41441990772063747, "test_accuracy_200": 0.35866666648864753, "train_time_12": 671.7576603193284, "train_accuracy_12": 0.24609096902031294, "test_accuracy_12": 0.234666666208903, "valtest_accuracy_200": 0.6477, "valtest_accuracy_12": 0.442, "proxy_losses": [3.6028308868408203, 3.010207176208496, 2.6619198322296143, 2.4379537105560303, 2.271324872970581, 2.144076108932495, 2.0441629886627197, 1.969398856163025, 1.913816213607788, 1.869202733039856, 1.835922122001648, 1.805153727531433, 1.77725350856781, 1.7523621320724487, 1.7284088134765625, 1.7066888809204102, 1.6855422258377075, 1.6674774885177612, 1.6470320224761963, 1.6285979747772217, 1.6132558584213257, 1.592856764793396, 1.5773324966430664, 1.5610309839248657, 1.5457857847213745, 1.531968593597412, 1.5199683904647827, 1.5040417909622192, 1.4906529188156128, 1.4782010316848755, 1.4664795398712158, 1.4535014629364014, 1.441584587097168, 1.4300739765167236, 1.4153391122817993, 1.4034695625305176, 1.3918708562850952, 1.3830912113189697, 1.3716741800308228, 1.3623872995376587, 1.348162055015564, 1.3375239372253418, 1.325388789176941, 1.3160258531570435, 1.3066949844360352, 1.3015551567077637, 1.2886074781417847, 1.2796255350112915, 1.2721660137176514, 1.264119029045105], "landscape_losses": [3.6921257972717285, 3.0964090824127197, 2.6736152172088623, 2.337907314300537, 2.045769214630127, 1.8106664419174194, 1.6164206266403198, 1.4701098203659058, 1.3643977642059326, 1.2957072257995605, 1.2537190914154053], "proxy_train_time": 7.729513258673251, "proxy_train_epochs": 50, "dirty_bit": 1, "landscape_term": 6.037858672184566, "speed_term": 4.615529366811276, "mote": 4.793751692393715}