{"id": 12902, "adj_matrix": [[0, 1, 1, 1], [0, 0, 1, 1], [0, 0, 0, 1], [0, 0, 0, 0]], "operations": ["skip_connect", "avg_pool_3x3", "avg_pool_3x3", "avg_pool_3x3", "skip_connect", "skip_connect"], "init_channel": 16, "blck_len": 5, "params": 0.080456, "flops": 1.9534, "latency": 0.008251492182413736, "train_per_time": 32.313398241837675, "train_time_200": 6462.679648367535, "train_accuracy_200": 0.12123049879440813, "test_accuracy_200": 0.12433333333333335, "train_time_12": 387.7607789020539, "train_accuracy_12": 0.07524060646137597, "test_accuracy_12": 0.059999999923706054, "valtest_accuracy_200": 0.10723333333333335, "valtest_accuracy_12": 0.096, "proxy_losses": [12.974245071411133, 10.196538925170898, 8.0117769241333, 6.357341289520264, 4.888927936553955, 3.760875701904297, 3.1412196159362793, 2.863816499710083, 2.637253522872925, 2.3962178230285645, 2.245887517929077, 2.155256748199463, 2.0724129676818848, 2.008526563644409, 1.959671139717102, 1.922765851020813, 1.88850736618042, 1.8603882789611816, 1.8399293422698975, 1.8178941011428833, 1.8017181158065796, 1.7857179641723633, 1.7710773944854736, 1.7597031593322754, 1.747087836265564, 1.7352665662765503, 1.723612666130066, 1.7137433290481567, 1.7045717239379883, 1.6944628953933716, 1.6884535551071167, 1.6762866973876953, 1.6694295406341553, 1.6607393026351929, 1.6522715091705322, 1.6456001996994019, 1.638390064239502, 1.631435751914978, 1.625789999961853, 1.6215119361877441, 1.6152617931365967, 1.610111117362976, 1.6025974750518799, 1.5977905988693237, 1.5932512283325195, 1.5892832279205322, 1.5861932039260864, 1.5825296640396118, 1.5795695781707764, 1.5748969316482544], "landscape_losses": [13.31756591796875, 10.7304105758667, 8.880287170410156, 7.3180928230285645, 5.893917560577393, 4.605165004730225, 3.5431718826293945, 2.684457778930664, 2.0392088890075684, 1.693016767501831, 1.6155372858047485], "proxy_train_time": 2.8685956271365285, "proxy_train_epochs": 50, "dirty_bit": 1, "landscape_term": 3.159137064585514, "speed_term": 1.130456014150046, "mote": 1.8131357990960286}