{"id": 12926, "adj_matrix": [[0, 1, 1, 1], [0, 0, 1, 1], [0, 0, 0, 1], [0, 0, 0, 0]], "operations": ["avg_pool_3x3", "zeros", "nor_conv_1x1", "nor_conv_1x1", "nor_conv_3x3", "nor_conv_3x3"], "init_channel": 16, "blck_len": 5, "params": 0.622536, "flops": 21.6142, "latency": 0.01830286979675293, "train_per_time": 74.62324971342069, "train_time_200": 14924.649942684138, "train_accuracy_200": 0.4501351351456966, "test_accuracy_200": 0.40383333190917964, "train_time_12": 895.4789965610502, "train_accuracy_12": 0.19560975609756098, "test_accuracy_12": 0.19399999944051108, "valtest_accuracy_200": 0.6781999999999999, "valtest_accuracy_12": 0.3546, "proxy_losses": [2.415496587753296, 1.917406678199768, 1.748179316520691, 1.6497820615768433, 1.572879433631897, 1.5163546800613403, 1.4682437181472778, 1.4245529174804688, 1.3858977556228638, 1.3479163646697998, 1.313056230545044, 1.280318260192871, 1.2487949132919312, 1.2235521078109741, 1.1937748193740845, 1.17148756980896, 1.1444027423858643, 1.121543049812317, 1.099132776260376, 1.0809040069580078, 1.0604976415634155, 1.041401982307434, 1.0246808528900146, 1.0116060972213745, 1.0026507377624512, 0.9915719628334045, 0.9693635702133179, 0.9557609558105469, 0.9380521774291992, 0.930885374546051, 0.9195092916488647, 0.9009653329849243, 0.8921411037445068, 0.8812262415885925, 0.8677683472633362, 0.8625051975250244, 0.8561926484107971, 0.8465827107429504, 0.8381824493408203, 0.8232216835021973, 0.8190830945968628, 0.8064301013946533, 0.7940004467964172, 0.7883152365684509, 0.7786597013473511, 0.7733597159385681, 0.7751487493515015, 0.7684004902839661, 0.7592896223068237, 0.7506935596466064], "landscape_losses": [2.5555944442749023, 2.1123499870300293, 1.8707504272460938, 1.6648255586624146, 1.470618724822998, 1.305277943611145, 1.140165090560913, 1.0032507181167603, 0.8912289142608643, 0.7958581447601318, 0.7411003708839417], "proxy_train_time": 9.639032384380698, "proxy_train_epochs": 50, "dirty_bit": 1, "landscape_term": 9.047741612406279, "speed_term": 8.802476195603834, "mote": 7.5814270639125585}