{"id": 12965, "adj_matrix": [[0, 1, 1, 1], [0, 0, 1, 1], [0, 0, 0, 1], [0, 0, 0, 0]], "operations": ["nor_conv_3x3", "nor_conv_3x3", "avg_pool_3x3", "nor_conv_3x3", "avg_pool_3x3", "zeros"], "init_channel": 16, "blck_len": 5, "params": 0.809576, "flops": 28.49548, "latency": 0.014506030082702636, "train_per_time": 73.86394979564325, "train_time_200": 14772.78995912865, "train_accuracy_200": 0.44252801582824264, "test_accuracy_200": 0.391, "train_time_12": 886.3673975477221, "train_accuracy_12": 0.18740936057707472, "test_accuracy_12": 0.20333333267211912, "valtest_accuracy_200": 0.67235, "valtest_accuracy_12": 0.4238, "proxy_losses": [2.1658389568328857, 1.8037363290786743, 1.684436559677124, 1.601626992225647, 1.5350233316421509, 1.4835933446884155, 1.4446122646331787, 1.4067373275756836, 1.371621012687683, 1.3406518697738647, 1.3131414651870728, 1.2864240407943726, 1.2666488885879517, 1.245113730430603, 1.215920329093933, 1.1958215236663818, 1.1771862506866455, 1.1613528728485107, 1.142271876335144, 1.1229037046432495, 1.1010769605636597, 1.0842081308364868, 1.07002854347229, 1.0546859502792358, 1.03712797164917, 1.0209931135177612, 1.0026136636734009, 0.9928143620491028, 0.9771910905838013, 0.9643121361732483, 0.9554122090339661, 0.9450221657752991, 0.9352756142616272, 0.9144335985183716, 0.916331946849823, 0.9057713150978088, 0.8994273543357849, 0.8824548125267029, 0.8779844641685486, 0.874401867389679, 0.8528621196746826, 0.8428788185119629, 0.8386660218238831, 0.8260526657104492, 0.8257129788398743, 0.8183373212814331, 0.8088117837905884, 0.7967198491096497, 0.7944670915603638, 0.7835207581520081], "landscape_losses": [2.25289249420166, 1.9307931661605835, 1.748186707496643, 1.5719151496887207, 1.4240354299545288, 1.287511944770813, 1.1711280345916748, 1.0544096231460571, 0.9287386536598206, 0.8404472470283508, 0.7900843620300293], "proxy_train_time": 9.075214735232294, "proxy_train_epochs": 50, "dirty_bit": 1, "landscape_term": 8.98344025915525, "speed_term": 8.166413843491034, "mote": 7.436312154973892}