{"id": 13001, "adj_matrix": [[0, 1, 1, 1], [0, 0, 1, 1], [0, 0, 0, 1], [0, 0, 0, 0]], "operations": ["nor_conv_1x1", "skip_connect", "avg_pool_3x3", "zeros", "skip_connect", "zeros"], "init_channel": 16, "blck_len": 5, "params": 0.108456, "flops": 2.93644, "latency": 0.010770750045776368, "train_per_time": 35.274105398734505, "train_time_200": 7054.821079746901, "train_accuracy_200": 0.34062623601270964, "test_accuracy_200": 0.32299999969482424, "train_time_12": 423.28926478481304, "train_accuracy_12": 0.21761371128431808, "test_accuracy_12": 0.2280000001525879, "valtest_accuracy_200": 0.62035, "valtest_accuracy_12": 0.4071, "proxy_losses": [2.3421359062194824, 2.192204713821411, 2.112241506576538, 2.056779384613037, 2.0062921047210693, 1.96146559715271, 1.9225043058395386, 1.8880115747451782, 1.8547669649124146, 1.8225889205932617, 1.7943007946014404, 1.7678792476654053, 1.7429730892181396, 1.720566749572754, 1.702760934829712, 1.682799220085144, 1.6657675504684448, 1.6499394178390503, 1.6341222524642944, 1.6184732913970947, 1.6033027172088623, 1.5904736518859863, 1.57710862159729, 1.5669853687286377, 1.5508695840835571, 1.5399402379989624, 1.5272923707962036, 1.516505241394043, 1.504714012145996, 1.4935007095336914, 1.4824841022491455, 1.4729231595993042, 1.4623113870620728, 1.4521468877792358, 1.4407111406326294, 1.4297900199890137, 1.4196628332138062, 1.4110088348388672, 1.4000047445297241, 1.3902180194854736, 1.3804501295089722, 1.370903491973877, 1.3649392127990723, 1.3549286127090454, 1.3426916599273682, 1.3325564861297607, 1.3251326084136963, 1.3163599967956543, 1.3090397119522095, 1.3027217388153076], "landscape_losses": [2.3692922592163086, 2.2140800952911377, 2.0804684162139893, 1.9463428258895874, 1.8199800252914429, 1.6978474855422974, 1.5903804302215576, 1.487727403640747, 1.4086166620254517, 1.3376623392105103, 1.2931272983551025], "proxy_train_time": 5.783412187360227, "proxy_train_epochs": 50, "dirty_bit": 1, "landscape_term": 6.538359289685085, "speed_term": 3.5979806758553137, "mote": 4.924731322288381}