{"id": 13050, "adj_matrix": [[0, 1, 1, 1], [0, 0, 1, 1], [0, 0, 0, 1], [0, 0, 0, 0]], "operations": ["avg_pool_3x3", "avg_pool_3x3", "avg_pool_3x3", "skip_connect", "skip_connect", "zeros"], "init_channel": 16, "blck_len": 5, "params": 0.080456, "flops": 1.9534, "latency": 0.007892179489135741, "train_per_time": 35.27762744816138, "train_time_200": 7055.525489632277, "train_accuracy_200": 0.21326631509910385, "test_accuracy_200": 0.2109999999745687, "train_time_12": 423.33152937793744, "train_accuracy_12": 0.13489123269837391, "test_accuracy_12": 0.13800000010172528, "valtest_accuracy_200": 0.5081, "valtest_accuracy_12": 0.2616, "proxy_losses": [3.570063352584839, 2.956906795501709, 2.5932061672210693, 2.345797538757324, 2.1746928691864014, 2.055047035217285, 1.9648953676223755, 1.9002083539962769, 1.8465853929519653, 1.8099638223648071, 1.7848800420761108, 1.7659908533096313, 1.7507342100143433, 1.7374101877212524, 1.7261874675750732, 1.7133066654205322, 1.7051178216934204, 1.6954792737960815, 1.6871494054794312, 1.6798365116119385, 1.6731683015823364, 1.6669833660125732, 1.6607534885406494, 1.656838059425354, 1.6514484882354736, 1.6466941833496094, 1.6415789127349854, 1.639504313468933, 1.6348798274993896, 1.6312285661697388, 1.6260871887207031, 1.623619556427002, 1.6183803081512451, 1.6158298254013062, 1.6127170324325562, 1.6091384887695312, 1.605379581451416, 1.6018040180206299, 1.5983412265777588, 1.5966237783432007, 1.5925507545471191, 1.5889989137649536, 1.5865169763565063, 1.5832852125167847, 1.5800195932388306, 1.5771843194961548, 1.5738152265548706, 1.5714976787567139, 1.5687068700790405, 1.56659996509552], "landscape_losses": [3.6385042667388916, 3.0764424800872803, 2.7348711490631104, 2.4515364170074463, 2.2198729515075684, 2.0087180137634277, 1.8405510187149048, 1.719040036201477, 1.6336716413497925, 1.5844084024429321, 1.5668246746063232], "proxy_train_time": 4.584119401872158, "proxy_train_epochs": 50, "dirty_bit": 1, "landscape_term": 5.328288159357468, "speed_term": 2.579300012319936, "mote": 3.8337808174370624}