{"id": 13090, "adj_matrix": [[0, 1, 1, 1], [0, 0, 1, 1], [0, 0, 0, 1], [0, 0, 0, 0]], "operations": ["zeros", "skip_connect", "skip_connect", "nor_conv_1x1", "nor_conv_1x1", "nor_conv_1x1"], "init_channel": 16, "blck_len": 5, "params": 0.164456, "flops": 4.90252, "latency": 0.013892579078674316, "train_per_time": 50.999403979619466, "train_time_200": 10199.880795923893, "train_accuracy_200": 0.34417930126906854, "test_accuracy_200": 0.32833333241780593, "train_time_12": 611.9928477554321, "train_accuracy_12": 0.21909030982654346, "test_accuracy_12": 0.23300000020345052, "valtest_accuracy_200": 0.6265, "valtest_accuracy_12": 0.4075, "proxy_losses": [2.3160970211029053, 2.081667900085449, 1.9662660360336304, 1.888323426246643, 1.8313082456588745, 1.7843406200408936, 1.7444058656692505, 1.7102681398391724, 1.6775790452957153, 1.6507068872451782, 1.627076506614685, 1.6063685417175293, 1.5855859518051147, 1.5683856010437012, 1.550628423690796, 1.5342689752578735, 1.5212986469268799, 1.5063462257385254, 1.492114543914795, 1.4771138429641724, 1.4643113613128662, 1.4516371488571167, 1.4370977878570557, 1.4236928224563599, 1.4135828018188477, 1.3989226818084717, 1.3902935981750488, 1.383815884590149, 1.366661787033081, 1.355640172958374, 1.343442440032959, 1.3343675136566162, 1.3233397006988525, 1.313171148300171, 1.3029290437698364, 1.2927658557891846, 1.282852292060852, 1.2740432024002075, 1.2667369842529297, 1.2573282718658447, 1.246155858039856, 1.2384635210037231, 1.2303712368011475, 1.2265514135360718, 1.2158362865447998, 1.2041510343551636, 1.198476791381836, 1.1912438869476318, 1.1837573051452637, 1.1808241605758667], "landscape_losses": [2.3699233531951904, 2.162618637084961, 1.9980342388153076, 1.858112096786499, 1.7292171716690063, 1.6049755811691284, 1.4853687286376953, 1.3744462728500366, 1.280822992324829, 1.2094119787216187, 1.1762384176254272], "proxy_train_time": 7.170118394307792, "proxy_train_epochs": 50, "dirty_bit": 1, "landscape_term": 6.982951461182192, "speed_term": 4.890098688327458, "mote": 5.503023633673645}