{"id": 13111, "adj_matrix": [[0, 1, 1, 1], [0, 0, 1, 1], [0, 0, 0, 1], [0, 0, 0, 0]], "operations": ["nor_conv_1x1", "nor_conv_3x3", "avg_pool_3x3", "nor_conv_1x1", "nor_conv_1x1", "nor_conv_3x3"], "init_channel": 16, "blck_len": 5, "params": 0.650536, "flops": 22.59724, "latency": 0.018918228149414063, "train_per_time": 86.01222524825755, "train_time_200": 17202.44504965151, "train_accuracy_200": 0.554739617686564, "test_accuracy_200": 0.45016666692097984, "train_time_12": 1032.146702979088, "train_accuracy_12": 0.27059327620604984, "test_accuracy_12": 0.26566666666666666, "valtest_accuracy_200": 0.701, "valtest_accuracy_12": 0.4893, "proxy_losses": [2.2925989627838135, 1.9008523225784302, 1.7419214248657227, 1.6230493783950806, 1.5429788827896118, 1.4737892150878906, 1.4196034669876099, 1.3676345348358154, 1.321652889251709, 1.2791650295257568, 1.241029143333435, 1.2045191526412964, 1.1748310327529907, 1.1469192504882812, 1.1182525157928467, 1.0862292051315308, 1.060191035270691, 1.033477544784546, 1.008901596069336, 0.9887207746505737, 0.9728425741195679, 0.951011061668396, 0.9276511669158936, 0.9010181427001953, 0.8791326880455017, 0.8690977692604065, 0.8493986129760742, 0.8431571125984192, 0.8271499276161194, 0.8112541437149048, 0.7980236411094666, 0.7806571125984192, 0.766838014125824, 0.752267062664032, 0.7538170218467712, 0.7306951880455017, 0.7194201946258545, 0.7142478227615356, 0.7050793170928955, 0.6904573440551758, 0.6860187649726868, 0.672264039516449, 0.6619967818260193, 0.6610393524169922, 0.6453984379768372, 0.6347498893737793, 0.6311774253845215, 0.6273383498191833, 0.6263088583946228, 0.6232873201370239], "landscape_losses": [2.4043314456939697, 2.0393693447113037, 1.7918468713760376, 1.5930372476577759, 1.4013328552246094, 1.222620964050293, 1.0720359086990356, 0.9304873943328857, 0.8010028600692749, 0.6819232702255249, 0.6320037841796875], "proxy_train_time": 10.462443836964667, "proxy_train_epochs": 50, "dirty_bit": 1, "landscape_term": 9.928254933936868, "speed_term": 10.517320587220926, "mote": 8.422748926625333}