{"id": 13116, "adj_matrix": [[0, 1, 1, 1], [0, 0, 1, 1], [0, 0, 0, 1], [0, 0, 0, 0]], "operations": ["nor_conv_3x3", "skip_connect", "zeros", "avg_pool_3x3", "zeros", "skip_connect"], "init_channel": 16, "blck_len": 5, "params": 0.323496, "flops": 10.80076, "latency": 0.01425156593322754, "train_per_time": 37.7038321985403, "train_time_200": 7540.76643970806, "train_accuracy_200": 0.21221489782867736, "test_accuracy_200": 0.2113333334350586, "train_time_12": 452.4459863824843, "train_accuracy_12": 0.1358932102839571, "test_accuracy_12": 0.14400000010172526, "valtest_accuracy_200": 0.51055, "valtest_accuracy_12": 0.258, "proxy_losses": [3.9893336296081543, 3.3863625526428223, 2.947624921798706, 2.6624348163604736, 2.4449002742767334, 2.26198148727417, 2.1289610862731934, 2.0381505489349365, 1.972702980041504, 1.9215630292892456, 1.88335120677948, 1.855285882949829, 1.8322736024856567, 1.813476800918579, 1.7983287572860718, 1.7840476036071777, 1.7725425958633423, 1.7624844312667847, 1.7548424005508423, 1.7480263710021973, 1.740479826927185, 1.7321937084197998, 1.7275500297546387, 1.721144199371338, 1.7158151865005493, 1.7111138105392456, 1.707699179649353, 1.7010396718978882, 1.6976300477981567, 1.6926217079162598, 1.6888195276260376, 1.6850429773330688, 1.6795892715454102, 1.675818920135498, 1.6719239950180054, 1.668187141418457, 1.6647839546203613, 1.6597445011138916, 1.6571201086044312, 1.653916835784912, 1.6493443250656128, 1.646114468574524, 1.642064094543457, 1.640005111694336, 1.6348764896392822, 1.633121371269226, 1.627819299697876, 1.62545645236969, 1.6218397617340088, 1.6193329095840454], "landscape_losses": [4.044365406036377, 3.460885524749756, 3.0590648651123047, 2.7212514877319336, 2.4207088947296143, 2.1666762828826904, 1.9493579864501953, 1.793809413909912, 1.6943585872650146, 1.638547420501709, 1.6198244094848633], "proxy_train_time": 5.811062156222761, "proxy_train_epochs": 50, "dirty_bit": 1, "landscape_term": 4.993518364455957, "speed_term": 3.092606432820127, "mote": 3.7205673784743296}