{"id": 13237, "adj_matrix": [[0, 1, 1, 1], [0, 0, 1, 1], [0, 0, 0, 1], [0, 0, 0, 0]], "operations": ["nor_conv_1x1", "nor_conv_1x1", "nor_conv_1x1", "nor_conv_3x3", "skip_connect", "nor_conv_3x3"], "init_channel": 16, "blck_len": 5, "params": 0.650536, "flops": 22.59724, "latency": 0.018937230110168457, "train_per_time": 78.65729944395981, "train_time_200": 15731.459888791962, "train_accuracy_200": 0.5425708635640757, "test_accuracy_200": 0.44699999877929686, "train_time_12": 943.887593327522, "train_accuracy_12": 0.2633684904436729, "test_accuracy_12": 0.2646666664632161, "valtest_accuracy_200": 0.70005, "valtest_accuracy_12": 0.4915, "proxy_losses": [2.328007221221924, 1.843626618385315, 1.68739652633667, 1.596282958984375, 1.5267688035964966, 1.4692174196243286, 1.4227889776229858, 1.3731378316879272, 1.3330751657485962, 1.2937748432159424, 1.262233853340149, 1.230580449104309, 1.1976747512817383, 1.1668363809585571, 1.143414855003357, 1.1183520555496216, 1.0902012586593628, 1.0648242235183716, 1.0501312017440796, 1.0294945240020752, 1.0123212337493896, 0.9948053956031799, 0.9754794836044312, 0.9535675048828125, 0.938359260559082, 0.9299524426460266, 0.911233127117157, 0.8953982591629028, 0.8822335004806519, 0.8725908398628235, 0.8655692338943481, 0.8536235094070435, 0.8403494954109192, 0.8221964836120605, 0.8100278377532959, 0.8011621832847595, 0.7930592894554138, 0.7795522809028625, 0.7717113494873047, 0.7677783966064453, 0.7557204365730286, 0.7441545128822327, 0.7376976609230042, 0.7319628000259399, 0.720706045627594, 0.7151920199394226, 0.7022335529327393, 0.6933209896087646, 0.6818298697471619, 0.6733824014663696], "landscape_losses": [2.4421112537384033, 2.004605770111084, 1.7631677389144897, 1.5509986877441406, 1.37062406539917, 1.2144476175308228, 1.0504980087280273, 0.9181234240531921, 0.7985198497772217, 0.7082061767578125, 0.667658805847168], "proxy_train_time": 9.977674367837608, "proxy_train_epochs": 50, "dirty_bit": 1, "landscape_term": 9.876467973170191, "speed_term": 9.620746349065467, "mote": 8.253501892208062}