{"id": 1323, "adj_matrix": [[0, 1, 1, 1], [0, 0, 1, 1], [0, 0, 0, 1], [0, 0, 0, 0]], "operations": ["nor_conv_1x1", "nor_conv_1x1", "avg_pool_3x3", "zeros", "zeros", "zeros"], "init_channel": 16, "blck_len": 5, "params": 0.136456, "flops": 3.91948, "latency": 0.015022198359171549, "train_per_time": 47.536061886628694, "train_time_200": 9507.212377325739, "train_accuracy_200": 0.008569545155675876, "test_accuracy_200": 0.008333333324856229, "train_time_12": 570.4327426395417, "train_accuracy_12": 0.008457481874127724, "test_accuracy_12": 0.008333333333333333, "valtest_accuracy_200": 0.01, "valtest_accuracy_12": 0.01, "proxy_losses": [2.302628755569458, 2.3025970458984375, 2.302600383758545, 2.302595615386963, 2.302593469619751, 2.302595615386963, 2.3025918006896973, 2.3025927543640137, 2.3025906085968018, 2.30259108543396, 2.302598714828491, 2.3025922775268555, 2.3025898933410645, 2.3025946617126465, 2.30259108543396, 2.3025925159454346, 2.3025922775268555, 2.3025944232940674, 2.3025918006896973, 2.3025922775268555, 2.30259370803833, 2.3025918006896973, 2.302598237991333, 2.30259108543396, 2.3025929927825928, 2.3025944232940674, 2.3025949001312256, 2.3025901317596436, 2.3025972843170166, 2.3025894165039062, 2.3025918006896973, 2.3025922775268555, 2.3025896549224854, 2.3025922775268555, 2.3025922775268555, 2.3025925159454346, 2.3025927543640137, 2.3025929927825928, 2.3025901317596436, 2.302591323852539, 2.302593469619751, 2.3025944232940674, 2.302593469619751, 2.3025918006896973, 2.3025906085968018, 2.30259108543396, 2.302597761154175, 2.3025898933410645, 2.3025901317596436, 2.3025941848754883], "landscape_losses": [2.3025965690612793, 2.3025922775268555, 2.302593946456909, 2.3025918006896973, 2.302596092224121, 2.3025896549224854, 2.302591323852539, 2.302597999572754, 2.3025965690612793, 2.302593469619751, 2.3025944232940674], "proxy_train_time": 7.696112205274403, "proxy_train_epochs": 50, "dirty_bit": 1, "landscape_term": 4.777220797574193, "speed_term": 3.342366543664246, "mote": 3.6231876001447074}