{"id": 13379, "adj_matrix": [[0, 1, 1, 1], [0, 0, 1, 1], [0, 0, 0, 1], [0, 0, 0, 0]], "operations": ["nor_conv_1x1", "skip_connect", "avg_pool_3x3", "nor_conv_3x3", "skip_connect", "nor_conv_3x3"], "init_channel": 16, "blck_len": 5, "params": 0.594536, "flops": 20.63116, "latency": 0.020218324661254884, "train_per_time": 62.929514185746804, "train_time_200": 12585.90283714936, "train_accuracy_200": 0.5011700725356765, "test_accuracy_200": 0.4219999989827474, "train_time_12": 755.1541702289579, "train_accuracy_12": 0.26290046143604096, "test_accuracy_12": 0.26566666646321613, "valtest_accuracy_200": 0.68105, "valtest_accuracy_12": 0.5132, "proxy_losses": [2.4705891609191895, 1.9389948844909668, 1.7601492404937744, 1.646527886390686, 1.5634878873825073, 1.504231572151184, 1.4507498741149902, 1.404005765914917, 1.3670673370361328, 1.3293925523757935, 1.2969261407852173, 1.2661683559417725, 1.2322888374328613, 1.208417534828186, 1.1801508665084839, 1.157586693763733, 1.130172610282898, 1.1097896099090576, 1.0915735960006714, 1.074358344078064, 1.0503085851669312, 1.0328888893127441, 1.0281941890716553, 1.0189480781555176, 1.0037963390350342, 0.9898966550827026, 0.9698787331581116, 0.9558806419372559, 0.940489649772644, 0.9374129176139832, 0.9288798570632935, 0.9144701957702637, 0.9054099321365356, 0.8898031115531921, 0.8779155015945435, 0.8692729473114014, 0.8595209717750549, 0.8502532243728638, 0.8395501971244812, 0.8324110507965088, 0.8284727334976196, 0.8169681429862976, 0.8142036199569702, 0.7993549704551697, 0.8038025498390198, 0.7848013639450073, 0.7725068926811218, 0.7651359438896179, 0.7589929699897766, 0.750554621219635], "landscape_losses": [2.611971855163574, 2.1401071548461914, 1.8648724555969238, 1.635042667388916, 1.4324983358383179, 1.2687586545944214, 1.1062122583389282, 0.9775584936141968, 0.8619078993797302, 0.7853134870529175, 0.7535646557807922], "proxy_train_time": 7.989318238571286, "proxy_train_epochs": 50, "dirty_bit": 1, "landscape_term": 9.171768509370956, "speed_term": 7.293169962715907, "mote": 7.4146763259499835}