{"id": 13414, "adj_matrix": [[0, 1, 1, 1], [0, 0, 1, 1], [0, 0, 0, 1], [0, 0, 0, 0]], "operations": ["nor_conv_3x3", "zeros", "skip_connect", "avg_pool_3x3", "nor_conv_1x1", "zeros"], "init_channel": 16, "blck_len": 5, "params": 0.351496, "flops": 11.7838, "latency": 0.014539408683776855, "train_per_time": 49.03771383349097, "train_time_200": 9807.542766698194, "train_accuracy_200": 0.48170731708373216, "test_accuracy_200": 0.392666665242513, "train_time_12": 588.452566001892, "train_accuracy_12": 0.27890573501938964, "test_accuracy_12": 0.2686666663614909, "valtest_accuracy_200": 0.67215, "valtest_accuracy_12": 0.4878, "proxy_losses": [2.7176461219787598, 2.1997509002685547, 1.956223487854004, 1.814481258392334, 1.7190656661987305, 1.6506787538528442, 1.5937834978103638, 1.5468389987945557, 1.507644534111023, 1.4713695049285889, 1.4359694719314575, 1.4067522287368774, 1.3781683444976807, 1.3556510210037231, 1.3278567790985107, 1.307218313217163, 1.2820414304733276, 1.260605812072754, 1.2366740703582764, 1.2213656902313232, 1.2060458660125732, 1.1819323301315308, 1.1677145957946777, 1.1462671756744385, 1.1305994987487793, 1.1175482273101807, 1.0984808206558228, 1.0861308574676514, 1.0745477676391602, 1.0590217113494873, 1.046677589416504, 1.0421695709228516, 1.0318814516067505, 1.0210390090942383, 1.0052134990692139, 0.9907064437866211, 0.9800972938537598, 0.9727105498313904, 0.9635614156723022, 0.9607521295547485, 0.9435034990310669, 0.9271330237388611, 0.911378026008606, 0.906061053276062, 0.8898006081581116, 0.8823991417884827, 0.8738366961479187, 0.8602650165557861, 0.8591833710670471, 0.8426848649978638], "landscape_losses": [2.8465464115142822, 2.3735578060150146, 2.0483314990997314, 1.7853429317474365, 1.5713976621627808, 1.383892297744751, 1.2185815572738647, 1.1075117588043213, 0.9812106490135193, 0.898094117641449, 0.845139741897583], "proxy_train_time": 7.456745777279139, "proxy_train_epochs": 50, "dirty_bit": 1, "landscape_term": 8.219311470998212, "speed_term": 6.055588165352528, "mote": 6.56281191687763}