{"id": 13431, "adj_matrix": [[0, 1, 1, 1], [0, 0, 1, 1], [0, 0, 0, 1], [0, 0, 0, 0]], "operations": ["nor_conv_3x3", "skip_connect", "skip_connect", "nor_conv_1x1", "nor_conv_3x3", "nor_conv_3x3"], "init_channel": 16, "blck_len": 5, "params": 0.837576, "flops": 29.47852, "latency": 0.019025611877441406, "train_per_time": 69.88742554624876, "train_time_200": 13977.485109249754, "train_accuracy_200": 0.5795748187483182, "test_accuracy_200": 0.44966666585286463, "train_time_12": 838.6491065549852, "train_accuracy_12": 0.28030323006133934, "test_accuracy_12": 0.28566666605631513, "valtest_accuracy_200": 0.7031000000000001, "valtest_accuracy_12": 0.4965, "proxy_losses": [2.384387731552124, 1.8308038711547852, 1.6406044960021973, 1.5321911573410034, 1.465897798538208, 1.4154003858566284, 1.3677911758422852, 1.3249459266662598, 1.293711543083191, 1.252571702003479, 1.2193151712417603, 1.1889156103134155, 1.1591953039169312, 1.1249595880508423, 1.0893460512161255, 1.0621557235717773, 1.032288670539856, 1.0097335577011108, 0.9792819619178772, 0.9597784876823425, 0.9317750930786133, 0.9147842526435852, 0.8908477425575256, 0.8690952062606812, 0.8515557646751404, 0.830955445766449, 0.8174729943275452, 0.8105250000953674, 0.7868005633354187, 0.7725945115089417, 0.7589156627655029, 0.7449944615364075, 0.726898729801178, 0.7177775502204895, 0.7058234810829163, 0.69430011510849, 0.6854720711708069, 0.6863493919372559, 0.6783123016357422, 0.6691631078720093, 0.645576536655426, 0.629934549331665, 0.6286591291427612, 0.6314874291419983, 0.6067633628845215, 0.6009388566017151, 0.5955260992050171, 0.5904256105422974, 0.5881505012512207, 0.5795539021492004], "landscape_losses": [2.5223569869995117, 2.0131824016571045, 1.712034821510315, 1.4770883321762085, 1.2722421884536743, 1.103356122970581, 0.9546980261802673, 0.8165125846862793, 0.7116841077804565, 0.613541305065155, 0.5824462175369263], "proxy_train_time": 9.160611610859632, "proxy_train_epochs": 50, "dirty_bit": 1, "landscape_term": 10.870697089651596, "speed_term": 9.547334940598757, "mote": 8.886686671609958}