{"id": 13468, "adj_matrix": [[0, 1, 1, 1], [0, 0, 1, 1], [0, 0, 0, 1], [0, 0, 0, 0]], "operations": ["zeros", "skip_connect", "nor_conv_1x1", "nor_conv_1x1", "avg_pool_3x3", "nor_conv_1x1"], "init_channel": 16, "blck_len": 5, "params": 0.164456, "flops": 4.90252, "latency": 0.019523358345031737, "train_per_time": 57.21343026590334, "train_time_200": 11442.686053180669, "train_accuracy_200": 0.35705009887961864, "test_accuracy_200": 0.337166666208903, "train_time_12": 686.5611631908419, "train_accuracy_12": 0.21390243902791073, "test_accuracy_12": 0.2176666662597656, "valtest_accuracy_200": 0.635, "valtest_accuracy_12": 0.4131, "proxy_losses": [2.573751449584961, 2.2684853076934814, 2.097384452819824, 1.9937593936920166, 1.9133408069610596, 1.8480980396270752, 1.7943264245986938, 1.7533999681472778, 1.719384789466858, 1.690773844718933, 1.6632285118103027, 1.6409437656402588, 1.6187562942504883, 1.597021222114563, 1.5771211385726929, 1.5595182180404663, 1.543439269065857, 1.5270204544067383, 1.5123356580734253, 1.4966239929199219, 1.4840041399002075, 1.47081458568573, 1.4583795070648193, 1.4456679821014404, 1.4329279661178589, 1.421829104423523, 1.4096884727478027, 1.4004539251327515, 1.3880397081375122, 1.3792387247085571, 1.3656156063079834, 1.3565138578414917, 1.3461613655090332, 1.3358453512191772, 1.3286340236663818, 1.3193926811218262, 1.3101613521575928, 1.3003551959991455, 1.2945311069488525, 1.2810343503952026, 1.2729253768920898, 1.2685151100158691, 1.2611099481582642, 1.250386118888855, 1.2424893379211426, 1.2336769104003906, 1.2280632257461548, 1.220902919769287, 1.212734580039978, 1.2066261768341064], "landscape_losses": [2.6261725425720215, 2.3466062545776367, 2.1382343769073486, 1.9475300312042236, 1.7846007347106934, 1.6434574127197266, 1.5113956928253174, 1.402825951576233, 1.3068050146102905, 1.237253189086914, 1.1993988752365112], "proxy_train_time": 7.70271831844002, "proxy_train_epochs": 50, "dirty_bit": 1, "landscape_term": 6.738603867710719, "speed_term": 5.113638827487645, "mote": 5.379348180110291}