{"id": 13502, "adj_matrix": [[0, 1, 1, 1], [0, 0, 1, 1], [0, 0, 0, 1], [0, 0, 0, 0]], "operations": ["skip_connect", "avg_pool_3x3", "nor_conv_1x1", "zeros", "zeros", "avg_pool_3x3"], "init_channel": 16, "blck_len": 5, "params": 0.108456, "flops": 2.9364399999999997, "latency": 0.011109137535095214, "train_per_time": 40.19754687476148, "train_time_200": 8039.509374952296, "train_accuracy_200": 0.28863107009783756, "test_accuracy_200": 0.2606666663106283, "train_time_12": 482.37056249713913, "train_accuracy_12": 0.170072511543973, "test_accuracy_12": 0.17099999933878582, "valtest_accuracy_200": 0.5672333333333333, "valtest_accuracy_12": 0.3395, "proxy_losses": [2.7002670764923096, 2.334285259246826, 2.121981382369995, 1.995587944984436, 1.9125423431396484, 1.851958990097046, 1.809374213218689, 1.7749007940292358, 1.7500568628311157, 1.723508358001709, 1.702148199081421, 1.6803429126739502, 1.6597148180007935, 1.6405086517333984, 1.6221808195114136, 1.6042554378509521, 1.5865087509155273, 1.5707805156707764, 1.5515791177749634, 1.5379718542099, 1.5223302841186523, 1.5072072744369507, 1.4933604001998901, 1.482726812362671, 1.4686076641082764, 1.454941749572754, 1.446135401725769, 1.4296931028366089, 1.4185574054718018, 1.4087589979171753, 1.3942015171051025, 1.3824478387832642, 1.373849868774414, 1.3666335344314575, 1.35172438621521, 1.3443489074707031, 1.3332421779632568, 1.3236244916915894, 1.3146331310272217, 1.3071389198303223, 1.302291750907898, 1.2923630475997925, 1.2871015071868896, 1.2767900228500366, 1.2644966840744019, 1.2570090293884277, 1.2513564825057983, 1.24250328540802, 1.239229440689087, 1.2378733158111572], "landscape_losses": [2.767740249633789, 2.4603774547576904, 2.2548158168792725, 2.066526412963867, 1.9085320234298706, 1.7391332387924194, 1.5827223062515259, 1.4534564018249512, 1.3608006238937378, 1.2723006010055542, 1.2327780723571777], "proxy_train_time": 5.343903006985784, "proxy_train_epochs": 50, "dirty_bit": 1, "landscape_term": 6.445961489148859, "speed_term": 3.4743248426603786, "mote": 4.832889740530119}