{"id": 13505, "adj_matrix": [[0, 1, 1, 1], [0, 0, 1, 1], [0, 0, 0, 1], [0, 0, 0, 0]], "operations": ["zeros", "nor_conv_3x3", "nor_conv_3x3", "zeros", "avg_pool_3x3", "avg_pool_3x3"], "init_channel": 16, "blck_len": 5, "params": 0.566536, "flops": 19.64812, "latency": 0.015017318725585937, "train_per_time": 60.59179083029445, "train_time_200": 12118.35816605889, "train_accuracy_200": 0.22470995385755263, "test_accuracy_200": 0.21599999928792316, "train_time_12": 727.1014899635314, "train_accuracy_12": 0.12502307185384892, "test_accuracy_12": 0.11999999969482422, "valtest_accuracy_200": 0.6085, "valtest_accuracy_12": 0.2747, "proxy_losses": [2.1457059383392334, 1.9110333919525146, 1.810723066329956, 1.743186116218567, 1.693069338798523, 1.6501036882400513, 1.6089659929275513, 1.5696884393692017, 1.5319616794586182, 1.4943034648895264, 1.4599987268447876, 1.4247863292694092, 1.3934177160263062, 1.3616162538528442, 1.3323677778244019, 1.3038396835327148, 1.2754069566726685, 1.2457510232925415, 1.2228310108184814, 1.1998851299285889, 1.1790379285812378, 1.158787488937378, 1.148780107498169, 1.1227532625198364, 1.1038484573364258, 1.083918571472168, 1.0705971717834473, 1.060863733291626, 1.0385850667953491, 1.0266362428665161, 1.0082906484603882, 0.996701180934906, 0.9885133504867554, 0.977746307849884, 0.9623313546180725, 0.9477702379226685, 0.940177321434021, 0.9290387630462646, 0.921542763710022, 0.9121362566947937, 0.9030823111534119, 0.9003052711486816, 0.882861316204071, 0.8737956285476685, 0.8730672001838684, 0.866308867931366, 0.8508678674697876, 0.8404273390769958, 0.8359217047691345, 0.8228006958961487], "landscape_losses": [2.2255136966705322, 1.997470736503601, 1.824888825416565, 1.6687853336334229, 1.5281418561935425, 1.3861929178237915, 1.2358120679855347, 1.1007779836654663, 0.9796969890594482, 0.8765009641647339, 0.8297024369239807], "proxy_train_time": 8.170072300359607, "proxy_train_epochs": 50, "dirty_bit": 1, "landscape_term": 8.557482353267096, "speed_term": 6.853381907468792, "mote": 6.931568826221542}