{"id": 13571, "adj_matrix": [[0, 1, 1, 1], [0, 0, 1, 1], [0, 0, 0, 1], [0, 0, 0, 0]], "operations": ["nor_conv_1x1", "avg_pool_3x3", "zeros", "avg_pool_3x3", "nor_conv_3x3", "nor_conv_3x3"], "init_channel": 16, "blck_len": 5, "params": 0.594536, "flops": 20.63116, "latency": 0.01729140281677246, "train_per_time": 69.00276048898726, "train_time_200": 13800.552097797454, "train_accuracy_200": 0.4752471984154155, "test_accuracy_200": 0.38983333338419596, "train_time_12": 828.0331258678435, "train_accuracy_12": 0.25714568227215984, "test_accuracy_12": 0.2499999995422363, "valtest_accuracy_200": 0.66305, "valtest_accuracy_12": 0.4485, "proxy_losses": [2.5831949710845947, 1.9305541515350342, 1.7100943326950073, 1.5916569232940674, 1.5192508697509766, 1.4573405981063843, 1.4113463163375854, 1.3734480142593384, 1.3327925205230713, 1.3023489713668823, 1.2698006629943848, 1.2448792457580566, 1.2218025922775269, 1.1951982975006104, 1.1717880964279175, 1.1476361751556396, 1.127845048904419, 1.105878233909607, 1.0859378576278687, 1.0732427835464478, 1.0576086044311523, 1.0336817502975464, 1.0238583087921143, 1.0117870569229126, 1.0017783641815186, 0.9871735572814941, 0.977691113948822, 0.959037721157074, 0.9464161992073059, 0.9258977770805359, 0.9108464121818542, 0.894471287727356, 0.8798536062240601, 0.8788288235664368, 0.8731808662414551, 0.8551531434059143, 0.8415459990501404, 0.8303308486938477, 0.8145707845687866, 0.8047547936439514, 0.797982931137085, 0.7950766086578369, 0.7801276445388794, 0.7710591554641724, 0.7660468816757202, 0.7570828795433044, 0.7399560809135437, 0.7364081740379333, 0.7308110594749451, 0.7284420728683472], "landscape_losses": [2.728501081466675, 2.189661979675293, 1.8454943895339966, 1.6065138578414917, 1.4226912260055542, 1.2788786888122559, 1.1183639764785767, 0.9836234450340271, 0.863478422164917, 0.7684680819511414, 0.7228937149047852], "proxy_train_time": 8.799262219108641, "proxy_train_epochs": 50, "dirty_bit": 1, "landscape_term": 9.22588581864511, "speed_term": 8.152371965106356, "mote": 7.594060915257959}