{"id": 13585, "adj_matrix": [[0, 1, 1, 1], [0, 0, 1, 1], [0, 0, 0, 1], [0, 0, 0, 0]], "operations": ["nor_conv_3x3", "zeros", "skip_connect", "skip_connect", "nor_conv_3x3", "nor_conv_3x3"], "init_channel": 16, "blck_len": 5, "params": 0.809576, "flops": 28.49548, "latency": 0.013652658462524414, "train_per_time": 60.4900394806065, "train_time_200": 12098.0078961213, "train_accuracy_200": 0.5846572182139207, "test_accuracy_200": 0.43749999913533527, "train_time_12": 725.8804737672805, "train_accuracy_12": 0.35912326963521496, "test_accuracy_12": 0.33933333221435547, "valtest_accuracy_200": 0.7042500000000002, "valtest_accuracy_12": 0.5871, "proxy_losses": [2.1296393871307373, 1.67203950881958, 1.5224666595458984, 1.4315913915634155, 1.3556492328643799, 1.2977746725082397, 1.243329405784607, 1.1873764991760254, 1.141169548034668, 1.1029945611953735, 1.0729007720947266, 1.0396382808685303, 1.0106064081192017, 0.9770605564117432, 0.9564113020896912, 0.9267099499702454, 0.9038394689559937, 0.8857946991920471, 0.8715980648994446, 0.8454680442810059, 0.8409028053283691, 0.8236439228057861, 0.8092213869094849, 0.7930307388305664, 0.7862005233764648, 0.7746797800064087, 0.7547337412834167, 0.7355437874794006, 0.7353934645652771, 0.7209868431091309, 0.7096912860870361, 0.697003185749054, 0.687536895275116, 0.6818398237228394, 0.6730074286460876, 0.6594628095626831, 0.6449229121208191, 0.6357573866844177, 0.6244567632675171, 0.6242274641990662, 0.627807080745697, 0.6013206243515015, 0.6030830144882202, 0.6087192296981812, 0.5873475074768066, 0.5794470906257629, 0.5660775303840637, 0.5593848824501038, 0.5438061356544495, 0.5353243947029114], "landscape_losses": [2.2303073406219482, 1.8170974254608154, 1.5780200958251953, 1.3968453407287598, 1.2092467546463013, 1.049438238143921, 0.8940609097480774, 0.7820973992347717, 0.684969425201416, 0.593696117401123, 0.5448639392852783], "proxy_train_time": 8.56206733174622, "proxy_train_epochs": 50, "dirty_bit": 1, "landscape_term": 11.504861412364638, "speed_term": 9.774357680620946, "mote": 9.328269533287466}