{"id": 13594, "adj_matrix": [[0, 1, 1, 1], [0, 0, 1, 1], [0, 0, 0, 1], [0, 0, 0, 0]], "operations": ["nor_conv_3x3", "nor_conv_1x1", "nor_conv_1x1", "nor_conv_3x3", "skip_connect", "skip_connect"], "init_channel": 16, "blck_len": 5, "params": 0.622536, "flops": 21.6142, "latency": 0.016505622863769533, "train_per_time": 67.15324943757022, "train_time_200": 13430.649887514046, "train_accuracy_200": 0.530933860702699, "test_accuracy_200": 0.4369999992879232, "train_time_12": 805.838993250847, "train_accuracy_12": 0.2647132498502889, "test_accuracy_12": 0.271, "valtest_accuracy_200": 0.6929666666666666, "valtest_accuracy_12": 0.49420000000000003, "proxy_losses": [2.1779379844665527, 1.7855808734893799, 1.6620267629623413, 1.5654563903808594, 1.4900777339935303, 1.427748680114746, 1.3715300559997559, 1.3225547075271606, 1.2801402807235718, 1.2406169176101685, 1.2044752836227417, 1.174136757850647, 1.1477034091949463, 1.123474359512329, 1.1043992042541504, 1.0769572257995605, 1.05573570728302, 1.0354125499725342, 1.013688564300537, 0.9950312376022339, 0.9834669232368469, 0.9669510722160339, 0.9557645320892334, 0.9342445135116577, 0.9177160859107971, 0.9082936644554138, 0.892505943775177, 0.8741115927696228, 0.8594787120819092, 0.8485300540924072, 0.8398648500442505, 0.8265159130096436, 0.8175250291824341, 0.8139345645904541, 0.8091168999671936, 0.7962680459022522, 0.7834458351135254, 0.7771019339561462, 0.7637141942977905, 0.7673011422157288, 0.751608669757843, 0.7443675994873047, 0.7243208289146423, 0.7142524123191833, 0.7212055921554565, 0.710075855255127, 0.7048618197441101, 0.709968090057373, 0.7041624188423157, 0.6882849335670471], "landscape_losses": [2.2610344886779785, 1.935583233833313, 1.7077325582504272, 1.5103551149368286, 1.320701241493225, 1.1661704778671265, 1.011204481124878, 0.8942127823829651, 0.7919423580169678, 0.7189086675643921, 0.6801005005836487], "proxy_train_time": 8.464367982000113, "proxy_train_epochs": 50, "dirty_bit": 1, "landscape_term": 10.052572472875376, "speed_term": 8.37001375286888, "mote": 8.170937743232674}