{"id": 13617, "adj_matrix": [[0, 1, 1, 1], [0, 0, 1, 1], [0, 0, 0, 1], [0, 0, 0, 0]], "operations": ["zeros", "nor_conv_1x1", "nor_conv_3x3", "nor_conv_3x3", "avg_pool_3x3", "avg_pool_3x3"], "init_channel": 16, "blck_len": 5, "params": 0.594536, "flops": 20.63116, "latency": 0.01749722957611084, "train_per_time": 70.29578652532878, "train_time_200": 14059.157305065757, "train_accuracy_200": 0.43809822017239675, "test_accuracy_200": 0.38599999969482424, "train_time_12": 843.5494383039473, "train_accuracy_12": 0.20528675017385162, "test_accuracy_12": 0.20633333318074545, "valtest_accuracy_200": 0.67375, "valtest_accuracy_12": 0.442, "proxy_losses": [2.3343892097473145, 1.9885985851287842, 1.8523319959640503, 1.761230230331421, 1.6927001476287842, 1.6402312517166138, 1.5917943716049194, 1.550874948501587, 1.5132226943969727, 1.4755513668060303, 1.4461473226547241, 1.4141579866409302, 1.3879907131195068, 1.360336184501648, 1.3378657102584839, 1.3120125532150269, 1.291565179824829, 1.2759554386138916, 1.2496341466903687, 1.2335025072097778, 1.2140076160430908, 1.195065975189209, 1.1824482679367065, 1.162795066833496, 1.143619179725647, 1.1220906972885132, 1.1108156442642212, 1.0964980125427246, 1.0828591585159302, 1.0736744403839111, 1.0634715557098389, 1.0528401136398315, 1.0418745279312134, 1.029891848564148, 1.0122908353805542, 1.0064784288406372, 0.9887906312942505, 0.9790719747543335, 0.9711025357246399, 0.9575143456459045, 0.9519274234771729, 0.9413496851921082, 0.9292370080947876, 0.9272251725196838, 0.9100148677825928, 0.9094839692115784, 0.9042561650276184, 0.8770198225975037, 0.8769537210464478, 0.8727570176124573], "landscape_losses": [2.4217772483825684, 2.1174888610839844, 1.9166905879974365, 1.7383917570114136, 1.569133996963501, 1.4113399982452393, 1.2599276304244995, 1.139318823814392, 1.0356251001358032, 0.9288405179977417, 0.864585280418396], "proxy_train_time": 8.90710976626724, "proxy_train_epochs": 50, "dirty_bit": 1, "landscape_term": 8.198244230914337, "speed_term": 7.265473399311628, "mote": 6.762966516065745}