{"id": 13633, "adj_matrix": [[0, 1, 1, 1], [0, 0, 1, 1], [0, 0, 0, 1], [0, 0, 0, 0]], "operations": ["skip_connect", "skip_connect", "avg_pool_3x3", "skip_connect", "avg_pool_3x3", "zeros"], "init_channel": 16, "blck_len": 5, "params": 0.080456, "flops": 1.9534, "latency": 0.009871745109558105, "train_per_time": 28.57289711697898, "train_time_200": 5714.579423395796, "train_accuracy_200": 0.212961986380141, "test_accuracy_200": 0.2102222219848633, "train_time_12": 342.8747654037477, "train_accuracy_12": 0.13489123269837391, "test_accuracy_12": 0.13800000010172528, "valtest_accuracy_200": 0.5060666666666667, "valtest_accuracy_12": 0.2616, "proxy_losses": [3.1030287742614746, 2.6263582706451416, 2.3672096729278564, 2.215679407119751, 2.093478202819824, 2.018447160720825, 1.9656275510787964, 1.9243123531341553, 1.888027548789978, 1.855317234992981, 1.828840970993042, 1.8029426336288452, 1.7839168310165405, 1.7664259672164917, 1.7510722875595093, 1.7363529205322266, 1.7239328622817993, 1.7127236127853394, 1.7026095390319824, 1.6932398080825806, 1.6838568449020386, 1.6767510175704956, 1.6696019172668457, 1.6628886461257935, 1.655011773109436, 1.6495709419250488, 1.6419166326522827, 1.6370739936828613, 1.631666660308838, 1.6253173351287842, 1.6212036609649658, 1.616285800933838, 1.6114352941513062, 1.6067570447921753, 1.602834701538086, 1.5980443954467773, 1.593491792678833, 1.5902354717254639, 1.5874356031417847, 1.583449363708496, 1.5804367065429688, 1.5765303373336792, 1.5717110633850098, 1.5692050457000732, 1.5656392574310303, 1.5636374950408936, 1.558443307876587, 1.5560632944107056, 1.5528345108032227, 1.5496717691421509], "landscape_losses": [3.1551737785339355, 2.748903274536133, 2.4806604385375977, 2.257803440093994, 2.0830862522125244, 1.9203250408172607, 1.794076919555664, 1.6996078491210938, 1.6204891204833984, 1.573317527770996, 1.548767328262329], "proxy_train_time": 4.049251472577453, "proxy_train_epochs": 50, "dirty_bit": 1, "landscape_term": 5.5716828471383755, "speed_term": 2.3073040466023724, "mote": 3.9357314555389045}