{"id": 13719, "adj_matrix": [[0, 1, 1, 1], [0, 0, 1, 1], [0, 0, 0, 1], [0, 0, 0, 0]], "operations": ["skip_connect", "nor_conv_1x1", "nor_conv_3x3", "nor_conv_1x1", "zeros", "avg_pool_3x3"], "init_channel": 16, "blck_len": 5, "params": 0.379496, "flops": 12.76684, "latency": 0.014823206265767415, "train_per_time": 60.24344948442754, "train_time_200": 12048.68989688551, "train_accuracy_200": 0.4336321687527789, "test_accuracy_200": 0.38755555484347876, "train_time_12": 722.921393813133, "train_accuracy_12": 0.21744232038021402, "test_accuracy_12": 0.22200000030517578, "valtest_accuracy_200": 0.6722000000000001, "valtest_accuracy_12": 0.3986, "proxy_losses": [2.281069755554199, 1.9241642951965332, 1.8066316843032837, 1.7373056411743164, 1.6732261180877686, 1.6229275465011597, 1.5780478715896606, 1.5374817848205566, 1.5033990144729614, 1.47173011302948, 1.4378368854522705, 1.4049047231674194, 1.3750838041305542, 1.344882607460022, 1.3224939107894897, 1.303062915802002, 1.2796217203140259, 1.2501994371414185, 1.2260178327560425, 1.2128958702087402, 1.1888986825942993, 1.171433925628662, 1.1500036716461182, 1.1334201097488403, 1.1258050203323364, 1.1182512044906616, 1.100661277770996, 1.0893828868865967, 1.079789638519287, 1.0645835399627686, 1.0450479984283447, 1.0356738567352295, 1.0250767469406128, 1.0185036659240723, 1.0100512504577637, 1.0015101432800293, 0.9917082190513611, 0.981505274772644, 0.9726080298423767, 0.9771854281425476, 0.9711767435073853, 0.9812633991241455, 0.9531748294830322, 0.9335487484931946, 0.9296876788139343, 0.917855441570282, 0.9088878631591797, 0.8997393846511841, 0.8898281455039978, 0.8864111304283142], "landscape_losses": [2.3861758708953857, 2.0584604740142822, 1.8701692819595337, 1.6973390579223633, 1.5349549055099487, 1.3925457000732422, 1.249725341796875, 1.108552098274231, 1.0087379217147827, 0.9212588667869568, 0.8893426656723022], "proxy_train_time": 8.210898467339575, "proxy_train_epochs": 50, "dirty_bit": 1, "landscape_term": 8.301831592486808, "speed_term": 6.747316742923819, "mote": 6.742352341879044}