{"id": 13808, "adj_matrix": [[0, 1, 1, 1], [0, 0, 1, 1], [0, 0, 0, 1], [0, 0, 0, 0]], "operations": ["avg_pool_3x3", "avg_pool_3x3", "nor_conv_3x3", "skip_connect", "avg_pool_3x3", "nor_conv_1x1"], "init_channel": 16, "blck_len": 5, "params": 0.351496, "flops": 11.7838, "latency": 0.013755337397257488, "train_per_time": 59.73342359741534, "train_time_200": 11946.684719483068, "train_accuracy_200": 0.24343441002053026, "test_accuracy_200": 0.23933333314683705, "train_time_12": 716.8010831689832, "train_accuracy_12": 0.16274225445208615, "test_accuracy_12": 0.1633333329772949, "valtest_accuracy_200": 0.5339, "valtest_accuracy_12": 0.3073, "proxy_losses": [3.631742238998413, 2.6108171939849854, 2.1840429306030273, 1.9612553119659424, 1.8211872577667236, 1.7384113073349, 1.6765666007995605, 1.6311734914779663, 1.5955382585525513, 1.5600860118865967, 1.5276046991348267, 1.497909426689148, 1.4687824249267578, 1.441610336303711, 1.4160720109939575, 1.391118049621582, 1.3691554069519043, 1.3490965366363525, 1.3285648822784424, 1.3093490600585938, 1.289206624031067, 1.2749961614608765, 1.2587639093399048, 1.2403950691223145, 1.2227872610092163, 1.2112149000167847, 1.1985125541687012, 1.17879056930542, 1.1756610870361328, 1.1598727703094482, 1.1446092128753662, 1.1303857564926147, 1.1171318292617798, 1.1056040525436401, 1.1000217199325562, 1.0856518745422363, 1.0726510286331177, 1.0686591863632202, 1.0579880475997925, 1.0397558212280273, 1.0428582429885864, 1.0316699743270874, 1.0237947702407837, 1.016268014907837, 1.0066083669662476, 0.9929892420768738, 0.981741189956665, 0.9779551029205322, 0.9740025401115417, 0.9652509689331055], "landscape_losses": [3.8127617835998535, 3.0120885372161865, 2.550776481628418, 2.1894888877868652, 1.9101109504699707, 1.6649181842803955, 1.4830976724624634, 1.3164631128311157, 1.1821231842041016, 1.0433255434036255, 0.9682127833366394], "proxy_train_time": 6.800711441785097, "proxy_train_epochs": 50, "dirty_bit": 1, "landscape_term": 6.838313108236566, "speed_term": 5.025957324441649, "mote": 5.430705161372513}