{"id": 13949, "adj_matrix": [[0, 1, 1, 1], [0, 0, 1, 1], [0, 0, 0, 1], [0, 0, 0, 0]], "operations": ["avg_pool_3x3", "nor_conv_1x1", "avg_pool_3x3", "skip_connect", "nor_conv_1x1", "zeros"], "init_channel": 16, "blck_len": 5, "params": 0.136456, "flops": 3.91948, "latency": 0.01226036548614502, "train_per_time": 52.48218618559821, "train_time_200": 10496.437237119642, "train_accuracy_200": 0.33012964184684984, "test_accuracy_200": 0.3096666665479872, "train_time_12": 629.7862342271806, "train_accuracy_12": 0.23556361238885729, "test_accuracy_12": 0.24366666666666667, "valtest_accuracy_200": 0.6255666666666667, "valtest_accuracy_12": 0.4618, "proxy_losses": [2.741018295288086, 2.3463315963745117, 2.151721954345703, 2.0330421924591064, 1.945829153060913, 1.8910741806030273, 1.8464523553848267, 1.8128007650375366, 1.782958984375, 1.760071873664856, 1.7370749711990356, 1.718265175819397, 1.6980522871017456, 1.6803230047225952, 1.6644822359085083, 1.6479617357254028, 1.6340668201446533, 1.618954062461853, 1.6055527925491333, 1.590283751487732, 1.579333782196045, 1.5645726919174194, 1.5513054132461548, 1.5390126705169678, 1.5273724794387817, 1.5144168138504028, 1.5030574798583984, 1.4911916255950928, 1.4801207780838013, 1.4665356874465942, 1.4558730125427246, 1.4454690217971802, 1.435370922088623, 1.4233101606369019, 1.4135301113128662, 1.40407133102417, 1.3946380615234375, 1.3837454319000244, 1.375015377998352, 1.3649828433990479, 1.356387734413147, 1.348603367805481, 1.3436099290847778, 1.3362932205200195, 1.3217726945877075, 1.3145191669464111, 1.3056398630142212, 1.3007409572601318, 1.2928260564804077, 1.2913767099380493], "landscape_losses": [2.8001973628997803, 2.4506726264953613, 2.2315077781677246, 2.047905683517456, 1.8874609470367432, 1.7488692998886108, 1.6161231994628906, 1.4956140518188477, 1.3920279741287231, 1.317453384399414, 1.2797648906707764], "proxy_train_time": 7.336416150443256, "proxy_train_epochs": 50, "dirty_bit": 1, "landscape_term": 6.34940689942235, "speed_term": 4.618105585844116, "mote": 5.01134175059808}