{"id": 14003, "adj_matrix": [[0, 1, 1, 1], [0, 0, 1, 1], [0, 0, 0, 1], [0, 0, 0, 0]], "operations": ["avg_pool_3x3", "zeros", "nor_conv_1x1", "nor_conv_3x3", "nor_conv_1x1", "nor_conv_1x1"], "init_channel": 16, "blck_len": 5, "params": 0.407496, "flops": 13.74988, "latency": 0.017040300369262695, "train_per_time": 71.91393133600519, "train_time_200": 14382.786267201038, "train_accuracy_200": 0.43850692155922255, "test_accuracy_200": 0.39066666636149094, "train_time_12": 862.967176032066, "train_accuracy_12": 0.17957811470258053, "test_accuracy_12": 0.18566666641235352, "valtest_accuracy_200": 0.67875, "valtest_accuracy_12": 0.3492, "proxy_losses": [2.2660465240478516, 1.879392147064209, 1.7433133125305176, 1.6501597166061401, 1.5790656805038452, 1.5194947719573975, 1.4717313051223755, 1.4291881322860718, 1.39411461353302, 1.3610904216766357, 1.329561710357666, 1.3032691478729248, 1.275815725326538, 1.2545270919799805, 1.229980230331421, 1.2096529006958008, 1.1949390172958374, 1.1792794466018677, 1.1571506261825562, 1.137393593788147, 1.1176106929779053, 1.1053158044815063, 1.0915690660476685, 1.0760846138000488, 1.0647855997085571, 1.0492658615112305, 1.0347909927368164, 1.0226483345031738, 1.0113813877105713, 1.0062857866287231, 0.9993292689323425, 0.985398530960083, 0.9814292788505554, 0.9598211646080017, 0.9536246061325073, 0.9359281063079834, 0.9240632057189941, 0.9217371344566345, 0.9073179960250854, 0.9027349352836609, 0.8902608156204224, 0.883677065372467, 0.8728749752044678, 0.8724799752235413, 0.8620703816413879, 0.8606619834899902, 0.8583845496177673, 0.8489745259284973, 0.8306523561477661, 0.8236558437347412], "landscape_losses": [2.371375799179077, 2.0551860332489014, 1.826289415359497, 1.6375806331634521, 1.4808146953582764, 1.3212876319885254, 1.1939860582351685, 1.0911859273910522, 0.9638343453407288, 0.8671890497207642, 0.8125468492507935], "proxy_train_time": 9.284752695821226, "proxy_train_epochs": 50, "dirty_bit": 1, "landscape_term": 8.673963671738171, "speed_term": 8.113208481407053, "mote": 7.222412216378686}