{"id": 14017, "adj_matrix": [[0, 1, 1, 1], [0, 0, 1, 1], [0, 0, 0, 1], [0, 0, 0, 0]], "operations": ["zeros", "zeros", "skip_connect", "zeros", "nor_conv_3x3", "nor_conv_3x3"], "init_channel": 16, "blck_len": 5, "params": 0.566536, "flops": 19.64812, "latency": 0.0134810209274292, "train_per_time": 46.51178917495415, "train_time_200": 9302.357834990831, "train_accuracy_200": 0.008569545155005309, "test_accuracy_200": 0.008333333324856229, "train_time_12": 558.141470099449, "train_accuracy_12": 0.008345418589462477, "test_accuracy_12": 0.008333333333333333, "valtest_accuracy_200": 0.01, "valtest_accuracy_12": 0.01, "proxy_losses": [2.302618980407715, 2.302603006362915, 2.3025925159454346, 2.302593469619751, 2.3025922775268555, 2.302595615386963, 2.302591323852539, 2.3025894165039062, 2.302593469619751, 2.302597999572754, 2.302596092224121, 2.302593469619751, 2.3025944232940674, 2.3025965690612793, 2.3025929927825928, 2.3025941848754883, 2.3025922775268555, 2.3025896549224854, 2.302591323852539, 2.3025944232940674, 2.3025946617126465, 2.3025929927825928, 2.302593231201172, 2.3025896549224854, 2.3025922775268555, 2.3025946617126465, 2.3025922775268555, 2.302598714828491, 2.3025994300842285, 2.3025968074798584, 2.3025927543640137, 2.3025898933410645, 2.3025944232940674, 2.302593946456909, 2.30259370803833, 2.302589178085327, 2.3025879859924316, 2.3025906085968018, 2.3025918006896973, 2.3025925159454346, 2.3025927543640137, 2.3025949001312256, 2.302593469619751, 2.302593469619751, 2.30259370803833, 2.302589178085327, 2.3025906085968018, 2.3025920391082764, 2.3025944232940674, 2.30259108543396], "landscape_losses": [2.3025922775268555, 2.3025941848754883, 2.3025925159454346, 2.302591323852539, 2.3025927543640137, 2.302589178085327, 2.302595615386963, 2.302597761154175, 2.3025925159454346, 2.302595615386963, 2.3025949001312256], "proxy_train_time": 7.470774405635893, "proxy_train_epochs": 50, "dirty_bit": 1, "landscape_term": 4.777221831841763, "speed_term": 3.2445038128930457, "mote": 3.600507467630315}