{"id": 14031, "adj_matrix": [[0, 1, 1, 1], [0, 0, 1, 1], [0, 0, 0, 1], [0, 0, 0, 0]], "operations": ["nor_conv_3x3", "nor_conv_3x3", "avg_pool_3x3", "avg_pool_3x3", "nor_conv_1x1", "skip_connect"], "init_channel": 16, "blck_len": 5, "params": 0.594536, "flops": 20.63116, "latency": 0.013180398941040039, "train_per_time": 67.53053394254076, "train_time_200": 13506.10678850815, "train_accuracy_200": 0.4953427818167579, "test_accuracy_200": 0.40183333211263017, "train_time_12": 810.3664073104859, "train_accuracy_12": 0.2681081081060964, "test_accuracy_12": 0.2513333334350586, "valtest_accuracy_200": 0.67935, "valtest_accuracy_12": 0.4582, "proxy_losses": [2.2835335731506348, 1.8476734161376953, 1.717281699180603, 1.613877773284912, 1.540480136871338, 1.4744396209716797, 1.416833758354187, 1.3718472719192505, 1.3313844203948975, 1.2943414449691772, 1.2594795227050781, 1.230400800704956, 1.2049918174743652, 1.1816673278808594, 1.1604466438293457, 1.1360833644866943, 1.1233075857162476, 1.101941466331482, 1.084891438484192, 1.0672138929367065, 1.0589200258255005, 1.035966157913208, 1.020961046218872, 1.0013412237167358, 0.993790328502655, 0.9840669631958008, 0.9734110236167908, 0.9625259637832642, 0.9516263604164124, 0.9365523457527161, 0.9270436763763428, 0.9212467074394226, 0.9073795080184937, 0.9008616209030151, 0.892995297908783, 0.8860377073287964, 0.8737030029296875, 0.8578097820281982, 0.8459308743476868, 0.8382019400596619, 0.828309953212738, 0.8237993121147156, 0.8119317889213562, 0.8079686760902405, 0.7995641827583313, 0.8061326146125793, 0.7896764278411865, 0.7760254144668579, 0.7814132571220398, 0.7714447379112244], "landscape_losses": [2.4008195400238037, 1.9993972778320312, 1.7620803117752075, 1.5687224864959717, 1.3867194652557373, 1.2201523780822754, 1.0743438005447388, 0.9561706781387329, 0.8759875893592834, 0.8020218014717102, 0.7618516087532043], "proxy_train_time": 8.210423939861357, "proxy_train_epochs": 50, "dirty_bit": 1, "landscape_term": 9.339991994848521, "speed_term": 7.5729685688629615, "mote": 7.572949506451155}