{"id": 14088, "adj_matrix": [[0, 1, 1, 1], [0, 0, 1, 1], [0, 0, 0, 1], [0, 0, 0, 0]], "operations": ["nor_conv_1x1", "nor_conv_1x1", "nor_conv_3x3", "avg_pool_3x3", "avg_pool_3x3", "skip_connect"], "init_channel": 16, "blck_len": 5, "params": 0.379496, "flops": 12.76684, "latency": 0.015752410888671877, "train_per_time": 62.89459364557285, "train_time_200": 12578.91872911457, "train_accuracy_200": 0.46940232915507385, "test_accuracy_200": 0.3941111106024849, "train_time_12": 754.7351237468719, "train_accuracy_12": 0.2707844429805708, "test_accuracy_12": 0.2623333331807454, "valtest_accuracy_200": 0.6608333333333333, "valtest_accuracy_12": 0.4685, "proxy_losses": [2.8309578895568848, 2.0906264781951904, 1.807330846786499, 1.681342601776123, 1.6006580591201782, 1.546302080154419, 1.5051242113113403, 1.4654324054718018, 1.4281208515167236, 1.3934942483901978, 1.3624848127365112, 1.3341695070266724, 1.304485559463501, 1.2772626876831055, 1.258032202720642, 1.2291492223739624, 1.2080225944519043, 1.1884984970092773, 1.1717586517333984, 1.1485846042633057, 1.132207989692688, 1.1182788610458374, 1.1008384227752686, 1.0897917747497559, 1.0702191591262817, 1.0561578273773193, 1.0420746803283691, 1.028038740158081, 1.016173005104065, 1.0093902349472046, 0.9965150356292725, 0.9870091080665588, 0.9838698506355286, 0.9757111072540283, 0.9690341949462891, 0.9518906474113464, 0.9358843564987183, 0.9287576079368591, 0.9173918962478638, 0.9119147658348083, 0.8993175625801086, 0.8959614038467407, 0.8860435485839844, 0.8742068409919739, 0.8646703362464905, 0.857428789138794, 0.8513137698173523, 0.8469969630241394, 0.8343634009361267, 0.8269026279449463], "landscape_losses": [2.9508447647094727, 2.344460964202881, 2.010120153427124, 1.7629716396331787, 1.5613833665847778, 1.3706715106964111, 1.2184045314788818, 1.076764702796936, 0.9683613181114197, 0.8684375882148743, 0.8203167915344238], "proxy_train_time": 8.67170477192849, "proxy_train_epochs": 50, "dirty_bit": 1, "landscape_term": 8.352817527571311, "speed_term": 7.387694944842816, "mote": 6.8872332520147515}