{"id": 14081, "adj_matrix": [[0, 1, 1, 1], [0, 0, 1, 1], [0, 0, 0, 1], [0, 0, 0, 0]], "operations": ["avg_pool_3x3", "nor_conv_3x3", "zeros", "skip_connect", "nor_conv_1x1", "skip_connect"], "init_channel": 16, "blck_len": 5, "params": 0.351496, "flops": 11.7838, "latency": 0.012033359209696453, "train_per_time": 49.41228573107745, "train_time_200": 9882.45714621549, "train_accuracy_200": 0.47485168094555374, "test_accuracy_200": 0.4011111101108127, "train_time_12": 592.9474287729264, "train_accuracy_12": 0.2980487804807639, "test_accuracy_12": 0.28566666661580403, "valtest_accuracy_200": 0.6742333333333334, "valtest_accuracy_12": 0.5071, "proxy_losses": [2.9025144577026367, 2.155590534210205, 1.8996074199676514, 1.780548095703125, 1.6972935199737549, 1.6404389142990112, 1.5883996486663818, 1.545701265335083, 1.5103951692581177, 1.4751200675964355, 1.4496716260910034, 1.421077847480774, 1.3947291374206543, 1.3732572793960571, 1.3518507480621338, 1.3356627225875854, 1.3205020427703857, 1.2989577054977417, 1.2841285467147827, 1.2736274003982544, 1.2565256357192993, 1.242599368095398, 1.2242672443389893, 1.2078523635864258, 1.1962039470672607, 1.1880570650100708, 1.1751341819763184, 1.1673916578292847, 1.1502104997634888, 1.1390024423599243, 1.124733805656433, 1.1138412952423096, 1.1142849922180176, 1.0969961881637573, 1.088003396987915, 1.0723693370819092, 1.0743049383163452, 1.065644383430481, 1.0554982423782349, 1.0543919801712036, 1.035361647605896, 1.0236841440200806, 1.0189000368118286, 1.012555718421936, 1.0049457550048828, 0.9989662170410156, 0.9900047779083252, 0.9825656414031982, 0.9702896475791931, 0.960518479347229], "landscape_losses": [3.014169454574585, 2.418043375015259, 2.0784366130828857, 1.8376764059066772, 1.6243566274642944, 1.4546602964401245, 1.3150564432144165, 1.2152390480041504, 1.0927964448928833, 1.0093421936035156, 0.9680719971656799], "proxy_train_time": 6.644153595902026, "proxy_train_epochs": 50, "dirty_bit": 1, "landscape_term": 7.595810050967624, "speed_term": 5.150172965844241, "mote": 5.971697575756862}