{"id": 14111, "adj_matrix": [[0, 1, 1, 1], [0, 0, 1, 1], [0, 0, 0, 1], [0, 0, 0, 0]], "operations": ["nor_conv_1x1", "skip_connect", "avg_pool_3x3", "nor_conv_1x1", "skip_connect", "avg_pool_3x3"], "init_channel": 16, "blck_len": 5, "params": 0.136456, "flops": 3.91948, "latency": 0.01493194103240967, "train_per_time": 48.93273930342986, "train_time_200": 9786.547860685972, "train_accuracy_200": 0.35766424962988635, "test_accuracy_200": 0.3379999999660916, "train_time_12": 587.192871641159, "train_accuracy_12": 0.22048780488156924, "test_accuracy_12": 0.22533333262125652, "valtest_accuracy_200": 0.6350333333333333, "valtest_accuracy_12": 0.3872, "proxy_losses": [3.05256986618042, 2.4924156665802, 2.1918907165527344, 2.0381157398223877, 1.9360822439193726, 1.860748291015625, 1.8088430166244507, 1.7596288919448853, 1.7183140516281128, 1.67982816696167, 1.6456890106201172, 1.6143666505813599, 1.585794448852539, 1.5601803064346313, 1.5342224836349487, 1.5102449655532837, 1.490061640739441, 1.4690159559249878, 1.4490537643432617, 1.431972622871399, 1.4159435033798218, 1.402885913848877, 1.3859137296676636, 1.371514081954956, 1.3599766492843628, 1.346848964691162, 1.3336232900619507, 1.3215346336364746, 1.3108835220336914, 1.30203378200531, 1.296971082687378, 1.285154104232788, 1.2747405767440796, 1.2651351690292358, 1.2590405941009521, 1.250717043876648, 1.2479937076568604, 1.2410335540771484, 1.2338504791259766, 1.231052279472351, 1.2288947105407715, 1.2141039371490479, 1.2065986394882202, 1.20149564743042, 1.196437120437622, 1.189530611038208, 1.1824564933776855, 1.1810252666473389, 1.1784658432006836, 1.171522617340088], "landscape_losses": [3.1547293663024902, 2.6912660598754883, 2.368290662765503, 2.085059404373169, 1.859729528427124, 1.6874638795852661, 1.5199623107910156, 1.3782589435577393, 1.281034231185913, 1.2029740810394287, 1.1681994199752808], "proxy_train_time": 6.165219005197287, "proxy_train_epochs": 50, "dirty_bit": 1, "landscape_term": 6.5720974341793115, "speed_term": 4.170399036331791, "mote": 5.072650147169375}