{"id": 14128, "adj_matrix": [[0, 1, 1, 1], [0, 0, 1, 1], [0, 0, 0, 1], [0, 0, 0, 0]], "operations": ["zeros", "avg_pool_3x3", "skip_connect", "zeros", "avg_pool_3x3", "zeros"], "init_channel": 16, "blck_len": 5, "params": 0.080456, "flops": 1.9534, "latency": 0.007272402445475261, "train_per_time": 31.828283735434287, "train_time_200": 6365.656747086858, "train_accuracy_200": 0.008540980005253806, "test_accuracy_200": 0.008333333326975506, "train_time_12": 381.93940482521043, "train_accuracy_12": 0.008569545155052457, "test_accuracy_12": 0.008333333320617677, "valtest_accuracy_200": 0.01, "valtest_accuracy_12": 0.01, "proxy_losses": [2.3026363849639893, 2.3025994300842285, 2.302598714828491, 2.3025944232940674, 2.302597761154175, 2.3025941848754883, 2.302593231201172, 2.3025925159454346, 2.302595615386963, 2.3025920391082764, 2.30259108543396, 2.3025898933410645, 2.302595615386963, 2.3025929927825928, 2.3025929927825928, 2.302593946456909, 2.3025894165039062, 2.3025920391082764, 2.302591323852539, 2.3025925159454346, 2.302595615386963, 2.3025949001312256, 2.302590847015381, 2.30259370803833, 2.3025922775268555, 2.3025894165039062, 2.302593469619751, 2.302595376968384, 2.3025944232940674, 2.302588701248169, 2.302595615386963, 2.3025946617126465, 2.3025918006896973, 2.3025918006896973, 2.3025941848754883, 2.3025922775268555, 2.302591323852539, 2.3025918006896973, 2.3025918006896973, 2.3025925159454346, 2.30259370803833, 2.3025922775268555, 2.3025920391082764, 2.3025920391082764, 2.302593946456909, 2.302591562271118, 2.302591323852539, 2.3025906085968018, 2.3025918006896973, 2.302591323852539], "landscape_losses": [2.302595615386963, 2.3025968074798584, 2.30259108543396, 2.302593946456909, 2.3025944232940674, 2.3025922775268555, 2.3025920391082764, 2.302591323852539, 2.302596092224121, 2.3025972843170166, 2.30259108543396], "proxy_train_time": 5.447706984356046, "proxy_train_epochs": 50, "dirty_bit": 1, "landscape_term": 4.777221202286951, "speed_term": 2.365900068713368, "mote": 3.3835043015082182}