{"id": 14157, "adj_matrix": [[0, 1, 1, 1], [0, 0, 1, 1], [0, 0, 0, 1], [0, 0, 0, 0]], "operations": ["skip_connect", "nor_conv_3x3", "avg_pool_3x3", "avg_pool_3x3", "zeros", "skip_connect"], "init_channel": 16, "blck_len": 5, "params": 0.323496, "flops": 10.800760000000002, "latency": 0.01036531130472819, "train_per_time": 42.358814758221335, "train_time_200": 8471.762951644267, "train_accuracy_200": 0.32577675237016507, "test_accuracy_200": 0.31444444400363497, "train_time_12": 508.3057770986556, "train_accuracy_12": 0.20091628214786458, "test_accuracy_12": 0.20666666585286456, "valtest_accuracy_200": 0.5784, "valtest_accuracy_12": 0.34020000000000006, "proxy_losses": [3.2905755043029785, 2.1810901165008545, 1.93851900100708, 1.8212153911590576, 1.7266300916671753, 1.6700372695922852, 1.6247769594192505, 1.5866566896438599, 1.556044578552246, 1.5245585441589355, 1.5031388998031616, 1.479261875152588, 1.459641933441162, 1.4420524835586548, 1.4251238107681274, 1.4083857536315918, 1.3938590288162231, 1.379224419593811, 1.3605631589889526, 1.34791898727417, 1.335020899772644, 1.3220430612564087, 1.307431697845459, 1.2953650951385498, 1.2833800315856934, 1.2709563970565796, 1.2562052011489868, 1.243658185005188, 1.233212947845459, 1.2215478420257568, 1.2150988578796387, 1.2071607112884521, 1.1945868730545044, 1.1858397722244263, 1.1736253499984741, 1.1636431217193604, 1.1531623601913452, 1.1441552639007568, 1.1377464532852173, 1.1310676336288452, 1.1195484399795532, 1.1133928298950195, 1.112781047821045, 1.1035324335098267, 1.0935786962509155, 1.0857784748077393, 1.0759661197662354, 1.0833343267440796, 1.0650817155838013, 1.0558459758758545], "landscape_losses": [3.3930811882019043, 2.562251567840576, 2.2086594104766846, 1.9856152534484863, 1.7568140029907227, 1.5911072492599487, 1.4540376663208008, 1.3305271863937378, 1.2025699615478516, 1.1041035652160645, 1.0471043586730957], "proxy_train_time": 5.5605891942977905, "proxy_train_epochs": 50, "dirty_bit": 1, "landscape_term": 6.970691177206632, "speed_term": 4.058645156472874, "mote": 5.323135028605954}