{"id": 14214, "adj_matrix": [[0, 1, 1, 1], [0, 0, 1, 1], [0, 0, 0, 1], [0, 0, 0, 0]], "operations": ["avg_pool_3x3", "skip_connect", "zeros", "nor_conv_3x3", "nor_conv_3x3", "skip_connect"], "init_channel": 16, "blck_len": 5, "params": 0.566536, "flops": 19.64812, "latency": 0.01381237506866455, "train_per_time": 52.58707523838697, "train_time_200": 10517.415047677394, "train_accuracy_200": 0.4958141068145276, "test_accuracy_200": 0.4138888879055447, "train_time_12": 631.0449028606414, "train_accuracy_12": 0.3005075807514832, "test_accuracy_12": 0.29699999938964844, "valtest_accuracy_200": 0.6755333333333334, "valtest_accuracy_12": 0.5315, "proxy_losses": [2.5237913131713867, 1.988174557685852, 1.8036766052246094, 1.6846904754638672, 1.5964925289154053, 1.5256370306015015, 1.4645459651947021, 1.4138613939285278, 1.375641107559204, 1.3418148756027222, 1.3127527236938477, 1.2831782102584839, 1.2570481300354004, 1.2301347255706787, 1.2088788747787476, 1.1898367404937744, 1.1717748641967773, 1.150339126586914, 1.1372641324996948, 1.1233786344528198, 1.1042500734329224, 1.0880494117736816, 1.0728535652160645, 1.063874363899231, 1.0507123470306396, 1.0520083904266357, 1.0342854261398315, 1.0107637643814087, 0.9957513809204102, 0.9927739500999451, 0.9753540754318237, 0.9643372893333435, 0.9564369320869446, 0.9427929520606995, 0.9329211711883545, 0.9243353605270386, 0.9133061766624451, 0.9006711840629578, 0.8881656527519226, 0.887336790561676, 0.8775076866149902, 0.8698726296424866, 0.8684489130973816, 0.855780839920044, 0.8494914174079895, 0.8426439166069031, 0.8313993215560913, 0.8173863291740417, 0.8141250610351562, 0.8158611059188843], "landscape_losses": [2.6411731243133545, 2.1615233421325684, 1.8967639207839966, 1.6738121509552002, 1.4902437925338745, 1.3268108367919922, 1.179471731185913, 1.0601874589920044, 0.9499704837799072, 0.8698670864105225, 0.8051486611366272], "proxy_train_time": 7.140954338945448, "proxy_train_epochs": 50, "dirty_bit": 1, "landscape_term": 8.625965226499906, "speed_term": 6.266588577846012, "mote": 6.872677717648228}