{"id": 14226, "adj_matrix": [[0, 1, 1, 1], [0, 0, 1, 1], [0, 0, 0, 1], [0, 0, 0, 0]], "operations": ["nor_conv_3x3", "nor_conv_1x1", "nor_conv_1x1", "avg_pool_3x3", "avg_pool_3x3", "nor_conv_1x1"], "init_channel": 16, "blck_len": 5, "params": 0.407496, "flops": 13.74988, "latency": 0.018116462230682376, "train_per_time": 74.86000126345967, "train_time_200": 14972.000252691934, "train_accuracy_200": 0.5047429136710019, "test_accuracy_200": 0.39949999923706053, "train_time_12": 898.3200151615139, "train_accuracy_12": 0.26721160185329207, "test_accuracy_12": 0.26199999928792317, "valtest_accuracy_200": 0.6783500000000001, "valtest_accuracy_12": 0.4765, "proxy_losses": [2.452425003051758, 1.9873396158218384, 1.819690227508545, 1.7142671346664429, 1.6337558031082153, 1.5621665716171265, 1.5062251091003418, 1.4534434080123901, 1.4086763858795166, 1.37115478515625, 1.3358029127120972, 1.302335262298584, 1.2730108499526978, 1.2468698024749756, 1.2217129468917847, 1.1921286582946777, 1.1715269088745117, 1.1552797555923462, 1.1299103498458862, 1.1056073904037476, 1.0893861055374146, 1.0718308687210083, 1.0478767156600952, 1.0285184383392334, 1.0129132270812988, 0.9946607351303101, 0.9810423851013184, 0.9600244164466858, 0.9493388533592224, 0.9396904110908508, 0.9196581244468689, 0.9137523174285889, 0.8992959260940552, 0.8858148455619812, 0.8879922032356262, 0.8742728233337402, 0.8587952256202698, 0.8485459685325623, 0.8389888405799866, 0.824630081653595, 0.8238633871078491, 0.8146200180053711, 0.8158466815948486, 0.8041210174560547, 0.7916514873504639, 0.7761086821556091, 0.7708261609077454, 0.7657355070114136, 0.7524673938751221, 0.7487285137176514], "landscape_losses": [2.5956199169158936, 2.16413950920105, 1.9100286960601807, 1.6841007471084595, 1.4752775430679321, 1.2908217906951904, 1.1360254287719727, 0.9963679909706116, 0.8876677751541138, 0.8029610514640808, 0.7535807490348816], "proxy_train_time": 9.210442535579205, "proxy_train_epochs": 50, "dirty_bit": 1, "landscape_term": 9.000064777034227, "speed_term": 8.26280961516943, "mote": 7.463048018055583}