{"id": 14235, "adj_matrix": [[0, 1, 1, 1], [0, 0, 1, 1], [0, 0, 0, 1], [0, 0, 0, 0]], "operations": ["nor_conv_1x1", "skip_connect", "nor_conv_1x1", "nor_conv_1x1", "zeros", "nor_conv_1x1"], "init_channel": 16, "blck_len": 5, "params": 0.192456, "flops": 5.88556, "latency": 0.017779386043548583, "train_per_time": 62.451850066503056, "train_time_200": 12490.370013300611, "train_accuracy_200": 0.37566908371836716, "test_accuracy_200": 0.35083333318074544, "train_time_12": 749.4222007980344, "train_accuracy_12": 0.21605800923879948, "test_accuracy_12": 0.22999999928792317, "valtest_accuracy_200": 0.65085, "valtest_accuracy_12": 0.41100000000000003, "proxy_losses": [2.6214842796325684, 2.225046396255493, 2.025299310684204, 1.900638222694397, 1.8183265924453735, 1.7526298761367798, 1.7008683681488037, 1.657874584197998, 1.6197329759597778, 1.5865962505340576, 1.5551015138626099, 1.5289835929870605, 1.503801941871643, 1.4831181764602661, 1.4602265357971191, 1.4408619403839111, 1.4217040538787842, 1.4041318893432617, 1.3890830278396606, 1.373050570487976, 1.3565055131912231, 1.3417659997940063, 1.3276269435882568, 1.3163427114486694, 1.2997949123382568, 1.2839566469192505, 1.2692348957061768, 1.259728193283081, 1.2443259954452515, 1.229139804840088, 1.217469334602356, 1.206508755683899, 1.1961381435394287, 1.1922096014022827, 1.1752132177352905, 1.1635212898254395, 1.1509031057357788, 1.1373043060302734, 1.1266429424285889, 1.1172319650650024, 1.1068735122680664, 1.0957142114639282, 1.0882446765899658, 1.082807183265686, 1.0762377977371216, 1.0650923252105713, 1.049315094947815, 1.0388015508651733, 1.0335921049118042, 1.0230042934417725], "landscape_losses": [2.710602283477783, 2.3564631938934326, 2.0961339473724365, 1.872616171836853, 1.6736258268356323, 1.5034445524215698, 1.3546398878097534, 1.22214937210083, 1.1185343265533447, 1.0552479028701782, 1.0114942789077759], "proxy_train_time": 8.430823689326644, "proxy_train_epochs": 50, "dirty_bit": 1, "landscape_term": 7.453754096941884, "speed_term": 6.132417329536949, "mote": 6.0607497611107135}