{"id": 14355, "adj_matrix": [[0, 1, 1, 1], [0, 0, 1, 1], [0, 0, 0, 1], [0, 0, 0, 0]], "operations": ["zeros", "avg_pool_3x3", "skip_connect", "nor_conv_3x3", "zeros", "nor_conv_1x1"], "init_channel": 16, "blck_len": 5, "params": 0.351496, "flops": 11.7838, "latency": 0.014370036125183106, "train_per_time": 50.34651555045455, "train_time_200": 10069.30311009091, "train_accuracy_200": 0.4343539881420198, "test_accuracy_200": 0.3851666665140787, "train_time_12": 604.1581866054535, "train_accuracy_12": 0.19555702044613357, "test_accuracy_12": 0.1903333330790202, "valtest_accuracy_200": 0.6803, "valtest_accuracy_12": 0.406, "proxy_losses": [2.560267686843872, 2.067444324493408, 1.9197667837142944, 1.835821509361267, 1.776917576789856, 1.7280484437942505, 1.6861634254455566, 1.646706223487854, 1.6044939756393433, 1.5641107559204102, 1.5257115364074707, 1.4908466339111328, 1.4540866613388062, 1.418105125427246, 1.3867870569229126, 1.3556712865829468, 1.3319993019104004, 1.302505612373352, 1.27385413646698, 1.2511489391326904, 1.2277965545654297, 1.2050244808197021, 1.1860581636428833, 1.1668306589126587, 1.149797797203064, 1.131170630455017, 1.1258735656738281, 1.10697340965271, 1.0918560028076172, 1.0773355960845947, 1.0605933666229248, 1.05470609664917, 1.0313218832015991, 1.0190199613571167, 1.009722352027893, 0.9934868216514587, 0.9819591045379639, 0.9718767404556274, 0.9637835025787354, 0.9543189406394958, 0.9416753649711609, 0.9374935626983643, 0.9320458173751831, 0.9183764457702637, 0.9073155522346497, 0.9065464735031128, 0.9034916758537292, 0.8937873840332031, 0.8760308623313904, 0.8642324209213257], "landscape_losses": [2.6651806831359863, 2.232156753540039, 1.9937753677368164, 1.7903040647506714, 1.6031023263931274, 1.432524561882019, 1.2825433015823364, 1.1303998231887817, 1.011612892150879, 0.9168216586112976, 0.8631126880645752], "proxy_train_time": 7.447439549490809, "proxy_train_epochs": 50, "dirty_bit": 1, "landscape_term": 8.107376320671065, "speed_term": 5.932233444261199, "mote": 6.465052206153018}