{"id": 14393, "adj_matrix": [[0, 1, 1, 1], [0, 0, 1, 1], [0, 0, 0, 1], [0, 0, 0, 0]], "operations": ["skip_connect", "nor_conv_1x1", "nor_conv_3x3", "avg_pool_3x3", "avg_pool_3x3", "avg_pool_3x3"], "init_channel": 16, "blck_len": 5, "params": 0.351496, "flops": 11.7838, "latency": 0.014095560709635418, "train_per_time": 57.90511030681943, "train_time_200": 11581.022061363887, "train_accuracy_200": 0.2725730608692643, "test_accuracy_200": 0.26288888866848414, "train_time_12": 694.8613236818314, "train_accuracy_12": 0.17920237311135018, "test_accuracy_12": 0.1786666667683919, "valtest_accuracy_200": 0.5465666666666666, "valtest_accuracy_12": 0.3116, "proxy_losses": [3.651099920272827, 2.257991313934326, 1.9157605171203613, 1.8048814535140991, 1.7231372594833374, 1.6556031703948975, 1.5989980697631836, 1.5619337558746338, 1.5243890285491943, 1.4843248128890991, 1.4565632343292236, 1.4291386604309082, 1.4055908918380737, 1.3839318752288818, 1.3619234561920166, 1.345333218574524, 1.329934000968933, 1.314326524734497, 1.2992205619812012, 1.2864201068878174, 1.2763108015060425, 1.2621113061904907, 1.2465487718582153, 1.2374389171600342, 1.226743221282959, 1.215980052947998, 1.203665018081665, 1.1970043182373047, 1.1853604316711426, 1.1759765148162842, 1.1701568365097046, 1.1555695533752441, 1.1406259536743164, 1.133205771446228, 1.1273974180221558, 1.1172748804092407, 1.1080533266067505, 1.1073899269104004, 1.0939298868179321, 1.0831774473190308, 1.0837610960006714, 1.0707308053970337, 1.0631678104400635, 1.0538889169692993, 1.0445057153701782, 1.0406465530395508, 1.0321279764175415, 1.0268447399139404, 1.0271880626678467, 1.0192495584487915], "landscape_losses": [3.791522264480591, 2.719082832336426, 2.217029333114624, 1.857640266418457, 1.5942621231079102, 1.4112071990966797, 1.2869724035263062, 1.1784988641738892, 1.099362850189209, 1.0441373586654663, 1.0143241882324219], "proxy_train_time": 6.343735747970641, "proxy_train_epochs": 50, "dirty_bit": 1, "landscape_term": 7.435530158353112, "speed_term": 4.754245628890899, "mote": 5.7845124328981115}