{"id": 14412, "adj_matrix": [[0, 1, 1, 1], [0, 0, 1, 1], [0, 0, 0, 1], [0, 0, 0, 0]], "operations": ["skip_connect", "nor_conv_3x3", "nor_conv_3x3", "nor_conv_3x3", "skip_connect", "zeros"], "init_channel": 16, "blck_len": 5, "params": 0.809576, "flops": 28.49548, "latency": 0.015285658836364744, "train_per_time": 60.446931567987, "train_time_200": 12089.3863135974, "train_accuracy_200": 0.4623884860607694, "test_accuracy_200": 0.39644444458007816, "train_time_12": 725.3631788158415, "train_accuracy_12": 0.3013711272428911, "test_accuracy_12": 0.2969999996439616, "valtest_accuracy_200": 0.6711999999999999, "valtest_accuracy_12": 0.5366, "proxy_losses": [2.594395399093628, 2.1094484329223633, 1.9222139120101929, 1.8245794773101807, 1.7587780952453613, 1.7039824724197388, 1.6585140228271484, 1.617903709411621, 1.5808831453323364, 1.5454990863800049, 1.5154882669448853, 1.4867665767669678, 1.4578053951263428, 1.4299973249435425, 1.4033554792404175, 1.3786544799804688, 1.3543007373809814, 1.3308250904083252, 1.3040393590927124, 1.2857760190963745, 1.2649515867233276, 1.2459490299224854, 1.226252794265747, 1.210273027420044, 1.1944197416305542, 1.1776516437530518, 1.163881540298462, 1.1542600393295288, 1.1381744146347046, 1.1282986402511597, 1.1130614280700684, 1.1004303693771362, 1.085330843925476, 1.0701040029525757, 1.0578694343566895, 1.0503361225128174, 1.0416818857192993, 1.0419416427612305, 1.0247235298156738, 1.0118705034255981, 1.0066180229187012, 0.9929985404014587, 0.9935379028320312, 0.9860638380050659, 0.9884477257728577, 0.9793747067451477, 0.9632355570793152, 0.9516775608062744, 0.9435473680496216, 0.9390009045600891], "landscape_losses": [2.7098240852355957, 2.314896821975708, 2.057163953781128, 1.8461925983428955, 1.6590818166732788, 1.4938808679580688, 1.3568120002746582, 1.212327003479004, 1.095717430114746, 0.9873701930046082, 0.9309723377227783], "proxy_train_time": 8.33970211353153, "proxy_train_epochs": 50, "dirty_bit": 1, "landscape_term": 7.662377141338331, "speed_term": 6.463966290526911, "mote": 6.262053921222391}