{"id": 14483, "adj_matrix": [[0, 1, 1, 1], [0, 0, 1, 1], [0, 0, 0, 1], [0, 0, 0, 0]], "operations": ["skip_connect", "avg_pool_3x3", "zeros", "zeros", "skip_connect", "zeros"], "init_channel": 16, "blck_len": 5, "params": 0.080456, "flops": 1.9534, "latency": 0.009189240137736003, "train_per_time": 24.940195974032036, "train_time_200": 4988.039194806407, "train_accuracy_200": 0.2881454625367123, "test_accuracy_200": 0.2768888885667589, "train_time_12": 299.282351688385, "train_accuracy_12": 0.22791694133911938, "test_accuracy_12": 0.23266666590372723, "valtest_accuracy_200": 0.5801666666666667, "valtest_accuracy_12": 0.44689999999999996, "proxy_losses": [2.384124279022217, 2.296891927719116, 2.2290778160095215, 2.180518627166748, 2.138176202774048, 2.10429310798645, 2.0745537281036377, 2.0494725704193115, 2.0263547897338867, 2.0046603679656982, 1.9828709363937378, 1.9622132778167725, 1.9444414377212524, 1.927610993385315, 1.912397861480713, 1.8982536792755127, 1.8863301277160645, 1.8743900060653687, 1.8636542558670044, 1.853590965270996, 1.8431193828582764, 1.8337209224700928, 1.825831413269043, 1.817444086074829, 1.8097628355026245, 1.8020976781845093, 1.795291543006897, 1.7877650260925293, 1.7813509702682495, 1.7760875225067139, 1.7685879468917847, 1.7625515460968018, 1.7571327686309814, 1.7515419721603394, 1.7460933923721313, 1.742613673210144, 1.736840844154358, 1.7321909666061401, 1.728015661239624, 1.7246339321136475, 1.7191373109817505, 1.716662883758545, 1.7113277912139893, 1.70780611038208, 1.7053712606430054, 1.6996437311172485, 1.697059154510498, 1.6931672096252441, 1.6913578510284424, 1.6863982677459717], "landscape_losses": [2.4020419120788574, 2.3024961948394775, 2.201889753341675, 2.0989434719085693, 1.9998393058776855, 1.91121244430542, 1.8352566957473755, 1.7770874500274658, 1.7338464260101318, 1.7046326398849487, 1.6832737922668457], "proxy_train_time": 4.922585075721145, "proxy_train_epochs": 50, "dirty_bit": 1, "landscape_term": 5.669548327328171, "speed_term": 2.642445874220105, "mote": 4.091539154023043}