{"id": 14500, "adj_matrix": [[0, 1, 1, 1], [0, 0, 1, 1], [0, 0, 0, 1], [0, 0, 0, 0]], "operations": ["avg_pool_3x3", "avg_pool_3x3", "avg_pool_3x3", "avg_pool_3x3", "zeros", "nor_conv_1x1"], "init_channel": 16, "blck_len": 5, "params": 0.108456, "flops": 2.9364399999999997, "latency": 0.01146861712137858, "train_per_time": 54.11185270571699, "train_time_200": 10822.370541143398, "train_accuracy_200": 0.2089936277821624, "test_accuracy_200": 0.18911111083984372, "train_time_12": 649.342232468605, "train_accuracy_12": 0.13656558998827095, "test_accuracy_12": 0.13333333287556967, "valtest_accuracy_200": 0.5141, "valtest_accuracy_12": 0.3081, "proxy_losses": [2.6246955394744873, 2.2838056087493896, 2.064767360687256, 1.9592095613479614, 1.8992164134979248, 1.8534868955612183, 1.8179816007614136, 1.7916040420532227, 1.7662923336029053, 1.7453324794769287, 1.7266230583190918, 1.7089722156524658, 1.6916580200195312, 1.6775609254837036, 1.6637791395187378, 1.6499072313308716, 1.6383967399597168, 1.6242797374725342, 1.6132289171218872, 1.598238468170166, 1.5883095264434814, 1.5779972076416016, 1.5618435144424438, 1.5519877672195435, 1.5386260747909546, 1.5260487794876099, 1.5147194862365723, 1.502724289894104, 1.4916775226593018, 1.481566071510315, 1.4666160345077515, 1.4578287601470947, 1.4423115253448486, 1.4351723194122314, 1.4205702543258667, 1.4093538522720337, 1.403303623199463, 1.3891338109970093, 1.374017596244812, 1.366410493850708, 1.3554608821868896, 1.3491535186767578, 1.3408524990081787, 1.333314299583435, 1.3208394050598145, 1.3147257566452026, 1.3080824613571167, 1.303280234336853, 1.2969516515731812, 1.2939354181289673], "landscape_losses": [2.6989126205444336, 2.4106199741363525, 2.1957333087921143, 2.0170159339904785, 1.8633253574371338, 1.7284667491912842, 1.6053056716918945, 1.4934684038162231, 1.4141913652420044, 1.3271113634109497, 1.284683346748352], "proxy_train_time": 5.956793425604701, "proxy_train_epochs": 50, "dirty_bit": 1, "landscape_term": 6.383336308607488, "speed_term": 3.7646017554801103, "mote": 4.8543655615362304}