{"id": 14520, "adj_matrix": [[0, 1, 1, 1], [0, 0, 1, 1], [0, 0, 0, 1], [0, 0, 0, 0]], "operations": ["avg_pool_3x3", "avg_pool_3x3", "skip_connect", "nor_conv_1x1", "avg_pool_3x3", "nor_conv_3x3"], "init_channel": 16, "blck_len": 5, "params": 0.351496, "flops": 11.7838, "latency": 0.015057551860809324, "train_per_time": 59.429168993473034, "train_time_200": 11885.833798694606, "train_accuracy_200": 0.3704702263307582, "test_accuracy_200": 0.34133333297729485, "train_time_12": 713.1500279216766, "train_accuracy_12": 0.21154251813643374, "test_accuracy_12": 0.2096666660054525, "valtest_accuracy_200": 0.6217333333333332, "valtest_accuracy_12": 0.3737, "proxy_losses": [2.359400749206543, 1.936110496520996, 1.7765871286392212, 1.6739238500595093, 1.5990712642669678, 1.5388798713684082, 1.4879591464996338, 1.447283387184143, 1.4099186658859253, 1.3794621229171753, 1.3491475582122803, 1.32137930393219, 1.2964109182357788, 1.2739415168762207, 1.250351905822754, 1.2291923761367798, 1.2103935480117798, 1.1914681196212769, 1.1707947254180908, 1.154552936553955, 1.134981393814087, 1.1196131706237793, 1.106041431427002, 1.095706582069397, 1.0785431861877441, 1.058314561843872, 1.047658085823059, 1.0427753925323486, 1.0378247499465942, 1.0235965251922607, 1.0041766166687012, 0.9915481209754944, 0.9827948212623596, 0.9705579876899719, 0.9684314727783203, 0.9631962776184082, 0.9605711698532104, 0.9569563269615173, 0.9513697028160095, 0.9349324107170105, 0.9278645515441895, 0.9233704805374146, 0.9260322451591492, 0.9153046607971191, 0.8978168964385986, 0.8968319296836853, 0.8818473815917969, 0.876010537147522, 0.8637761473655701, 0.8649958968162537], "landscape_losses": [2.4771173000335693, 2.112082004547119, 1.8770047426223755, 1.6853837966918945, 1.5210000276565552, 1.3804274797439575, 1.234403371810913, 1.1210113763809204, 1.008709192276001, 0.9191609621047974, 0.864795982837677], "proxy_train_time": 6.808758219704032, "proxy_train_epochs": 50, "dirty_bit": 1, "landscape_term": 8.322953749181423, "speed_term": 5.82346614696211, "mote": 6.589234119588539}