{"id": 14547, "adj_matrix": [[0, 1, 1, 1], [0, 0, 1, 1], [0, 0, 0, 1], [0, 0, 0, 0]], "operations": ["nor_conv_3x3", "avg_pool_3x3", "nor_conv_3x3", "nor_conv_1x1", "skip_connect", "nor_conv_3x3"], "init_channel": 16, "blck_len": 5, "params": 0.837576, "flops": 29.47852, "latency": 0.015934848785400392, "train_per_time": 76.42652599954626, "train_time_200": 15285.305199909251, "train_accuracy_200": 0.5645286750240238, "test_accuracy_200": 0.44099999994913736, "train_time_12": 917.1183119945525, "train_accuracy_12": 0.2714897824709244, "test_accuracy_12": 0.2823333332824707, "valtest_accuracy_200": 0.6997, "valtest_accuracy_12": 0.5132, "proxy_losses": [2.2688236236572266, 1.8124829530715942, 1.6500333547592163, 1.5477564334869385, 1.4624730348587036, 1.3886042833328247, 1.324894905090332, 1.269987940788269, 1.2184332609176636, 1.1717616319656372, 1.135883092880249, 1.0969293117523193, 1.059401035308838, 1.0245229005813599, 1.0012890100479126, 0.9745636582374573, 0.9386022686958313, 0.9195818305015564, 0.8925790786743164, 0.8810988068580627, 0.8680698275566101, 0.8364202976226807, 0.8178113698959351, 0.7914900779724121, 0.7774279117584229, 0.7630266547203064, 0.7399320602416992, 0.7229777574539185, 0.7193356156349182, 0.69663405418396, 0.6777930855751038, 0.6590040326118469, 0.6511666774749756, 0.6441050171852112, 0.6298749446868896, 0.6191167831420898, 0.6056420207023621, 0.5876973867416382, 0.5734178423881531, 0.5644948482513428, 0.5564228296279907, 0.5511032938957214, 0.5537967085838318, 0.5414067506790161, 0.5329761505126953, 0.5187784433364868, 0.5159255862236023, 0.5194549560546875, 0.494937002658844, 0.4915138781070709], "landscape_losses": [2.4038028717041016, 2.0056395530700684, 1.7406675815582275, 1.5428237915039062, 1.3253222703933716, 1.1499062776565552, 0.9513714909553528, 0.7796416282653809, 0.6492587924003601, 0.5372392535209656, 0.4726574718952179], "proxy_train_time": 9.703781433403492, "proxy_train_epochs": 50, "dirty_bit": 1, "landscape_term": 11.612463184675537, "speed_term": 10.961886761937256, "mote": 9.57440704395809}