{"id": 14607, "adj_matrix": [[0, 1, 1, 1], [0, 0, 1, 1], [0, 0, 0, 1], [0, 0, 0, 0]], "operations": ["nor_conv_1x1", "skip_connect", "nor_conv_3x3", "skip_connect", "nor_conv_3x3", "nor_conv_1x1"], "init_channel": 16, "blck_len": 5, "params": 0.622536, "flops": 21.6142, "latency": 0.016531848907470705, "train_per_time": 66.81933663121879, "train_time_200": 13363.867326243757, "train_accuracy_200": 0.5663052076617588, "test_accuracy_200": 0.4489999998474121, "train_time_12": 801.8320395746229, "train_accuracy_12": 0.3445418589502082, "test_accuracy_12": 0.3383333323160807, "valtest_accuracy_200": 0.70785, "valtest_accuracy_12": 0.5721, "proxy_losses": [2.52329683303833, 1.8959856033325195, 1.7048627138137817, 1.5989253520965576, 1.526327133178711, 1.4661142826080322, 1.4188358783721924, 1.3797807693481445, 1.3430168628692627, 1.31304132938385, 1.2821145057678223, 1.254736304283142, 1.2310771942138672, 1.2083861827850342, 1.181052803993225, 1.1583670377731323, 1.1381434202194214, 1.1185681819915771, 1.0983541011810303, 1.0804508924484253, 1.058561086654663, 1.0365731716156006, 1.0151017904281616, 0.9967920780181885, 0.9807685613632202, 0.9619050025939941, 0.9388193488121033, 0.9324468970298767, 0.9126377701759338, 0.9037346839904785, 0.8828442096710205, 0.8669991493225098, 0.8557278513908386, 0.8331350684165955, 0.8237202167510986, 0.8142854571342468, 0.805976927280426, 0.7976429462432861, 0.7871272563934326, 0.7779130339622498, 0.7609596848487854, 0.7466715574264526, 0.7345623970031738, 0.7334188222885132, 0.7259094715118408, 0.7199800610542297, 0.7128520607948303, 0.7120087146759033, 0.7041829824447632, 0.6894455552101135], "landscape_losses": [2.649623394012451, 2.1214728355407715, 1.8353149890899658, 1.6179267168045044, 1.4105029106140137, 1.2398128509521484, 1.073657512664795, 0.918425977230072, 0.8019092082977295, 0.7210347652435303, 0.6754471063613892], "proxy_train_time": 8.598849322646856, "proxy_train_epochs": 50, "dirty_bit": 1, "landscape_term": 9.661899217229154, "speed_term": 8.090119746914981, "mote": 7.870211983475844}