{"id": 14650, "adj_matrix": [[0, 1, 1, 1], [0, 0, 1, 1], [0, 0, 0, 1], [0, 0, 0, 0]], "operations": ["nor_conv_1x1", "zeros", "skip_connect", "avg_pool_3x3", "zeros", "nor_conv_3x3"], "init_channel": 16, "blck_len": 5, "params": 0.351496, "flops": 11.7838, "latency": 0.012955784797668457, "train_per_time": 48.32518842959399, "train_time_200": 9665.037685918798, "train_accuracy_200": 0.4625346077880658, "test_accuracy_200": 0.3851666664632161, "train_time_12": 579.9022611551285, "train_accuracy_12": 0.26950560317922756, "test_accuracy_12": 0.2533333333333333, "valtest_accuracy_200": 0.6597, "valtest_accuracy_12": 0.4596, "proxy_losses": [2.563154935836792, 2.073256731033325, 1.8807780742645264, 1.7690043449401855, 1.6883533000946045, 1.6242177486419678, 1.5734847784042358, 1.5297108888626099, 1.4889050722122192, 1.4543225765228271, 1.4231693744659424, 1.3938435316085815, 1.369604468345642, 1.3400654792785645, 1.3152565956115723, 1.2909438610076904, 1.2681043148040771, 1.2452119588851929, 1.223405122756958, 1.2013943195343018, 1.1820688247680664, 1.163136601448059, 1.145864486694336, 1.124636173248291, 1.1096464395523071, 1.0960551500320435, 1.0811123847961426, 1.061211347579956, 1.044492244720459, 1.0350583791732788, 1.0198421478271484, 1.0052330493927002, 0.9877949357032776, 0.9750592708587646, 0.9685580134391785, 0.9610925912857056, 0.9451465606689453, 0.9291942119598389, 0.9171093702316284, 0.9076484441757202, 0.9050415754318237, 0.893104076385498, 0.882895827293396, 0.8729896545410156, 0.8650656938552856, 0.8576298952102661, 0.8496673107147217, 0.8408027291297913, 0.833328127861023, 0.8193368911743164], "landscape_losses": [2.6827852725982666, 2.228907346725464, 1.9553683996200562, 1.7408466339111328, 1.5500457286834717, 1.3857176303863525, 1.2329251766204834, 1.1022863388061523, 0.9800254106521606, 0.8761677742004395, 0.8125773668289185], "proxy_train_time": 7.781780328601599, "proxy_train_epochs": 50, "dirty_bit": 1, "landscape_term": 8.384685176136907, "speed_term": 6.485248221801432, "mote": 6.751222485650782}