{"id": 14763, "adj_matrix": [[0, 1, 1, 1], [0, 0, 1, 1], [0, 0, 0, 1], [0, 0, 0, 0]], "operations": ["nor_conv_3x3", "skip_connect", "avg_pool_3x3", "zeros", "zeros", "zeros"], "init_channel": 16, "blck_len": 5, "params": 0.323496, "flops": 10.800760000000002, "latency": 0.01108864943186442, "train_per_time": 38.82915315206832, "train_time_200": 7765.830630413665, "train_accuracy_200": 0.008569545155052457, "test_accuracy_200": 0.008333333316379123, "train_time_12": 465.9498378248214, "train_accuracy_12": 0.008292682927112166, "test_accuracy_12": 0.008333333326975506, "valtest_accuracy_200": 0.01, "valtest_accuracy_12": 0.01, "proxy_losses": [2.3026235103607178, 2.302605152130127, 2.3025972843170166, 2.30259370803833, 2.3025949001312256, 2.302593469619751, 2.3025925159454346, 2.30259108543396, 2.302595615386963, 2.3025975227355957, 2.3025944232940674, 2.3025882244110107, 2.30259108543396, 2.3025920391082764, 2.3025927543640137, 2.302595615386963, 2.302593231201172, 2.302600860595703, 2.3025922775268555, 2.3025896549224854, 2.3025903701782227, 2.3025922775268555, 2.302591323852539, 2.302589178085327, 2.302593469619751, 2.302595853805542, 2.3025925159454346, 2.302591323852539, 2.3025918006896973, 2.302593469619751, 2.3025965690612793, 2.302591323852539, 2.3025975227355957, 2.302589178085327, 2.302595376968384, 2.302593469619751, 2.302596092224121, 2.3025906085968018, 2.3025949001312256, 2.3025929927825928, 2.3025925159454346, 2.302591323852539, 2.3025922775268555, 2.302595853805542, 2.3025918006896973, 2.3025944232940674, 2.3025922775268555, 2.302593231201172, 2.3025925159454346, 2.3025896549224854], "landscape_losses": [2.302593946456909, 2.3025949001312256, 2.3025918006896973, 2.3025906085968018, 2.302589178085327, 2.3025941848754883, 2.3025922775268555, 2.302597761154175, 2.3025901317596436, 2.3025922775268555, 2.3025929927825928], "proxy_train_time": 6.7345074294134974, "proxy_train_epochs": 50, "dirty_bit": 1, "landscape_term": 4.777223450697809, "speed_term": 2.924748090506549, "mote": 3.5245021647591246}