{"id": 14786, "adj_matrix": [[0, 1, 1, 1], [0, 0, 1, 1], [0, 0, 0, 1], [0, 0, 0, 0]], "operations": ["nor_conv_1x1", "nor_conv_3x3", "zeros", "skip_connect", "zeros", "skip_connect"], "init_channel": 16, "blck_len": 5, "params": 0.351496, "flops": 11.7838, "latency": 0.013001465797424316, "train_per_time": 43.121951387882284, "train_time_200": 8624.390277576456, "train_accuracy_200": 0.46240276863636276, "test_accuracy_200": 0.3974999994913737, "train_time_12": 517.4634166545868, "train_accuracy_12": 0.2977785102336282, "test_accuracy_12": 0.28599999938964843, "valtest_accuracy_200": 0.6739, "valtest_accuracy_12": 0.5323, "proxy_losses": [2.2667839527130127, 1.9413625001907349, 1.827484130859375, 1.7620292901992798, 1.7098718881607056, 1.6659477949142456, 1.6293920278549194, 1.5947167873382568, 1.5630543231964111, 1.5327540636062622, 1.5086523294448853, 1.4811221361160278, 1.4574357271194458, 1.434401035308838, 1.4169857501983643, 1.393630027770996, 1.372292160987854, 1.3516643047332764, 1.3313169479370117, 1.3117846250534058, 1.2933695316314697, 1.2777849435806274, 1.2517608404159546, 1.232786774635315, 1.217685341835022, 1.1994695663452148, 1.1863739490509033, 1.172990083694458, 1.1529741287231445, 1.1450365781784058, 1.1314572095870972, 1.1160163879394531, 1.103219747543335, 1.087821364402771, 1.0763840675354004, 1.0652804374694824, 1.0561481714248657, 1.0482978820800781, 1.0439561605453491, 1.0381088256835938, 1.0233564376831055, 1.0120548009872437, 0.9979175925254822, 0.994308590888977, 0.9816687703132629, 0.9679911136627197, 0.9676752090454102, 0.952805757522583, 0.94830322265625, 0.9408503770828247], "landscape_losses": [2.3580124378204346, 2.079847812652588, 1.8939404487609863, 1.7436918020248413, 1.5985221862792969, 1.47660231590271, 1.3566515445709229, 1.2333285808563232, 1.1049411296844482, 1.0059077739715576, 0.932582437992096], "proxy_train_time": 6.593655250966549, "proxy_train_epochs": 50, "dirty_bit": 1, "landscape_term": 7.828560818352215, "speed_term": 5.132324760636911, "mote": 6.12547019881256}