{"id": 14835, "adj_matrix": [[0, 1, 1, 1], [0, 0, 1, 1], [0, 0, 0, 1], [0, 0, 0, 0]], "operations": ["avg_pool_3x3", "nor_conv_3x3", "avg_pool_3x3", "nor_conv_1x1", "skip_connect", "nor_conv_3x3"], "init_channel": 16, "blck_len": 5, "params": 0.594536, "flops": 20.63116, "latency": 0.01628415584564209, "train_per_time": 68.06531182940812, "train_time_200": 13613.062365881624, "train_accuracy_200": 0.49321028347396767, "test_accuracy_200": 0.3999999991353353, "train_time_12": 816.7837419528959, "train_accuracy_12": 0.2591825972424421, "test_accuracy_12": 0.25666666600545246, "valtest_accuracy_200": 0.6674333333333334, "valtest_accuracy_12": 0.4551, "proxy_losses": [2.5286340713500977, 1.8301210403442383, 1.6902357339859009, 1.6185402870178223, 1.560377597808838, 1.512412190437317, 1.4683972597122192, 1.426571249961853, 1.3880794048309326, 1.3522764444351196, 1.3143324851989746, 1.2825417518615723, 1.2536416053771973, 1.2212715148925781, 1.1897271871566772, 1.1616003513336182, 1.1414515972137451, 1.118062973022461, 1.095838189125061, 1.073679804801941, 1.0505611896514893, 1.03145170211792, 1.01516592502594, 0.9954314231872559, 0.9768271446228027, 0.9660328030586243, 0.9564337134361267, 0.9440656304359436, 0.9280405044555664, 0.9146251082420349, 0.902930498123169, 0.8916905522346497, 0.87953782081604, 0.8667232394218445, 0.8491309285163879, 0.8453249931335449, 0.8262661099433899, 0.8229137659072876, 0.8074414134025574, 0.8086157441139221, 0.7883728742599487, 0.782606840133667, 0.7633610367774963, 0.7652435302734375, 0.7563027143478394, 0.7442933320999146, 0.7341098785400391, 0.729477047920227, 0.719380259513855, 0.7139146327972412], "landscape_losses": [2.6683335304260254, 2.0698540210723877, 1.7939456701278687, 1.600681185722351, 1.4224553108215332, 1.2570364475250244, 1.1039149761199951, 0.9714041948318481, 0.847722053527832, 0.7527531981468201, 0.725858747959137], "proxy_train_time": 8.268043849617243, "proxy_train_epochs": 50, "dirty_bit": 1, "landscape_term": 9.359659337861071, "speed_term": 7.655019890504245, "mote": 7.599679459736153}