{"id": 14900, "adj_matrix": [[0, 1, 1, 1], [0, 0, 1, 1], [0, 0, 0, 1], [0, 0, 0, 0]], "operations": ["nor_conv_3x3", "avg_pool_3x3", "nor_conv_3x3", "skip_connect", "skip_connect", "nor_conv_1x1"], "init_channel": 16, "blck_len": 5, "params": 0.594536, "flops": 20.63116, "latency": 0.015137434005737305, "train_per_time": 62.63596485670437, "train_time_200": 12527.192971340874, "train_accuracy_200": 0.5700615249556674, "test_accuracy_200": 0.43777777747260194, "train_time_12": 751.6315782804487, "train_accuracy_12": 0.3358866183341924, "test_accuracy_12": 0.3213333329264323, "valtest_accuracy_200": 0.698, "valtest_accuracy_12": 0.5586, "proxy_losses": [2.4049150943756104, 1.8270474672317505, 1.6610660552978516, 1.5660791397094727, 1.4938886165618896, 1.431842565536499, 1.3836997747421265, 1.3419519662857056, 1.3000762462615967, 1.2647154331207275, 1.2280352115631104, 1.19644296169281, 1.1579804420471191, 1.1327688694000244, 1.1064691543579102, 1.0838674306869507, 1.0633660554885864, 1.036954641342163, 1.0134786367416382, 0.9923166036605835, 0.968288004398346, 0.9579968452453613, 0.9351522326469421, 0.9199913144111633, 0.8984630703926086, 0.8813519477844238, 0.8682597875595093, 0.8544577956199646, 0.8381139636039734, 0.8141651153564453, 0.8112457990646362, 0.8016955852508545, 0.7962535619735718, 0.7856272459030151, 0.7633801698684692, 0.767264723777771, 0.7582600712776184, 0.7517578601837158, 0.7366377115249634, 0.7235617637634277, 0.7157858610153198, 0.7001203894615173, 0.6917234659194946, 0.7085240483283997, 0.6824780702590942, 0.6638681292533875, 0.6557114720344543, 0.6552166938781738, 0.6380653977394104, 0.6350287795066833], "landscape_losses": [2.5625410079956055, 2.071640968322754, 1.7953068017959595, 1.5771979093551636, 1.3870774507522583, 1.1910392045974731, 1.0305545330047607, 0.9080362319946289, 0.7703686356544495, 0.6954883337020874, 0.6420825123786926], "proxy_train_time": 7.883010595105588, "proxy_train_epochs": 50, "dirty_bit": 1, "landscape_term": 9.989513409413734, "speed_term": 7.87271163292343, "mote": 8.048289378776918}