{"id": 14937, "adj_matrix": [[0, 1, 1, 1], [0, 0, 1, 1], [0, 0, 0, 1], [0, 0, 0, 0]], "operations": ["nor_conv_1x1", "nor_conv_3x3", "nor_conv_3x3", "skip_connect", "zeros", "zeros"], "init_channel": 16, "blck_len": 5, "params": 0.594536, "flops": 20.63116, "latency": 0.014781872431437174, "train_per_time": 57.08823933609342, "train_time_200": 11417.647867218684, "train_accuracy_200": 0.288980443865366, "test_accuracy_200": 0.28222222195095487, "train_time_12": 685.058872033119, "train_accuracy_12": 0.22845088992436305, "test_accuracy_12": 0.22799999938964846, "valtest_accuracy_200": 0.5829999999999999, "valtest_accuracy_12": 0.4471, "proxy_losses": [2.523101568222046, 2.410348653793335, 2.3221049308776855, 2.2407264709472656, 2.1771795749664307, 2.126577854156494, 2.0860753059387207, 2.049435615539551, 2.017961025238037, 1.9909842014312744, 1.967017412185669, 1.945770502090454, 1.9279013872146606, 1.911752700805664, 1.8959660530090332, 1.882565975189209, 1.8677831888198853, 1.8562148809432983, 1.8444515466690063, 1.8353421688079834, 1.8267492055892944, 1.8175078630447388, 1.8087106943130493, 1.8011596202850342, 1.7936640977859497, 1.787886142730713, 1.7825982570648193, 1.775933027267456, 1.7710312604904175, 1.7650742530822754, 1.7595152854919434, 1.7555992603302002, 1.7503398656845093, 1.7462570667266846, 1.7414865493774414, 1.7379342317581177, 1.7332121133804321, 1.7296029329299927, 1.7259151935577393, 1.7214429378509521, 1.7184909582138062, 1.7138824462890625, 1.71098792552948, 1.7071205377578735, 1.7045503854751587, 1.7013248205184937, 1.698409914970398, 1.6947808265686035, 1.6920973062515259, 1.6893292665481567], "landscape_losses": [2.543760061264038, 2.408510446548462, 2.2765860557556152, 2.1446316242218018, 2.023681640625, 1.9177851676940918, 1.8395702838897705, 1.7791827917099, 1.7371348142623901, 1.7043910026550293, 1.6873570680618286], "proxy_train_time": 8.798508576117456, "proxy_train_epochs": 50, "dirty_bit": 1, "landscape_term": 5.590115869285752, "speed_term": 4.7181110624800375, "mote": 4.499816546422737}