{"id": 14966, "adj_matrix": [[0, 1, 1, 1], [0, 0, 1, 1], [0, 0, 0, 1], [0, 0, 0, 0]], "operations": ["zeros", "zeros", "nor_conv_3x3", "nor_conv_3x3", "skip_connect", "nor_conv_3x3"], "init_channel": 16, "blck_len": 5, "params": 0.809576, "flops": 28.49548, "latency": 0.018418916066487632, "train_per_time": 60.32688193337148, "train_time_200": 12065.376386674296, "train_accuracy_200": 0.4487738958561193, "test_accuracy_200": 0.3932222218153212, "train_time_12": 723.9225832004549, "train_accuracy_12": 0.2147791694153275, "test_accuracy_12": 0.21933333363850913, "valtest_accuracy_200": 0.6706333333333333, "valtest_accuracy_12": 0.46799999999999997, "proxy_losses": [2.21655011177063, 1.9479656219482422, 1.8539894819259644, 1.7892484664916992, 1.7360929250717163, 1.6891958713531494, 1.6451091766357422, 1.6064594984054565, 1.5745981931686401, 1.5448395013809204, 1.5155531167984009, 1.489942193031311, 1.4649500846862793, 1.4394863843917847, 1.4156750440597534, 1.3947886228561401, 1.3722792863845825, 1.3472460508346558, 1.3262571096420288, 1.305198311805725, 1.2857407331466675, 1.261359453201294, 1.241866946220398, 1.225703477859497, 1.2019984722137451, 1.1826181411743164, 1.1664211750030518, 1.146307349205017, 1.1337205171585083, 1.1146067380905151, 1.1035254001617432, 1.084397792816162, 1.0692195892333984, 1.0558867454528809, 1.0393636226654053, 1.0275967121124268, 1.013742208480835, 1.0022348165512085, 0.9827280044555664, 0.971167802810669, 0.9630131721496582, 0.9509384632110596, 0.9485216736793518, 0.9328582882881165, 0.9181473851203918, 0.913016140460968, 0.8993905186653137, 0.8918809294700623, 0.8861145377159119, 0.8736950159072876], "landscape_losses": [2.301295042037964, 2.059983491897583, 1.8971726894378662, 1.743298053741455, 1.6008405685424805, 1.4497088193893433, 1.312110185623169, 1.1555153131484985, 1.0403379201889038, 0.9192842841148376, 0.861742377281189], "proxy_train_time": 8.84240988921374, "proxy_train_epochs": 50, "dirty_bit": 1, "landscape_term": 8.172184168893784, "speed_term": 6.999652429512864, "mote": 6.699679931563182}