{"id": 15007, "adj_matrix": [[0, 1, 1, 1], [0, 0, 1, 1], [0, 0, 0, 1], [0, 0, 0, 0]], "operations": ["nor_conv_1x1", "zeros", "zeros", "zeros", "zeros", "nor_conv_3x3"], "init_channel": 16, "blck_len": 5, "params": 0.351496, "flops": 11.7838, "latency": 0.014122319221496581, "train_per_time": 44.548455670992546, "train_time_200": 8909.691134198509, "train_accuracy_200": 0.008569545155005309, "test_accuracy_200": 0.008333333322736954, "train_time_12": 534.5814680519105, "train_accuracy_12": 0.008569545154911009, "test_accuracy_12": 0.008333333326975506, "valtest_accuracy_200": 0.01, "valtest_accuracy_12": 0.01, "proxy_losses": [2.302624225616455, 2.3025951385498047, 2.30259370803833, 2.302597761154175, 2.302593469619751, 2.302593469619751, 2.302595853805542, 2.302596092224121, 2.3025941848754883, 2.3025925159454346, 2.3025918006896973, 2.3025901317596436, 2.3025922775268555, 2.3025918006896973, 2.3025925159454346, 2.302591323852539, 2.302593231201172, 2.302595615386963, 2.302593946456909, 2.3025894165039062, 2.30259370803833, 2.3025922775268555, 2.302591323852539, 2.3025970458984375, 2.3025929927825928, 2.3025999069213867, 2.3025927543640137, 2.3025965690612793, 2.3025922775268555, 2.3025922775268555, 2.3025929927825928, 2.3025949001312256, 2.30259108543396, 2.3025920391082764, 2.3025944232940674, 2.302593231201172, 2.3025963306427, 2.3025877475738525, 2.3025925159454346, 2.3025941848754883, 2.3025951385498047, 2.302591562271118, 2.3025944232940674, 2.302600860595703, 2.3025925159454346, 2.3025944232940674, 2.3025901317596436, 2.30259108543396, 2.302595615386963, 2.302595615386963], "landscape_losses": [2.3025941848754883, 2.3025949001312256, 2.302590847015381, 2.3025996685028076, 2.302596092224121, 2.3025894165039062, 2.3025918006896973, 2.3025925159454346, 2.302598714828491, 2.30259108543396, 2.3025920391082764], "proxy_train_time": 7.651360846124589, "proxy_train_epochs": 50, "dirty_bit": 1, "landscape_term": 4.777221337195855, "speed_term": 3.3229306393447238, "mote": 3.618703940436075}