{"id": 15030, "adj_matrix": [[0, 1, 1, 1], [0, 0, 1, 1], [0, 0, 0, 1], [0, 0, 0, 0]], "operations": ["nor_conv_1x1", "skip_connect", "nor_conv_1x1", "nor_conv_3x3", "avg_pool_3x3", "nor_conv_3x3"], "init_channel": 16, "blck_len": 5, "params": 0.622536, "flops": 21.6142, "latency": 0.02228970527648926, "train_per_time": 72.91022151327151, "train_time_200": 14582.044302654302, "train_accuracy_200": 0.5078279499076587, "test_accuracy_200": 0.42016666595458985, "train_time_12": 874.9226581592562, "train_accuracy_12": 0.22979564931991464, "test_accuracy_12": 0.23266666697184246, "valtest_accuracy_200": 0.6879, "valtest_accuracy_12": 0.46140000000000003, "proxy_losses": [2.2202377319335938, 1.8454452753067017, 1.7228318452835083, 1.6346404552459717, 1.5569778680801392, 1.4856688976287842, 1.42475426197052, 1.3697514533996582, 1.3216221332550049, 1.2776297330856323, 1.2389726638793945, 1.2084931135177612, 1.1753813028335571, 1.1466199159622192, 1.1213765144348145, 1.106172800064087, 1.0885329246520996, 1.0622915029525757, 1.0378013849258423, 1.0265889167785645, 1.0170376300811768, 0.9919396638870239, 0.9774550795555115, 0.9571811556816101, 0.9369248151779175, 0.9188557863235474, 0.9021382927894592, 0.8967680931091309, 0.8807504773139954, 0.8663554787635803, 0.8520960807800293, 0.8373640775680542, 0.8238410949707031, 0.8066622614860535, 0.7958269119262695, 0.7885228395462036, 0.7778730392456055, 0.7758743166923523, 0.7657007575035095, 0.7470075488090515, 0.7385930418968201, 0.7305231690406799, 0.7265201807022095, 0.7175822257995605, 0.7116036415100098, 0.7100886702537537, 0.6976408958435059, 0.6923878192901611, 0.6840190291404724, 0.6781058311462402], "landscape_losses": [2.3173282146453857, 1.987542986869812, 1.7693558931350708, 1.5758024454116821, 1.3660664558410645, 1.1697849035263062, 1.0155091285705566, 0.8684893846511841, 0.7717614769935608, 0.7076865434646606, 0.6696797013282776], "proxy_train_time": 9.647859531454742, "proxy_train_epochs": 50, "dirty_bit": 1, "landscape_term": 10.059522350275154, "speed_term": 9.371397567719656, "mote": 8.33429808570503}