{"id": 15052, "adj_matrix": [[0, 1, 1, 1], [0, 0, 1, 1], [0, 0, 0, 1], [0, 0, 0, 0]], "operations": ["skip_connect", "nor_conv_3x3", "skip_connect", "avg_pool_3x3", "nor_conv_3x3", "skip_connect"], "init_channel": 16, "blck_len": 5, "params": 0.566536, "flops": 19.64812, "latency": 0.012240942319234213, "train_per_time": 49.59496778233844, "train_time_200": 9918.993556467689, "train_accuracy_200": 0.3452471984108892, "test_accuracy_200": 0.32533333287556965, "train_time_12": 595.1396133880615, "train_accuracy_12": 0.20736980884328202, "test_accuracy_12": 0.21766666661580406, "valtest_accuracy_200": 0.5823333333333333, "valtest_accuracy_12": 0.3371, "proxy_losses": [3.76033091545105, 2.305540084838867, 1.9899219274520874, 1.804513692855835, 1.711544394493103, 1.6440107822418213, 1.5983455181121826, 1.5558613538742065, 1.5171599388122559, 1.4819148778915405, 1.4528439044952393, 1.4228891134262085, 1.3980638980865479, 1.378248691558838, 1.3568527698516846, 1.3376624584197998, 1.3188811540603638, 1.301832675933838, 1.286057472229004, 1.2698005437850952, 1.2564393281936646, 1.242660403251648, 1.2293529510498047, 1.2130552530288696, 1.198941707611084, 1.191422700881958, 1.1755141019821167, 1.1651939153671265, 1.1559393405914307, 1.1463757753372192, 1.1294152736663818, 1.1220808029174805, 1.106886625289917, 1.0963854789733887, 1.0888108015060425, 1.0810582637786865, 1.0712952613830566, 1.0591202974319458, 1.0517966747283936, 1.047929048538208, 1.0474886894226074, 1.0398324728012085, 1.0252364873886108, 1.0106942653656006, 1.003650426864624, 0.9953904151916504, 0.9894173741340637, 0.9831660389900208, 0.9775733351707458, 0.9696064591407776], "landscape_losses": [3.905496835708618, 2.7567684650421143, 2.312371015548706, 1.9597902297973633, 1.6544170379638672, 1.452136754989624, 1.290765643119812, 1.162659764289856, 1.0732109546661377, 0.9886780977249146, 0.9608102440834045], "proxy_train_time": 7.036061260849237, "proxy_train_epochs": 50, "dirty_bit": 1, "landscape_term": 7.4734449424254965, "speed_term": 5.349477376804686, "mote": 5.9273881657714025}