{"id": 15115, "adj_matrix": [[0, 1, 1, 1], [0, 0, 1, 1], [0, 0, 0, 1], [0, 0, 0, 0]], "operations": ["zeros", "zeros", "nor_conv_1x1", "zeros", "nor_conv_3x3", "nor_conv_1x1"], "init_channel": 16, "blck_len": 5, "params": 0.379496, "flops": 12.76684, "latency": 0.01635394096374512, "train_per_time": 55.072163220325955, "train_time_200": 11014.432644065191, "train_accuracy_200": 0.008569545155005309, "test_accuracy_200": 0.008333333322736952, "train_time_12": 660.8659586439135, "train_accuracy_12": 0.008569545154911009, "test_accuracy_12": 0.008333333333333333, "valtest_accuracy_200": 0.01, "valtest_accuracy_12": 0.01, "proxy_losses": [2.3026182651519775, 2.3026010990142822, 2.302593469619751, 2.3025972843170166, 2.3025903701782227, 2.302595853805542, 2.302590847015381, 2.302593231201172, 2.302597999572754, 2.3025922775268555, 2.302595853805542, 2.302589178085327, 2.3025882244110107, 2.302591323852539, 2.302591323852539, 2.3025970458984375, 2.3025898933410645, 2.302591323852539, 2.302595615386963, 2.3025922775268555, 2.302593469619751, 2.3025877475738525, 2.3025896549224854, 2.3025929927825928, 2.302591562271118, 2.30259370803833, 2.3025949001312256, 2.302590847015381, 2.3025944232940674, 2.30259370803833, 2.3025877475738525, 2.30259370803833, 2.302593946456909, 2.3025975227355957, 2.30259370803833, 2.3025901317596436, 2.3025944232940674, 2.302591562271118, 2.3025901317596436, 2.3025901317596436, 2.3025906085968018, 2.3025901317596436, 2.3025922775268555, 2.3025944232940674, 2.3025922775268555, 2.3025922775268555, 2.3025944232940674, 2.3025929927825928, 2.3025944232940674, 2.3025918006896973], "landscape_losses": [2.3025922775268555, 2.302589178085327, 2.30259370803833, 2.3025901317596436, 2.30259108543396, 2.302595615386963, 2.302591323852539, 2.302600622177124, 2.30259370803833, 2.3025944232940674, 2.3025927543640137], "proxy_train_time": 8.367458070628345, "proxy_train_epochs": 50, "dirty_bit": 1, "landscape_term": 4.777222551336462, "speed_term": 3.633927933649118, "mote": 3.6893003542660954}