{"id": 15212, "adj_matrix": [[0, 1, 1, 1], [0, 0, 1, 1], [0, 0, 0, 1], [0, 0, 0, 0]], "operations": ["skip_connect", "nor_conv_1x1", "nor_conv_3x3", "skip_connect", "avg_pool_3x3", "nor_conv_3x3"], "init_channel": 16, "blck_len": 5, "params": 0.594536, "flops": 20.63116, "latency": 0.014847358067830404, "train_per_time": 60.9692048170565, "train_time_200": 12193.8409634113, "train_accuracy_200": 0.42331795210279854, "test_accuracy_200": 0.39044444359673397, "train_time_12": 731.6304578046797, "train_accuracy_12": 0.2484179301307794, "test_accuracy_12": 0.25533333323160806, "valtest_accuracy_200": 0.6639, "valtest_accuracy_12": 0.40869999999999995, "proxy_losses": [2.7207133769989014, 1.9396089315414429, 1.7596408128738403, 1.6494495868682861, 1.566163420677185, 1.5077884197235107, 1.4601231813430786, 1.4183555841445923, 1.3795067071914673, 1.3432201147079468, 1.3081862926483154, 1.2754756212234497, 1.2459638118743896, 1.2170450687408447, 1.1885114908218384, 1.1625410318374634, 1.1339348554611206, 1.1117231845855713, 1.0911439657211304, 1.0664435625076294, 1.0522478818893433, 1.0290396213531494, 1.0064979791641235, 0.989037811756134, 0.9694463014602661, 0.9481398463249207, 0.9331986308097839, 0.9188180565834045, 0.9055367112159729, 0.8841095566749573, 0.8760721683502197, 0.8582519292831421, 0.8448591828346252, 0.8315350413322449, 0.8243781328201294, 0.8071579933166504, 0.8044572472572327, 0.7977636456489563, 0.7898669838905334, 0.7698059678077698, 0.757302463054657, 0.7478203773498535, 0.7396989464759827, 0.7314029335975647, 0.7254980206489563, 0.7180621027946472, 0.7146833539009094, 0.6964771747589111, 0.6889090538024902, 0.6844968795776367], "landscape_losses": [2.884378433227539, 2.21207857131958, 1.8848050832748413, 1.609215497970581, 1.4069362878799438, 1.2236552238464355, 1.0499413013458252, 0.9055851697921753, 0.8011149168014526, 0.7207953333854675, 0.6796941161155701], "proxy_train_time": 7.811075747013092, "proxy_train_epochs": 50, "dirty_bit": 1, "landscape_term": 9.642285554412094, "speed_term": 7.2877958253362545, "mote": 7.72295069535399}