{"id": 15308, "adj_matrix": [[0, 1, 1, 1], [0, 0, 1, 1], [0, 0, 0, 1], [0, 0, 0, 0]], "operations": ["nor_conv_3x3", "nor_conv_1x1", "skip_connect", "avg_pool_3x3", "skip_connect", "avg_pool_3x3"], "init_channel": 16, "blck_len": 5, "params": 0.351496, "flops": 11.7838, "latency": 0.013887178897857668, "train_per_time": 51.84850072606419, "train_time_200": 10369.700145212837, "train_accuracy_200": 0.38439463854232114, "test_accuracy_200": 0.356333332824707, "train_time_12": 622.1820087127685, "train_accuracy_12": 0.2231509558479646, "test_accuracy_12": 0.21566666641235352, "valtest_accuracy_200": 0.6413, "valtest_accuracy_12": 0.3822, "proxy_losses": [2.9108877182006836, 2.1892030239105225, 1.92965567111969, 1.7723894119262695, 1.656937837600708, 1.5685083866119385, 1.500925064086914, 1.4494911432266235, 1.4089761972427368, 1.3764113187789917, 1.3444448709487915, 1.3170454502105713, 1.2903172969818115, 1.2673248052597046, 1.2471725940704346, 1.2245057821273804, 1.2098666429519653, 1.1911810636520386, 1.1757915019989014, 1.1606736183166504, 1.1482049226760864, 1.1398545503616333, 1.1225144863128662, 1.1117621660232544, 1.107157826423645, 1.092634916305542, 1.0789000988006592, 1.0680701732635498, 1.0593836307525635, 1.0483179092407227, 1.0348132848739624, 1.0270277261734009, 1.0100213289260864, 1.0039070844650269, 0.9961511492729187, 0.9867269396781921, 0.9798696041107178, 0.9702428579330444, 0.9631824493408203, 0.9552595615386963, 0.9523468613624573, 0.9436732530593872, 0.9372923970222473, 0.9293588995933533, 0.9222694039344788, 0.9236222505569458, 0.9053851366043091, 0.8991245031356812, 0.8850935697555542, 0.884502649307251], "landscape_losses": [3.03033709526062, 2.4495346546173096, 2.1431376934051514, 1.8704938888549805, 1.6611698865890503, 1.454156756401062, 1.2989429235458374, 1.1262218952178955, 1.0108888149261475, 0.9214423894882202, 0.8792176842689514], "proxy_train_time": 6.73727716319263, "proxy_train_epochs": 50, "dirty_bit": 1, "landscape_term": 7.898769520287753, "speed_term": 5.588468910858067, "mote": 6.260515164842126}