{"id": 15340, "adj_matrix": [[0, 1, 1, 1], [0, 0, 1, 1], [0, 0, 0, 1], [0, 0, 0, 0]], "operations": ["zeros", "skip_connect", "skip_connect", "skip_connect", "zeros", "nor_conv_3x3"], "init_channel": 16, "blck_len": 5, "params": 0.323496, "flops": 10.80076, "latency": 0.009593963623046875, "train_per_time": 31.691655247291, "train_time_200": 6338.3310494582, "train_accuracy_200": 0.46333553067573846, "test_accuracy_200": 0.39883333241780605, "train_time_12": 380.2998629674912, "train_accuracy_12": 0.29464733025909806, "test_accuracy_12": 0.28666666661580403, "valtest_accuracy_200": 0.6675, "valtest_accuracy_12": 0.5409, "proxy_losses": [2.719369649887085, 2.1314144134521484, 1.9282591342926025, 1.8283312320709229, 1.7704476118087769, 1.7279199361801147, 1.6892304420471191, 1.652938723564148, 1.6193692684173584, 1.5868111848831177, 1.5597165822982788, 1.530795693397522, 1.5041388273239136, 1.4775093793869019, 1.45210599899292, 1.432486653327942, 1.4088202714920044, 1.3871241807937622, 1.3673396110534668, 1.347840666770935, 1.3286808729171753, 1.3105859756469727, 1.2950782775878906, 1.2803362607955933, 1.2612478733062744, 1.2454103231430054, 1.2367185354232788, 1.2217484712600708, 1.20654296875, 1.1959937810897827, 1.178682565689087, 1.1708862781524658, 1.156351089477539, 1.1507775783538818, 1.136552333831787, 1.1300894021987915, 1.1166975498199463, 1.105821132659912, 1.0927505493164062, 1.0816117525100708, 1.0810472965240479, 1.0667434930801392, 1.0672776699066162, 1.047856092453003, 1.0376484394073486, 1.031044363975525, 1.024774432182312, 1.022536039352417, 1.0125480890274048, 1.001728892326355], "landscape_losses": [2.8172287940979004, 2.3208138942718506, 2.030513286590576, 1.8154373168945312, 1.6347332000732422, 1.4675415754318237, 1.3249061107635498, 1.1995079517364502, 1.1013469696044922, 1.0301737785339355, 0.9853041172027588], "proxy_train_time": 5.727797436527908, "proxy_train_epochs": 50, "dirty_bit": 1, "landscape_term": 7.604341956921206, "speed_term": 4.247989935515945, "mote": 5.79484834207713}