{"id": 15399, "adj_matrix": [[0, 1, 1, 1], [0, 0, 1, 1], [0, 0, 0, 1], [0, 0, 0, 0]], "operations": ["avg_pool_3x3", "nor_conv_1x1", "nor_conv_3x3", "nor_conv_1x1", "nor_conv_1x1", "nor_conv_3x3"], "init_channel": 16, "blck_len": 5, "params": 0.650536, "flops": 22.59724, "latency": 0.023390650749206543, "train_per_time": 85.84249185848238, "train_time_200": 17168.498371696474, "train_accuracy_200": 0.5440408701575423, "test_accuracy_200": 0.44600000010172525, "train_time_12": 1030.1099023017885, "train_accuracy_12": 0.2670006591998046, "test_accuracy_12": 0.2610000003051758, "valtest_accuracy_200": 0.7031499999999999, "valtest_accuracy_12": 0.4673, "proxy_losses": [2.1437690258026123, 1.800727128982544, 1.6786004304885864, 1.599532961845398, 1.5382946729660034, 1.4845962524414062, 1.4313936233520508, 1.3841278553009033, 1.337010145187378, 1.2981232404708862, 1.259994626045227, 1.2235416173934937, 1.2012068033218384, 1.1647967100143433, 1.1348273754119873, 1.1060203313827515, 1.0812331438064575, 1.0562111139297485, 1.035075306892395, 1.0098176002502441, 0.9875122904777527, 0.9697839617729187, 0.9536052942276001, 0.9268342852592468, 0.9066234230995178, 0.8956193327903748, 0.87697833776474, 0.8670613169670105, 0.8473716974258423, 0.833433985710144, 0.8221899271011353, 0.801906943321228, 0.793198823928833, 0.7809473872184753, 0.7675703167915344, 0.750741720199585, 0.7362069487571716, 0.7200086712837219, 0.7104295492172241, 0.7001457810401917, 0.6968133449554443, 0.6812781691551208, 0.6714627742767334, 0.6918553113937378, 0.6724109649658203, 0.6615375876426697, 0.6387477517127991, 0.642145574092865, 0.6315972805023193, 0.6187876462936401], "landscape_losses": [2.2617433071136475, 1.9364826679229736, 1.7488640546798706, 1.5506600141525269, 1.3724024295806885, 1.2056342363357544, 1.0445163249969482, 0.8818498253822327, 0.7598564624786377, 0.6604129076004028, 0.6136555075645447], "proxy_train_time": 10.297454657033086, "proxy_train_epochs": 50, "dirty_bit": 1, "landscape_term": 10.284493494688183, "speed_term": 10.251587748494725, "mote": 8.614834538627983}