{"id": 15514, "adj_matrix": [[0, 1, 1, 1], [0, 0, 1, 1], [0, 0, 0, 1], [0, 0, 0, 0]], "operations": ["nor_conv_1x1", "avg_pool_3x3", "avg_pool_3x3", "avg_pool_3x3", "skip_connect", "avg_pool_3x3"], "init_channel": 16, "blck_len": 5, "params": 0.108456, "flops": 2.93644, "latency": 0.008890032768249512, "train_per_time": 48.682944572607695, "train_time_200": 9736.588914521539, "train_accuracy_200": 0.24382003956079956, "test_accuracy_200": 0.2418333326212565, "train_time_12": 584.195334871292, "train_accuracy_12": 0.1606789716636341, "test_accuracy_12": 0.16433333267211914, "valtest_accuracy_200": 0.51005, "valtest_accuracy_12": 0.29469999999999996, "proxy_losses": [3.938056707382202, 2.654810667037964, 2.2738847732543945, 2.0627503395080566, 1.9369627237319946, 1.859613060951233, 1.801469326019287, 1.757120132446289, 1.7163652181625366, 1.6846308708190918, 1.6591910123825073, 1.639450192451477, 1.6168274879455566, 1.6003879308700562, 1.5832575559616089, 1.5690937042236328, 1.5568954944610596, 1.5451571941375732, 1.5316559076309204, 1.5191339254379272, 1.508914828300476, 1.4975955486297607, 1.4874212741851807, 1.4745993614196777, 1.4641506671905518, 1.4521851539611816, 1.4414812326431274, 1.4324458837509155, 1.4208922386169434, 1.4111249446868896, 1.3993024826049805, 1.389326810836792, 1.380007266998291, 1.370330810546875, 1.359627366065979, 1.3539657592773438, 1.3428165912628174, 1.3331472873687744, 1.3236191272735596, 1.3193658590316772, 1.310887098312378, 1.3016282320022583, 1.2953277826309204, 1.2897021770477295, 1.2812353372573853, 1.2751731872558594, 1.265411376953125, 1.2578803300857544, 1.254878282546997, 1.2452962398529053], "landscape_losses": [4.025448322296143, 3.0638153553009033, 2.604006290435791, 2.2857275009155273, 2.0313732624053955, 1.8070191144943237, 1.6252872943878174, 1.4922044277191162, 1.3899732828140259, 1.30305814743042, 1.2469936609268188], "proxy_train_time": 5.523823535069823, "proxy_train_epochs": 50, "dirty_bit": 1, "landscape_term": 6.016224226576843, "speed_term": 3.5207604675884863, "mote": 4.544243336240625}