{"id": 157, "adj_matrix": [[0, 1, 1, 1], [0, 0, 1, 1], [0, 0, 0, 1], [0, 0, 0, 0]], "operations": ["avg_pool_3x3", "skip_connect", "avg_pool_3x3", "avg_pool_3x3", "skip_connect", "avg_pool_3x3"], "init_channel": 16, "blck_len": 5, "params": 0.080456, "flops": 1.9534, "latency": 0.008991352717081706, "train_per_time": 39.2015150582792, "train_time_200": 7840.303011655839, "train_accuracy_200": 0.09539661612874255, "test_accuracy_200": 0.09322222201029459, "train_time_12": 470.4181806993484, "train_accuracy_12": 0.07063282795115844, "test_accuracy_12": 0.06933333324432372, "valtest_accuracy_200": 0.10046666666666666, "valtest_accuracy_12": 0.0907, "proxy_losses": [8.842267990112305, 6.1242570877075195, 4.637385845184326, 3.8253090381622314, 3.2102646827697754, 2.7843551635742188, 2.4864437580108643, 2.290801763534546, 2.1310665607452393, 2.0534586906433105, 1.9679980278015137, 1.9214025735855103, 1.8763843774795532, 1.8388017416000366, 1.808515191078186, 1.7821424007415771, 1.7606922388076782, 1.7381632328033447, 1.7186686992645264, 1.7016289234161377, 1.6871769428253174, 1.6711013317108154, 1.6574314832687378, 1.6429375410079956, 1.6308211088180542, 1.6200928688049316, 1.611069679260254, 1.5994091033935547, 1.5942813158035278, 1.5880203247070312, 1.5794472694396973, 1.5736021995544434, 1.5624792575836182, 1.5591211318969727, 1.5505489110946655, 1.5441503524780273, 1.5436043739318848, 1.5364423990249634, 1.527113914489746, 1.5251996517181396, 1.5189993381500244, 1.513947606086731, 1.5133856534957886, 1.5057250261306763, 1.5010117292404175, 1.4988324642181396, 1.4946551322937012, 1.4916023015975952, 1.4881172180175781, 1.484137773513794], "landscape_losses": [9.16828441619873, 6.916916370391846, 5.625755786895752, 4.548667907714844, 3.666520595550537, 2.97937273979187, 2.4310836791992188, 2.019134759902954, 1.7463409900665283, 1.553315281867981, 1.5064117908477783], "proxy_train_time": 4.257997419685125, "proxy_train_epochs": 50, "dirty_bit": 1, "landscape_term": 4.046462595544161, "speed_term": 2.0606974414842214, "mote": 2.7671119575249827}