{"id": 1570, "adj_matrix": [[0, 1, 1, 1], [0, 0, 1, 1], [0, 0, 0, 1], [0, 0, 0, 0]], "operations": ["skip_connect", "skip_connect", "avg_pool_3x3", "zeros", "skip_connect", "avg_pool_3x3"], "init_channel": 16, "blck_len": 5, "params": 0.080456, "flops": 1.9534, "latency": 0.00723716417948405, "train_per_time": 28.415527068297045, "train_time_200": 5683.105413659409, "train_accuracy_200": 0.1287980663607184, "test_accuracy_200": 0.12988888883802624, "train_time_12": 340.9863248195649, "train_accuracy_12": 0.09708635464959343, "test_accuracy_12": 0.09933333348592122, "valtest_accuracy_200": 0.3232, "valtest_accuracy_12": 0.0986, "proxy_losses": [6.6510725021362305, 5.07767915725708, 4.098204135894775, 3.453390598297119, 3.001293420791626, 2.714102029800415, 2.5392446517944336, 2.4072906970977783, 2.285503625869751, 2.1728649139404297, 2.0785531997680664, 2.0057380199432373, 1.9425835609436035, 1.891507863998413, 1.8634390830993652, 1.8357181549072266, 1.8124642372131348, 1.7936583757400513, 1.7794219255447388, 1.7660343647003174, 1.7556662559509277, 1.7463048696517944, 1.7356942892074585, 1.7288048267364502, 1.7222392559051514, 1.7158679962158203, 1.707315444946289, 1.7018786668777466, 1.6940655708312988, 1.6891725063323975, 1.6838394403457642, 1.6784751415252686, 1.6734119653701782, 1.666853904724121, 1.6611493825912476, 1.6578388214111328, 1.6521589756011963, 1.6488710641860962, 1.6452808380126953, 1.6395140886306763, 1.6346585750579834, 1.6300392150878906, 1.624851942062378, 1.6207584142684937, 1.6136784553527832, 1.6101971864700317, 1.604975700378418, 1.6015050411224365, 1.5963094234466553, 1.5908244848251343], "landscape_losses": [6.798367023468018, 5.387668609619141, 4.495442867279053, 3.7835843563079834, 3.1992969512939453, 2.6762359142303467, 2.2775721549987793, 1.9578763246536255, 1.7442516088485718, 1.62333083152771, 1.5988078117370605], "proxy_train_time": 4.193765928037465, "proxy_train_epochs": 50, "dirty_bit": 1, "landscape_term": 4.270294857074666, "speed_term": 2.033795319376316, "mote": 2.9245286961425854}