{"id": 1611, "adj_matrix": [[0, 1, 1, 1], [0, 0, 1, 1], [0, 0, 0, 1], [0, 0, 0, 0]], "operations": ["avg_pool_3x3", "nor_conv_3x3", "skip_connect", "nor_conv_3x3", "skip_connect", "zeros"], "init_channel": 16, "blck_len": 5, "params": 0.566536, "flops": 19.64812, "latency": 0.012108325958251953, "train_per_time": 53.080994386116764, "train_time_200": 10616.198877223353, "train_accuracy_200": 0.40854098001445316, "test_accuracy_200": 0.3691111107720269, "train_time_12": 636.9719326334001, "train_accuracy_12": 0.24994067239277284, "test_accuracy_12": 0.2593333330790202, "valtest_accuracy_200": 0.6496666666666668, "valtest_accuracy_12": 0.43439999999999995, "proxy_losses": [2.27935791015625, 1.9178550243377686, 1.7845158576965332, 1.7132905721664429, 1.6541502475738525, 1.6048705577850342, 1.5627915859222412, 1.5218523740768433, 1.4886289834976196, 1.4569722414016724, 1.426603078842163, 1.3997703790664673, 1.372699499130249, 1.3466742038726807, 1.3242435455322266, 1.3007314205169678, 1.2812564373016357, 1.2608164548873901, 1.243797779083252, 1.223373293876648, 1.2044302225112915, 1.194948673248291, 1.1770248413085938, 1.1593480110168457, 1.1420361995697021, 1.1309080123901367, 1.1140846014022827, 1.1012513637542725, 1.087056040763855, 1.0758779048919678, 1.0652533769607544, 1.0542213916778564, 1.0457195043563843, 1.0395725965499878, 1.0273563861846924, 1.0203907489776611, 1.0076009035110474, 0.9955416917800903, 0.9915354251861572, 0.9850435256958008, 0.9797515869140625, 0.9683148264884949, 0.9560135006904602, 0.9520246386528015, 0.9380424618721008, 0.9304736256599426, 0.922447919845581, 0.9174556732177734, 0.9076207280158997, 0.9000861048698425], "landscape_losses": [2.3781673908233643, 2.090167284011841, 1.8993825912475586, 1.7224977016448975, 1.5556198358535767, 1.4008712768554688, 1.2637932300567627, 1.129219889640808, 1.0264232158660889, 0.9501889944076538, 0.8969111442565918], "proxy_train_time": 7.716700688004494, "proxy_train_epochs": 50, "dirty_bit": 1, "landscape_term": 8.181086311425421, "speed_term": 6.309062536399374, "mote": 6.583362242665985}