{"id": 1628, "adj_matrix": [[0, 1, 1, 1], [0, 0, 1, 1], [0, 0, 0, 1], [0, 0, 0, 0]], "operations": ["zeros", "avg_pool_3x3", "avg_pool_3x3", "nor_conv_1x1", "nor_conv_3x3", "avg_pool_3x3"], "init_channel": 16, "blck_len": 5, "params": 0.351496, "flops": 11.7838, "latency": 0.012024998664855957, "train_per_time": 61.04488053504614, "train_time_200": 12208.976107009228, "train_accuracy_200": 0.33881784223297934, "test_accuracy_200": 0.31444444383409287, "train_time_12": 732.5385664205551, "train_accuracy_12": 0.2178180619633976, "test_accuracy_12": 0.2126666658528646, "valtest_accuracy_200": 0.6169, "valtest_accuracy_12": 0.38159999999999994, "proxy_losses": [2.6861305236816406, 2.4186670780181885, 2.2375316619873047, 2.100656509399414, 1.9950064420700073, 1.9215246438980103, 1.8668898344039917, 1.8284814357757568, 1.7964861392974854, 1.769737720489502, 1.7455931901931763, 1.7219219207763672, 1.7010136842727661, 1.6806102991104126, 1.6607781648635864, 1.6428461074829102, 1.6256407499313354, 1.609008550643921, 1.5928995609283447, 1.577148199081421, 1.5639663934707642, 1.5475916862487793, 1.5336403846740723, 1.5182816982269287, 1.5052039623260498, 1.4919500350952148, 1.4802957773208618, 1.4667863845825195, 1.4538861513137817, 1.4434887170791626, 1.4351398944854736, 1.4250400066375732, 1.4136015176773071, 1.4051566123962402, 1.3951771259307861, 1.3863171339035034, 1.379138708114624, 1.372865080833435, 1.362770676612854, 1.3558450937271118, 1.347599744796753, 1.3414121866226196, 1.3344676494598389, 1.3268084526062012, 1.321350336074829, 1.311661720275879, 1.3061293363571167, 1.3016762733459473, 1.2930738925933838, 1.2895152568817139], "landscape_losses": [2.740126132965088, 2.504659414291382, 2.312314748764038, 2.1271958351135254, 1.948546051979065, 1.7872506380081177, 1.6430027484893799, 1.5037020444869995, 1.4024347066879272, 1.3220316171646118, 1.285753607749939], "proxy_train_time": 7.737962382845581, "proxy_train_epochs": 50, "dirty_bit": 1, "landscape_term": 6.260372201097094, "speed_term": 4.87963017103288, "mote": 5.002150598548382}