{"id": 1635, "adj_matrix": [[0, 1, 1, 1], [0, 0, 1, 1], [0, 0, 0, 1], [0, 0, 0, 0]], "operations": ["avg_pool_3x3", "skip_connect", "nor_conv_3x3", "skip_connect", "nor_conv_1x1", "skip_connect"], "init_channel": 16, "blck_len": 5, "params": 0.351496, "flops": 11.7838, "latency": 0.01143472194671631, "train_per_time": 49.52650699718815, "train_time_200": 9905.30139943763, "train_accuracy_200": 0.31436607339431943, "test_accuracy_200": 0.3039999998474121, "train_time_12": 594.3180839662551, "train_accuracy_12": 0.18939353989240915, "test_accuracy_12": 0.1903333329772949, "valtest_accuracy_200": 0.5816666666666667, "valtest_accuracy_12": 0.3331, "proxy_losses": [4.112800598144531, 2.682133197784424, 2.1124627590179443, 1.9185402393341064, 1.8251054286956787, 1.753103494644165, 1.692778468132019, 1.648239254951477, 1.6114583015441895, 1.57487952709198, 1.5424799919128418, 1.5102850198745728, 1.4839146137237549, 1.4569034576416016, 1.434888482093811, 1.411888837814331, 1.3904328346252441, 1.3697296380996704, 1.350741982460022, 1.3347795009613037, 1.3215267658233643, 1.3057420253753662, 1.2937380075454712, 1.277765154838562, 1.2651424407958984, 1.248820185661316, 1.2366853952407837, 1.2230525016784668, 1.2153518199920654, 1.2107775211334229, 1.2035906314849854, 1.1849886178970337, 1.1771918535232544, 1.1650890111923218, 1.156432867050171, 1.1422674655914307, 1.1316304206848145, 1.1214643716812134, 1.1173105239868164, 1.1059350967407227, 1.0986008644104004, 1.086205244064331, 1.0822851657867432, 1.068861722946167, 1.0623279809951782, 1.0574735403060913, 1.0500032901763916, 1.0445692539215088, 1.0368428230285645, 1.030493974685669], "landscape_losses": [4.261598110198975, 3.1613845825195312, 2.5942811965942383, 2.1996004581451416, 1.9152541160583496, 1.6481943130493164, 1.4612127542495728, 1.2845664024353027, 1.155321717262268, 1.065352439880371, 1.0312854051589966], "proxy_train_time": 5.950009763240814, "proxy_train_epochs": 50, "dirty_bit": 1, "landscape_term": 6.7566263966841555, "speed_term": 4.25367046768204, "mote": 5.217467608070584}