{"id": 1653, "adj_matrix": [[0, 1, 1, 1], [0, 0, 1, 1], [0, 0, 0, 1], [0, 0, 0, 0]], "operations": ["avg_pool_3x3", "nor_conv_3x3", "skip_connect", "skip_connect", "nor_conv_3x3", "nor_conv_3x3"], "init_channel": 16, "blck_len": 5, "params": 0.809576, "flops": 28.49548, "latency": 0.015206297238667807, "train_per_time": 69.36892957282048, "train_time_200": 13873.785914564096, "train_accuracy_200": 0.5510964623216743, "test_accuracy_200": 0.4347777771335178, "train_time_12": 832.4271548738479, "train_accuracy_12": 0.2970336189888619, "test_accuracy_12": 0.28966666646321615, "valtest_accuracy_200": 0.6929000000000001, "valtest_accuracy_12": 0.501, "proxy_losses": [2.682396173477173, 1.9893923997879028, 1.73726224899292, 1.598427176475525, 1.5019972324371338, 1.4301495552062988, 1.374284029006958, 1.3244965076446533, 1.2852743864059448, 1.2521573305130005, 1.2159154415130615, 1.1887366771697998, 1.1544736623764038, 1.1262540817260742, 1.096237063407898, 1.0638314485549927, 1.0501775741577148, 1.0216224193572998, 0.9961428642272949, 0.9792718887329102, 0.9648934602737427, 0.9507516622543335, 0.9177722930908203, 0.9129042029380798, 0.8977572321891785, 0.8853245973587036, 0.8681614995002747, 0.8598259687423706, 0.8471600413322449, 0.8252192139625549, 0.8136301040649414, 0.8069597482681274, 0.8023058772087097, 0.7947214841842651, 0.786457896232605, 0.7821581959724426, 0.7792559266090393, 0.7540836334228516, 0.7400456666946411, 0.7271127700805664, 0.7226024270057678, 0.7136787176132202, 0.7132127285003662, 0.7167878150939941, 0.6897048950195312, 0.6774823069572449, 0.6731264591217041, 0.6650921702384949, 0.6676722764968872, 0.6586886048316956], "landscape_losses": [2.82027006149292, 2.2213358879089355, 1.8703380823135376, 1.622913122177124, 1.3925747871398926, 1.1950709819793701, 1.0408434867858887, 0.887129008769989, 0.7730309963226318, 0.684218168258667, 0.6501511931419373], "proxy_train_time": 8.347488633356988, "proxy_train_epochs": 50, "dirty_bit": 1, "landscape_term": 9.891684922727055, "speed_term": 8.234990423185774, "mote": 8.044113687636205}