{"id": 1662, "adj_matrix": [[0, 1, 1, 1], [0, 0, 1, 1], [0, 0, 0, 1], [0, 0, 0, 0]], "operations": ["skip_connect", "zeros", "skip_connect", "avg_pool_3x3", "nor_conv_3x3", "zeros"], "init_channel": 16, "blck_len": 5, "params": 0.323496, "flops": 10.800760000000002, "latency": 0.011578981081644693, "train_per_time": 38.736734497944596, "train_time_200": 7747.34689958892, "train_accuracy_200": 0.41094045265279894, "test_accuracy_200": 0.36688888858371316, "train_time_12": 464.840813975334, "train_accuracy_12": 0.24280817403523014, "test_accuracy_12": 0.23599999954223633, "valtest_accuracy_200": 0.6553666666666668, "valtest_accuracy_12": 0.42700000000000005, "proxy_losses": [2.400644302368164, 2.0090882778167725, 1.8650076389312744, 1.784687876701355, 1.7219067811965942, 1.6690648794174194, 1.6239665746688843, 1.5826495885849, 1.54645836353302, 1.513249397277832, 1.4816311597824097, 1.4511033296585083, 1.4249060153961182, 1.4013816118240356, 1.3713531494140625, 1.3522021770477295, 1.327430248260498, 1.3093829154968262, 1.2880802154541016, 1.2661354541778564, 1.2490726709365845, 1.2321767807006836, 1.2174582481384277, 1.2040321826934814, 1.1908173561096191, 1.176731824874878, 1.1527777910232544, 1.1345585584640503, 1.1177351474761963, 1.1067625284194946, 1.0941791534423828, 1.0803409814834595, 1.0705065727233887, 1.0655865669250488, 1.0553160905838013, 1.0449551343917847, 1.033760666847229, 1.0231457948684692, 1.0095703601837158, 1.0050773620605469, 0.9929531216621399, 0.977164089679718, 0.97257000207901, 0.9588688611984253, 0.9586836099624634, 0.9484544992446899, 0.940355658531189, 0.9351117014884949, 0.9283508062362671, 0.9235754609107971], "landscape_losses": [2.507183790206909, 2.1438231468200684, 1.9428716897964478, 1.7800543308258057, 1.6340490579605103, 1.4899191856384277, 1.3398282527923584, 1.213786005973816, 1.090079426765442, 0.9756673574447632, 0.915845513343811], "proxy_train_time": 6.175708265975118, "proxy_train_epochs": 50, "dirty_bit": 1, "landscape_term": 7.829370792624527, "speed_term": 4.886542597454015, "mote": 6.077504431911242}