{"id": 1703, "adj_matrix": [[0, 1, 1, 1], [0, 0, 1, 1], [0, 0, 0, 1], [0, 0, 0, 0]], "operations": ["avg_pool_3x3", "skip_connect", "skip_connect", "nor_conv_1x1", "skip_connect", "zeros"], "init_channel": 16, "blck_len": 5, "params": 0.108456, "flops": 2.9364399999999997, "latency": 0.012391765912373861, "train_per_time": 34.04266627987245, "train_time_200": 6808.533255974489, "train_accuracy_200": 0.3614612173242639, "test_accuracy_200": 0.33755555492824973, "train_time_12": 408.5119953584672, "train_accuracy_12": 0.22481212921444335, "test_accuracy_12": 0.23366666605631511, "valtest_accuracy_200": 0.6319666666666667, "valtest_accuracy_12": 0.4156, "proxy_losses": [2.70223331451416, 2.374814748764038, 2.21618914604187, 2.107347249984741, 2.017740249633789, 1.9460806846618652, 1.8923602104187012, 1.8479878902435303, 1.8087304830551147, 1.7791696786880493, 1.7528687715530396, 1.7304134368896484, 1.7116390466690063, 1.6936609745025635, 1.6765910387039185, 1.661704659461975, 1.645211935043335, 1.6320346593856812, 1.6158140897750854, 1.6017966270446777, 1.5874946117401123, 1.5745800733566284, 1.5613313913345337, 1.5470025539398193, 1.5348891019821167, 1.5218313932418823, 1.5115126371383667, 1.4988398551940918, 1.489595890045166, 1.4782112836837769, 1.4688925743103027, 1.4594699144363403, 1.4494987726211548, 1.440936803817749, 1.4333300590515137, 1.423461675643921, 1.4147666692733765, 1.408490777015686, 1.3985687494277954, 1.3931320905685425, 1.3870385885238647, 1.3790912628173828, 1.371475338935852, 1.3652076721191406, 1.354156732559204, 1.3489476442337036, 1.3423011302947998, 1.3365864753723145, 1.3299604654312134, 1.3258010149002075], "landscape_losses": [2.7588562965393066, 2.456857681274414, 2.2423505783081055, 2.0522799491882324, 1.8693535327911377, 1.7158794403076172, 1.5850379467010498, 1.4861723184585571, 1.407027006149292, 1.349845051765442, 1.3183937072753906], "proxy_train_time": 5.234673926606774, "proxy_train_epochs": 50, "dirty_bit": 1, "landscape_term": 6.3342645524225105, "speed_term": 3.2493000939302985, "mote": 4.703660139129523}