{"id": 1757, "adj_matrix": [[0, 1, 1, 1], [0, 0, 1, 1], [0, 0, 0, 1], [0, 0, 0, 0]], "operations": ["skip_connect", "nor_conv_3x3", "zeros", "avg_pool_3x3", "skip_connect", "skip_connect"], "init_channel": 16, "blck_len": 5, "params": 0.323496, "flops": 10.800760000000002, "latency": 0.011929829915364584, "train_per_time": 37.677038871208666, "train_time_200": 7535.407774241733, "train_accuracy_200": 0.34146561195995484, "test_accuracy_200": 0.328444443681505, "train_time_12": 452.1244664545059, "train_accuracy_12": 0.21589980224679783, "test_accuracy_12": 0.22233333348592121, "valtest_accuracy_200": 0.5924666666666667, "valtest_accuracy_12": 0.3514, "proxy_losses": [3.0427229404449463, 2.2076001167297363, 1.9610966444015503, 1.825986385345459, 1.7469902038574219, 1.6861687898635864, 1.6449170112609863, 1.6085304021835327, 1.575015664100647, 1.5445042848587036, 1.5167597532272339, 1.4896113872528076, 1.4655983448028564, 1.4435300827026367, 1.4237256050109863, 1.4038523435592651, 1.3862611055374146, 1.37104070186615, 1.3541581630706787, 1.3392958641052246, 1.3240485191345215, 1.3106244802474976, 1.297581672668457, 1.2856054306030273, 1.271570086479187, 1.2611137628555298, 1.2509735822677612, 1.234967589378357, 1.2278624773025513, 1.2141189575195312, 1.201171875, 1.1915404796600342, 1.1773393154144287, 1.166765570640564, 1.1593307256698608, 1.1478755474090576, 1.136293649673462, 1.1357580423355103, 1.1230244636535645, 1.1097931861877441, 1.1020164489746094, 1.0909165143966675, 1.0781598091125488, 1.0767717361450195, 1.0719586610794067, 1.0704222917556763, 1.0720316171646118, 1.054535984992981, 1.0384348630905151, 1.0373674631118774], "landscape_losses": [3.161378860473633, 2.4953174591064453, 2.1736299991607666, 1.933335781097412, 1.7042033672332764, 1.5122675895690918, 1.3626070022583008, 1.237118124961853, 1.127336025238037, 1.0685878992080688, 1.021857738494873], "proxy_train_time": 5.3592403549700975, "proxy_train_epochs": 50, "dirty_bit": 1, "landscape_term": 7.286100758528474, "speed_term": 3.943091583486296, "mote": 5.513750035742872}