{"id": 1872, "adj_matrix": [[0, 1, 1, 1], [0, 0, 1, 1], [0, 0, 0, 1], [0, 0, 0, 0]], "operations": ["zeros", "zeros", "zeros", "skip_connect", "skip_connect", "nor_conv_1x1"], "init_channel": 16, "blck_len": 5, "params": 0.108456, "flops": 2.9364399999999997, "latency": 0.011301668485005696, "train_per_time": 30.467086499849827, "train_time_200": 6093.417299969966, "train_accuracy_200": 0.2876137112814682, "test_accuracy_200": 0.28422222156100807, "train_time_12": 365.60503799819935, "train_accuracy_12": 0.22711931443538177, "test_accuracy_12": 0.23266666600545247, "valtest_accuracy_200": 0.5805666666666667, "valtest_accuracy_12": 0.4506, "proxy_losses": [2.452777624130249, 2.3198840618133545, 2.213083505630493, 2.137833833694458, 2.084134578704834, 2.047513961791992, 2.0181219577789307, 1.9938915967941284, 1.9740382432937622, 1.9568904638290405, 1.941116452217102, 1.9276931285858154, 1.9156594276428223, 1.904821515083313, 1.8964757919311523, 1.88627290725708, 1.877441644668579, 1.8692409992218018, 1.8615871667861938, 1.8530683517456055, 1.845422625541687, 1.8378897905349731, 1.8303874731063843, 1.8216240406036377, 1.812532663345337, 1.802804708480835, 1.7923699617385864, 1.7864543199539185, 1.777814269065857, 1.770926594734192, 1.764080286026001, 1.7582329511642456, 1.753772258758545, 1.7470457553863525, 1.7426378726959229, 1.7382640838623047, 1.7333402633666992, 1.7286044359207153, 1.7240532636642456, 1.7192860841751099, 1.7146556377410889, 1.7107059955596924, 1.7065292596817017, 1.7039577960968018, 1.6990749835968018, 1.6950072050094604, 1.6910960674285889, 1.6877113580703735, 1.6835771799087524, 1.6802293062210083], "landscape_losses": [2.473633050918579, 2.3421754837036133, 2.221018075942993, 2.1049766540527344, 1.9976249933242798, 1.9118648767471313, 1.8356165885925293, 1.7743712663650513, 1.7264697551727295, 1.6973474025726318, 1.6786279678344727], "proxy_train_time": 5.722678543068469, "proxy_train_epochs": 50, "dirty_bit": 1, "landscape_term": 5.652621585521211, "speed_term": 3.0902783494183055, "mote": 4.189114703507528}