{"id": 1885, "adj_matrix": [[0, 1, 1, 1], [0, 0, 1, 1], [0, 0, 0, 1], [0, 0, 0, 0]], "operations": ["zeros", "avg_pool_3x3", "zeros", "avg_pool_3x3", "avg_pool_3x3", "avg_pool_3x3"], "init_channel": 16, "blck_len": 5, "params": 0.080456, "flops": 1.9534, "latency": 0.008924047152201334, "train_per_time": 41.428334244489655, "train_time_200": 8285.66684889793, "train_accuracy_200": 0.1434388046584845, "test_accuracy_200": 0.1356666665479872, "train_time_12": 497.1400109338762, "train_accuracy_12": 0.1016282135827021, "test_accuracy_12": 0.09766666666666668, "valtest_accuracy_200": 0.40673333333333334, "valtest_accuracy_12": 0.2205, "proxy_losses": [3.660236358642578, 2.9704184532165527, 2.5053529739379883, 2.2195520401000977, 2.0307376384735107, 1.9285179376602173, 1.8811148405075073, 1.8466142416000366, 1.8186568021774292, 1.795628309249878, 1.7781349420547485, 1.7603200674057007, 1.7474383115768433, 1.7372459173202515, 1.727894902229309, 1.7188068628311157, 1.710817575454712, 1.7033330202102661, 1.694245457649231, 1.687153935432434, 1.6786062717437744, 1.6717253923416138, 1.666855812072754, 1.6607149839401245, 1.6547662019729614, 1.6509230136871338, 1.6463607549667358, 1.6421504020690918, 1.6363582611083984, 1.6336331367492676, 1.6280287504196167, 1.6254794597625732, 1.6205068826675415, 1.6174424886703491, 1.6138802766799927, 1.609342098236084, 1.605955719947815, 1.602430820465088, 1.5989512205123901, 1.5944422483444214, 1.591128945350647, 1.5869367122650146, 1.585793137550354, 1.5803515911102295, 1.5772751569747925, 1.5726383924484253, 1.571427583694458, 1.5663087368011475, 1.5634959936141968, 1.5610893964767456], "landscape_losses": [3.737689733505249, 3.141402244567871, 2.7360193729400635, 2.421015739440918, 2.1512207984924316, 1.9498931169509888, 1.806091070175171, 1.7030173540115356, 1.6204534769058228, 1.5761499404907227, 1.5586034059524536], "proxy_train_time": 5.552412641234696, "proxy_train_epochs": 50, "dirty_bit": 1, "landscape_term": 5.37616299792873, "speed_term": 3.1427367842137452, "mote": 4.005756866250597}