{"id": 1933, "adj_matrix": [[0, 1, 1, 1], [0, 0, 1, 1], [0, 0, 0, 1], [0, 0, 0, 0]], "operations": ["zeros", "skip_connect", "zeros", "nor_conv_1x1", "zeros", "nor_conv_3x3"], "init_channel": 16, "blck_len": 5, "params": 0.351496, "flops": 11.7838, "latency": 0.014248482386271159, "train_per_time": 44.85982212869319, "train_time_200": 8971.964425738637, "train_accuracy_200": 0.46704460557817334, "test_accuracy_200": 0.4111111109076606, "train_time_12": 538.3178655443193, "train_accuracy_12": 0.26986816085986426, "test_accuracy_12": 0.2679999996439616, "valtest_accuracy_200": 0.6764666666666667, "valtest_accuracy_12": 0.5021, "proxy_losses": [2.3003273010253906, 1.9557011127471924, 1.8142021894454956, 1.7288830280303955, 1.6644214391708374, 1.6147816181182861, 1.5716074705123901, 1.5315210819244385, 1.499226450920105, 1.4667448997497559, 1.4368845224380493, 1.409318447113037, 1.3812456130981445, 1.3544270992279053, 1.3307868242263794, 1.3081921339035034, 1.28569495677948, 1.2653443813323975, 1.2441174983978271, 1.227615237236023, 1.2060785293579102, 1.1891363859176636, 1.175109624862671, 1.1556856632232666, 1.1405324935913086, 1.1341204643249512, 1.1220529079437256, 1.1077635288238525, 1.0886197090148926, 1.0716466903686523, 1.0673365592956543, 1.0537339448928833, 1.0443062782287598, 1.0270540714263916, 1.0169119834899902, 1.0064027309417725, 0.9962030053138733, 0.9822241067886353, 0.9727622866630554, 0.9655917286872864, 0.9565702080726624, 0.9443068504333496, 0.9377145767211914, 0.9268094897270203, 0.9233263731002808, 0.9131723642349243, 0.9052459001541138, 0.8933876156806946, 0.8908100724220276, 0.8976089954376221], "landscape_losses": [2.3802084922790527, 2.0922586917877197, 1.8885794878005981, 1.6921708583831787, 1.5089497566223145, 1.3529324531555176, 1.2091379165649414, 1.0854095220565796, 1.0033648014068604, 0.930833101272583, 0.8880520462989807], "proxy_train_time": 7.455943724140525, "proxy_train_epochs": 50, "dirty_bit": 1, "landscape_term": 8.365746609465909, "speed_term": 6.101100574438252, "mote": 6.669093318044175}