{"id": 2108, "adj_matrix": [[0, 1, 1, 1], [0, 0, 1, 1], [0, 0, 0, 1], [0, 0, 0, 0]], "operations": ["avg_pool_3x3", "zeros", "avg_pool_3x3", "nor_conv_3x3", "zeros", "avg_pool_3x3"], "init_channel": 16, "blck_len": 5, "params": 0.323496, "flops": 10.800760000000002, "latency": 0.013860034942626954, "train_per_time": 50.60497567542384, "train_time_200": 10120.995135084768, "train_accuracy_200": 0.38429795650045473, "test_accuracy_200": 0.3546666665988499, "train_time_12": 607.2597081050873, "train_accuracy_12": 0.21914304549305863, "test_accuracy_12": 0.225, "valtest_accuracy_200": 0.6237999999999999, "valtest_accuracy_12": 0.3851, "proxy_losses": [2.3904786109924316, 1.9798656702041626, 1.826944351196289, 1.7358790636062622, 1.667112112045288, 1.6194117069244385, 1.5768394470214844, 1.5377588272094727, 1.503919005393982, 1.4682409763336182, 1.4365285634994507, 1.405677318572998, 1.3807326555252075, 1.3533732891082764, 1.3306901454925537, 1.3103803396224976, 1.2883503437042236, 1.2681947946548462, 1.2493150234222412, 1.2281851768493652, 1.2113515138626099, 1.2029305696487427, 1.1934010982513428, 1.1700183153152466, 1.152747631072998, 1.1385263204574585, 1.1272450685501099, 1.1083602905273438, 1.094974160194397, 1.0793273448944092, 1.0671769380569458, 1.0630275011062622, 1.0490089654922485, 1.0416343212127686, 1.0406577587127686, 1.02410888671875, 1.0159975290298462, 1.0022428035736084, 0.9889463782310486, 0.978796660900116, 0.9748358130455017, 0.9712384939193726, 0.9557713866233826, 0.9545774459838867, 0.9412494897842407, 0.9388483166694641, 0.9254013895988464, 0.9180458784103394, 0.9118174910545349, 0.9053753018379211], "landscape_losses": [2.4966306686401367, 2.1534550189971924, 1.9429068565368652, 1.7663328647613525, 1.60431969165802, 1.4309468269348145, 1.275991439819336, 1.13507878780365, 1.025710940361023, 0.9423268437385559, 0.9260241389274597], "proxy_train_time": 7.0027772122994065, "proxy_train_epochs": 50, "dirty_bit": 1, "landscape_term": 8.04862478302592, "speed_term": 5.6743524601467215, "mote": 6.377502048620611}