{"id": 2157, "adj_matrix": [[0, 1, 1, 1], [0, 0, 1, 1], [0, 0, 0, 1], [0, 0, 0, 0]], "operations": ["nor_conv_1x1", "zeros", "skip_connect", "avg_pool_3x3", "zeros", "avg_pool_3x3"], "init_channel": 16, "blck_len": 5, "params": 0.108456, "flops": 2.9364399999999997, "latency": 0.012363616625467935, "train_per_time": 40.54881204970666, "train_time_200": 8109.762409941332, "train_accuracy_200": 0.3048253131282222, "test_accuracy_200": 0.2741111105685764, "train_time_12": 486.58574459648133, "train_accuracy_12": 0.18901779828860563, "test_accuracy_12": 0.19366666625976564, "valtest_accuracy_200": 0.5976, "valtest_accuracy_12": 0.3809, "proxy_losses": [2.437361240386963, 2.166440963745117, 2.017333984375, 1.93301522731781, 1.866172432899475, 1.8175283670425415, 1.776843547821045, 1.7433472871780396, 1.7128134965896606, 1.686981201171875, 1.6642121076583862, 1.6449062824249268, 1.626945972442627, 1.6107412576675415, 1.5950778722763062, 1.5792620182037354, 1.5649811029434204, 1.5561246871948242, 1.5406066179275513, 1.525849461555481, 1.5135705471038818, 1.5006928443908691, 1.4899710416793823, 1.4748144149780273, 1.4640085697174072, 1.4531069993972778, 1.4403746128082275, 1.4300705194473267, 1.4175829887390137, 1.4107484817504883, 1.4006580114364624, 1.3889648914337158, 1.3825557231903076, 1.3706910610198975, 1.3622994422912598, 1.3534667491912842, 1.3463666439056396, 1.339492678642273, 1.330614686012268, 1.325410008430481, 1.317732572555542, 1.3066538572311401, 1.2985576391220093, 1.2934397459030151, 1.2872339487075806, 1.286987066268921, 1.2783775329589844, 1.2680878639221191, 1.2621241807937622, 1.254738450050354], "landscape_losses": [2.4921913146972656, 2.250861406326294, 2.0764241218566895, 1.9312413930892944, 1.7893301248550415, 1.6644093990325928, 1.5447067022323608, 1.4471163749694824, 1.3561781644821167, 1.2912424802780151, 1.2557905912399292], "proxy_train_time": 6.172164153307676, "proxy_train_epochs": 50, "dirty_bit": 1, "landscape_term": 6.651135328913755, "speed_term": 4.054449201015838, "mote": 5.102534756656889}