{"id": 2271, "adj_matrix": [[0, 1, 1, 1], [0, 0, 1, 1], [0, 0, 0, 1], [0, 0, 0, 0]], "operations": ["nor_conv_1x1", "avg_pool_3x3", "zeros", "avg_pool_3x3", "avg_pool_3x3", "zeros"], "init_channel": 16, "blck_len": 5, "params": 0.108456, "flops": 2.9364399999999997, "latency": 0.011308908462524414, "train_per_time": 47.14335301383348, "train_time_200": 9428.670602766697, "train_accuracy_200": 0.3049659415596895, "test_accuracy_200": 0.27899999957614474, "train_time_12": 565.7202361660003, "train_accuracy_12": 0.18901779828860563, "test_accuracy_12": 0.19366666625976564, "valtest_accuracy_200": 0.6053333333333333, "valtest_accuracy_12": 0.3809, "proxy_losses": [2.516106128692627, 2.2594799995422363, 2.1099495887756348, 2.027952194213867, 1.9669440984725952, 1.9197946786880493, 1.8797857761383057, 1.8436003923416138, 1.809272289276123, 1.7805367708206177, 1.7544935941696167, 1.7308568954467773, 1.7084676027297974, 1.6897283792495728, 1.666229486465454, 1.650220274925232, 1.6282728910446167, 1.6102789640426636, 1.592011570930481, 1.5759687423706055, 1.5622243881225586, 1.5458365678787231, 1.5318924188613892, 1.5159238576889038, 1.5056101083755493, 1.4924216270446777, 1.4779818058013916, 1.468315601348877, 1.458452582359314, 1.4462717771530151, 1.436143398284912, 1.4242312908172607, 1.4143157005310059, 1.4024385213851929, 1.3948705196380615, 1.3863525390625, 1.376442313194275, 1.3685519695281982, 1.3551274538040161, 1.346923589706421, 1.3400241136550903, 1.3300731182098389, 1.3229496479034424, 1.3152273893356323, 1.3023245334625244, 1.2961781024932861, 1.2885507345199585, 1.2855539321899414, 1.2758375406265259, 1.2680937051773071], "landscape_losses": [2.569213390350342, 2.347304582595825, 2.18548583984375, 2.026784896850586, 1.8947439193725586, 1.7592421770095825, 1.6350443363189697, 1.5077787637710571, 1.390861988067627, 1.3142108917236328, 1.2652084827423096], "proxy_train_time": 6.372792314738035, "proxy_train_epochs": 50, "dirty_bit": 1, "landscape_term": 6.407510092915383, "speed_term": 4.0510996937554715, "mote": 4.9333273515497265}