{"id": 2358, "adj_matrix": [[0, 1, 1, 1], [0, 0, 1, 1], [0, 0, 0, 1], [0, 0, 0, 0]], "operations": ["avg_pool_3x3", "nor_conv_1x1", "nor_conv_3x3", "nor_conv_1x1", "nor_conv_3x3", "zeros"], "init_channel": 16, "blck_len": 5, "params": 0.622536, "flops": 21.6142, "latency": 0.019089301427205402, "train_per_time": 76.90161916979184, "train_time_200": 15380.323833958368, "train_accuracy_200": 0.4215557020498773, "test_accuracy_200": 0.3761111108059354, "train_time_12": 922.8194300374981, "train_accuracy_12": 0.21584047463504435, "test_accuracy_12": 0.22899999969482424, "valtest_accuracy_200": 0.6685000000000001, "valtest_accuracy_12": 0.4192, "proxy_losses": [2.2854740619659424, 1.941633939743042, 1.820542812347412, 1.7385156154632568, 1.677226185798645, 1.6244914531707764, 1.576783537864685, 1.5313968658447266, 1.4867907762527466, 1.4518367052078247, 1.4147642850875854, 1.380963683128357, 1.3509206771850586, 1.328449010848999, 1.299818992614746, 1.278260588645935, 1.2527529001235962, 1.2354307174682617, 1.2155704498291016, 1.1962372064590454, 1.176693320274353, 1.158096194267273, 1.148640513420105, 1.1348528861999512, 1.118252158164978, 1.1010955572128296, 1.0947489738464355, 1.070268988609314, 1.0587395429611206, 1.0439499616622925, 1.0371577739715576, 1.0208983421325684, 1.0114530324935913, 1.0025259256362915, 0.9883058667182922, 0.9770421981811523, 0.9645910263061523, 0.9596754908561707, 0.955375611782074, 0.9546571969985962, 0.9553839564323425, 0.9349360466003418, 0.9171962141990662, 0.9154713153839111, 0.9096449017524719, 0.8980266451835632, 0.885750949382782, 0.8813100457191467, 0.8866424560546875, 0.8739898204803467], "landscape_losses": [2.3922765254974365, 2.064967155456543, 1.8575620651245117, 1.6858513355255127, 1.5230063199996948, 1.3800064325332642, 1.2506115436553955, 1.1137973070144653, 1.007210373878479, 0.9081056714057922, 0.8657643795013428], "proxy_train_time": 9.81643271818757, "proxy_train_epochs": 50, "dirty_bit": 1, "landscape_term": 8.361545193709775, "speed_term": 8.163593478482486, "mote": 7.022496356320868}