{"id": 2427, "adj_matrix": [[0, 1, 1, 1], [0, 0, 1, 1], [0, 0, 0, 1], [0, 0, 0, 0]], "operations": ["zeros", "nor_conv_3x3", "zeros", "skip_connect", "nor_conv_3x3", "avg_pool_3x3"], "init_channel": 16, "blck_len": 5, "params": 0.566536, "flops": 19.64812, "latency": 0.013790917396545409, "train_per_time": 53.2959761165779, "train_time_200": 10659.195223315579, "train_accuracy_200": 0.4000834981487075, "test_accuracy_200": 0.36, "train_time_12": 639.5517133989334, "train_accuracy_12": 0.2677389584837419, "test_accuracy_12": 0.27566666676839197, "valtest_accuracy_200": 0.6575, "valtest_accuracy_12": 0.5051, "proxy_losses": [2.555290937423706, 2.0576813220977783, 1.896425724029541, 1.8012851476669312, 1.7279716730117798, 1.6711382865905762, 1.6210318803787231, 1.5778459310531616, 1.5377864837646484, 1.503538727760315, 1.4726696014404297, 1.4451406002044678, 1.4167044162750244, 1.3934755325317383, 1.3719457387924194, 1.3467230796813965, 1.3289090394973755, 1.312018871307373, 1.2936469316482544, 1.2728281021118164, 1.2587372064590454, 1.243311882019043, 1.2266931533813477, 1.2166781425476074, 1.201748013496399, 1.191131830215454, 1.1774121522903442, 1.1660058498382568, 1.1475975513458252, 1.1341021060943604, 1.1266800165176392, 1.109283208847046, 1.104508638381958, 1.0879335403442383, 1.0795978307724, 1.0728532075881958, 1.048326015472412, 1.037885308265686, 1.0383105278015137, 1.0215011835098267, 1.0111337900161743, 1.0010462999343872, 0.9927679896354675, 0.9846657514572144, 0.9758738279342651, 0.9707445502281189, 0.9575151205062866, 0.9488113522529602, 0.9480829238891602, 0.9408848881721497], "landscape_losses": [2.6583776473999023, 2.2669312953948975, 2.02097225189209, 1.798156976699829, 1.6153916120529175, 1.4482721090316772, 1.3075002431869507, 1.177580714225769, 1.0759613513946533, 0.9910841584205627, 0.9305905103683472], "proxy_train_time": 7.86455949395895, "proxy_train_epochs": 50, "dirty_bit": 1, "landscape_term": 7.8047543501305245, "speed_term": 6.1417033723196495, "mote": 6.299963409440187}