{"id": 2460, "adj_matrix": [[0, 1, 1, 1], [0, 0, 1, 1], [0, 0, 0, 1], [0, 0, 0, 0]], "operations": ["avg_pool_3x3", "nor_conv_3x3", "zeros", "zeros", "nor_conv_3x3", "zeros"], "init_channel": 16, "blck_len": 5, "params": 0.566536, "flops": 19.64812, "latency": 0.013216376304626465, "train_per_time": 55.66155397136998, "train_time_200": 11132.310794273997, "train_accuracy_200": 0.1654647330252057, "test_accuracy_200": 0.1662222221883138, "train_time_12": 667.9386476564406, "train_accuracy_12": 0.09912326961157741, "test_accuracy_12": 0.1056666667175293, "valtest_accuracy_200": 0.5718333333333334, "valtest_accuracy_12": 0.24539999999999998, "proxy_losses": [2.204202651977539, 1.9069222211837769, 1.8134039640426636, 1.7584939002990723, 1.713701605796814, 1.6736087799072266, 1.634523630142212, 1.5999603271484375, 1.562477946281433, 1.5277478694915771, 1.4865671396255493, 1.4526288509368896, 1.4181983470916748, 1.3920190334320068, 1.3649853467941284, 1.341984510421753, 1.3165521621704102, 1.2920576333999634, 1.2662965059280396, 1.2534549236297607, 1.23392915725708, 1.2078931331634521, 1.1923143863677979, 1.1752748489379883, 1.1590410470962524, 1.1446757316589355, 1.1324458122253418, 1.119613766670227, 1.1039868593215942, 1.096571445465088, 1.086059808731079, 1.078626036643982, 1.0659154653549194, 1.0546525716781616, 1.0419912338256836, 1.0358716249465942, 1.0285654067993164, 1.0232055187225342, 1.0069360733032227, 0.9970585107803345, 0.9946437478065491, 0.9816903471946716, 0.9701433777809143, 0.9613774418830872, 0.9492056369781494, 0.9450914263725281, 0.9348548650741577, 0.9360820055007935, 0.9310632944107056, 0.9230488538742065], "landscape_losses": [2.294842004776001, 2.047459125518799, 1.8699829578399658, 1.7030953168869019, 1.5454398393630981, 1.3771909475326538, 1.2495779991149902, 1.1386988162994385, 1.0469386577606201, 0.9773846864700317, 0.9162930846214294], "proxy_train_time": 8.584713526070118, "proxy_train_epochs": 50, "dirty_bit": 1, "landscape_term": 8.16740499950174, "speed_term": 6.868692128364351, "mote": 6.673655748227156}