{"id": 2462, "adj_matrix": [[0, 1, 1, 1], [0, 0, 1, 1], [0, 0, 0, 1], [0, 0, 0, 0]], "operations": ["nor_conv_3x3", "skip_connect", "nor_conv_3x3", "nor_conv_3x3", "zeros", "nor_conv_3x3"], "init_channel": 16, "blck_len": 5, "params": 1.052616, "flops": 37.34284, "latency": 0.01590004762013753, "train_per_time": 76.8343931635223, "train_time_200": 15366.87863270446, "train_accuracy_200": 0.5512920237447948, "test_accuracy_200": 0.43011111050075956, "train_time_12": 922.0127179622651, "train_accuracy_12": 0.2432564271588662, "test_accuracy_12": 0.2449999994913737, "valtest_accuracy_200": 0.7043333333333334, "valtest_accuracy_12": 0.494, "proxy_losses": [2.1671817302703857, 1.749022126197815, 1.5764228105545044, 1.4629279375076294, 1.3721953630447388, 1.3042885065078735, 1.2470818758010864, 1.1972216367721558, 1.1462414264678955, 1.1058168411254883, 1.060581922531128, 1.0121960639953613, 0.9796108603477478, 0.9465657472610474, 0.9264242053031921, 0.9124365448951721, 0.8727580308914185, 0.850208580493927, 0.83761066198349, 0.8112969994544983, 0.7855463624000549, 0.7718042731285095, 0.7534686326980591, 0.7389779090881348, 0.729529619216919, 0.7048630118370056, 0.6990322470664978, 0.6730830073356628, 0.6609756946563721, 0.6558406949043274, 0.6478649377822876, 0.6335980892181396, 0.6141422390937805, 0.5951212048530579, 0.5914875268936157, 0.5879161357879639, 0.5761434435844421, 0.5744104385375977, 0.5651842951774597, 0.5532407164573669, 0.5367200970649719, 0.521689236164093, 0.5077294707298279, 0.5053625106811523, 0.49787822365760803, 0.484771728515625, 0.47565150260925293, 0.4666416645050049, 0.45838916301727295, 0.4509216248989105], "landscape_losses": [2.2928082942962646, 1.9184304475784302, 1.6396740674972534, 1.3967385292053223, 1.199919581413269, 1.0324515104293823, 0.8690513968467712, 0.7248709797859192, 0.5901102423667908, 0.5020915269851685, 0.4440232813358307], "proxy_train_time": 10.375910677015781, "proxy_train_epochs": 50, "dirty_bit": 1, "landscape_term": 12.553831703531134, "speed_term": 12.484228279444862, "mote": 10.388753369168603}