{"id": 2471, "adj_matrix": [[0, 1, 1, 1], [0, 0, 1, 1], [0, 0, 0, 1], [0, 0, 0, 0]], "operations": ["zeros", "nor_conv_3x3", "skip_connect", "nor_conv_1x1", "zeros", "avg_pool_3x3"], "init_channel": 16, "blck_len": 5, "params": 0.351496, "flops": 11.7838, "latency": 0.01170655091603597, "train_per_time": 50.954295127232946, "train_time_200": 10190.859025446589, "train_accuracy_200": 0.43499670402545293, "test_accuracy_200": 0.39399999949137365, "train_time_12": 611.4515415267944, "train_accuracy_12": 0.23965062624454184, "test_accuracy_12": 0.24066666610717774, "valtest_accuracy_200": 0.6691666666666667, "valtest_accuracy_12": 0.4384, "proxy_losses": [2.295915126800537, 1.9409797191619873, 1.811418890953064, 1.7312250137329102, 1.6707136631011963, 1.6194654703140259, 1.5738708972930908, 1.5329099893569946, 1.49800443649292, 1.4614391326904297, 1.4325000047683716, 1.4036767482757568, 1.3730814456939697, 1.352323055267334, 1.3322906494140625, 1.3130249977111816, 1.2904503345489502, 1.2731765508651733, 1.2513831853866577, 1.2322276830673218, 1.2192542552947998, 1.204564094543457, 1.1881057024002075, 1.169825553894043, 1.1551753282546997, 1.1416351795196533, 1.1341561079025269, 1.1161093711853027, 1.103867530822754, 1.0919369459152222, 1.0748652219772339, 1.0607101917266846, 1.0520963668823242, 1.0378142595291138, 1.0224803686141968, 1.0162419080734253, 1.0121252536773682, 0.9902412295341492, 0.9836437702178955, 0.973213791847229, 0.9633490443229675, 0.9607048630714417, 0.9498520493507385, 0.933387279510498, 0.9188628196716309, 0.9138808846473694, 0.9000419974327087, 0.8996491432189941, 0.8929842710494995, 0.889106810092926], "landscape_losses": [2.3982980251312256, 2.067232370376587, 1.8562558889389038, 1.6798027753829956, 1.5149611234664917, 1.350826621055603, 1.210401177406311, 1.0930578708648682, 0.9903343915939331, 0.9224455952644348, 0.8781321048736572], "proxy_train_time": 8.329532252624631, "proxy_train_epochs": 50, "dirty_bit": 1, "landscape_term": 8.408750669706825, "speed_term": 6.787433078635923, "mote": 6.820843515008976}