{"id": 2498, "adj_matrix": [[0, 1, 1, 1], [0, 0, 1, 1], [0, 0, 0, 1], [0, 0, 0, 0]], "operations": ["avg_pool_3x3", "zeros", "zeros", "nor_conv_3x3", "skip_connect", "avg_pool_3x3"], "init_channel": 16, "blck_len": 5, "params": 0.323496, "flops": 10.800760000000002, "latency": 0.012054896354675293, "train_per_time": 44.677886707544474, "train_time_200": 8935.577341508895, "train_accuracy_200": 0.4090969017875401, "test_accuracy_200": 0.3763333328586155, "train_time_12": 536.1346404905319, "train_accuracy_12": 0.24280817403523014, "test_accuracy_12": 0.23599999954223633, "valtest_accuracy_200": 0.6529666666666667, "valtest_accuracy_12": 0.42700000000000005, "proxy_losses": [2.486595392227173, 2.108565092086792, 1.937401533126831, 1.83089280128479, 1.7573508024215698, 1.7004189491271973, 1.651296854019165, 1.6090608835220337, 1.5723021030426025, 1.5358437299728394, 1.5037013292312622, 1.4769283533096313, 1.4505971670150757, 1.429545283317566, 1.4081990718841553, 1.3921356201171875, 1.3716267347335815, 1.3542362451553345, 1.335390567779541, 1.3235721588134766, 1.3079882860183716, 1.2915775775909424, 1.2781459093093872, 1.263724446296692, 1.2523914575576782, 1.2366353273391724, 1.2239995002746582, 1.208656668663025, 1.1932576894760132, 1.181765079498291, 1.1714836359024048, 1.1635481119155884, 1.1577543020248413, 1.139059066772461, 1.1305663585662842, 1.1168726682662964, 1.106001615524292, 1.099199652671814, 1.0902020931243896, 1.0862153768539429, 1.0701545476913452, 1.058410882949829, 1.0515601634979248, 1.0394459962844849, 1.0285977125167847, 1.0235732793807983, 1.0167088508605957, 1.014650583267212, 1.0147641897201538, 1.0051485300064087], "landscape_losses": [2.5848278999328613, 2.255558490753174, 2.0149779319763184, 1.8180763721466064, 1.6212360858917236, 1.4541500806808472, 1.3186150789260864, 1.1981087923049927, 1.1171101331710815, 1.0429140329360962, 0.9897990226745605], "proxy_train_time": 6.618247147649527, "proxy_train_epochs": 50, "dirty_bit": 1, "landscape_term": 7.6383825892146575, "speed_term": 4.9943215103650465, "mote": 5.969897850027453}