{"id": 2515, "adj_matrix": [[0, 1, 1, 1], [0, 0, 1, 1], [0, 0, 0, 1], [0, 0, 0, 0]], "operations": ["nor_conv_3x3", "nor_conv_3x3", "nor_conv_3x3", "nor_conv_1x1", "nor_conv_1x1", "skip_connect"], "init_channel": 16, "blck_len": 5, "params": 0.865576, "flops": 30.461560000000002, "latency": 0.02043476899464925, "train_per_time": 83.73989743161248, "train_time_200": 16747.979486322496, "train_accuracy_200": 0.5557701604220768, "test_accuracy_200": 0.445777778116862, "train_time_12": 1004.8787691793442, "train_accuracy_12": 0.2752076466786052, "test_accuracy_12": 0.26966666575113935, "valtest_accuracy_200": 0.7034333333333334, "valtest_accuracy_12": 0.5045000000000001, "proxy_losses": [2.4289004802703857, 1.8698559999465942, 1.6883217096328735, 1.565187931060791, 1.4819196462631226, 1.403028964996338, 1.3419220447540283, 1.2861013412475586, 1.2382545471191406, 1.195479154586792, 1.1572157144546509, 1.120762825012207, 1.0879945755004883, 1.0631831884384155, 1.040408730506897, 1.01292884349823, 0.9862444400787354, 0.9643656015396118, 0.9426454901695251, 0.9222302436828613, 0.9077973365783691, 0.8882270455360413, 0.8733879923820496, 0.8519960045814514, 0.840333878993988, 0.831455647945404, 0.8216568231582642, 0.8034569025039673, 0.8004075884819031, 0.7928219437599182, 0.7774268984794617, 0.764036238193512, 0.7406185269355774, 0.730893075466156, 0.7214193344116211, 0.7089109420776367, 0.7059489488601685, 0.7018887996673584, 0.6993269920349121, 0.6823670864105225, 0.669760525226593, 0.6645463109016418, 0.6568508148193359, 0.641410231590271, 0.6405797600746155, 0.6299709677696228, 0.6135568618774414, 0.6113511323928833, 0.5969021916389465, 0.6008948683738708], "landscape_losses": [2.550459623336792, 2.0467402935028076, 1.772213101387024, 1.5290507078170776, 1.3215245008468628, 1.1498842239379883, 0.9855929613113403, 0.8389704823493958, 0.7148513793945312, 0.6372725367546082, 0.6018211841583252], "proxy_train_time": 10.196349911391735, "proxy_train_epochs": 50, "dirty_bit": 1, "landscape_term": 10.561546663992047, "speed_term": 10.672972157958213, "mote": 8.857027564819322}