{"id": 2669, "adj_matrix": [[0, 1, 1, 1], [0, 0, 1, 1], [0, 0, 0, 1], [0, 0, 0, 0]], "operations": ["nor_conv_1x1", "avg_pool_3x3", "skip_connect", "zeros", "nor_conv_1x1", "avg_pool_3x3"], "init_channel": 16, "blck_len": 5, "params": 0.136456, "flops": 3.91948, "latency": 0.014538105328877768, "train_per_time": 51.285522452274925, "train_time_200": 10257.104490454985, "train_accuracy_200": 0.386205229634281, "test_accuracy_200": 0.3429999991861979, "train_time_12": 615.4262694272995, "train_accuracy_12": 0.2226367831271026, "test_accuracy_12": 0.22166666625976564, "valtest_accuracy_200": 0.6107666666666666, "valtest_accuracy_12": 0.3887, "proxy_losses": [2.886611223220825, 2.406585931777954, 2.1582274436950684, 1.9989453554153442, 1.892920732498169, 1.8228962421417236, 1.7701119184494019, 1.7220039367675781, 1.6845148801803589, 1.654022216796875, 1.6262625455856323, 1.601736307144165, 1.5787873268127441, 1.5582464933395386, 1.5392118692398071, 1.518019676208496, 1.50172758102417, 1.482917070388794, 1.4666637182235718, 1.4513146877288818, 1.4372798204421997, 1.423221230506897, 1.409083604812622, 1.3971147537231445, 1.3830158710479736, 1.3705004453659058, 1.3570878505706787, 1.344954252243042, 1.3361835479736328, 1.3234795331954956, 1.3116064071655273, 1.3016406297683716, 1.2908580303192139, 1.2792130708694458, 1.2670036554336548, 1.2555220127105713, 1.2446492910385132, 1.234052300453186, 1.2244240045547485, 1.2156749963760376, 1.2060836553573608, 1.1960227489471436, 1.1875911951065063, 1.1791168451309204, 1.170425534248352, 1.1566064357757568, 1.1512079238891602, 1.1439945697784424, 1.131740689277649, 1.12271249294281], "landscape_losses": [2.9616076946258545, 2.518712282180786, 2.231470823287964, 2.0020759105682373, 1.7978953123092651, 1.616335153579712, 1.4807897806167603, 1.3318570852279663, 1.2334808111190796, 1.1580029726028442, 1.1157413721084595], "proxy_train_time": 6.7030520075932145, "proxy_train_epochs": 50, "dirty_bit": 1, "landscape_term": 6.853869858534653, "speed_term": 4.567742508197551, "mote": 5.34942336368788}