{"id": 2694, "adj_matrix": [[0, 1, 1, 1], [0, 0, 1, 1], [0, 0, 0, 1], [0, 0, 0, 0]], "operations": ["zeros", "skip_connect", "nor_conv_3x3", "skip_connect", "skip_connect", "nor_conv_1x1"], "init_channel": 16, "blck_len": 5, "params": 0.351496, "flops": 11.7838, "latency": 0.012753295898437501, "train_per_time": 42.64955093256619, "train_time_200": 8529.910186513238, "train_accuracy_200": 0.3596440342875686, "test_accuracy_200": 0.339999999915229, "train_time_12": 511.79461119079593, "train_accuracy_12": 0.25250494396936446, "test_accuracy_12": 0.25266666651407876, "valtest_accuracy_200": 0.6441333333333334, "valtest_accuracy_12": 0.4747, "proxy_losses": [2.8075008392333984, 2.476555347442627, 2.2804336547851562, 2.149373769760132, 2.053652763366699, 1.981645107269287, 1.921903371810913, 1.8736618757247925, 1.832962155342102, 1.7985591888427734, 1.768878698348999, 1.7418683767318726, 1.718063235282898, 1.696266770362854, 1.6749151945114136, 1.655645489692688, 1.6365066766738892, 1.6188535690307617, 1.602962851524353, 1.5899320840835571, 1.573528528213501, 1.5609309673309326, 1.5483958721160889, 1.5349221229553223, 1.521174669265747, 1.5117076635360718, 1.4999874830245972, 1.4901959896087646, 1.4786378145217896, 1.4674372673034668, 1.4572601318359375, 1.446925163269043, 1.4403232336044312, 1.432296872138977, 1.4210760593414307, 1.4126590490341187, 1.4061028957366943, 1.3952559232711792, 1.3910895586013794, 1.382710576057434, 1.3752539157867432, 1.3666729927062988, 1.3599516153335571, 1.3556005954742432, 1.3496650457382202, 1.3374346494674683, 1.3312666416168213, 1.3235784769058228, 1.31766939163208, 1.3152905702590942], "landscape_losses": [2.8647303581237793, 2.5657689571380615, 2.3550164699554443, 2.1483917236328125, 1.9618160724639893, 1.7863675355911255, 1.6376399993896484, 1.5120975971221924, 1.413756012916565, 1.3468197584152222, 1.3112131357192993], "proxy_train_time": 6.473142401315272, "proxy_train_epochs": 50, "dirty_bit": 1, "landscape_term": 6.182882426616163, "speed_term": 4.011359576403145, "mote": 4.768655511819315}