{"id": 2766, "adj_matrix": [[0, 1, 1, 1], [0, 0, 1, 1], [0, 0, 0, 1], [0, 0, 0, 0]], "operations": ["skip_connect", "nor_conv_1x1", "zeros", "zeros", "skip_connect", "avg_pool_3x3"], "init_channel": 16, "blck_len": 5, "params": 0.108456, "flops": 2.9364399999999997, "latency": 0.011264133453369138, "train_per_time": 34.60520209725682, "train_time_200": 6921.040419451364, "train_accuracy_200": 0.36241045924576265, "test_accuracy_200": 0.3299999996100531, "train_time_12": 415.26242516708385, "train_accuracy_12": 0.25266315096438363, "test_accuracy_12": 0.2566666660563151, "valtest_accuracy_200": 0.6442, "valtest_accuracy_12": 0.47659999999999997, "proxy_losses": [2.941852569580078, 2.5053164958953857, 2.2715628147125244, 2.1238622665405273, 2.0199875831604004, 1.9388267993927002, 1.8796508312225342, 1.8300514221191406, 1.7913025617599487, 1.7564191818237305, 1.7271002531051636, 1.7002906799316406, 1.6773929595947266, 1.6564626693725586, 1.6382970809936523, 1.6220669746398926, 1.6073086261749268, 1.5923137664794922, 1.5776039361953735, 1.5652594566345215, 1.5523831844329834, 1.540938377380371, 1.5295467376708984, 1.5175137519836426, 1.5080575942993164, 1.49726402759552, 1.4857147932052612, 1.4768060445785522, 1.467424750328064, 1.4584846496582031, 1.4473334550857544, 1.4399691820144653, 1.4287045001983643, 1.4220131635665894, 1.411153793334961, 1.4021679162979126, 1.3968534469604492, 1.3901722431182861, 1.3819652795791626, 1.3724764585494995, 1.3637605905532837, 1.359443187713623, 1.352020263671875, 1.3429147005081177, 1.3359631299972534, 1.3306763172149658, 1.322998046875, 1.3160258531570435, 1.3096568584442139, 1.302703857421875], "landscape_losses": [3.024052858352661, 2.647911310195923, 2.369931221008301, 2.1343817710876465, 1.9263031482696533, 1.7508639097213745, 1.6147708892822266, 1.5053927898406982, 1.4124994277954102, 1.3392138481140137, 1.302592396736145], "proxy_train_time": 5.379350932314992, "proxy_train_epochs": 50, "dirty_bit": 1, "landscape_term": 6.19501966939603, "speed_term": 3.3668906753288197, "mote": 4.6340068277021995}