{"id": 2823, "adj_matrix": [[0, 1, 1, 1], [0, 0, 1, 1], [0, 0, 0, 1], [0, 0, 0, 0]], "operations": ["avg_pool_3x3", "nor_conv_1x1", "avg_pool_3x3", "zeros", "skip_connect", "nor_conv_3x3"], "init_channel": 16, "blck_len": 5, "params": 0.351496, "flops": 11.7838, "latency": 0.015070184071858722, "train_per_time": 55.48601897748284, "train_time_200": 11097.203795496569, "train_accuracy_200": 0.4252120413142962, "test_accuracy_200": 0.3571111106024848, "train_time_12": 665.8322277297974, "train_accuracy_12": 0.22991430454945674, "test_accuracy_12": 0.2236666658528646, "valtest_accuracy_200": 0.6414, "valtest_accuracy_12": 0.39840000000000003, "proxy_losses": [2.2550060749053955, 1.9195213317871094, 1.8007696866989136, 1.7267054319381714, 1.6728439331054688, 1.623904824256897, 1.57853102684021, 1.5347981452941895, 1.4928240776062012, 1.4563961029052734, 1.422248125076294, 1.3885455131530762, 1.359645128250122, 1.328201413154602, 1.3074355125427246, 1.282896876335144, 1.2654939889907837, 1.2424240112304688, 1.2188059091567993, 1.2038627862930298, 1.1838141679763794, 1.1680845022201538, 1.1556788682937622, 1.1394755840301514, 1.1218504905700684, 1.1096912622451782, 1.099111795425415, 1.0858949422836304, 1.0761488676071167, 1.0682458877563477, 1.0510979890823364, 1.0389575958251953, 1.0276178121566772, 1.0083926916122437, 0.9941353797912598, 0.9978938698768616, 0.9879354238510132, 0.9849545955657959, 0.9668853282928467, 0.9554058313369751, 0.9454311728477478, 0.9350787401199341, 0.9336836934089661, 0.9307579398155212, 0.9297512769699097, 0.9173603653907776, 0.9133369326591492, 0.904359757900238, 0.8925172090530396, 0.8863794803619385], "landscape_losses": [2.3664019107818604, 2.0648555755615234, 1.8827846050262451, 1.727178692817688, 1.5456032752990723, 1.3909327983856201, 1.237895131111145, 1.104142665863037, 1.0003862380981445, 0.9259510040283203, 0.8811082243919373], "proxy_train_time": 7.2338961232453585, "proxy_train_epochs": 50, "dirty_bit": 1, "landscape_term": 8.310945457683097, "speed_term": 5.979336854847347, "mote": 6.610098709888878}