{"id": 2825, "adj_matrix": [[0, 1, 1, 1], [0, 0, 1, 1], [0, 0, 0, 1], [0, 0, 0, 0]], "operations": ["nor_conv_1x1", "zeros", "skip_connect", "zeros", "zeros", "nor_conv_3x3"], "init_channel": 16, "blck_len": 5, "params": 0.351496, "flops": 11.7838, "latency": 0.013833443323771158, "train_per_time": 44.98472299035368, "train_time_200": 8996.944598070737, "train_accuracy_200": 0.3431685343929082, "test_accuracy_200": 0.3244444443766276, "train_time_12": 539.8166758842469, "train_accuracy_12": 0.16783124589109075, "test_accuracy_12": 0.17299999944051106, "valtest_accuracy_200": 0.6459333333333334, "valtest_accuracy_12": 0.3713, "proxy_losses": [2.2192583084106445, 1.940177321434021, 1.812878131866455, 1.7265897989273071, 1.6651761531829834, 1.6143391132354736, 1.568215250968933, 1.5220469236373901, 1.4804620742797852, 1.4421824216842651, 1.4069656133651733, 1.3795827627182007, 1.3511714935302734, 1.3253328800201416, 1.298242449760437, 1.2721185684204102, 1.2471736669540405, 1.2213023900985718, 1.2007492780685425, 1.1810760498046875, 1.1640816926956177, 1.143296241760254, 1.1259267330169678, 1.1066157817840576, 1.0879902839660645, 1.0692719221115112, 1.048864483833313, 1.0411622524261475, 1.018908977508545, 1.0000762939453125, 0.9855107665061951, 0.968813955783844, 0.9571606516838074, 0.9402261972427368, 0.9325817227363586, 0.9251314401626587, 0.9101013541221619, 0.8930578827857971, 0.883957028388977, 0.8693572282791138, 0.856780469417572, 0.8476288318634033, 0.8388044834136963, 0.8324822187423706, 0.8200995326042175, 0.8273289203643799, 0.8138721585273743, 0.797085165977478, 0.790464460849762, 0.7800018787384033], "landscape_losses": [2.3185393810272217, 2.0528757572174072, 1.8251488208770752, 1.6412394046783447, 1.4685413837432861, 1.3048454523086548, 1.147071361541748, 1.013269305229187, 0.9063308835029602, 0.8195316195487976, 0.7862699627876282], "proxy_train_time": 7.418741250410676, "proxy_train_epochs": 50, "dirty_bit": 1, "landscape_term": 8.97702237363974, "speed_term": 6.378784790422354, "mote": 7.125781926580042}