{"id": 2874, "adj_matrix": [[0, 1, 1, 1], [0, 0, 1, 1], [0, 0, 0, 1], [0, 0, 0, 0]], "operations": ["zeros", "avg_pool_3x3", "avg_pool_3x3", "nor_conv_1x1", "nor_conv_1x1", "nor_conv_1x1"], "init_channel": 16, "blck_len": 5, "params": 0.164456, "flops": 4.90252, "latency": 0.01515518029530843, "train_per_time": 65.24020863898612, "train_time_200": 13048.041727797225, "train_accuracy_200": 0.39221709514727726, "test_accuracy_200": 0.3592222223578559, "train_time_12": 782.8825036678312, "train_accuracy_12": 0.221957811466989, "test_accuracy_12": 0.22466666651407877, "valtest_accuracy_200": 0.6455, "valtest_accuracy_12": 0.4202, "proxy_losses": [2.514582872390747, 2.222471237182617, 2.0702619552612305, 1.9652026891708374, 1.8869409561157227, 1.8311843872070312, 1.7843738794326782, 1.7429412603378296, 1.7073405981063843, 1.6764625310897827, 1.6493195295333862, 1.6235905885696411, 1.601833462715149, 1.5803033113479614, 1.5627208948135376, 1.5433578491210938, 1.526273488998413, 1.5106310844421387, 1.4961928129196167, 1.475954294204712, 1.4626930952072144, 1.4475253820419312, 1.434295892715454, 1.4173908233642578, 1.4031493663787842, 1.3860962390899658, 1.3716048002243042, 1.3624086380004883, 1.3468135595321655, 1.3373875617980957, 1.3262189626693726, 1.3141663074493408, 1.3049335479736328, 1.2897545099258423, 1.2807717323303223, 1.2694958448410034, 1.2589566707611084, 1.2527409791946411, 1.242906093597412, 1.2308050394058228, 1.2212227582931519, 1.2166435718536377, 1.206695318222046, 1.1998828649520874, 1.1897908449172974, 1.1796499490737915, 1.1736170053482056, 1.1677460670471191, 1.1600614786148071, 1.1459612846374512], "landscape_losses": [2.5714356899261475, 2.314316749572754, 2.1340208053588867, 1.9521609544754028, 1.7960039377212524, 1.6322591304779053, 1.4944599866867065, 1.3791072368621826, 1.274193286895752, 1.194582462310791, 1.1426568031311035], "proxy_train_time": 8.261862610466778, "proxy_train_epochs": 50, "dirty_bit": 1, "landscape_term": 6.862593163599129, "speed_term": 5.61471328942852, "mote": 5.560967151128239}