{"id": 2881, "adj_matrix": [[0, 1, 1, 1], [0, 0, 1, 1], [0, 0, 0, 1], [0, 0, 0, 0]], "operations": ["nor_conv_1x1", "avg_pool_3x3", "nor_conv_1x1", "zeros", "nor_conv_3x3", "zeros"], "init_channel": 16, "blck_len": 5, "params": 0.379496, "flops": 12.76684, "latency": 0.01903505325317383, "train_per_time": 62.591017314036556, "train_time_200": 12518.20346280731, "train_accuracy_200": 0.3737288508083919, "test_accuracy_200": 0.35033333302815756, "train_time_12": 751.0922077684401, "train_accuracy_12": 0.17299274885344837, "test_accuracy_12": 0.16999999966939291, "valtest_accuracy_200": 0.6408, "valtest_accuracy_12": 0.37020000000000003, "proxy_losses": [2.144718647003174, 1.9345877170562744, 1.840637445449829, 1.7747029066085815, 1.720212459564209, 1.678153157234192, 1.636514663696289, 1.6004067659378052, 1.5637990236282349, 1.5309101343154907, 1.501339316368103, 1.4688831567764282, 1.4337236881256104, 1.3988912105560303, 1.3720149993896484, 1.3393032550811768, 1.3115839958190918, 1.2860808372497559, 1.25553297996521, 1.2276060581207275, 1.2084468603134155, 1.1840447187423706, 1.158035397529602, 1.1454648971557617, 1.1246185302734375, 1.103830099105835, 1.0828937292099, 1.0735479593276978, 1.0562744140625, 1.0379379987716675, 1.019753098487854, 1.0000972747802734, 0.989506721496582, 0.9797075390815735, 0.9677819609642029, 0.9610482454299927, 0.9487125873565674, 0.9405155181884766, 0.9275789856910706, 0.9154572486877441, 0.9015068411827087, 0.8896863460540771, 0.879309356212616, 0.871224582195282, 0.8729057908058167, 0.8544455766677856, 0.8543820381164551, 0.8372995257377625, 0.8347924947738647, 0.8202179670333862], "landscape_losses": [2.2058887481689453, 2.0000643730163574, 1.8471835851669312, 1.6830538511276245, 1.533393383026123, 1.3726096153259277, 1.2235403060913086, 1.0782915353775024, 0.9653233289718628, 0.8739652633666992, 0.8215011954307556], "proxy_train_time": 8.803624141961336, "proxy_train_epochs": 50, "dirty_bit": 1, "landscape_term": 8.611635975080727, "speed_term": 7.280460540485846, "mote": 7.041502480662296}