{"id": 2887, "adj_matrix": [[0, 1, 1, 1], [0, 0, 1, 1], [0, 0, 0, 1], [0, 0, 0, 0]], "operations": ["nor_conv_1x1", "zeros", "zeros", "avg_pool_3x3", "avg_pool_3x3", "skip_connect"], "init_channel": 16, "blck_len": 5, "params": 0.108456, "flops": 2.9364399999999997, "latency": 0.011692412694295247, "train_per_time": 40.252127308209545, "train_time_200": 8050.425461641908, "train_accuracy_200": 0.30262799385991157, "test_accuracy_200": 0.2745555553181966, "train_time_12": 483.025527698517, "train_accuracy_12": 0.18901779828860563, "test_accuracy_12": 0.19366666625976564, "valtest_accuracy_200": 0.607, "valtest_accuracy_12": 0.3809, "proxy_losses": [2.4324305057525635, 2.2089476585388184, 2.0826821327209473, 2.0035789012908936, 1.9397199153900146, 1.8837180137634277, 1.8384196758270264, 1.8022642135620117, 1.7697710990905762, 1.7417300939559937, 1.7145822048187256, 1.6898984909057617, 1.6685935258865356, 1.6485466957092285, 1.6293089389801025, 1.6125108003616333, 1.5959372520446777, 1.582031488418579, 1.56496262550354, 1.5530239343643188, 1.5386594533920288, 1.5263360738754272, 1.5135700702667236, 1.5063823461532593, 1.495111346244812, 1.4840432405471802, 1.4733293056488037, 1.4601722955703735, 1.4526700973510742, 1.442563533782959, 1.4334532022476196, 1.4228923320770264, 1.4129095077514648, 1.4064295291900635, 1.3963096141815186, 1.388753890991211, 1.3795807361602783, 1.3719748258590698, 1.3655877113342285, 1.3543643951416016, 1.3487704992294312, 1.3397343158721924, 1.3324475288391113, 1.3274198770523071, 1.3211917877197266, 1.3130913972854614, 1.3050096035003662, 1.2977626323699951, 1.292483925819397, 1.284757375717163], "landscape_losses": [2.4843056201934814, 2.257631301879883, 2.079737663269043, 1.920341968536377, 1.7769123315811157, 1.654786467552185, 1.547785758972168, 1.449841022491455, 1.367899775505066, 1.3117684125900269, 1.2783699035644531], "proxy_train_time": 6.04550090059638, "proxy_train_epochs": 50, "dirty_bit": 1, "landscape_term": 6.62555972844795, "speed_term": 3.8777859392306713, "mote": 5.046756281275739}