{"id": 3130, "adj_matrix": [[0, 1, 1, 1], [0, 0, 1, 1], [0, 0, 0, 1], [0, 0, 0, 0]], "operations": ["skip_connect", "avg_pool_3x3", "zeros", "zeros", "avg_pool_3x3", "nor_conv_3x3"], "init_channel": 16, "blck_len": 5, "params": 0.323496, "flops": 10.800760000000002, "latency": 0.010663811365763345, "train_per_time": 45.492337188561635, "train_time_200": 9098.467437712327, "train_accuracy_200": 0.2638716765655001, "test_accuracy_200": 0.23566666649712456, "train_time_12": 545.9080462627411, "train_accuracy_12": 0.1626829268327888, "test_accuracy_12": 0.15599999979654947, "valtest_accuracy_200": 0.5758000000000001, "valtest_accuracy_12": 0.3589, "proxy_losses": [2.2675275802612305, 1.9607882499694824, 1.8429725170135498, 1.7647218704223633, 1.7014251947402954, 1.6442252397537231, 1.5958905220031738, 1.5472990274429321, 1.5052374601364136, 1.466598629951477, 1.4306511878967285, 1.4007437229156494, 1.3742291927337646, 1.3497419357299805, 1.3281956911087036, 1.29710853099823, 1.275521159172058, 1.2509344816207886, 1.2315223217010498, 1.213149070739746, 1.2025058269500732, 1.1914995908737183, 1.1693685054779053, 1.1581727266311646, 1.1406753063201904, 1.1273285150527954, 1.1165276765823364, 1.1085247993469238, 1.0955418348312378, 1.0842934846878052, 1.0871491432189941, 1.071104645729065, 1.0677704811096191, 1.0570980310440063, 1.0436290502548218, 1.0425266027450562, 1.0284245014190674, 1.025758147239685, 1.0196740627288818, 1.0095676183700562, 1.0006253719329834, 0.9956622123718262, 0.9966539144515991, 0.9766509532928467, 0.9668123126029968, 0.9580193161964417, 0.9620843529701233, 0.9529120326042175, 0.9531189203262329, 0.9498761892318726], "landscape_losses": [2.366925001144409, 2.099412202835083, 1.9125088453292847, 1.7389756441116333, 1.5673578977584839, 1.4459280967712402, 1.3156322240829468, 1.1869397163391113, 1.093850016593933, 0.9945595860481262, 0.9405496120452881], "proxy_train_time": 6.0457474598661065, "proxy_train_epochs": 50, "dirty_bit": 1, "landscape_term": 7.911825206233926, "speed_term": 4.87497063917648, "mote": 6.130750132814644}