{"id": 3136, "adj_matrix": [[0, 1, 1, 1], [0, 0, 1, 1], [0, 0, 0, 1], [0, 0, 0, 0]], "operations": ["avg_pool_3x3", "avg_pool_3x3", "nor_conv_3x3", "skip_connect", "zeros", "avg_pool_3x3"], "init_channel": 16, "blck_len": 5, "params": 0.323496, "flops": 10.800760000000002, "latency": 0.012276045481363934, "train_per_time": 51.61397339351971, "train_time_200": 10322.794678703942, "train_accuracy_200": 0.265721819391588, "test_accuracy_200": 0.2567777776930067, "train_time_12": 619.3676807222365, "train_accuracy_12": 0.15369808832821127, "test_accuracy_12": 0.15599999969482423, "valtest_accuracy_200": 0.5411666666666667, "valtest_accuracy_12": 0.2646, "proxy_losses": [3.610165596008301, 2.4987008571624756, 2.1432623863220215, 1.9582144021987915, 1.858274221420288, 1.7846195697784424, 1.726918339729309, 1.681602954864502, 1.6365052461624146, 1.5997146368026733, 1.567547082901001, 1.5390335321426392, 1.514282464981079, 1.4867726564407349, 1.4600528478622437, 1.436516284942627, 1.411169171333313, 1.389604091644287, 1.36868155002594, 1.346303939819336, 1.32538640499115, 1.3142378330230713, 1.2952321767807007, 1.2838648557662964, 1.2667819261550903, 1.2559608221054077, 1.23826003074646, 1.221754550933838, 1.2094675302505493, 1.201560378074646, 1.1886225938796997, 1.1808710098266602, 1.1738251447677612, 1.1607376337051392, 1.1451287269592285, 1.1374391317367554, 1.132500410079956, 1.1230263710021973, 1.113525152206421, 1.1072287559509277, 1.1085258722305298, 1.0908188819885254, 1.0821930170059204, 1.0747078657150269, 1.0606211423873901, 1.0642502307891846, 1.0520195960998535, 1.0446979999542236, 1.0437660217285156, 1.0361357927322388], "landscape_losses": [3.739469528198242, 2.9040889739990234, 2.4699740409851074, 2.126615285873413, 1.843543529510498, 1.6201611757278442, 1.4135596752166748, 1.2653263807296753, 1.1303859949111938, 1.05668306350708, 1.0327855348587036], "proxy_train_time": 6.138457037508488, "proxy_train_epochs": 50, "dirty_bit": 1, "landscape_term": 6.943519351834021, "speed_term": 4.400258880975116, "mote": 5.376458472143393}