{"id": 3153, "adj_matrix": [[0, 1, 1, 1], [0, 0, 1, 1], [0, 0, 0, 1], [0, 0, 0, 0]], "operations": ["avg_pool_3x3", "nor_conv_1x1", "avg_pool_3x3", "zeros", "nor_conv_3x3", "nor_conv_1x1"], "init_channel": 16, "blck_len": 5, "params": 0.379496, "flops": 12.76684, "latency": 0.01669799486796061, "train_per_time": 68.75478875088673, "train_time_200": 13750.957750177346, "train_accuracy_200": 0.2794440782361334, "test_accuracy_200": 0.2665555550977919, "train_time_12": 825.0574650106432, "train_accuracy_12": 0.1403559657250884, "test_accuracy_12": 0.1416666663614909, "valtest_accuracy_200": 0.6543333333333333, "valtest_accuracy_12": 0.284, "proxy_losses": [2.2107410430908203, 1.8761874437332153, 1.7901439666748047, 1.7314122915267944, 1.6851478815078735, 1.6416168212890625, 1.6013103723526, 1.560909628868103, 1.5187015533447266, 1.4849499464035034, 1.454132080078125, 1.4218394756317139, 1.392442226409912, 1.3654409646987915, 1.340024471282959, 1.3172410726547241, 1.292375087738037, 1.2719718217849731, 1.260983943939209, 1.2397936582565308, 1.2139779329299927, 1.1898165941238403, 1.1729775667190552, 1.1546722650527954, 1.1331437826156616, 1.1167060136795044, 1.1060266494750977, 1.0925954580307007, 1.072950839996338, 1.0605028867721558, 1.0421046018600464, 1.029315710067749, 1.018740177154541, 1.0007435083389282, 0.994638204574585, 0.9814091920852661, 0.9724926948547363, 0.9670061469078064, 0.961520791053772, 0.9443564414978027, 0.9416440725326538, 0.9323146343231201, 0.9234548807144165, 0.9105132818222046, 0.9007297158241272, 0.8965743184089661, 0.8905447125434875, 0.8827047944068909, 0.8759453296661377, 0.8616739511489868], "landscape_losses": [2.304260730743408, 2.007733106613159, 1.8189526796340942, 1.6577759981155396, 1.5285605192184448, 1.3744205236434937, 1.233077883720398, 1.1047909259796143, 0.998488187789917, 0.9082390666007996, 0.8552723526954651], "proxy_train_time": 9.115227927453816, "proxy_train_epochs": 50, "dirty_bit": 1, "landscape_term": 8.45471860302657, "speed_term": 7.508528529795065, "mote": 6.9757481212595085}