{"id": 3199, "adj_matrix": [[0, 1, 1, 1], [0, 0, 1, 1], [0, 0, 0, 1], [0, 0, 0, 0]], "operations": ["nor_conv_3x3", "avg_pool_3x3", "zeros", "nor_conv_1x1", "zeros", "skip_connect"], "init_channel": 16, "blck_len": 5, "params": 0.351496, "flops": 11.7838, "latency": 0.014331404368082681, "train_per_time": 49.53921477913881, "train_time_200": 9907.842955827762, "train_accuracy_200": 0.3594484728723274, "test_accuracy_200": 0.33199999940660263, "train_time_12": 594.4705773496627, "train_accuracy_12": 0.22818061964504013, "test_accuracy_12": 0.2336666665140788, "valtest_accuracy_200": 0.629, "valtest_accuracy_12": 0.4178, "proxy_losses": [2.856748104095459, 2.5711193084716797, 2.393202066421509, 2.2753939628601074, 2.1776998043060303, 2.092421293258667, 2.0205187797546387, 1.9606385231018066, 1.9061377048492432, 1.8580799102783203, 1.8156368732452393, 1.7782784700393677, 1.7462736368179321, 1.7198439836502075, 1.6965279579162598, 1.6739462614059448, 1.6567379236221313, 1.638739824295044, 1.6222254037857056, 1.6067055463790894, 1.5937048196792603, 1.575728178024292, 1.5625486373901367, 1.5506179332733154, 1.5369046926498413, 1.5243412256240845, 1.5129224061965942, 1.5024057626724243, 1.490139126777649, 1.480057954788208, 1.4710235595703125, 1.459486722946167, 1.450867772102356, 1.4412341117858887, 1.4323701858520508, 1.4226287603378296, 1.414432168006897, 1.4058144092559814, 1.3984349966049194, 1.3893159627914429, 1.3830218315124512, 1.3758540153503418, 1.3693596124649048, 1.359582781791687, 1.3519551753997803, 1.344184398651123, 1.3375388383865356, 1.3336035013198853, 1.324582576751709, 1.3149033784866333], "landscape_losses": [2.9093410968780518, 2.6527175903320312, 2.4485323429107666, 2.2490851879119873, 2.0480315685272217, 1.8641996383666992, 1.6900513172149658, 1.5514237880706787, 1.4271503686904907, 1.3555246591567993, 1.3113141059875488], "proxy_train_time": 6.914253789931536, "proxy_train_epochs": 50, "dirty_bit": 1, "landscape_term": 6.035702197892638, "speed_term": 4.206956227159173, "mote": 4.707564195598061}