{"id": 3241, "adj_matrix": [[0, 1, 1, 1], [0, 0, 1, 1], [0, 0, 0, 1], [0, 0, 0, 0]], "operations": ["avg_pool_3x3", "avg_pool_3x3", "avg_pool_3x3", "nor_conv_3x3", "nor_conv_1x1", "avg_pool_3x3"], "init_channel": 16, "blck_len": 5, "params": 0.351496, "flops": 11.7838, "latency": 0.014659523963928223, "train_per_time": 66.13643253827102, "train_time_200": 13227.286507654206, "train_accuracy_200": 0.3148209184826403, "test_accuracy_200": 0.30333333316379124, "train_time_12": 793.6371904592512, "train_accuracy_12": 0.17719841793012525, "test_accuracy_12": 0.1689999996439616, "valtest_accuracy_200": 0.5602666666666667, "valtest_accuracy_12": 0.3091, "proxy_losses": [4.067485809326172, 2.3943159580230713, 1.9698575735092163, 1.8533527851104736, 1.777382254600525, 1.7104856967926025, 1.6563929319381714, 1.615498661994934, 1.5784358978271484, 1.5451754331588745, 1.5144304037094116, 1.4866007566452026, 1.4605655670166016, 1.435677409172058, 1.4120280742645264, 1.3930920362472534, 1.3714385032653809, 1.3530993461608887, 1.341395378112793, 1.3247857093811035, 1.3105034828186035, 1.2996482849121094, 1.2825791835784912, 1.2703689336776733, 1.2579370737075806, 1.2486122846603394, 1.2387553453445435, 1.2271134853363037, 1.2150074243545532, 1.2048258781433105, 1.1982989311218262, 1.1876598596572876, 1.180823564529419, 1.1731901168823242, 1.1664742231369019, 1.1528074741363525, 1.146836280822754, 1.1421337127685547, 1.130935788154602, 1.1248985528945923, 1.1100388765335083, 1.1014810800552368, 1.0902777910232544, 1.0832430124282837, 1.0744458436965942, 1.066072702407837, 1.0606215000152588, 1.0541012287139893, 1.0463883876800537, 1.0451581478118896], "landscape_losses": [4.222977161407471, 2.9766523838043213, 2.4535763263702393, 2.051527976989746, 1.7638202905654907, 1.518450140953064, 1.34407377243042, 1.2266688346862793, 1.1238075494766235, 1.066457986831665, 1.034580945968628], "proxy_train_time": 7.316493133082986, "proxy_train_epochs": 50, "dirty_bit": 1, "landscape_term": 7.0465881106352235, "speed_term": 5.290096748495583, "mote": 5.625070108374146}