{"id": 3251, "adj_matrix": [[0, 1, 1, 1], [0, 0, 1, 1], [0, 0, 0, 1], [0, 0, 0, 0]], "operations": ["avg_pool_3x3", "avg_pool_3x3", "avg_pool_3x3", "nor_conv_3x3", "skip_connect", "nor_conv_3x3"], "init_channel": 16, "blck_len": 5, "params": 0.566536, "flops": 19.64812, "latency": 0.014762457211812338, "train_per_time": 67.00976323684026, "train_time_200": 13401.952647368053, "train_accuracy_200": 0.42102395079278915, "test_accuracy_200": 0.3789999996609158, "train_time_12": 804.1171588420865, "train_accuracy_12": 0.23652603823335533, "test_accuracy_12": 0.2339999994913737, "valtest_accuracy_200": 0.6528, "valtest_accuracy_12": 0.4092, "proxy_losses": [2.3748316764831543, 1.9165250062942505, 1.7779101133346558, 1.6873124837875366, 1.614255428314209, 1.5506410598754883, 1.4948550462722778, 1.4498056173324585, 1.4069077968597412, 1.369874358177185, 1.3413679599761963, 1.3113000392913818, 1.2874966859817505, 1.259926438331604, 1.2364979982376099, 1.2132344245910645, 1.1950980424880981, 1.1760960817337036, 1.1602692604064941, 1.1414463520050049, 1.1276366710662842, 1.1136512756347656, 1.0944771766662598, 1.080078363418579, 1.0686098337173462, 1.048794150352478, 1.0358760356903076, 1.0219777822494507, 1.0047168731689453, 0.9998335838317871, 1.0007325410842896, 0.9951369166374207, 0.9742763638496399, 0.9589351415634155, 0.9405193328857422, 0.9332844018936157, 0.9256186485290527, 0.9171326160430908, 0.9010138511657715, 0.8947760462760925, 0.8844194412231445, 0.8791376948356628, 0.8696476817131042, 0.8692480325698853, 0.8517265915870667, 0.8486947417259216, 0.8390259742736816, 0.8341169953346252, 0.8274794816970825, 0.8199937343597412], "landscape_losses": [2.4908535480499268, 2.087923049926758, 1.8436347246170044, 1.6175744533538818, 1.4512553215026855, 1.298408031463623, 1.1733276844024658, 1.0553174018859863, 0.93939208984375, 0.8496769666671753, 0.8025298118591309], "proxy_train_time": 7.40596697665751, "proxy_train_epochs": 50, "dirty_bit": 1, "landscape_term": 8.787617326132484, "speed_term": 6.437036013000452, "mote": 7.010777189322834}