{"id": 3280, "adj_matrix": [[0, 1, 1, 1], [0, 0, 1, 1], [0, 0, 0, 1], [0, 0, 0, 0]], "operations": ["skip_connect", "skip_connect", "zeros", "nor_conv_1x1", "skip_connect", "nor_conv_3x3"], "init_channel": 16, "blck_len": 5, "params": 0.351496, "flops": 11.7838, "latency": 0.011900575955708823, "train_per_time": 43.16810019365948, "train_time_200": 8633.620038731895, "train_accuracy_200": 0.46455504285644317, "test_accuracy_200": 0.39733333279079863, "train_time_12": 518.0172023239137, "train_accuracy_12": 0.3068226763288363, "test_accuracy_12": 0.29833333267211914, "valtest_accuracy_200": 0.6753666666666668, "valtest_accuracy_12": 0.5499, "proxy_losses": [2.5012309551239014, 2.03589129447937, 1.852652907371521, 1.753915786743164, 1.6779751777648926, 1.6205025911331177, 1.57243812084198, 1.5288459062576294, 1.4863964319229126, 1.4516140222549438, 1.4206379652023315, 1.390821933746338, 1.366774559020996, 1.3414748907089233, 1.3162199258804321, 1.2990435361862183, 1.2784597873687744, 1.2611665725708008, 1.245682954788208, 1.2279714345932007, 1.2141362428665161, 1.1987749338150024, 1.1837396621704102, 1.1723158359527588, 1.1644939184188843, 1.1534960269927979, 1.1357347965240479, 1.1216208934783936, 1.109910011291504, 1.0982286930084229, 1.0844491720199585, 1.0715051889419556, 1.062635898590088, 1.0494664907455444, 1.0453935861587524, 1.034117341041565, 1.0269112586975098, 1.0214152336120605, 1.0143609046936035, 1.002240777015686, 0.9890016317367554, 0.9765490293502808, 0.9670872092247009, 0.9619142413139343, 0.9501392841339111, 0.9438592791557312, 0.9313593506813049, 0.9207243323326111, 0.9237365126609802, 0.9153013825416565], "landscape_losses": [2.606780529022217, 2.2190282344818115, 1.9614191055297852, 1.747657060623169, 1.5650275945663452, 1.39768385887146, 1.260921835899353, 1.1368125677108765, 1.044087290763855, 0.9682064652442932, 0.9124095439910889], "proxy_train_time": 6.335234707221389, "proxy_train_epochs": 50, "dirty_bit": 1, "landscape_term": 8.03006199371091, "speed_term": 5.102941995360129, "mote": 6.255336156679445}