{"id": 3297, "adj_matrix": [[0, 1, 1, 1], [0, 0, 1, 1], [0, 0, 0, 1], [0, 0, 0, 0]], "operations": ["nor_conv_1x1", "nor_conv_1x1", "avg_pool_3x3", "nor_conv_1x1", "nor_conv_1x1", "skip_connect"], "init_channel": 16, "blck_len": 5, "params": 0.192456, "flops": 5.88556, "latency": 0.016641271114349362, "train_per_time": 68.82278754885971, "train_time_200": 13764.557509771941, "train_accuracy_200": 0.4211206328364996, "test_accuracy_200": 0.3796666660563151, "train_time_12": 825.8734505863187, "train_accuracy_12": 0.2438233355437287, "test_accuracy_12": 0.25333333318074547, "valtest_accuracy_200": 0.65305, "valtest_accuracy_12": 0.4471, "proxy_losses": [2.467996120452881, 2.099550485610962, 1.9172574281692505, 1.8097798824310303, 1.7304399013519287, 1.6720291376113892, 1.6250602006912231, 1.5836232900619507, 1.5472134351730347, 1.5140825510025024, 1.4848312139511108, 1.4575598239898682, 1.4342163801193237, 1.4137099981307983, 1.3910605907440186, 1.3725025653839111, 1.35686194896698, 1.3456547260284424, 1.3258256912231445, 1.3139150142669678, 1.2994986772537231, 1.2848061323165894, 1.2747139930725098, 1.2630960941314697, 1.2498607635498047, 1.2408181428909302, 1.2321312427520752, 1.2187482118606567, 1.2068451642990112, 1.197030782699585, 1.1840386390686035, 1.1725904941558838, 1.1656790971755981, 1.157150149345398, 1.1438984870910645, 1.1346992254257202, 1.1280651092529297, 1.1173723936080933, 1.1076953411102295, 1.0995981693267822, 1.0958898067474365, 1.0880351066589355, 1.0737426280975342, 1.0659139156341553, 1.059463620185852, 1.0520195960998535, 1.0516144037246704, 1.0462661981582642, 1.0377150774002075, 1.030602216720581], "landscape_losses": [2.561809778213501, 2.2050230503082275, 1.9682576656341553, 1.7888357639312744, 1.6013445854187012, 1.4396761655807495, 1.3032665252685547, 1.1958444118499756, 1.1097149848937988, 1.0525166988372803, 1.018250584602356], "proxy_train_time": 7.969042629934847, "proxy_train_epochs": 50, "dirty_bit": 1, "landscape_term": 7.666865729729404, "speed_term": 6.005961703288452, "mote": 6.181952379193779}