{"id": 3304, "adj_matrix": [[0, 1, 1, 1], [0, 0, 1, 1], [0, 0, 0, 1], [0, 0, 0, 0]], "operations": ["nor_conv_3x3", "skip_connect", "nor_conv_1x1", "nor_conv_1x1", "avg_pool_3x3", "nor_conv_3x3"], "init_channel": 16, "blck_len": 5, "params": 0.622536, "flops": 21.6142, "latency": 0.019067990779876712, "train_per_time": 75.29666980759285, "train_time_200": 15059.33396151857, "train_accuracy_200": 0.5557350033060375, "test_accuracy_200": 0.43816666646321617, "train_time_12": 903.5600376911165, "train_accuracy_12": 0.2764667106291457, "test_accuracy_12": 0.26999999908447264, "valtest_accuracy_200": 0.6929500000000001, "valtest_accuracy_12": 0.499, "proxy_losses": [2.1755211353302, 1.7743446826934814, 1.6216108798980713, 1.5254853963851929, 1.4432703256607056, 1.3833026885986328, 1.3198515176773071, 1.274891972541809, 1.2307695150375366, 1.1855649948120117, 1.149324893951416, 1.116033673286438, 1.082533359527588, 1.0531632900238037, 1.025759220123291, 1.0029040575027466, 0.9703317284584045, 0.9422675967216492, 0.921751081943512, 0.8910898566246033, 0.8742441534996033, 0.8560154438018799, 0.8348209261894226, 0.8205220699310303, 0.8057498335838318, 0.806252121925354, 0.7851131558418274, 0.7788076400756836, 0.7616028785705566, 0.7478216886520386, 0.7466096878051758, 0.7194640636444092, 0.7067286968231201, 0.7019625306129456, 0.6989961266517639, 0.702934205532074, 0.6824008226394653, 0.6728646755218506, 0.6605668067932129, 0.6512928009033203, 0.6339598298072815, 0.6356480717658997, 0.6268845796585083, 0.6108184456825256, 0.5983529686927795, 0.589493453502655, 0.589543342590332, 0.5835656523704529, 0.5801856517791748, 0.5774876475334167], "landscape_losses": [2.2974088191986084, 1.9401549100875854, 1.6998621225357056, 1.5107219219207764, 1.3095332384109497, 1.1547352075576782, 0.9904738068580627, 0.8314260840415955, 0.6993312239646912, 0.6056122779846191, 0.5642196536064148], "proxy_train_time": 9.222700858488679, "proxy_train_epochs": 50, "dirty_bit": 1, "landscape_term": 10.896433212101794, "speed_term": 9.996319668457879, "mote": 8.971866377150496}