{"id": 3307, "adj_matrix": [[0, 1, 1, 1], [0, 0, 1, 1], [0, 0, 0, 1], [0, 0, 0, 0]], "operations": ["zeros", "zeros", "zeros", "nor_conv_1x1", "zeros", "skip_connect"], "init_channel": 16, "blck_len": 5, "params": 0.108456, "flops": 2.93644, "latency": 0.012688755989074707, "train_per_time": 31.34262393466633, "train_time_200": 6268.524786933266, "train_accuracy_200": 0.33855306527547013, "test_accuracy_200": 0.3191666660563151, "train_time_12": 376.1114872159958, "train_accuracy_12": 0.2129136453592078, "test_accuracy_12": 0.21999999959309896, "valtest_accuracy_200": 0.6256, "valtest_accuracy_12": 0.4042, "proxy_losses": [2.3928287029266357, 2.211456060409546, 2.117926836013794, 2.044149875640869, 1.9828574657440186, 1.9354400634765625, 1.8957874774932861, 1.8628294467926025, 1.833632469177246, 1.8080986738204956, 1.7847007513046265, 1.7634904384613037, 1.7442681789398193, 1.7244982719421387, 1.7079777717590332, 1.6910392045974731, 1.6763203144073486, 1.660583734512329, 1.646198034286499, 1.6324219703674316, 1.6178066730499268, 1.603800892829895, 1.591797947883606, 1.5775718688964844, 1.5635132789611816, 1.5522416830062866, 1.5397216081619263, 1.5260179042816162, 1.5146677494049072, 1.502299427986145, 1.4933744668960571, 1.4797698259353638, 1.4693530797958374, 1.4579992294311523, 1.4453681707382202, 1.4342705011367798, 1.4247725009918213, 1.4112216234207153, 1.402030348777771, 1.3935997486114502, 1.3822606801986694, 1.3736774921417236, 1.3634527921676636, 1.3537044525146484, 1.3438547849655151, 1.336092233657837, 1.3257455825805664, 1.3185210227966309, 1.3117437362670898, 1.3030304908752441], "landscape_losses": [2.438771963119507, 2.257675886154175, 2.116555690765381, 1.9813119173049927, 1.8440816402435303, 1.7198175191879272, 1.5992103815078735, 1.4896875619888306, 1.4023317098617554, 1.3362354040145874, 1.2953184843063354], "proxy_train_time": 6.037972055375576, "proxy_train_epochs": 50, "dirty_bit": 1, "landscape_term": 6.483960376236592, "speed_term": 3.748905988572102, "mote": 4.920641494621448}