{"id": 3331, "adj_matrix": [[0, 1, 1, 1], [0, 0, 1, 1], [0, 0, 0, 1], [0, 0, 0, 0]], "operations": ["nor_conv_3x3", "nor_conv_1x1", "skip_connect", "zeros", "skip_connect", "nor_conv_3x3"], "init_channel": 16, "blck_len": 5, "params": 0.594536, "flops": 20.63116, "latency": 0.020407891273498534, "train_per_time": 58.34740528090816, "train_time_200": 11669.481056181632, "train_accuracy_200": 0.4761601845979533, "test_accuracy_200": 0.4009999987284343, "train_time_12": 700.1688633708955, "train_accuracy_12": 0.2065919578149905, "test_accuracy_12": 0.2093333326212565, "valtest_accuracy_200": 0.67735, "valtest_accuracy_12": 0.4404, "proxy_losses": [2.338334798812866, 1.9288039207458496, 1.7544654607772827, 1.644472599029541, 1.5573511123657227, 1.495413064956665, 1.4446613788604736, 1.3999269008636475, 1.356917381286621, 1.3216228485107422, 1.2874186038970947, 1.2528775930404663, 1.2251930236816406, 1.1909668445587158, 1.161824345588684, 1.1346789598464966, 1.1072126626968384, 1.0793416500091553, 1.060215950012207, 1.034643530845642, 1.009459137916565, 0.9859175086021423, 0.9654034376144409, 0.9436715841293335, 0.9261062741279602, 0.9117876887321472, 0.8873986601829529, 0.8705217838287354, 0.8616229295730591, 0.847128689289093, 0.8306401371955872, 0.8225945234298706, 0.8230743408203125, 0.8010572195053101, 0.7917247414588928, 0.7699699997901917, 0.7592296600341797, 0.7451246380805969, 0.7298865914344788, 0.7144722938537598, 0.7082582712173462, 0.7048084735870361, 0.7022799849510193, 0.6973780989646912, 0.6862505078315735, 0.6721592545509338, 0.6703517436981201, 0.6563464403152466, 0.6483428478240967, 0.6512712836265564], "landscape_losses": [2.4267759323120117, 2.0580992698669434, 1.8120670318603516, 1.598015308380127, 1.4209562540054321, 1.2473961114883423, 1.0890730619430542, 0.9382279515266418, 0.8158644437789917, 0.7101647257804871, 0.6508767008781433], "proxy_train_time": 7.925545297563076, "proxy_train_epochs": 50, "dirty_bit": 1, "landscape_term": 9.735266393603093, "speed_term": 7.684172919918406, "mote": 7.850878538158878}