{"id": 3342, "adj_matrix": [[0, 1, 1, 1], [0, 0, 1, 1], [0, 0, 0, 1], [0, 0, 0, 0]], "operations": ["nor_conv_1x1", "nor_conv_3x3", "avg_pool_3x3", "skip_connect", "skip_connect", "avg_pool_3x3"], "init_channel": 16, "blck_len": 5, "params": 0.351496, "flops": 11.7838, "latency": 0.01109483242034912, "train_per_time": 53.94011524160683, "train_time_200": 10788.023048321367, "train_accuracy_200": 0.4213480553865276, "test_accuracy_200": 0.3798333331807454, "train_time_12": 647.2813828992843, "train_accuracy_12": 0.27514172711004614, "test_accuracy_12": 0.27033333348592126, "valtest_accuracy_200": 0.66905, "valtest_accuracy_12": 0.4858, "proxy_losses": [2.9311740398406982, 2.220824718475342, 1.920038104057312, 1.7836800813674927, 1.6890099048614502, 1.6158710718154907, 1.558518886566162, 1.5178654193878174, 1.4754527807235718, 1.445561170578003, 1.4155322313308716, 1.3926410675048828, 1.3674938678741455, 1.3482582569122314, 1.3285751342773438, 1.3111779689788818, 1.2956839799880981, 1.2810829877853394, 1.2689845561981201, 1.252960205078125, 1.2422688007354736, 1.2260363101959229, 1.212834358215332, 1.20274817943573, 1.1901953220367432, 1.1779308319091797, 1.1660685539245605, 1.1602494716644287, 1.154139757156372, 1.1412338018417358, 1.1279338598251343, 1.1180293560028076, 1.1085257530212402, 1.102786660194397, 1.0931934118270874, 1.0812195539474487, 1.0716204643249512, 1.0607869625091553, 1.0562974214553833, 1.043866515159607, 1.0461007356643677, 1.0396289825439453, 1.0377572774887085, 1.0255928039550781, 1.0148236751556396, 1.0110703706741333, 1.002723217010498, 1.0001869201660156, 0.9949796795845032, 0.9900967478752136], "landscape_losses": [3.028719425201416, 2.4334352016448975, 2.0862035751342773, 1.8352923393249512, 1.6259433031082153, 1.4659696817398071, 1.3041419982910156, 1.1969190835952759, 1.1000418663024902, 1.025756597518921, 0.9805042147636414], "proxy_train_time": 6.513510976918042, "proxy_train_epochs": 50, "dirty_bit": 1, "landscape_term": 7.568592035073743, "speed_term": 5.063260337233615, "mote": 5.936235843602674}