{"id": 3403, "adj_matrix": [[0, 1, 1, 1], [0, 0, 1, 1], [0, 0, 0, 1], [0, 0, 0, 0]], "operations": ["avg_pool_3x3", "avg_pool_3x3", "nor_conv_1x1", "zeros", "nor_conv_3x3", "nor_conv_3x3"], "init_channel": 16, "blck_len": 5, "params": 0.594536, "flops": 20.63116, "latency": 0.015244102478027344, "train_per_time": 73.05896076861985, "train_time_200": 14611.79215372397, "train_accuracy_200": 0.20004943969364455, "test_accuracy_200": 0.18849999989827473, "train_time_12": 876.7075292234422, "train_accuracy_12": 0.10297956493681956, "test_accuracy_12": 0.11300000015258789, "valtest_accuracy_200": 0.5840000000000001, "valtest_accuracy_12": 0.2462, "proxy_losses": [2.1588573455810547, 1.7788749933242798, 1.6569794416427612, 1.5643805265426636, 1.4991556406021118, 1.4432891607284546, 1.3912056684494019, 1.3466732501983643, 1.308815598487854, 1.2708970308303833, 1.2394847869873047, 1.2117104530334473, 1.1769895553588867, 1.152712345123291, 1.1279597282409668, 1.1002925634384155, 1.0798890590667725, 1.0646295547485352, 1.0435434579849243, 1.031076192855835, 1.0227880477905273, 1.01560640335083, 0.9884134531021118, 0.9770258069038391, 0.9626908302307129, 0.9474800825119019, 0.9353024363517761, 0.9257595539093018, 0.9148574471473694, 0.9042717814445496, 0.8938678503036499, 0.8884108662605286, 0.8863338828086853, 0.8781912922859192, 0.8646501898765564, 0.8536548614501953, 0.8446381688117981, 0.8369033932685852, 0.8321874141693115, 0.8225897550582886, 0.8238322138786316, 0.8127618432044983, 0.8017960786819458, 0.8044500350952148, 0.7808013558387756, 0.7815955281257629, 0.7753843069076538, 0.776208221912384, 0.7587251663208008, 0.7551360726356506], "landscape_losses": [2.2564854621887207, 1.9252859354019165, 1.7277872562408447, 1.552954077720642, 1.3851394653320312, 1.2229646444320679, 1.0945820808410645, 0.9853429794311523, 0.8678695559501648, 0.7864152193069458, 0.7454271912574768], "proxy_train_time": 8.732614184729755, "proxy_train_epochs": 50, "dirty_bit": 1, "landscape_term": 9.418731667907553, "speed_term": 8.283054595026035, "mote": 7.7422839829128955}