{"id": 343, "adj_matrix": [[0, 1, 1, 1], [0, 0, 1, 1], [0, 0, 0, 1], [0, 0, 0, 0]], "operations": ["zeros", "avg_pool_3x3", "skip_connect", "avg_pool_3x3", "zeros", "nor_conv_1x1"], "init_channel": 16, "blck_len": 5, "params": 0.108456, "flops": 2.9364399999999997, "latency": 0.011969852447509763, "train_per_time": 41.7631653588614, "train_time_200": 8352.63307177228, "train_accuracy_200": 0.22755877830255586, "test_accuracy_200": 0.2074444440375434, "train_time_12": 501.15798430633544, "train_accuracy_12": 0.14687541200541004, "test_accuracy_12": 0.14833333300272625, "valtest_accuracy_200": 0.5371666666666667, "valtest_accuracy_12": 0.3275, "proxy_losses": [2.618525505065918, 2.3040127754211426, 2.1253724098205566, 2.015507936477661, 1.940797209739685, 1.8898371458053589, 1.8490384817123413, 1.8118743896484375, 1.7809826135635376, 1.7521333694458008, 1.7262603044509888, 1.7030338048934937, 1.6807347536087036, 1.6573857069015503, 1.636297345161438, 1.61702299118042, 1.5986018180847168, 1.5837280750274658, 1.5680803060531616, 1.5495089292526245, 1.5354725122451782, 1.5167266130447388, 1.5026808977127075, 1.487013578414917, 1.4704471826553345, 1.457826852798462, 1.4434071779251099, 1.4293650388717651, 1.4147120714187622, 1.4033896923065186, 1.389636516571045, 1.3773714303970337, 1.3624351024627686, 1.3496378660202026, 1.3372609615325928, 1.3258919715881348, 1.3182451725006104, 1.3149772882461548, 1.3009642362594604, 1.2890312671661377, 1.2770743370056152, 1.270707368850708, 1.2615083456039429, 1.2579047679901123, 1.2490140199661255, 1.2404944896697998, 1.2345486879348755, 1.227035641670227, 1.2207854986190796, 1.2099636793136597], "landscape_losses": [2.676781177520752, 2.418612003326416, 2.228400707244873, 2.0663814544677734, 1.9148226976394653, 1.7877227067947388, 1.6607054471969604, 1.5427800416946411, 1.4408258199691772, 1.2937668561935425, 1.2118452787399292], "proxy_train_time": 6.033410720527172, "proxy_train_epochs": 50, "dirty_bit": 1, "landscape_term": 6.343851153077919, "speed_term": 3.9236966310452543, "mote": 4.861712176249205}