{"id": 3453, "adj_matrix": [[0, 1, 1, 1], [0, 0, 1, 1], [0, 0, 0, 1], [0, 0, 0, 0]], "operations": ["skip_connect", "avg_pool_3x3", "nor_conv_1x1", "zeros", "nor_conv_1x1", "skip_connect"], "init_channel": 16, "blck_len": 5, "params": 0.136456, "flops": 3.91948, "latency": 0.01423940658569336, "train_per_time": 45.387228836536444, "train_time_200": 9077.445767307288, "train_accuracy_200": 0.3608086135021018, "test_accuracy_200": 0.3349999994913737, "train_time_12": 544.6467460384368, "train_accuracy_12": 0.2302966381005103, "test_accuracy_12": 0.23100000020345055, "valtest_accuracy_200": 0.6349666666666667, "valtest_accuracy_12": 0.43229999999999996, "proxy_losses": [2.907813549041748, 2.3493475914001465, 2.080869197845459, 1.948564052581787, 1.8760766983032227, 1.8122950792312622, 1.7668697834014893, 1.7288135290145874, 1.6964420080184937, 1.66849946975708, 1.641789436340332, 1.6177672147750854, 1.5988205671310425, 1.5791584253311157, 1.5619285106658936, 1.544998049736023, 1.5276460647583008, 1.5114154815673828, 1.4979888200759888, 1.4825210571289062, 1.4705015420913696, 1.4555675983428955, 1.4427069425582886, 1.4316848516464233, 1.4205098152160645, 1.4090492725372314, 1.3980605602264404, 1.3869194984436035, 1.3789950609207153, 1.365536093711853, 1.3589059114456177, 1.3503849506378174, 1.3393193483352661, 1.330918312072754, 1.322738528251648, 1.316144585609436, 1.3055977821350098, 1.2983757257461548, 1.295347809791565, 1.2842302322387695, 1.2794424295425415, 1.2708594799041748, 1.262851357460022, 1.257129430770874, 1.2494770288467407, 1.2456905841827393, 1.2397688627243042, 1.2290133237838745, 1.2218648195266724, 1.2160757780075073], "landscape_losses": [2.9867982864379883, 2.5262997150421143, 2.2251062393188477, 1.9879882335662842, 1.7937641143798828, 1.6274867057800293, 1.4882594347000122, 1.377663016319275, 1.2975293397903442, 1.2428609132766724, 1.2135730981826782], "proxy_train_time": 6.186047060415149, "proxy_train_epochs": 50, "dirty_bit": 1, "landscape_term": 6.65210810766082, "speed_term": 4.111243099638193, "mote": 5.115328449221396}