{"id": 3543, "adj_matrix": [[0, 1, 1, 1], [0, 0, 1, 1], [0, 0, 0, 1], [0, 0, 0, 0]], "operations": ["nor_conv_1x1", "skip_connect", "skip_connect", "nor_conv_1x1", "nor_conv_3x3", "avg_pool_3x3"], "init_channel": 16, "blck_len": 5, "params": 0.379496, "flops": 12.76684, "latency": 0.013876549402872723, "train_per_time": 59.59753317960116, "train_time_200": 11919.506635920232, "train_accuracy_200": 0.468068556371633, "test_accuracy_200": 0.39455555589463975, "train_time_12": 715.1703981552123, "train_accuracy_12": 0.2699274884706119, "test_accuracy_12": 0.2706666657511393, "valtest_accuracy_200": 0.6633333333333333, "valtest_accuracy_12": 0.4647, "proxy_losses": [2.6546239852905273, 2.004530191421509, 1.7867645025253296, 1.6635797023773193, 1.5872904062271118, 1.5272425413131714, 1.4753127098083496, 1.4364241361618042, 1.4044585227966309, 1.3746637105941772, 1.3454948663711548, 1.3212521076202393, 1.297175407409668, 1.2723971605300903, 1.2524349689483643, 1.2320936918258667, 1.2136310338974, 1.198044776916504, 1.1777688264846802, 1.1627191305160522, 1.1464787721633911, 1.1359220743179321, 1.122999668121338, 1.108803153038025, 1.0937038660049438, 1.0823800563812256, 1.0714678764343262, 1.0565325021743774, 1.0483280420303345, 1.034610629081726, 1.0226401090621948, 1.0191285610198975, 1.0090843439102173, 0.9987074136734009, 0.9881272315979004, 0.978961706161499, 0.9736117124557495, 0.958804190158844, 0.9636683464050293, 0.9452561736106873, 0.9314249157905579, 0.9256532192230225, 0.9199364185333252, 0.9114031195640564, 0.9028468728065491, 0.8954880833625793, 0.8881078958511353, 0.8764249086380005, 0.8762127161026001, 0.8678595423698425], "landscape_losses": [2.785065174102783, 2.2287073135375977, 1.952863335609436, 1.724761724472046, 1.5388224124908447, 1.3775312900543213, 1.2355382442474365, 1.104919195175171, 0.9870736598968506, 0.9136759042739868, 0.8623928427696228], "proxy_train_time": 7.409058689139783, "proxy_train_epochs": 50, "dirty_bit": 1, "landscape_term": 8.25693872458379, "speed_term": 6.263737272867627, "mote": 6.625957140520537}