{"id": 3573, "adj_matrix": [[0, 1, 1, 1], [0, 0, 1, 1], [0, 0, 0, 1], [0, 0, 0, 0]], "operations": ["avg_pool_3x3", "nor_conv_1x1", "skip_connect", "nor_conv_1x1", "avg_pool_3x3", "zeros"], "init_channel": 16, "blck_len": 5, "params": 0.136456, "flops": 3.91948, "latency": 0.013435896237691243, "train_per_time": 50.90366340621294, "train_time_200": 10180.732681242589, "train_accuracy_200": 0.34240606461124506, "test_accuracy_200": 0.31688888844807944, "train_time_12": 610.8439608745574, "train_accuracy_12": 0.21231377720087863, "test_accuracy_12": 0.2126666658528646, "valtest_accuracy_200": 0.6253, "valtest_accuracy_12": 0.37229999999999996, "proxy_losses": [2.8529155254364014, 2.532197952270508, 2.3061957359313965, 2.155341386795044, 2.044191837310791, 1.9588210582733154, 1.897687315940857, 1.8465169668197632, 1.8065320253372192, 1.772367000579834, 1.743375539779663, 1.7207310199737549, 1.7013310194015503, 1.6813037395477295, 1.6639941930770874, 1.6484503746032715, 1.6338691711425781, 1.6195542812347412, 1.6060396432876587, 1.5938929319381714, 1.5804575681686401, 1.5695890188217163, 1.5568174123764038, 1.546347975730896, 1.5371588468551636, 1.5254125595092773, 1.517103910446167, 1.50752854347229, 1.497084379196167, 1.4857807159423828, 1.4777617454528809, 1.4675666093826294, 1.4591401815414429, 1.4488452672958374, 1.4396811723709106, 1.4305936098098755, 1.4236655235290527, 1.4160853624343872, 1.4061765670776367, 1.3999145030975342, 1.393890380859375, 1.3838258981704712, 1.3793823719024658, 1.3699215650558472, 1.3632549047470093, 1.355453372001648, 1.3487365245819092, 1.3419609069824219, 1.337456226348877, 1.3309037685394287], "landscape_losses": [2.9060750007629395, 2.611636161804199, 2.374112606048584, 2.1690196990966797, 1.9736789464950562, 1.8007334470748901, 1.656008243560791, 1.528355598449707, 1.4324026107788086, 1.3613845109939575, 1.3284467458724976], "proxy_train_time": 6.83405523467809, "proxy_train_epochs": 50, "dirty_bit": 1, "landscape_term": 6.114846154963699, "speed_term": 4.214244401812234, "mote": 4.764391973310943}