{"id": 3629, "adj_matrix": [[0, 1, 1, 1], [0, 0, 1, 1], [0, 0, 0, 1], [0, 0, 0, 0]], "operations": ["avg_pool_3x3", "avg_pool_3x3", "zeros", "zeros", "nor_conv_1x1", "nor_conv_1x1"], "init_channel": 16, "blck_len": 5, "params": 0.136456, "flops": 3.91948, "latency": 0.013953677813212077, "train_per_time": 54.70881633321434, "train_time_200": 10941.763266642867, "train_accuracy_200": 0.17932981762970915, "test_accuracy_200": 0.1742222218661838, "train_time_12": 656.5057959985734, "train_accuracy_12": 0.10675016480020261, "test_accuracy_12": 0.11999999972025555, "valtest_accuracy_200": 0.5090333333333333, "valtest_accuracy_12": 0.2314, "proxy_losses": [2.4439942836761475, 2.157344341278076, 1.9930087327957153, 1.892972707748413, 1.8267277479171753, 1.779929280281067, 1.7414138317108154, 1.7074317932128906, 1.6783679723739624, 1.6509201526641846, 1.6247966289520264, 1.601042628288269, 1.5779372453689575, 1.5569779872894287, 1.5350605249404907, 1.514968752861023, 1.4962377548217773, 1.4793504476547241, 1.4608944654464722, 1.4450833797454834, 1.4310780763626099, 1.4165300130844116, 1.4029067754745483, 1.3871781826019287, 1.3730425834655762, 1.3642271757125854, 1.3499165773391724, 1.3382171392440796, 1.3251359462738037, 1.3132612705230713, 1.3024492263793945, 1.2890268564224243, 1.2766603231430054, 1.271779179573059, 1.258970856666565, 1.2481977939605713, 1.2375658750534058, 1.2263370752334595, 1.2188384532928467, 1.208168625831604, 1.2029567956924438, 1.195265769958496, 1.1868431568145752, 1.176042914390564, 1.167634129524231, 1.1623525619506836, 1.1529532670974731, 1.146162748336792, 1.1338828802108765, 1.128272533416748], "landscape_losses": [2.510188341140747, 2.268960475921631, 2.078249216079712, 1.919898271560669, 1.7732304334640503, 1.6365103721618652, 1.4878976345062256, 1.3673574924468994, 1.2472883462905884, 1.1676934957504272, 1.1227684020996094], "proxy_train_time": 7.883874895051122, "proxy_train_epochs": 50, "dirty_bit": 1, "landscape_term": 6.96835179886367, "speed_term": 5.470634217745253, "mote": 5.60616666497158}