{"id": 3662, "adj_matrix": [[0, 1, 1, 1], [0, 0, 1, 1], [0, 0, 0, 1], [0, 0, 0, 0]], "operations": ["nor_conv_1x1", "avg_pool_3x3", "skip_connect", "avg_pool_3x3", "skip_connect", "avg_pool_3x3"], "init_channel": 16, "blck_len": 5, "params": 0.108456, "flops": 2.93644, "latency": 0.014929366111755372, "train_per_time": 44.704437588055946, "train_time_200": 8940.887517611189, "train_accuracy_200": 0.26417270931075415, "test_accuracy_200": 0.25316666643778485, "train_time_12": 536.4532510566713, "train_accuracy_12": 0.15947923533616287, "test_accuracy_12": 0.1539999996693929, "valtest_accuracy_200": 0.5114, "valtest_accuracy_12": 0.3089, "proxy_losses": [4.6050333976745605, 3.4988250732421875, 2.876793146133423, 2.5229811668395996, 2.2856035232543945, 2.1250391006469727, 2.003281354904175, 1.9072654247283936, 1.8346892595291138, 1.7800559997558594, 1.737215280532837, 1.7038781642913818, 1.675750970840454, 1.6508128643035889, 1.6292548179626465, 1.609394907951355, 1.5938111543655396, 1.5766699314117432, 1.559920310974121, 1.5454038381576538, 1.5305745601654053, 1.5150508880615234, 1.5028458833694458, 1.4901849031448364, 1.4782588481903076, 1.4662480354309082, 1.456583023071289, 1.4447382688522339, 1.4363460540771484, 1.4283504486083984, 1.418899655342102, 1.4103586673736572, 1.4007395505905151, 1.39212965965271, 1.3878684043884277, 1.3785861730575562, 1.3712337017059326, 1.3642492294311523, 1.3569996356964111, 1.349624752998352, 1.3443200588226318, 1.338362455368042, 1.3320471048355103, 1.3235670328140259, 1.3203082084655762, 1.3157378435134888, 1.3087269067764282, 1.3027944564819336, 1.298031210899353, 1.2929531335830688], "landscape_losses": [4.690759181976318, 3.737727403640747, 3.151177406311035, 2.6924805641174316, 2.337712049484253, 2.0173442363739014, 1.7607250213623047, 1.563209056854248, 1.4175795316696167, 1.3321962356567383, 1.2886048555374146], "proxy_train_time": 5.16361749637872, "proxy_train_epochs": 50, "dirty_bit": 1, "landscape_term": 5.532702281800365, "speed_term": 3.0927866326698585, "mote": 4.104957426161473}