{"id": 3735, "adj_matrix": [[0, 1, 1, 1], [0, 0, 1, 1], [0, 0, 0, 1], [0, 0, 0, 0]], "operations": ["nor_conv_3x3", "nor_conv_3x3", "nor_conv_1x1", "zeros", "zeros", "nor_conv_1x1"], "init_channel": 16, "blck_len": 5, "params": 0.622536, "flops": 21.6142, "latency": 0.016898345947265626, "train_per_time": 70.39234160431248, "train_time_200": 14078.468320862496, "train_accuracy_200": 0.3688497033759805, "test_accuracy_200": 0.33616666631062825, "train_time_12": 844.7080992517472, "train_accuracy_12": 0.1662887277576746, "test_accuracy_12": 0.17466666615804038, "valtest_accuracy_200": 0.6331, "valtest_accuracy_12": 0.34990000000000004, "proxy_losses": [2.2647416591644287, 2.0037481784820557, 1.8898409605026245, 1.8087326288223267, 1.7456306219100952, 1.6907662153244019, 1.6412626504898071, 1.5961651802062988, 1.549470067024231, 1.5071947574615479, 1.4651389122009277, 1.4228516817092896, 1.3844867944717407, 1.346374273300171, 1.3106340169906616, 1.2751590013504028, 1.2420613765716553, 1.2114251852035522, 1.186864972114563, 1.1497254371643066, 1.117467999458313, 1.0821411609649658, 1.055482268333435, 1.0330110788345337, 1.0089941024780273, 0.9839644432067871, 0.9659461975097656, 0.9433425664901733, 0.9299182891845703, 0.9085041284561157, 0.8870513439178467, 0.871550977230072, 0.8471392393112183, 0.8367739319801331, 0.8216221928596497, 0.8059819936752319, 0.7951492667198181, 0.7825319170951843, 0.7620390057563782, 0.7493698596954346, 0.7369318604469299, 0.7325354218482971, 0.7216509580612183, 0.7104498744010925, 0.6981510519981384, 0.6915823221206665, 0.6803990006446838, 0.668086051940918, 0.6598490476608276, 0.6552987098693848], "landscape_losses": [2.339170455932617, 2.1005728244781494, 1.9084751605987549, 1.713971495628357, 1.5027004480361938, 1.300639271736145, 1.1212077140808105, 0.9654334187507629, 0.8279851675033569, 0.7035355567932129, 0.642249584197998], "proxy_train_time": 9.950882433913648, "proxy_train_epochs": 50, "dirty_bit": 1, "landscape_term": 9.559172777902067, "speed_term": 8.910941545579046, "mote": 7.935238670849761}