{"id": 3740, "adj_matrix": [[0, 1, 1, 1], [0, 0, 1, 1], [0, 0, 0, 1], [0, 0, 0, 0]], "operations": ["nor_conv_1x1", "avg_pool_3x3", "nor_conv_3x3", "nor_conv_3x3", "skip_connect", "zeros"], "init_channel": 16, "blck_len": 5, "params": 0.594536, "flops": 20.63116, "latency": 0.018661808967590333, "train_per_time": 64.5987914044855, "train_time_200": 12919.7582808971, "train_accuracy_200": 0.4689683586241308, "test_accuracy_200": 0.4078333327738444, "train_time_12": 775.1854968538286, "train_accuracy_12": 0.2655438365325224, "test_accuracy_12": 0.26333333282470706, "valtest_accuracy_200": 0.6769499999999999, "valtest_accuracy_12": 0.5084000000000001, "proxy_losses": [2.23836350440979, 1.9231963157653809, 1.7945446968078613, 1.7018033266067505, 1.6377513408660889, 1.5935587882995605, 1.5567032098770142, 1.521714210510254, 1.489564061164856, 1.462141990661621, 1.434297800064087, 1.4096653461456299, 1.3863329887390137, 1.3664577007293701, 1.3466519117355347, 1.3228635787963867, 1.3014591932296753, 1.2827701568603516, 1.2613598108291626, 1.2435287237167358, 1.2221134901046753, 1.2066872119903564, 1.1845842599868774, 1.1721165180206299, 1.1599193811416626, 1.1427468061447144, 1.1201074123382568, 1.1119592189788818, 1.0972470045089722, 1.080854058265686, 1.0735268592834473, 1.0585706233978271, 1.0449671745300293, 1.0404211282730103, 1.027952790260315, 1.0100675821304321, 0.9953207969665527, 0.9898990392684937, 0.9762738347053528, 0.9642019271850586, 0.9596056938171387, 0.9540656208992004, 0.9404257535934448, 0.9268752932548523, 0.9154696464538574, 0.9076115489006042, 0.9098868370056152, 0.9064202904701233, 0.8973568081855774, 0.8928097486495972], "landscape_losses": [2.3332715034484863, 2.0459671020507812, 1.8561193943023682, 1.6881015300750732, 1.5250316858291626, 1.3764792680740356, 1.2412291765213013, 1.1192960739135742, 1.0192351341247559, 0.9183404445648193, 0.8773156404495239], "proxy_train_time": 8.56886353995651, "proxy_train_epochs": 50, "dirty_bit": 1, "landscape_term": 8.339665230812644, "speed_term": 7.004735173322211, "mote": 6.812648025403172}