{"id": 3782, "adj_matrix": [[0, 1, 1, 1], [0, 0, 1, 1], [0, 0, 0, 1], [0, 0, 0, 0]], "operations": ["nor_conv_1x1", "nor_conv_1x1", "nor_conv_1x1", "skip_connect", "nor_conv_3x3", "zeros"], "init_channel": 16, "blck_len": 5, "params": 0.407496, "flops": 13.74988, "latency": 0.018303966522216795, "train_per_time": 66.49645196032539, "train_time_200": 13299.290392065079, "train_accuracy_200": 0.5136618325904238, "test_accuracy_200": 0.42516666631062827, "train_time_12": 797.9574235239028, "train_accuracy_12": 0.3340408701575423, "test_accuracy_12": 0.3309999992370606, "valtest_accuracy_200": 0.6881, "valtest_accuracy_12": 0.5637, "proxy_losses": [2.2631442546844482, 1.9238234758377075, 1.78871488571167, 1.7013784646987915, 1.6276121139526367, 1.5713893175125122, 1.5188076496124268, 1.4740972518920898, 1.4316807985305786, 1.3967489004135132, 1.363523006439209, 1.3341501951217651, 1.3073922395706177, 1.2815622091293335, 1.2580078840255737, 1.2359663248062134, 1.2138437032699585, 1.1952931880950928, 1.179146409034729, 1.158839225769043, 1.148280143737793, 1.1308672428131104, 1.1120970249176025, 1.0955889225006104, 1.0858596563339233, 1.0705848932266235, 1.0535882711410522, 1.0434068441390991, 1.025287389755249, 1.0227842330932617, 1.005391001701355, 0.9899487495422363, 0.9796462655067444, 0.9696462154388428, 0.957223117351532, 0.9476028084754944, 0.948227047920227, 0.9335361123085022, 0.9203230738639832, 0.9101431369781494, 0.9024697542190552, 0.9007895588874817, 0.8979296088218689, 0.8916483521461487, 0.8755807876586914, 0.8688390851020813, 0.858618438243866, 0.8438241481781006, 0.8369162082672119, 0.8324095606803894], "landscape_losses": [2.372180461883545, 2.0574328899383545, 1.8458812236785889, 1.6586787700653076, 1.4842443466186523, 1.3137363195419312, 1.1738272905349731, 1.044523000717163, 0.9509745240211487, 0.8656325340270996, 0.8279697299003601], "proxy_train_time": 8.77688857074827, "proxy_train_epochs": 50, "dirty_bit": 1, "landscape_term": 8.711003088988976, "speed_term": 7.529391936704419, "mote": 7.14986009980154}