{"id": 3820, "adj_matrix": [[0, 1, 1, 1], [0, 0, 1, 1], [0, 0, 0, 1], [0, 0, 0, 0]], "operations": ["nor_conv_1x1", "nor_conv_3x3", "nor_conv_1x1", "skip_connect", "nor_conv_3x3", "avg_pool_3x3"], "init_channel": 16, "blck_len": 5, "params": 0.622536, "flops": 21.6142, "latency": 0.02326655387878418, "train_per_time": 73.92911313525836, "train_time_200": 14785.822627051673, "train_accuracy_200": 0.5404647330518608, "test_accuracy_200": 0.4351666664632161, "train_time_12": 887.1493576231004, "train_accuracy_12": 0.3387475280359378, "test_accuracy_12": 0.32566666524251303, "valtest_accuracy_200": 0.6944499999999999, "valtest_accuracy_12": 0.5431, "proxy_losses": [2.4247124195098877, 1.8452939987182617, 1.6758166551589966, 1.5596543550491333, 1.4781385660171509, 1.411819577217102, 1.3604180812835693, 1.3204389810562134, 1.2829564809799194, 1.252314805984497, 1.2242099046707153, 1.2026861906051636, 1.1829140186309814, 1.156967282295227, 1.1421921253204346, 1.1219614744186401, 1.1004642248153687, 1.0790073871612549, 1.0619522333145142, 1.0507454872131348, 1.0296028852462769, 1.0144855976104736, 0.996999979019165, 0.9783790111541748, 0.9654254913330078, 0.9527434706687927, 0.9416400194168091, 0.9286953210830688, 0.9199160933494568, 0.9077258706092834, 0.8892911076545715, 0.8770816326141357, 0.865916907787323, 0.8602525591850281, 0.8581365942955017, 0.8524423837661743, 0.8445495963096619, 0.8379133939743042, 0.8173763155937195, 0.8017120361328125, 0.7963749766349792, 0.7818859219551086, 0.7756903767585754, 0.769715428352356, 0.7658445835113525, 0.7567490935325623, 0.7585742473602295, 0.7525923252105713, 0.7420422434806824, 0.7342645525932312], "landscape_losses": [2.541984796524048, 2.061288595199585, 1.7762513160705566, 1.5627957582473755, 1.361253261566162, 1.1982395648956299, 1.0422868728637695, 0.9194844961166382, 0.8265684843063354, 0.7710731625556946, 0.727768063545227], "proxy_train_time": 9.107060275040567, "proxy_train_epochs": 50, "dirty_bit": 1, "landscape_term": 9.57833761977123, "speed_term": 8.639051042469193, "mote": 7.90450776004892}