{"id": 3860, "adj_matrix": [[0, 1, 1, 1], [0, 0, 1, 1], [0, 0, 0, 1], [0, 0, 0, 0]], "operations": ["nor_conv_1x1", "nor_conv_1x1", "skip_connect", "skip_connect", "zeros", "nor_conv_3x3"], "init_channel": 16, "blck_len": 5, "params": 0.379496, "flops": 12.76684, "latency": 0.017463254928588866, "train_per_time": 55.014794588168506, "train_time_200": 11002.958917633701, "train_accuracy_200": 0.5159789057430502, "test_accuracy_200": 0.43166666615804034, "train_time_12": 660.1775350580215, "train_accuracy_12": 0.33031641399003836, "test_accuracy_12": 0.32233333312988277, "valtest_accuracy_200": 0.6931499999999999, "valtest_accuracy_12": 0.5661999999999999, "proxy_losses": [2.5644822120666504, 2.0928964614868164, 1.8846912384033203, 1.7644572257995605, 1.6853179931640625, 1.6240280866622925, 1.577210783958435, 1.5334392786026, 1.497037410736084, 1.463433861732483, 1.4306613206863403, 1.4039230346679688, 1.375208854675293, 1.3446123600006104, 1.3203638792037964, 1.296693205833435, 1.2761924266815186, 1.2539457082748413, 1.2342113256454468, 1.213255524635315, 1.1937745809555054, 1.1776249408721924, 1.1624077558517456, 1.1494277715682983, 1.1318413019180298, 1.1103782653808594, 1.0996054410934448, 1.0818519592285156, 1.0714330673217773, 1.0587862730026245, 1.0473783016204834, 1.0338973999023438, 1.0204508304595947, 1.0054147243499756, 1.0018357038497925, 0.9882612228393555, 0.9747421741485596, 0.9642526507377625, 0.9513177871704102, 0.9418280124664307, 0.9278466701507568, 0.9203099608421326, 0.9069782495498657, 0.9058077931404114, 0.8940287828445435, 0.8861371278762817, 0.8790867924690247, 0.8656651377677917, 0.8555564284324646, 0.8490825295448303], "landscape_losses": [2.6875734329223633, 2.2656562328338623, 1.9826726913452148, 1.747028112411499, 1.5489109754562378, 1.375130295753479, 1.2183287143707275, 1.0854812860488892, 0.975745677947998, 0.886996865272522, 0.8386209011077881], "proxy_train_time": 7.604538670741022, "proxy_train_epochs": 50, "dirty_bit": 1, "landscape_term": 8.349782824499638, "speed_term": 6.244173961150425, "mote": 6.684495984454634}