{"id": 3895, "adj_matrix": [[0, 1, 1, 1], [0, 0, 1, 1], [0, 0, 0, 1], [0, 0, 0, 0]], "operations": ["skip_connect", "nor_conv_1x1", "skip_connect", "zeros", "zeros", "nor_conv_3x3"], "init_channel": 16, "blck_len": 5, "params": 0.351496, "flops": 11.7838, "latency": 0.012474405765533447, "train_per_time": 44.312070503791055, "train_time_200": 8862.414100758211, "train_accuracy_200": 0.45652274225444955, "test_accuracy_200": 0.3896666662597656, "train_time_12": 531.744846045494, "train_accuracy_12": 0.20110744891987087, "test_accuracy_12": 0.19766666631062826, "valtest_accuracy_200": 0.6724000000000001, "valtest_accuracy_12": 0.4208, "proxy_losses": [2.3911592960357666, 2.047138214111328, 1.9036058187484741, 1.8126744031906128, 1.7432901859283447, 1.6874339580535889, 1.6394357681274414, 1.5940099954605103, 1.5578992366790771, 1.5193727016448975, 1.4838405847549438, 1.4515742063522339, 1.4190500974655151, 1.3932762145996094, 1.3645737171173096, 1.3360868692398071, 1.3160213232040405, 1.2910040616989136, 1.2678457498550415, 1.2468644380569458, 1.2282036542892456, 1.2059575319290161, 1.1823127269744873, 1.1672672033309937, 1.1489613056182861, 1.1351814270019531, 1.1183539628982544, 1.10087251663208, 1.0815069675445557, 1.066677451133728, 1.0616470575332642, 1.0536718368530273, 1.0411067008972168, 1.0274590253829956, 1.0052870512008667, 0.9914160966873169, 0.985490620136261, 0.9730851650238037, 0.9657907485961914, 0.9581456780433655, 0.9489863514900208, 0.9315280318260193, 0.9187505841255188, 0.9069308638572693, 0.8970621824264526, 0.8852452039718628, 0.8802971839904785, 0.8710774183273315, 0.8579473495483398, 0.8563714623451233], "landscape_losses": [2.4885640144348145, 2.1586992740631104, 1.9335052967071533, 1.7281200885772705, 1.554988980293274, 1.3842767477035522, 1.2381848096847534, 1.0939961671829224, 0.9835203886032104, 0.8981853723526001, 0.8500909209251404], "proxy_train_time": 6.360043325461447, "proxy_train_epochs": 50, "dirty_bit": 1, "landscape_term": 8.354599508278085, "speed_term": 5.135797727147557, "mote": 6.479198813564098}