{"id": 3919, "adj_matrix": [[0, 1, 1, 1], [0, 0, 1, 1], [0, 0, 0, 1], [0, 0, 0, 0]], "operations": ["skip_connect", "nor_conv_1x1", "nor_conv_3x3", "zeros", "zeros", "nor_conv_3x3"], "init_channel": 16, "blck_len": 5, "params": 0.594536, "flops": 20.63116, "latency": 0.018210848172505695, "train_per_time": 58.976836648702495, "train_time_200": 11795.367329740498, "train_accuracy_200": 0.3614875851588625, "test_accuracy_200": 0.3402222216796875, "train_time_12": 707.7220397844313, "train_accuracy_12": 0.16475939354139013, "test_accuracy_12": 0.16966666676839193, "valtest_accuracy_200": 0.6415333333333334, "valtest_accuracy_12": 0.364, "proxy_losses": [2.1425604820251465, 1.8510990142822266, 1.7350373268127441, 1.666540265083313, 1.6068841218948364, 1.553606629371643, 1.5056183338165283, 1.4573460817337036, 1.4113553762435913, 1.373243808746338, 1.332914113998413, 1.2910627126693726, 1.252587914466858, 1.218510627746582, 1.1798570156097412, 1.1463050842285156, 1.1158843040466309, 1.0852954387664795, 1.061117172241211, 1.0357306003570557, 1.0050429105758667, 0.9847592711448669, 0.959574818611145, 0.9431625008583069, 0.9157184362411499, 0.8916119337081909, 0.8773667812347412, 0.8570991158485413, 0.8346782922744751, 0.8187740445137024, 0.8064374923706055, 0.7886364459991455, 0.774359941482544, 0.7583863735198975, 0.7513963580131531, 0.7377787232398987, 0.720994234085083, 0.7108120918273926, 0.703608512878418, 0.6968554854393005, 0.6844886541366577, 0.6689630746841431, 0.6588469743728638, 0.6602036952972412, 0.6617724895477295, 0.6422547101974487, 0.624703049659729, 0.61058509349823, 0.6042694449424744, 0.5965902805328369], "landscape_losses": [2.241992473602295, 1.9762589931488037, 1.7784582376480103, 1.5862935781478882, 1.4128960371017456, 1.2310898303985596, 1.0451892614364624, 0.8809597492218018, 0.7500593066215515, 0.6444586515426636, 0.5929227471351624], "proxy_train_time": 7.940331483259797, "proxy_train_epochs": 50, "dirty_bit": 1, "landscape_term": 10.328146414695833, "speed_term": 7.788871020486869, "mote": 8.254487264025107}