{"id": 3924, "adj_matrix": [[0, 1, 1, 1], [0, 0, 1, 1], [0, 0, 0, 1], [0, 0, 0, 0]], "operations": ["avg_pool_3x3", "skip_connect", "avg_pool_3x3", "skip_connect", "zeros", "nor_conv_1x1"], "init_channel": 16, "blck_len": 5, "params": 0.108456, "flops": 2.9364399999999997, "latency": 0.009849095344543457, "train_per_time": 42.217537102143034, "train_time_200": 8443.507420428607, "train_accuracy_200": 0.35181278841223623, "test_accuracy_200": 0.3299999996100532, "train_time_12": 506.6104452257155, "train_accuracy_12": 0.2430850362678382, "test_accuracy_12": 0.24599999938964842, "valtest_accuracy_200": 0.6318333333333334, "valtest_accuracy_12": 0.45909999999999995, "proxy_losses": [2.696838617324829, 2.367222547531128, 2.18587327003479, 2.0636391639709473, 1.9794650077819824, 1.913529872894287, 1.8619384765625, 1.8200762271881104, 1.7860816717147827, 1.7577800750732422, 1.7350871562957764, 1.7149875164031982, 1.6968339681625366, 1.6806111335754395, 1.6638156175613403, 1.6467293500900269, 1.631567120552063, 1.613797664642334, 1.597954273223877, 1.581160306930542, 1.565313458442688, 1.5484060049057007, 1.533700704574585, 1.5195412635803223, 1.5052595138549805, 1.491804838180542, 1.477167010307312, 1.4635882377624512, 1.4507519006729126, 1.439383625984192, 1.4297173023223877, 1.418623685836792, 1.4073823690414429, 1.3969265222549438, 1.3878508806228638, 1.3772990703582764, 1.367203712463379, 1.360421895980835, 1.3515876531600952, 1.3447391986846924, 1.3388004302978516, 1.328937292098999, 1.3225207328796387, 1.323059320449829, 1.312045931816101, 1.3046250343322754, 1.2926892042160034, 1.2854526042938232, 1.283327341079712, 1.2753958702087402], "landscape_losses": [2.757878541946411, 2.454975128173828, 2.266450881958008, 2.0963265895843506, 1.9365249872207642, 1.7878998517990112, 1.640156865119934, 1.4974840879440308, 1.3835928440093994, 1.3100999593734741, 1.271956205368042], "proxy_train_time": 5.58493626024574, "proxy_train_epochs": 50, "dirty_bit": 1, "landscape_term": 6.31361298732699, "speed_term": 3.5393166129355658, "mote": 4.755765766547199}