{"id": 3963, "adj_matrix": [[0, 1, 1, 1], [0, 0, 1, 1], [0, 0, 0, 1], [0, 0, 0, 0]], "operations": ["avg_pool_3x3", "skip_connect", "avg_pool_3x3", "nor_conv_3x3", "nor_conv_1x1", "zeros"], "init_channel": 16, "blck_len": 5, "params": 0.351496, "flops": 11.7838, "latency": 0.01262520949045817, "train_per_time": 57.82726908421504, "train_time_200": 11565.453816843008, "train_accuracy_200": 0.43835640519372027, "test_accuracy_200": 0.3878888882107205, "train_time_12": 693.9272290105819, "train_accuracy_12": 0.1937574159525379, "test_accuracy_12": 0.2036666665649414, "valtest_accuracy_200": 0.6759666666666666, "valtest_accuracy_12": 0.3945, "proxy_losses": [2.3130850791931152, 1.9587490558624268, 1.8258206844329834, 1.7402281761169434, 1.67677640914917, 1.6261589527130127, 1.582059383392334, 1.5380829572677612, 1.4997466802597046, 1.4681016206741333, 1.4338289499282837, 1.4061546325683594, 1.3772156238555908, 1.3509738445281982, 1.3293843269348145, 1.308405876159668, 1.2821186780929565, 1.258406400680542, 1.2395881414413452, 1.2151601314544678, 1.2024239301681519, 1.180892825126648, 1.1651469469070435, 1.1487810611724854, 1.1311209201812744, 1.1205981969833374, 1.1065694093704224, 1.0939143896102905, 1.0765199661254883, 1.0628904104232788, 1.048524022102356, 1.038710355758667, 1.0298750400543213, 1.016341209411621, 1.0143074989318848, 0.996176540851593, 0.9880695343017578, 0.981296181678772, 0.9654505848884583, 0.9573974609375, 0.9502087831497192, 0.9369425773620605, 0.9284054636955261, 0.9284709095954895, 0.9210187792778015, 0.9141533970832825, 0.9036828875541687, 0.8939185738563538, 0.8890692591667175, 0.8735722899436951], "landscape_losses": [2.410203218460083, 2.098433494567871, 1.8852533102035522, 1.6999750137329102, 1.5323011875152588, 1.3786017894744873, 1.2309414148330688, 1.1054455041885376, 1.0113235712051392, 0.9272441267967224, 0.8779551982879639], "proxy_train_time": 7.405557014979422, "proxy_train_epochs": 50, "dirty_bit": 1, "landscape_term": 8.311388353944338, "speed_term": 6.080645724804491, "mote": 6.629019251483675}