{"id": 4190, "adj_matrix": [[0, 1, 1, 1], [0, 0, 1, 1], [0, 0, 0, 1], [0, 0, 0, 0]], "operations": ["skip_connect", "zeros", "skip_connect", "nor_conv_1x1", "avg_pool_3x3", "nor_conv_3x3"], "init_channel": 16, "blck_len": 5, "params": 0.351496, "flops": 11.7838, "latency": 0.012739920616149902, "train_per_time": 49.396038297891394, "train_time_200": 9879.207659578278, "train_accuracy_200": 0.4194243023642077, "test_accuracy_200": 0.3705555553860135, "train_time_12": 592.7524595746994, "train_accuracy_12": 0.2584508899303982, "test_accuracy_12": 0.25599999969482423, "valtest_accuracy_200": 0.6539666666666666, "valtest_accuracy_12": 0.4625, "proxy_losses": [2.8560004234313965, 2.207949161529541, 1.9340838193893433, 1.797203540802002, 1.7148840427398682, 1.6474627256393433, 1.595956802368164, 1.5520310401916504, 1.5146194696426392, 1.4801757335662842, 1.448378086090088, 1.4181971549987793, 1.3934160470962524, 1.37010657787323, 1.3486195802688599, 1.3335355520248413, 1.3129594326019287, 1.297659993171692, 1.2787761688232422, 1.2616175413131714, 1.2457911968231201, 1.2303961515426636, 1.2154868841171265, 1.203667402267456, 1.1869596242904663, 1.169859528541565, 1.1630574464797974, 1.1509302854537964, 1.1396797895431519, 1.1252809762954712, 1.1144351959228516, 1.099530816078186, 1.090870976448059, 1.0802366733551025, 1.0637911558151245, 1.0518922805786133, 1.0424970388412476, 1.0305677652359009, 1.0158827304840088, 1.0096689462661743, 1.0086125135421753, 0.993546187877655, 0.9768711924552917, 0.9723994135856628, 0.9643507599830627, 0.9446054697036743, 0.9392356276512146, 0.9405111074447632, 0.9215891361236572, 0.9214712977409363], "landscape_losses": [2.9572203159332275, 2.445878028869629, 2.1090686321258545, 1.8448240756988525, 1.6476123332977295, 1.4707437753677368, 1.3259047269821167, 1.22085702419281, 1.0926172733306885, 0.9902193546295166, 0.9221190214157104], "proxy_train_time": 6.641976473852992, "proxy_train_epochs": 50, "dirty_bit": 1, "landscape_term": 7.632941800828071, "speed_term": 5.207162730610458, "mote": 6.00793644670937}