{"id": 4199, "adj_matrix": [[0, 1, 1, 1], [0, 0, 1, 1], [0, 0, 0, 1], [0, 0, 0, 0]], "operations": ["zeros", "nor_conv_3x3", "skip_connect", "nor_conv_1x1", "skip_connect", "nor_conv_3x3"], "init_channel": 16, "blck_len": 5, "params": 0.594536, "flops": 20.63116, "latency": 0.01561150550842285, "train_per_time": 58.09502175815925, "train_time_200": 11619.00435163185, "train_accuracy_200": 0.5383937596199775, "test_accuracy_200": 0.4358888878716363, "train_time_12": 697.1402610979079, "train_accuracy_12": 0.2767369808843282, "test_accuracy_12": 0.26799999888102216, "valtest_accuracy_200": 0.6994666666666667, "valtest_accuracy_12": 0.5018, "proxy_losses": [2.6088390350341797, 2.0538861751556396, 1.8591538667678833, 1.7570650577545166, 1.6811031103134155, 1.6122714281082153, 1.549929141998291, 1.5010159015655518, 1.4465121030807495, 1.403128743171692, 1.3678290843963623, 1.3259236812591553, 1.286696195602417, 1.257810115814209, 1.225074052810669, 1.1944411993026733, 1.1680712699890137, 1.138049840927124, 1.1170645952224731, 1.0918478965759277, 1.0671616792678833, 1.0435352325439453, 1.0210000276565552, 1.0100494623184204, 0.9929701089859009, 0.9717910289764404, 0.9523844718933105, 0.9315609335899353, 0.921079695224762, 0.9032003879547119, 0.8959416747093201, 0.8737347722053528, 0.8559277057647705, 0.8458006978034973, 0.8286634683609009, 0.8132076263427734, 0.8096776604652405, 0.8018232583999634, 0.7896513342857361, 0.7732191681861877, 0.7604315280914307, 0.756690502166748, 0.765575647354126, 0.7585506439208984, 0.7397032976150513, 0.7270683646202087, 0.717827320098877, 0.7025955319404602, 0.693304717540741, 0.6883743405342102], "landscape_losses": [2.7808613777160645, 2.266800880432129, 1.9449373483657837, 1.6833086013793945, 1.4565798044204712, 1.2560229301452637, 1.0988105535507202, 0.9469267725944519, 0.833486795425415, 0.739696204662323, 0.68479323387146], "proxy_train_time": 7.997030541300774, "proxy_train_epochs": 50, "dirty_bit": 1, "landscape_term": 9.369781342916669, "speed_term": 7.262340935609912, "mote": 7.539788085159088}