{"id": 4205, "adj_matrix": [[0, 1, 1, 1], [0, 0, 1, 1], [0, 0, 0, 1], [0, 0, 0, 0]], "operations": ["avg_pool_3x3", "zeros", "zeros", "avg_pool_3x3", "avg_pool_3x3", "nor_conv_1x1"], "init_channel": 16, "blck_len": 5, "params": 0.108456, "flops": 2.93644, "latency": 0.014357829093933105, "train_per_time": 46.4159950727624, "train_time_200": 9283.19901455248, "train_accuracy_200": 0.14244891232947574, "test_accuracy_200": 0.13699999992370607, "train_time_12": 556.991940873146, "train_accuracy_12": 0.10253131179558107, "test_accuracy_12": 0.10000000002543132, "valtest_accuracy_200": 0.4082, "valtest_accuracy_12": 0.20980000000000001, "proxy_losses": [4.030740261077881, 3.241755485534668, 2.7529540061950684, 2.455594539642334, 2.236142873764038, 2.097235918045044, 2.0137627124786377, 1.9612267017364502, 1.9191781282424927, 1.8814635276794434, 1.8531429767608643, 1.834007978439331, 1.8167330026626587, 1.8025367259979248, 1.7914042472839355, 1.7816755771636963, 1.7747352123260498, 1.765116810798645, 1.7557084560394287, 1.7474634647369385, 1.7411895990371704, 1.7325496673583984, 1.7233939170837402, 1.7143417596817017, 1.7082133293151855, 1.7003840208053589, 1.6950513124465942, 1.6873435974121094, 1.6809757947921753, 1.676357388496399, 1.6711291074752808, 1.6663368940353394, 1.6620367765426636, 1.6572214365005493, 1.653314471244812, 1.6501115560531616, 1.644682765007019, 1.6404545307159424, 1.6366866827011108, 1.6339136362075806, 1.6318855285644531, 1.6270662546157837, 1.6256349086761475, 1.6199837923049927, 1.6172407865524292, 1.615286111831665, 1.6118451356887817, 1.6084325313568115, 1.6057103872299194, 1.6021920442581177], "landscape_losses": [4.1039252281188965, 3.385216474533081, 2.9161429405212402, 2.566909074783325, 2.280290126800537, 2.0485572814941406, 1.8784841299057007, 1.7493839263916016, 1.6632730960845947, 1.6205857992172241, 1.6032246351242065], "proxy_train_time": 6.357377672567964, "proxy_train_epochs": 50, "dirty_bit": 1, "landscape_term": 5.144254509108434, "speed_term": 3.4456007726846045, "mote": 3.9106400114328315}