{"id": 4263, "adj_matrix": [[0, 1, 1, 1], [0, 0, 1, 1], [0, 0, 0, 1], [0, 0, 0, 0]], "operations": ["nor_conv_3x3", "zeros", "nor_conv_3x3", "zeros", "nor_conv_3x3", "skip_connect"], "init_channel": 16, "blck_len": 5, "params": 0.809576, "flops": 28.49548, "latency": 0.018171095848083497, "train_per_time": 63.60841326459239, "train_time_200": 12721.682652918478, "train_accuracy_200": 0.3001285431826044, "test_accuracy_200": 0.28366666646321614, "train_time_12": 763.30095917511, "train_accuracy_12": 0.12394199076723565, "test_accuracy_12": 0.13166666666666665, "valtest_accuracy_200": 0.6422, "valtest_accuracy_12": 0.30920000000000003, "proxy_losses": [2.2099101543426514, 1.8127304315567017, 1.6606310606002808, 1.5382896661758423, 1.4440158605575562, 1.3638546466827393, 1.299142599105835, 1.2395740747451782, 1.1906218528747559, 1.1400552988052368, 1.0976951122283936, 1.0600003004074097, 1.0215656757354736, 0.9890987277030945, 0.9584890604019165, 0.9328204989433289, 0.9032824039459229, 0.8821544051170349, 0.8592506051063538, 0.8390511870384216, 0.8138008713722229, 0.8044551014900208, 0.7855024337768555, 0.7699349522590637, 0.7546660900115967, 0.7474616169929504, 0.7483249306678772, 0.7256978750228882, 0.7010988593101501, 0.6878524422645569, 0.6797623038291931, 0.6712870001792908, 0.6712150573730469, 0.6403999924659729, 0.6317960023880005, 0.6298527121543884, 0.616157054901123, 0.5985267162322998, 0.5859953165054321, 0.5843919515609741, 0.5792400240898132, 0.5688453316688538, 0.5563321709632874, 0.5663902759552002, 0.5690145492553711, 0.5579199194908142, 0.5460381507873535, 0.5439845323562622, 0.5246096849441528, 0.5155689716339111], "landscape_losses": [2.3371922969818115, 1.936533808708191, 1.6564773321151733, 1.4149237871170044, 1.2054784297943115, 1.0444810390472412, 0.9067870378494263, 0.7704323530197144, 0.648847758769989, 0.5682019591331482, 0.5168831944465637], "proxy_train_time": 8.669825617223978, "proxy_train_epochs": 50, "dirty_bit": 1, "landscape_term": 11.678223872714227, "speed_term": 9.892915101070145, "mote": 9.456980404829148}