{"id": 4287, "adj_matrix": [[0, 1, 1, 1], [0, 0, 1, 1], [0, 0, 0, 1], [0, 0, 0, 0]], "operations": ["nor_conv_1x1", "nor_conv_3x3", "nor_conv_3x3", "zeros", "avg_pool_3x3", "avg_pool_3x3"], "init_channel": 16, "blck_len": 5, "params": 0.594536, "flops": 20.63116, "latency": 0.020033502578735353, "train_per_time": 72.57570891928664, "train_time_200": 14515.141783857327, "train_accuracy_200": 0.2890540540618494, "test_accuracy_200": 0.2724999995422363, "train_time_12": 870.9085070314408, "train_accuracy_12": 0.14276203031898252, "test_accuracy_12": 0.14166666661580404, "valtest_accuracy_200": 0.62215, "valtest_accuracy_12": 0.3065, "proxy_losses": [2.3007030487060547, 1.852637529373169, 1.7082523107528687, 1.6205666065216064, 1.5540090799331665, 1.5004342794418335, 1.4561024904251099, 1.4159947633743286, 1.3801556825637817, 1.3461333513259888, 1.3163238763809204, 1.288346767425537, 1.258844017982483, 1.2339876890182495, 1.2115721702575684, 1.188966989517212, 1.1652264595031738, 1.1419093608856201, 1.1202032566070557, 1.1055984497070312, 1.0837129354476929, 1.0596164464950562, 1.0406200885772705, 1.0312671661376953, 1.0072221755981445, 0.9941736459732056, 0.9816017746925354, 0.9609525203704834, 0.957377552986145, 0.9451093673706055, 0.9226979613304138, 0.9093634486198425, 0.8986086845397949, 0.8869209885597229, 0.8769547939300537, 0.8707975745201111, 0.8552036285400391, 0.8451860547065735, 0.8270384073257446, 0.8157661557197571, 0.8198938369750977, 0.8173111081123352, 0.805795431137085, 0.7974573373794556, 0.7837107181549072, 0.7793928980827332, 0.7791697978973389, 0.7681195139884949, 0.7702142596244812, 0.7623748779296875], "landscape_losses": [2.4352166652679443, 2.0281641483306885, 1.8140679597854614, 1.6050137281417847, 1.4404953718185425, 1.2540251016616821, 1.103377103805542, 0.9642768502235413, 0.8542428016662598, 0.7870842218399048, 0.736184298992157], "proxy_train_time": 8.929271721281111, "proxy_train_epochs": 50, "dirty_bit": 1, "landscape_term": 9.312480515923582, "speed_term": 8.144232929777456, "mote": 7.649748798004036}