{"id": 4290, "adj_matrix": [[0, 1, 1, 1], [0, 0, 1, 1], [0, 0, 0, 1], [0, 0, 0, 0]], "operations": ["skip_connect", "skip_connect", "nor_conv_3x3", "avg_pool_3x3", "nor_conv_3x3", "nor_conv_1x1"], "init_channel": 16, "blck_len": 5, "params": 0.594536, "flops": 20.63116, "latency": 0.01547869841257731, "train_per_time": 63.36002221767136, "train_time_200": 12672.004443534272, "train_accuracy_200": 0.495508679421177, "test_accuracy_200": 0.40611111026340063, "train_time_12": 760.3202666120528, "train_accuracy_12": 0.2811535926160014, "test_accuracy_12": 0.28033333221435547, "valtest_accuracy_200": 0.6765333333333335, "valtest_accuracy_12": 0.47859999999999997, "proxy_losses": [2.314849853515625, 1.8112447261810303, 1.6935157775878906, 1.6202045679092407, 1.5587066411972046, 1.507429838180542, 1.4628961086273193, 1.4195246696472168, 1.3820704221725464, 1.3438689708709717, 1.309320092201233, 1.2785441875457764, 1.2467904090881348, 1.2224080562591553, 1.1963266134262085, 1.170549750328064, 1.1476653814315796, 1.1268839836120605, 1.1030837297439575, 1.0892692804336548, 1.0673797130584717, 1.0473477840423584, 1.030803918838501, 1.0196447372436523, 1.00346839427948, 0.9811614155769348, 0.9680882692337036, 0.9531422853469849, 0.9410755634307861, 0.9235478639602661, 0.9153722524642944, 0.9000093936920166, 0.888205349445343, 0.8783038258552551, 0.8649241924285889, 0.8496867418289185, 0.8517142534255981, 0.8452004194259644, 0.8382154107093811, 0.8186477422714233, 0.809578001499176, 0.8015890121459961, 0.7885624766349792, 0.7841432690620422, 0.7783938646316528, 0.7696751952171326, 0.7618595957756042, 0.7510237097740173, 0.7443382740020752, 0.7324737906455994], "landscape_losses": [2.433720827102661, 1.980860710144043, 1.7622272968292236, 1.5605379343032837, 1.3922017812728882, 1.2547701597213745, 1.1364030838012695, 1.0197771787643433, 0.9320230484008789, 0.8137558698654175, 0.7349539399147034], "proxy_train_time": 7.7390314200893044, "proxy_train_epochs": 50, "dirty_bit": 1, "landscape_term": 9.162248205843625, "speed_term": 7.124509716249356, "mote": 7.379440918161869}