{"id": 4356, "adj_matrix": [[0, 1, 1, 1], [0, 0, 1, 1], [0, 0, 0, 1], [0, 0, 0, 0]], "operations": ["nor_conv_3x3", "nor_conv_1x1", "zeros", "skip_connect", "skip_connect", "avg_pool_3x3"], "init_channel": 16, "blck_len": 5, "params": 0.351496, "flops": 11.7838, "latency": 0.014099295934041342, "train_per_time": 49.21288220341993, "train_time_200": 9842.576440683986, "train_accuracy_200": 0.46268512414954466, "test_accuracy_200": 0.3932222211710612, "train_time_12": 590.55458644104, "train_accuracy_12": 0.29764007910751716, "test_accuracy_12": 0.27833333302815755, "valtest_accuracy_200": 0.6710333333333334, "valtest_accuracy_12": 0.5329, "proxy_losses": [2.4319446086883545, 1.9830719232559204, 1.818961501121521, 1.7091355323791504, 1.6335811614990234, 1.5839228630065918, 1.5432509183883667, 1.5112477540969849, 1.4773226976394653, 1.4498169422149658, 1.4269806146621704, 1.400009036064148, 1.3790998458862305, 1.3582847118377686, 1.3335551023483276, 1.3162775039672852, 1.2949520349502563, 1.2753790616989136, 1.254257082939148, 1.2394535541534424, 1.2192431688308716, 1.2057347297668457, 1.1877176761627197, 1.1803771257400513, 1.1652525663375854, 1.1465548276901245, 1.1342123746871948, 1.1213949918746948, 1.1083587408065796, 1.0994130373001099, 1.0838406085968018, 1.0746965408325195, 1.0607867240905762, 1.059449553489685, 1.049867033958435, 1.03262460231781, 1.0310392379760742, 1.0120803117752075, 1.0035806894302368, 0.9918119311332703, 0.9822710752487183, 0.97554612159729, 0.9706304669380188, 0.9650468826293945, 0.9513413310050964, 0.9501398205757141, 0.9456695318222046, 0.9318169951438904, 0.9252412915229797, 0.9128642678260803], "landscape_losses": [2.531301736831665, 2.145761251449585, 1.9270585775375366, 1.7282723188400269, 1.5759599208831787, 1.400062918663025, 1.2530206441879272, 1.1090067625045776, 1.017194390296936, 0.953769326210022, 0.9055426716804504], "proxy_train_time": 6.73178559076041, "proxy_train_epochs": 50, "dirty_bit": 1, "landscape_term": 8.143071548227017, "speed_term": 5.437708014930373, "mote": 6.3959920201254254}