{"id": 436, "adj_matrix": [[0, 1, 1, 1], [0, 0, 1, 1], [0, 0, 0, 1], [0, 0, 0, 0]], "operations": ["nor_conv_3x3", "zeros", "avg_pool_3x3", "avg_pool_3x3", "skip_connect", "skip_connect"], "init_channel": 16, "blck_len": 5, "params": 0.323496, "flops": 10.800760000000002, "latency": 0.010852154095967612, "train_per_time": 42.097322661558785, "train_time_200": 8419.464532311757, "train_accuracy_200": 0.3837640079227549, "test_accuracy_200": 0.3493333328247071, "train_time_12": 505.16787193870545, "train_accuracy_12": 0.2212788398274954, "test_accuracy_12": 0.21366666636149087, "valtest_accuracy_200": 0.6445666666666666, "valtest_accuracy_12": 0.4079, "proxy_losses": [3.457200765609741, 2.4106462001800537, 2.0882444381713867, 1.8895353078842163, 1.760472059249878, 1.678583025932312, 1.6154853105545044, 1.5626839399337769, 1.5165404081344604, 1.4794788360595703, 1.445366382598877, 1.4095673561096191, 1.3794633150100708, 1.3492354154586792, 1.325996994972229, 1.301900029182434, 1.2799724340438843, 1.2586021423339844, 1.2365925312042236, 1.2274378538131714, 1.2112456560134888, 1.1944642066955566, 1.181839108467102, 1.1689612865447998, 1.1585980653762817, 1.143555760383606, 1.126237154006958, 1.1174041032791138, 1.1009403467178345, 1.0944091081619263, 1.0836650133132935, 1.0685123205184937, 1.0593757629394531, 1.0488630533218384, 1.040685772895813, 1.035017967224121, 1.0267714262008667, 1.0185461044311523, 1.0103012323379517, 1.003342866897583, 0.9975500702857971, 0.9845325946807861, 0.9846242070198059, 0.9769408106803894, 0.9692737460136414, 0.9650694131851196, 0.9618293046951294, 0.9547684788703918, 0.9567379951477051, 0.9506304860115051], "landscape_losses": [3.547938346862793, 2.6683804988861084, 2.2312521934509277, 1.870583415031433, 1.5957777500152588, 1.391954779624939, 1.2335443496704102, 1.1212894916534424, 1.0240272283554077, 0.9661728739738464, 0.9530251026153564], "proxy_train_time": 5.931642793118954, "proxy_train_epochs": 50, "dirty_bit": 1, "landscape_term": 7.747792961634379, "speed_term": 4.6147932492802255, "mote": 5.9677228908158595}