{"id": 438, "adj_matrix": [[0, 1, 1, 1], [0, 0, 1, 1], [0, 0, 0, 1], [0, 0, 0, 0]], "operations": ["skip_connect", "skip_connect", "skip_connect", "zeros", "avg_pool_3x3", "nor_conv_3x3"], "init_channel": 16, "blck_len": 5, "params": 0.323496, "flops": 10.800760000000002, "latency": 0.011124976476033529, "train_per_time": 36.442841934839834, "train_time_200": 7288.568386967966, "train_accuracy_200": 0.4083564051900322, "test_accuracy_200": 0.3672222214423285, "train_time_12": 437.3141032180785, "train_accuracy_12": 0.2479103493833196, "test_accuracy_12": 0.24699999908447265, "valtest_accuracy_200": 0.6526333333333334, "valtest_accuracy_12": 0.4288, "proxy_losses": [2.6781487464904785, 2.1526741981506348, 1.955058217048645, 1.8530621528625488, 1.7722021341323853, 1.707485556602478, 1.6491074562072754, 1.5988905429840088, 1.5547367334365845, 1.5128835439682007, 1.473606824874878, 1.4386464357376099, 1.4099714756011963, 1.3818399906158447, 1.3586885929107666, 1.3329379558563232, 1.3155808448791504, 1.293732762336731, 1.2760273218154907, 1.2573894262313843, 1.242431640625, 1.2294423580169678, 1.2172940969467163, 1.1943848133087158, 1.1835718154907227, 1.1684653759002686, 1.155647873878479, 1.1446192264556885, 1.126712679862976, 1.1178275346755981, 1.1133414506912231, 1.1060214042663574, 1.0952643156051636, 1.078494668006897, 1.0637863874435425, 1.0609848499298096, 1.0527032613754272, 1.0413962602615356, 1.0233367681503296, 1.014075517654419, 1.0008057355880737, 0.9976168870925903, 0.9879000782966614, 0.977803111076355, 0.9699432849884033, 0.9711877107620239, 0.9642523527145386, 0.9541681408882141, 0.9492013454437256, 0.9372479319572449], "landscape_losses": [2.8148488998413086, 2.3703386783599854, 2.080967664718628, 1.8547189235687256, 1.6633331775665283, 1.5031300783157349, 1.368439793586731, 1.2334119081497192, 1.1186299324035645, 1.0161638259887695, 0.9349961876869202], "proxy_train_time": 5.705626290291548, "proxy_train_epochs": 50, "dirty_bit": 1, "landscape_term": 7.55241673474754, "speed_term": 4.449691877237615, "mote": 5.801705572725952}