{"id": 4458, "adj_matrix": [[0, 1, 1, 1], [0, 0, 1, 1], [0, 0, 0, 1], [0, 0, 0, 0]], "operations": ["nor_conv_3x3", "nor_conv_1x1", "skip_connect", "avg_pool_3x3", "avg_pool_3x3", "nor_conv_1x1"], "init_channel": 16, "blck_len": 5, "params": 0.379496, "flops": 12.76684, "latency": 0.014629507064819336, "train_per_time": 65.700713768403, "train_time_200": 13140.1427536806, "train_accuracy_200": 0.4743473961997991, "test_accuracy_200": 0.387999999593099, "train_time_12": 788.4085652208327, "train_accuracy_12": 0.26661832564824806, "test_accuracy_12": 0.2563333333333333, "valtest_accuracy_200": 0.6655500000000001, "valtest_accuracy_12": 0.45280000000000004, "proxy_losses": [2.717393636703491, 2.065537214279175, 1.878565788269043, 1.7610445022583008, 1.6836662292480469, 1.626298189163208, 1.5782244205474854, 1.5368915796279907, 1.4983680248260498, 1.4650352001190186, 1.4336998462677002, 1.4047908782958984, 1.3785138130187988, 1.347470998764038, 1.3269397020339966, 1.2984126806259155, 1.2776821851730347, 1.2534446716308594, 1.2311445474624634, 1.2196050882339478, 1.1976629495620728, 1.180777907371521, 1.1608754396438599, 1.1412643194198608, 1.1221152544021606, 1.10007905960083, 1.0866823196411133, 1.0727418661117554, 1.0587797164916992, 1.0409753322601318, 1.0291874408721924, 1.0108566284179688, 0.9895417094230652, 0.978279709815979, 0.9659093022346497, 0.9464445114135742, 0.9336175918579102, 0.9202514886856079, 0.9028140902519226, 0.8935824036598206, 0.8872123956680298, 0.8816107511520386, 0.8761323094367981, 0.8653790950775146, 0.8564194440841675, 0.8480378985404968, 0.8339080810546875, 0.8225812315940857, 0.8078333735466003, 0.8064010739326477], "landscape_losses": [2.858022451400757, 2.2846996784210205, 1.982682228088379, 1.736327886581421, 1.5391602516174316, 1.3450713157653809, 1.2218546867370605, 1.0740256309509277, 0.9386627078056335, 0.8604291081428528, 0.8119837045669556], "proxy_train_time": 7.878967058844864, "proxy_train_epochs": 50, "dirty_bit": 1, "landscape_term": 8.469654262494673, "speed_term": 6.543918232730884, "mote": 6.818395305766787}