{"id": 4501, "adj_matrix": [[0, 1, 1, 1], [0, 0, 1, 1], [0, 0, 0, 1], [0, 0, 0, 0]], "operations": ["zeros", "nor_conv_3x3", "skip_connect", "avg_pool_3x3", "zeros", "nor_conv_3x3"], "init_channel": 16, "blck_len": 5, "params": 0.566536, "flops": 19.64812, "latency": 0.012179350852966309, "train_per_time": 54.12181159162534, "train_time_200": 10824.362318325067, "train_accuracy_200": 0.5086947923518201, "test_accuracy_200": 0.39266666610717776, "train_time_12": 649.4617390995027, "train_accuracy_12": 0.27758075148419636, "test_accuracy_12": 0.26466666666666666, "valtest_accuracy_200": 0.67755, "valtest_accuracy_12": 0.4949, "proxy_losses": [2.3157124519348145, 1.8494080305099487, 1.725759744644165, 1.6281760931015015, 1.5500636100769043, 1.4893732070922852, 1.435850739479065, 1.3826258182525635, 1.3378108739852905, 1.2880207300186157, 1.246511459350586, 1.2081944942474365, 1.1731599569320679, 1.1420366764068604, 1.1090736389160156, 1.0822465419769287, 1.0560877323150635, 1.0281541347503662, 1.0152935981750488, 0.9856312274932861, 0.9588882923126221, 0.945881724357605, 0.9205675721168518, 0.9129781126976013, 0.8809717893600464, 0.8744543194770813, 0.8513163328170776, 0.8347705006599426, 0.824917197227478, 0.8098168969154358, 0.7994459867477417, 0.7867525815963745, 0.7746588587760925, 0.7726012468338013, 0.7506479024887085, 0.7441408038139343, 0.7320746779441833, 0.7216232419013977, 0.7177746295928955, 0.7122790217399597, 0.7114488482475281, 0.7009040117263794, 0.6829076409339905, 0.6783419251441956, 0.6620692610740662, 0.6545689702033997, 0.6453099846839905, 0.6320875287055969, 0.6393309831619263, 0.6335899233818054], "landscape_losses": [2.430201768875122, 2.0155563354492188, 1.760087251663208, 1.5393109321594238, 1.3380115032196045, 1.1610698699951172, 0.9957319498062134, 0.8702324032783508, 0.7519751191139221, 0.6603382229804993, 0.6342071294784546], "proxy_train_time": 7.837509664706886, "proxy_train_epochs": 50, "dirty_bit": 1, "landscape_term": 10.308460012481547, "speed_term": 7.834953663652239, "mote": 8.24938918383683}