{"id": 4509, "adj_matrix": [[0, 1, 1, 1], [0, 0, 1, 1], [0, 0, 0, 1], [0, 0, 0, 0]], "operations": ["nor_conv_1x1", "nor_conv_3x3", "zeros", "avg_pool_3x3", "zeros", "zeros"], "init_channel": 16, "blck_len": 5, "params": 0.351496, "flops": 11.7838, "latency": 0.01680037975311279, "train_per_time": 50.677008904218525, "train_time_200": 10135.401780843706, "train_accuracy_200": 0.16721819380506844, "test_accuracy_200": 0.16133333304087322, "train_time_12": 608.124106850624, "train_accuracy_12": 0.12894528675368527, "test_accuracy_12": 0.12633333300272623, "valtest_accuracy_200": 0.4704, "valtest_accuracy_12": 0.2905, "proxy_losses": [2.4026899337768555, 2.2886552810668945, 2.210975408554077, 2.1451950073242188, 2.0911760330200195, 2.047994613647461, 2.015835762023926, 1.9913219213485718, 1.969335913658142, 1.951512098312378, 1.934761881828308, 1.9198697805404663, 1.9055681228637695, 1.8922672271728516, 1.880277395248413, 1.8671088218688965, 1.8555302619934082, 1.8452035188674927, 1.8350328207015991, 1.825560212135315, 1.8163578510284424, 1.809678316116333, 1.8032605648040771, 1.7957748174667358, 1.7898750305175781, 1.783555030822754, 1.778486728668213, 1.7730883359909058, 1.7693228721618652, 1.7647236585617065, 1.7596930265426636, 1.7553768157958984, 1.7513355016708374, 1.7475390434265137, 1.7454614639282227, 1.7403150796890259, 1.7379480600357056, 1.7338191270828247, 1.7311091423034668, 1.7266029119491577, 1.725307583808899, 1.7222226858139038, 1.7193652391433716, 1.7150136232376099, 1.7132195234298706, 1.710567831993103, 1.7071456909179688, 1.7047406435012817, 1.7019407749176025, 1.6995326280593872], "landscape_losses": [2.422046422958374, 2.2916362285614014, 2.1770496368408203, 2.0723206996917725, 1.9770379066467285, 1.892610788345337, 1.8254214525222778, 1.7715883255004883, 1.7360053062438965, 1.7139332294464111, 1.6978927850723267], "proxy_train_time": 7.856433557346463, "proxy_train_epochs": 50, "dirty_bit": 1, "landscape_term": 5.686046997077713, "speed_term": 4.25554239167309, "mote": 4.472285860128901}