{"id": 4605, "adj_matrix": [[0, 1, 1, 1], [0, 0, 1, 1], [0, 0, 0, 1], [0, 0, 0, 0]], "operations": ["avg_pool_3x3", "avg_pool_3x3", "zeros", "nor_conv_3x3", "skip_connect", "nor_conv_3x3"], "init_channel": 16, "blck_len": 5, "params": 0.566536, "flops": 19.64812, "latency": 0.014113020896911622, "train_per_time": 59.45418815501532, "train_time_200": 11890.837631003065, "train_accuracy_200": 0.42368820041563454, "test_accuracy_200": 0.37383333287556963, "train_time_12": 713.4502578601838, "train_accuracy_12": 0.23063282794788942, "test_accuracy_12": 0.2346666668701172, "valtest_accuracy_200": 0.6537999999999999, "valtest_accuracy_12": 0.4089, "proxy_losses": [2.336792469024658, 1.7799025774002075, 1.636486530303955, 1.5690401792526245, 1.5253846645355225, 1.4851716756820679, 1.4479244947433472, 1.4099383354187012, 1.379293441772461, 1.3515808582305908, 1.3244799375534058, 1.2994576692581177, 1.275408387184143, 1.2471680641174316, 1.2198415994644165, 1.2017865180969238, 1.175602674484253, 1.153975486755371, 1.139266848564148, 1.1289119720458984, 1.115452527999878, 1.0990417003631592, 1.0782411098480225, 1.0742789506912231, 1.049106478691101, 1.031124472618103, 1.0126856565475464, 0.9997690320014954, 0.9843370318412781, 0.970547080039978, 0.9617783427238464, 0.9442468881607056, 0.9391132593154907, 0.9293373823165894, 0.9231278300285339, 0.9269843697547913, 0.9025239944458008, 0.8916150331497192, 0.8853765726089478, 0.8672629594802856, 0.8609450459480286, 0.8490363359451294, 0.8424320220947266, 0.8364843726158142, 0.834029495716095, 0.8385751247406006, 0.8364386558532715, 0.8414788842201233, 0.8369365930557251, 0.8125856518745422], "landscape_losses": [2.454920530319214, 1.9897931814193726, 1.7688407897949219, 1.593820333480835, 1.4411977529525757, 1.301100730895996, 1.1587516069412231, 1.023938536643982, 0.9267738461494446, 0.8546457886695862, 0.8059262633323669], "proxy_train_time": 7.4957379922270775, "proxy_train_epochs": 50, "dirty_bit": 1, "landscape_term": 8.894636980994644, "speed_term": 6.6851850748206, "mote": 7.125884931670338}