{"id": 4688, "adj_matrix": [[0, 1, 1, 1], [0, 0, 1, 1], [0, 0, 0, 1], [0, 0, 0, 0]], "operations": ["nor_conv_1x1", "nor_conv_1x1", "avg_pool_3x3", "avg_pool_3x3", "zeros", "skip_connect"], "init_channel": 16, "blck_len": 5, "params": 0.136456, "flops": 3.91948, "latency": 0.014891521135965985, "train_per_time": 50.772125336805985, "train_time_200": 10154.425067361197, "train_accuracy_200": 0.37206767744191327, "test_accuracy_200": 0.3431111109076606, "train_time_12": 609.2655040416718, "train_accuracy_12": 0.22663810151313274, "test_accuracy_12": 0.22566666595458984, "valtest_accuracy_200": 0.6324000000000001, "valtest_accuracy_12": 0.3972, "proxy_losses": [2.7447078227996826, 2.2038698196411133, 1.9828780889511108, 1.876993179321289, 1.811943531036377, 1.7644296884536743, 1.7296711206436157, 1.6988258361816406, 1.6731936931610107, 1.6501749753952026, 1.6288368701934814, 1.6082419157028198, 1.5903751850128174, 1.5707837343215942, 1.5531152486801147, 1.5357415676116943, 1.518416166305542, 1.5022597312927246, 1.4870294332504272, 1.4721258878707886, 1.4587812423706055, 1.445265293121338, 1.431396722793579, 1.4179853200912476, 1.4055607318878174, 1.3942813873291016, 1.384389042854309, 1.3739160299301147, 1.3648755550384521, 1.3544392585754395, 1.347804069519043, 1.3399182558059692, 1.3323099613189697, 1.3193771839141846, 1.3097330331802368, 1.2977955341339111, 1.2911604642868042, 1.2838143110275269, 1.2784438133239746, 1.2640714645385742, 1.2587330341339111, 1.251029372215271, 1.245841145515442, 1.2362041473388672, 1.2318452596664429, 1.2209441661834717, 1.2126672267913818, 1.205337405204773, 1.1960197687149048, 1.1913795471191406], "landscape_losses": [2.8176558017730713, 2.3789305686950684, 2.126676559448242, 1.92770254611969, 1.7660741806030273, 1.628645896911621, 1.51434326171875, 1.4057384729385376, 1.3063104152679443, 1.2281990051269531, 1.1882115602493286], "proxy_train_time": 6.66923176124692, "proxy_train_epochs": 50, "dirty_bit": 1, "landscape_term": 6.7375042680491335, "speed_term": 4.509349539406947, "mote": 5.2574261612338615}