{"id": 4725, "adj_matrix": [[0, 1, 1, 1], [0, 0, 1, 1], [0, 0, 0, 1], [0, 0, 0, 0]], "operations": ["zeros", "avg_pool_3x3", "skip_connect", "nor_conv_3x3", "avg_pool_3x3", "avg_pool_3x3"], "init_channel": 16, "blck_len": 5, "params": 0.323496, "flops": 10.800760000000002, "latency": 0.012193687756856282, "train_per_time": 50.022750186363936, "train_time_200": 10004.550037272787, "train_accuracy_200": 0.39201713910204483, "test_accuracy_200": 0.3488888878716363, "train_time_12": 600.2730022363663, "train_accuracy_12": 0.22535926170726317, "test_accuracy_12": 0.21800000010172524, "valtest_accuracy_200": 0.6440333333333332, "valtest_accuracy_12": 0.39270000000000005, "proxy_losses": [2.2471377849578857, 1.931731104850769, 1.8178800344467163, 1.734413504600525, 1.6663726568222046, 1.6162989139556885, 1.5686506032943726, 1.5316524505615234, 1.4979196786880493, 1.4698516130447388, 1.4431697130203247, 1.41837477684021, 1.3953275680541992, 1.3747191429138184, 1.3542213439941406, 1.3357278108596802, 1.3175182342529297, 1.3012549877166748, 1.2865129709243774, 1.2747719287872314, 1.2589138746261597, 1.2458219528198242, 1.2277823686599731, 1.2134747505187988, 1.2012957334518433, 1.186747670173645, 1.1765830516815186, 1.163739800453186, 1.151763916015625, 1.1420646905899048, 1.12672758102417, 1.1159757375717163, 1.106223702430725, 1.0966746807098389, 1.085572600364685, 1.0847941637039185, 1.068705439567566, 1.0617496967315674, 1.0507150888442993, 1.0478389263153076, 1.0343008041381836, 1.0256072282791138, 1.012101173400879, 1.011577844619751, 0.9982550740242004, 0.9892613291740417, 0.9808064699172974, 0.9712981581687927, 0.9642583727836609, 0.9534759521484375], "landscape_losses": [2.3224523067474365, 2.0502302646636963, 1.8692132234573364, 1.7021006345748901, 1.5425376892089844, 1.3999366760253906, 1.2612534761428833, 1.1596214771270752, 1.066896677017212, 0.9942987561225891, 0.9487299919128418], "proxy_train_time": 6.441043281927705, "proxy_train_epochs": 50, "dirty_bit": 1, "landscape_term": 8.05570850714783, "speed_term": 5.0846904457657285, "mote": 6.268983537685684}