{"id": 4744, "adj_matrix": [[0, 1, 1, 1], [0, 0, 1, 1], [0, 0, 0, 1], [0, 0, 0, 0]], "operations": ["nor_conv_1x1", "nor_conv_1x1", "zeros", "zeros", "zeros", "nor_conv_1x1"], "init_channel": 16, "blck_len": 5, "params": 0.164456, "flops": 4.90252, "latency": 0.015727925300598144, "train_per_time": 54.83996571612374, "train_time_200": 10967.993143224749, "train_accuracy_200": 0.19099538563187896, "test_accuracy_200": 0.18777777783711752, "train_time_12": 658.0795885934831, "train_accuracy_12": 0.16063282794587772, "test_accuracy_12": 0.16766666636149088, "valtest_accuracy_200": 0.5686333333333333, "valtest_accuracy_12": 0.28190000000000004, "proxy_losses": [2.3245491981506348, 2.178410768508911, 2.0808284282684326, 2.0087032318115234, 1.9476501941680908, 1.8983988761901855, 1.8549617528915405, 1.8153289556503296, 1.7797784805297852, 1.7489876747131348, 1.7192105054855347, 1.692907452583313, 1.6662940979003906, 1.6432205438613892, 1.6196885108947754, 1.5985158681869507, 1.5773866176605225, 1.5599582195281982, 1.540880799293518, 1.523438811302185, 1.5054620504379272, 1.490691065788269, 1.4730857610702515, 1.4597316980361938, 1.444654941558838, 1.4284160137176514, 1.4147447347640991, 1.3998026847839355, 1.3855226039886475, 1.3703022003173828, 1.3586845397949219, 1.3461275100708008, 1.3361965417861938, 1.319111704826355, 1.3078374862670898, 1.296720027923584, 1.2841306924819946, 1.2693732976913452, 1.2581939697265625, 1.2476102113723755, 1.2378206253051758, 1.2268025875091553, 1.212980031967163, 1.2035762071609497, 1.1954405307769775, 1.1857826709747314, 1.1769514083862305, 1.1677603721618652, 1.1601907014846802, 1.147120475769043], "landscape_losses": [2.3672401905059814, 2.2190046310424805, 2.06449294090271, 1.9020437002182007, 1.7496787309646606, 1.5998278856277466, 1.4654300212860107, 1.343965768814087, 1.2544782161712646, 1.185177206993103, 1.142041802406311], "proxy_train_time": 8.184013116173446, "proxy_train_epochs": 50, "dirty_bit": 1, "landscape_term": 7.022801466226495, "speed_term": 5.4494748720278885, "mote": 5.639421027923569}