{"id": 4745, "adj_matrix": [[0, 1, 1, 1], [0, 0, 1, 1], [0, 0, 0, 1], [0, 0, 0, 0]], "operations": ["nor_conv_3x3", "skip_connect", "avg_pool_3x3", "zeros", "nor_conv_1x1", "nor_conv_3x3"], "init_channel": 16, "blck_len": 5, "params": 0.594536, "flops": 20.63116, "latency": 0.01480114459991455, "train_per_time": 66.32002313216562, "train_time_200": 13264.004626433123, "train_accuracy_200": 0.49422764229855154, "test_accuracy_200": 0.4122222216118706, "train_time_12": 795.8402775859832, "train_accuracy_12": 0.2169874752781465, "test_accuracy_12": 0.22333333272298175, "valtest_accuracy_200": 0.6857666666666666, "valtest_accuracy_12": 0.44520000000000004, "proxy_losses": [2.1678225994110107, 1.7913380861282349, 1.6780195236206055, 1.6023223400115967, 1.5435378551483154, 1.4860485792160034, 1.4367300271987915, 1.3871769905090332, 1.339577317237854, 1.2962160110473633, 1.2589703798294067, 1.2213935852050781, 1.186202883720398, 1.1531327962875366, 1.126582384109497, 1.090969204902649, 1.0693426132202148, 1.0443897247314453, 1.029416561126709, 1.0095109939575195, 0.9792454242706299, 0.9625229239463806, 0.9398450255393982, 0.9257411956787109, 0.9128475785255432, 0.8951887488365173, 0.8770484328269958, 0.8731223344802856, 0.8436955213546753, 0.832816481590271, 0.8187453746795654, 0.8089987635612488, 0.7901899814605713, 0.7770535945892334, 0.7741461396217346, 0.7681509852409363, 0.7587910890579224, 0.7406141757965088, 0.7277790307998657, 0.7256656289100647, 0.7262767553329468, 0.7022490501403809, 0.6941807866096497, 0.6922191381454468, 0.6835622191429138, 0.682087242603302, 0.6729917526245117, 0.6664605736732483, 0.6592122316360474, 0.6520484089851379], "landscape_losses": [2.3053629398345947, 1.954017996788025, 1.7327167987823486, 1.557991862297058, 1.3733932971954346, 1.211213231086731, 1.0685055255889893, 0.942253589630127, 0.8060891032218933, 0.716276228427887, 0.6635104417800903], "proxy_train_time": 8.422620571218431, "proxy_train_epochs": 50, "dirty_bit": 1, "landscape_term": 9.859233818339444, "speed_term": 8.34216918441261, "mote": 8.040377082318258}