{"id": 4825, "adj_matrix": [[0, 1, 1, 1], [0, 0, 1, 1], [0, 0, 0, 1], [0, 0, 0, 0]], "operations": ["nor_conv_1x1", "nor_conv_3x3", "nor_conv_3x3", "nor_conv_1x1", "nor_conv_1x1", "avg_pool_3x3"], "init_channel": 16, "blck_len": 5, "params": 0.650536, "flops": 22.59724, "latency": 0.019404184818267823, "train_per_time": 88.03321311235418, "train_time_200": 17606.642622470834, "train_accuracy_200": 0.5007646671056275, "test_accuracy_200": 0.43249999862670896, "train_time_12": 1056.3985573482512, "train_accuracy_12": 0.24610415294197097, "test_accuracy_12": 0.24633333343505862, "valtest_accuracy_200": 0.67925, "valtest_accuracy_12": 0.4386, "proxy_losses": [2.4228157997131348, 1.8655884265899658, 1.717960000038147, 1.6337095499038696, 1.5682393312454224, 1.5170421600341797, 1.466333031654358, 1.4236656427383423, 1.3859294652938843, 1.3529056310653687, 1.3182646036148071, 1.2858937978744507, 1.2596025466918945, 1.229427695274353, 1.20671808719635, 1.1857906579971313, 1.1627070903778076, 1.1455068588256836, 1.1236371994018555, 1.1087753772735596, 1.091637134552002, 1.069841742515564, 1.052808403968811, 1.0394734144210815, 1.017988920211792, 1.003036379814148, 0.9890948534011841, 0.9840459227561951, 0.9625927805900574, 0.949719250202179, 0.9261524677276611, 0.9125893712043762, 0.8993808627128601, 0.8876079320907593, 0.8796920776367188, 0.8672705292701721, 0.8566232323646545, 0.8433699011802673, 0.8298655152320862, 0.8196596503257751, 0.8129743337631226, 0.8038973212242126, 0.7905844449996948, 0.7834749221801758, 0.7730793952941895, 0.768790602684021, 0.7605465054512024, 0.7622952461242676, 0.7509219646453857, 0.7413437962532043], "landscape_losses": [2.5301313400268555, 2.044221878051758, 1.793956995010376, 1.5807265043258667, 1.3981845378875732, 1.245165228843689, 1.1048003435134888, 0.9682305455207825, 0.859780490398407, 0.776642918586731, 0.728479266166687], "proxy_train_time": 10.341831007041037, "proxy_train_epochs": 50, "dirty_bit": 1, "landscape_term": 9.354143041096659, "speed_term": 9.399806495933316, "mote": 7.877200375850315}