{"id": 496, "adj_matrix": [[0, 1, 1, 1], [0, 0, 1, 1], [0, 0, 0, 1], [0, 0, 0, 0]], "operations": ["zeros", "avg_pool_3x3", "nor_conv_3x3", "nor_conv_1x1", "avg_pool_3x3", "nor_conv_3x3"], "init_channel": 16, "blck_len": 5, "params": 0.594536, "flops": 20.63116, "latency": 0.01739217440287272, "train_per_time": 69.74671741716102, "train_time_200": 13949.343483432205, "train_accuracy_200": 0.42766864426540985, "test_accuracy_200": 0.38477777787950307, "train_time_12": 836.960609005928, "train_accuracy_12": 0.21907053395310908, "test_accuracy_12": 0.22533333318074544, "valtest_accuracy_200": 0.6684333333333333, "valtest_accuracy_12": 0.42219999999999996, "proxy_losses": [2.2122669219970703, 1.8741669654846191, 1.7529195547103882, 1.6806740760803223, 1.6370959281921387, 1.6000956296920776, 1.5601937770843506, 1.524405598640442, 1.4928561449050903, 1.4646683931350708, 1.4309735298156738, 1.4032450914382935, 1.3727654218673706, 1.3472390174865723, 1.3203232288360596, 1.291054606437683, 1.2673150300979614, 1.2453633546829224, 1.2220838069915771, 1.2009540796279907, 1.1759308576583862, 1.157912254333496, 1.1399312019348145, 1.1274924278259277, 1.1088855266571045, 1.092993140220642, 1.073955774307251, 1.0648113489151, 1.0547754764556885, 1.0480209589004517, 1.0322657823562622, 1.0221283435821533, 1.00989830493927, 0.9926000237464905, 0.9793777465820312, 0.9760491251945496, 0.9606292247772217, 0.9573908448219299, 0.9535242915153503, 0.9343822002410889, 0.9226681590080261, 0.9135456085205078, 0.911182701587677, 0.9032556414604187, 0.8963552713394165, 0.8883323073387146, 0.875609278678894, 0.8710709810256958, 0.8745710253715515, 0.8584626913070679], "landscape_losses": [2.316681146621704, 2.0302209854125977, 1.8434964418411255, 1.6718226671218872, 1.5220891237258911, 1.3762186765670776, 1.2293767929077148, 1.1038031578063965, 0.9833733439445496, 0.8932186365127563, 0.849226176738739], "proxy_train_time": 8.997440675273538, "proxy_train_epochs": 50, "dirty_bit": 1, "landscape_term": 8.48180270382404, "speed_term": 7.538238431430929, "mote": 6.998827596857404}