{"id": 4972, "adj_matrix": [[0, 1, 1, 1], [0, 0, 1, 1], [0, 0, 0, 1], [0, 0, 0, 0]], "operations": ["avg_pool_3x3", "avg_pool_3x3", "nor_conv_3x3", "avg_pool_3x3", "skip_connect", "avg_pool_3x3"], "init_channel": 16, "blck_len": 5, "params": 0.323496, "flops": 10.80076, "latency": 0.011590886116027831, "train_per_time": 56.047033444086864, "train_time_200": 11209.406688817373, "train_accuracy_200": 0.1720995385649649, "test_accuracy_200": 0.16999999966939291, "train_time_12": 672.5644013290407, "train_accuracy_12": 0.11190507580701191, "test_accuracy_12": 0.12499999987284342, "valtest_accuracy_200": 0.38125, "valtest_accuracy_12": 0.20440000000000003, "proxy_losses": [4.787319183349609, 2.9266719818115234, 2.3594818115234375, 2.105940341949463, 1.900682806968689, 1.774229884147644, 1.6984245777130127, 1.6423330307006836, 1.6069386005401611, 1.5743831396102905, 1.5456417798995972, 1.521649956703186, 1.4983625411987305, 1.475417137145996, 1.4564945697784424, 1.4419082403182983, 1.422777771949768, 1.409450650215149, 1.39301335811615, 1.3787472248077393, 1.3652839660644531, 1.3533538579940796, 1.3433170318603516, 1.3310632705688477, 1.3193222284317017, 1.3122230768203735, 1.2999714612960815, 1.2908252477645874, 1.2844067811965942, 1.277258276939392, 1.2641534805297852, 1.2569606304168701, 1.2444487810134888, 1.2361109256744385, 1.2311965227127075, 1.2248084545135498, 1.2244077920913696, 1.2149028778076172, 1.19473397731781, 1.1882256269454956, 1.185865044593811, 1.1699092388153076, 1.1631807088851929, 1.1609339714050293, 1.1555308103561401, 1.145681619644165, 1.1474652290344238, 1.1318585872650146, 1.126753568649292, 1.124192476272583], "landscape_losses": [4.900077819824219, 3.5648210048675537, 2.932588577270508, 2.4789018630981445, 2.078655242919922, 1.7573217153549194, 1.516919493675232, 1.3435982465744019, 1.220510482788086, 1.1472814083099365, 1.1231032609939575], "proxy_train_time": 5.691751624457538, "proxy_train_epochs": 50, "dirty_bit": 1, "landscape_term": 6.26397148906338, "speed_term": 3.851596423674362, "mote": 4.7905143656835065}