{"id": 5029, "adj_matrix": [[0, 1, 1, 1], [0, 0, 1, 1], [0, 0, 0, 1], [0, 0, 0, 0]], "operations": ["nor_conv_3x3", "avg_pool_3x3", "nor_conv_1x1", "nor_conv_1x1", "avg_pool_3x3", "nor_conv_3x3"], "init_channel": 16, "blck_len": 5, "params": 0.622536, "flops": 21.6142, "latency": 0.016718029975891113, "train_per_time": 83.50539541673645, "train_time_200": 16701.07908334729, "train_accuracy_200": 0.5371819380511873, "test_accuracy_200": 0.43766666615804034, "train_time_12": 1002.0647450008395, "train_accuracy_12": 0.22221489783119197, "test_accuracy_12": 0.22333333363850913, "valtest_accuracy_200": 0.6953, "valtest_accuracy_12": 0.4371, "proxy_losses": [2.316648006439209, 1.8528859615325928, 1.6931699514389038, 1.59127676486969, 1.5191570520401, 1.4625123739242554, 1.409081220626831, 1.3622256517410278, 1.3227744102478027, 1.2788865566253662, 1.2407771348953247, 1.2022933959960938, 1.1711124181747437, 1.1454492807388306, 1.1195039749145508, 1.0770875215530396, 1.044995665550232, 1.0192580223083496, 0.9936930537223816, 0.9773186445236206, 0.945583701133728, 0.9274166822433472, 0.9108617305755615, 0.892432451248169, 0.8841467499732971, 0.8584074378013611, 0.8406986594200134, 0.8262286186218262, 0.8010673522949219, 0.784919023513794, 0.7719091176986694, 0.766068160533905, 0.761363685131073, 0.7498418092727661, 0.7409094572067261, 0.7548567056655884, 0.7316670417785645, 0.7132843136787415, 0.7112987637519836, 0.7008712887763977, 0.6869467496871948, 0.6809194087982178, 0.6652356386184692, 0.6575992107391357, 0.6407567858695984, 0.6347219944000244, 0.6190042495727539, 0.6132087111473083, 0.6095949411392212, 0.6064987778663635], "landscape_losses": [2.442548990249634, 2.024901866912842, 1.7618328332901, 1.520264983177185, 1.3237804174423218, 1.1410588026046753, 0.9904347658157349, 0.8363991379737854, 0.7201939225196838, 0.629137396812439, 0.5906689167022705], "proxy_train_time": 9.529042075388134, "proxy_train_epochs": 50, "dirty_bit": 1, "landscape_term": 10.63666925633065, "speed_term": 9.66661221972367, "mote": 8.754099857234365}