{"id": 5068, "adj_matrix": [[0, 1, 1, 1], [0, 0, 1, 1], [0, 0, 0, 1], [0, 0, 0, 0]], "operations": ["skip_connect", "nor_conv_3x3", "nor_conv_3x3", "zeros", "avg_pool_3x3", "avg_pool_3x3"], "init_channel": 16, "blck_len": 5, "params": 0.566536, "flops": 19.64812, "latency": 0.014056849479675292, "train_per_time": 59.18236379710833, "train_time_200": 11836.472759421666, "train_accuracy_200": 0.33281147002369144, "test_accuracy_200": 0.2998333323160807, "train_time_12": 710.1883655652999, "train_accuracy_12": 0.200263678317991, "test_accuracy_12": 0.20133333338419596, "valtest_accuracy_200": 0.6184499999999999, "valtest_accuracy_12": 0.3969, "proxy_losses": [2.3562254905700684, 1.8225476741790771, 1.6888675689697266, 1.6040234565734863, 1.5354130268096924, 1.4786767959594727, 1.4308481216430664, 1.388569712638855, 1.3548684120178223, 1.3198128938674927, 1.2928080558776855, 1.264074444770813, 1.2407768964767456, 1.2171082496643066, 1.1938042640686035, 1.1740174293518066, 1.155375599861145, 1.1319385766983032, 1.1152817010879517, 1.0978367328643799, 1.0887633562088013, 1.0728437900543213, 1.06550133228302, 1.0482115745544434, 1.0357455015182495, 1.0283691883087158, 1.0130459070205688, 0.9986861348152161, 0.9855480194091797, 0.980283796787262, 0.974724531173706, 0.9637686610221863, 0.9525431394577026, 0.9432195425033569, 0.9287639856338501, 0.9289805889129639, 0.9182525277137756, 0.9088907241821289, 0.9005370140075684, 0.8883813619613647, 0.8775007724761963, 0.8728368282318115, 0.8671872019767761, 0.8590444326400757, 0.8518838882446289, 0.852238655090332, 0.8569007515907288, 0.850075364112854, 0.8351259827613831, 0.8254226446151733], "landscape_losses": [2.496060848236084, 2.013484477996826, 1.7639275789260864, 1.5752702951431274, 1.4068902730941772, 1.2639864683151245, 1.124977707862854, 1.0258280038833618, 0.9272634983062744, 0.8606534004211426, 0.8297385573387146], "proxy_train_time": 7.615074981935322, "proxy_train_epochs": 50, "dirty_bit": 1, "landscape_term": 8.910224018383914, "speed_term": 6.794787533527614, "mote": 7.1555150349567525}