{"id": 5094, "adj_matrix": [[0, 1, 1, 1], [0, 0, 1, 1], [0, 0, 0, 1], [0, 0, 0, 0]], "operations": ["nor_conv_3x3", "avg_pool_3x3", "avg_pool_3x3", "skip_connect", "zeros", "avg_pool_3x3"], "init_channel": 16, "blck_len": 5, "params": 0.323496, "flops": 10.800760000000002, "latency": 0.012177467346191406, "train_per_time": 50.176294976393535, "train_time_200": 10035.258995278708, "train_accuracy_200": 0.27393539881663276, "test_accuracy_200": 0.2704444443766276, "train_time_12": 602.1155397167205, "train_accuracy_12": 0.18472643374881229, "test_accuracy_12": 0.18899999959309896, "valtest_accuracy_200": 0.5468333333333334, "valtest_accuracy_12": 0.3208, "proxy_losses": [3.608595609664917, 2.6993567943573, 2.3070733547210693, 2.068164587020874, 1.9260419607162476, 1.820898413658142, 1.739684820175171, 1.6845381259918213, 1.6340464353561401, 1.597196340560913, 1.5640429258346558, 1.5358277559280396, 1.5116904973983765, 1.4869252443313599, 1.4663293361663818, 1.443438172340393, 1.4268683195114136, 1.4024527072906494, 1.3839541673660278, 1.3645251989364624, 1.3503130674362183, 1.3347289562225342, 1.319311261177063, 1.3074792623519897, 1.2960326671600342, 1.2877956628799438, 1.2735487222671509, 1.2568161487579346, 1.2475128173828125, 1.2371854782104492, 1.2327594757080078, 1.2181849479675293, 1.2070634365081787, 1.1964151859283447, 1.188664197921753, 1.178711175918579, 1.171741008758545, 1.1552848815917969, 1.147234320640564, 1.1363571882247925, 1.1284430027008057, 1.1228474378585815, 1.1157550811767578, 1.1083463430404663, 1.0951687097549438, 1.0858194828033447, 1.075770616531372, 1.0636415481567383, 1.0588935613632202, 1.0471068620681763], "landscape_losses": [3.68953013420105, 2.927126169204712, 2.4969449043273926, 2.1577677726745605, 1.8823820352554321, 1.638073205947876, 1.4587613344192505, 1.295928955078125, 1.1742242574691772, 1.0859285593032837, 1.045778512954712], "proxy_train_time": 7.218118874356151, "proxy_train_epochs": 50, "dirty_bit": 1, "landscape_term": 6.804198392548698, "speed_term": 5.060617420805405, "mote": 5.414078929588701}