{"id": 5131, "adj_matrix": [[0, 1, 1, 1], [0, 0, 1, 1], [0, 0, 0, 1], [0, 0, 0, 0]], "operations": ["skip_connect", "zeros", "skip_connect", "nor_conv_3x3", "avg_pool_3x3", "skip_connect"], "init_channel": 16, "blck_len": 5, "params": 0.323496, "flops": 10.800760000000002, "latency": 0.01033188501993815, "train_per_time": 37.81940615153321, "train_time_200": 7563.881230306642, "train_accuracy_200": 0.3383564051870146, "test_accuracy_200": 0.3195555551147461, "train_time_12": 453.83287381839756, "train_accuracy_12": 0.21402109427153476, "test_accuracy_12": 0.21833333323160808, "valtest_accuracy_200": 0.5879666666666667, "valtest_accuracy_12": 0.35450000000000004, "proxy_losses": [3.3732171058654785, 2.254222869873047, 1.9730724096298218, 1.8042551279067993, 1.7150017023086548, 1.6573615074157715, 1.613753080368042, 1.5748032331466675, 1.5414113998413086, 1.5135327577590942, 1.4921374320983887, 1.4731807708740234, 1.4509998559951782, 1.4341157674789429, 1.416858196258545, 1.3980183601379395, 1.3824114799499512, 1.3638806343078613, 1.3495248556137085, 1.3341403007507324, 1.3208601474761963, 1.305769443511963, 1.291067361831665, 1.280524730682373, 1.2703808546066284, 1.2541851997375488, 1.2467529773712158, 1.2306324243545532, 1.2205840349197388, 1.207397222518921, 1.197878360748291, 1.190647840499878, 1.1792227029800415, 1.1710939407348633, 1.1592224836349487, 1.1490116119384766, 1.135237455368042, 1.1261626482009888, 1.1134278774261475, 1.1111825704574585, 1.09531831741333, 1.0855251550674438, 1.0807725191116333, 1.0729023218154907, 1.0740326642990112, 1.0665544271469116, 1.0606087446212769, 1.0465465784072876, 1.035429835319519, 1.0257742404937744], "landscape_losses": [3.513838291168213, 2.6630561351776123, 2.2638628482818604, 1.9696414470672607, 1.7527084350585938, 1.5577521324157715, 1.3929908275604248, 1.2791748046875, 1.1580954790115356, 1.0652365684509277, 1.022897481918335], "proxy_train_time": 5.3128389194607735, "proxy_train_epochs": 50, "dirty_bit": 1, "landscape_term": 7.101517343527941, "speed_term": 3.911065631114232, "mote": 5.380875236289943}