{"id": 5140, "adj_matrix": [[0, 1, 1, 1], [0, 0, 1, 1], [0, 0, 0, 1], [0, 0, 0, 0]], "operations": ["nor_conv_1x1", "nor_conv_1x1", "nor_conv_3x3", "skip_connect", "avg_pool_3x3", "avg_pool_3x3"], "init_channel": 16, "blck_len": 5, "params": 0.379496, "flops": 12.76684, "latency": 0.015472865104675293, "train_per_time": 65.80727752470963, "train_time_200": 13161.455504941927, "train_accuracy_200": 0.47548231159998955, "test_accuracy_200": 0.3983333331298828, "train_time_12": 789.6873302965163, "train_accuracy_12": 0.30499670403417034, "test_accuracy_12": 0.294, "valtest_accuracy_200": 0.6736666666666667, "valtest_accuracy_12": 0.501, "proxy_losses": [3.2176897525787354, 2.3281664848327637, 2.0001776218414307, 1.8336601257324219, 1.7333351373672485, 1.6624679565429688, 1.6078752279281616, 1.5549094676971436, 1.5110965967178345, 1.4713640213012695, 1.436509370803833, 1.4050198793411255, 1.376395583152771, 1.3473007678985596, 1.3219629526138306, 1.2965048551559448, 1.2757292985916138, 1.2530194520950317, 1.238572120666504, 1.2207757234573364, 1.2003519535064697, 1.1808576583862305, 1.1672571897506714, 1.146254301071167, 1.1313672065734863, 1.123214840888977, 1.1077191829681396, 1.0941029787063599, 1.0850718021392822, 1.0734643936157227, 1.0566322803497314, 1.045873761177063, 1.0359392166137695, 1.0260592699050903, 1.0188957452774048, 1.0043467283248901, 0.9933958053588867, 0.987177848815918, 0.9706540107727051, 0.9651986360549927, 0.9545571208000183, 0.9483044743537903, 0.9409081935882568, 0.9332628846168518, 0.9230319261550903, 0.9111950993537903, 0.9032837152481079, 0.9016740918159485, 0.8866292834281921, 0.8774388432502747], "landscape_losses": [3.344609260559082, 2.619394063949585, 2.228646993637085, 1.9525834321975708, 1.6811388731002808, 1.4701685905456543, 1.277781367301941, 1.1255481243133545, 0.9948106408119202, 0.9177790284156799, 0.875923752784729], "proxy_train_time": 7.819977051578462, "proxy_train_epochs": 50, "dirty_bit": 1, "landscape_term": 7.824147682015803, "speed_term": 6.23735412356424, "mote": 6.330451716602654}