{"id": 5192, "adj_matrix": [[0, 1, 1, 1], [0, 0, 1, 1], [0, 0, 0, 1], [0, 0, 0, 0]], "operations": ["skip_connect", "zeros", "zeros", "zeros", "nor_conv_3x3", "skip_connect"], "init_channel": 16, "blck_len": 5, "params": 0.323496, "flops": 10.800760000000002, "latency": 0.010745819409688315, "train_per_time": 33.49188557672487, "train_time_200": 6698.377115344974, "train_accuracy_200": 0.44755658097758555, "test_accuracy_200": 0.38855555480957027, "train_time_12": 401.9026269207, "train_accuracy_12": 0.21883981543825737, "test_accuracy_12": 0.2289999998474121, "valtest_accuracy_200": 0.6747, "valtest_accuracy_12": 0.4714, "proxy_losses": [2.4390931129455566, 2.1114566326141357, 1.9710699319839478, 1.8819761276245117, 1.8149535655975342, 1.7626394033432007, 1.7227519750595093, 1.687168002128601, 1.6529734134674072, 1.6204092502593994, 1.5906373262405396, 1.562295913696289, 1.5352749824523926, 1.5121031999588013, 1.48921537399292, 1.463742971420288, 1.4470481872558594, 1.4240208864212036, 1.4007281064987183, 1.3814035654067993, 1.3605554103851318, 1.3416589498519897, 1.3171569108963013, 1.2954871654510498, 1.2738934755325317, 1.2546017169952393, 1.2340277433395386, 1.218392014503479, 1.2047090530395508, 1.1838538646697998, 1.165894865989685, 1.1491496562957764, 1.1296457052230835, 1.1122827529907227, 1.097044587135315, 1.0849651098251343, 1.0730801820755005, 1.0579158067703247, 1.051975965499878, 1.0337507724761963, 1.028602957725525, 1.0081619024276733, 0.998411238193512, 0.9814035296440125, 0.9768057465553284, 0.9673444628715515, 0.9566814303398132, 0.9474545121192932, 0.9335303902626038, 0.9260920882225037], "landscape_losses": [2.522186279296875, 2.2113993167877197, 2.001289129257202, 1.817703127861023, 1.6409960985183716, 1.473559021949768, 1.327919602394104, 1.190671443939209, 1.0632097721099854, 0.9734822511672974, 0.9201335906982422], "proxy_train_time": 5.266831139102578, "proxy_train_epochs": 50, "dirty_bit": 1, "landscape_term": 7.83402846156183, "speed_term": 3.9401454150465742, "mote": 5.8843702326973215}