{"id": 5339, "adj_matrix": [[0, 1, 1, 1], [0, 0, 1, 1], [0, 0, 0, 1], [0, 0, 0, 0]], "operations": ["zeros", "skip_connect", "nor_conv_1x1", "zeros", "zeros", "skip_connect"], "init_channel": 16, "blck_len": 5, "params": 0.108456, "flops": 2.93644, "latency": 0.009274554252624512, "train_per_time": 30.24920565517734, "train_time_200": 6049.841131035469, "train_accuracy_200": 0.28860580093620164, "test_accuracy_200": 0.27983333318074544, "train_time_12": 362.9904678621292, "train_accuracy_12": 0.22711931443538177, "test_accuracy_12": 0.23266666600545247, "valtest_accuracy_200": 0.57795, "valtest_accuracy_12": 0.4506, "proxy_losses": [2.320943832397461, 2.226053237915039, 2.1548922061920166, 2.1031653881073, 2.0653209686279297, 2.033459424972534, 2.0071940422058105, 1.9852423667907715, 1.9651224613189697, 1.946928858757019, 1.928938865661621, 1.914905071258545, 1.9010670185089111, 1.888155460357666, 1.8749957084655762, 1.8634651899337769, 1.852675199508667, 1.8422613143920898, 1.8320773839950562, 1.8226150274276733, 1.8139575719833374, 1.8049050569534302, 1.7966697216033936, 1.789003849029541, 1.7819023132324219, 1.774513840675354, 1.7680609226226807, 1.7618404626846313, 1.7552363872528076, 1.749907374382019, 1.7454776763916016, 1.7385156154632568, 1.7337599992752075, 1.7281978130340576, 1.7225369215011597, 1.7176679372787476, 1.7133814096450806, 1.7089433670043945, 1.7050148248672485, 1.7006293535232544, 1.6967812776565552, 1.694029450416565, 1.6893295049667358, 1.6855376958847046, 1.682822823524475, 1.6798306703567505, 1.676437497138977, 1.6726820468902588, 1.6698671579360962, 1.6662861108779907], "landscape_losses": [2.340714454650879, 2.233548164367676, 2.136789321899414, 2.0425968170166016, 1.9527957439422607, 1.871396541595459, 1.8017715215682983, 1.7479125261306763, 1.7092406749725342, 1.6800965070724487, 1.6634365320205688], "proxy_train_time": 5.646286712959409, "proxy_train_epochs": 50, "dirty_bit": 1, "landscape_term": 5.787493926989406, "speed_term": 3.0903604700448906, "mote": 4.284155057789139}