{"id": 5360, "adj_matrix": [[0, 1, 1, 1], [0, 0, 1, 1], [0, 0, 0, 1], [0, 0, 0, 0]], "operations": ["zeros", "avg_pool_3x3", "nor_conv_3x3", "nor_conv_3x3", "skip_connect", "skip_connect"], "init_channel": 16, "blck_len": 5, "params": 0.566536, "flops": 19.64812, "latency": 0.014377911885579428, "train_per_time": 52.94485657850908, "train_time_200": 10588.971315701816, "train_accuracy_200": 0.4076774335431623, "test_accuracy_200": 0.3717777778116862, "train_time_12": 635.3382789421082, "train_accuracy_12": 0.24835201055367054, "test_accuracy_12": 0.2489999993387858, "valtest_accuracy_200": 0.6569333333333334, "valtest_accuracy_12": 0.4462, "proxy_losses": [2.3426754474639893, 1.994246244430542, 1.8404699563980103, 1.751944899559021, 1.6913719177246094, 1.6460273265838623, 1.6038720607757568, 1.571057677268982, 1.5384595394134521, 1.5080056190490723, 1.4777520895004272, 1.4497672319412231, 1.420836091041565, 1.399867296218872, 1.375008225440979, 1.3558986186981201, 1.3339853286743164, 1.3102346658706665, 1.2917529344558716, 1.2747066020965576, 1.2614749670028687, 1.248016595840454, 1.2323895692825317, 1.218093752861023, 1.2028019428253174, 1.189313292503357, 1.1704037189483643, 1.1646702289581299, 1.1495722532272339, 1.1415749788284302, 1.1240733861923218, 1.108951210975647, 1.1008362770080566, 1.0927172899246216, 1.0870437622070312, 1.0758312940597534, 1.0668493509292603, 1.0484570264816284, 1.0381215810775757, 1.0311847925186157, 1.0386468172073364, 1.0269815921783447, 1.0101802349090576, 1.0030211210250854, 0.9860391616821289, 0.978341817855835, 0.9749845862388611, 0.9697911143302917, 0.9624476432800293, 0.9565495848655701], "landscape_losses": [2.432647943496704, 2.1204798221588135, 1.9097405672073364, 1.7431533336639404, 1.596464991569519, 1.4617531299591064, 1.3326510190963745, 1.1954734325408936, 1.0904484987258911, 0.9983176589012146, 0.9524456858634949], "proxy_train_time": 7.151254838332534, "proxy_train_epochs": 50, "dirty_bit": 1, "landscape_term": 7.846004716982485, "speed_term": 5.601156970860994, "mote": 6.227367186586734}