{"id": 5431, "adj_matrix": [[0, 1, 1, 1], [0, 0, 1, 1], [0, 0, 0, 1], [0, 0, 0, 0]], "operations": ["nor_conv_1x1", "skip_connect", "nor_conv_3x3", "avg_pool_3x3", "nor_conv_1x1", "skip_connect"], "init_channel": 16, "blck_len": 5, "params": 0.379496, "flops": 12.76684, "latency": 0.017291665077209473, "train_per_time": 59.94042158182479, "train_time_200": 11988.084316364959, "train_accuracy_200": 0.3687079762759929, "test_accuracy_200": 0.35266666514078776, "train_time_12": 719.2850589818954, "train_accuracy_12": 0.23249176005826785, "test_accuracy_12": 0.23533333323160807, "valtest_accuracy_200": 0.64565, "valtest_accuracy_12": 0.3845, "proxy_losses": [3.6153433322906494, 2.467406988143921, 2.0110247135162354, 1.7744419574737549, 1.659744143486023, 1.5852042436599731, 1.5201829671859741, 1.4767248630523682, 1.4344919919967651, 1.40482759475708, 1.3768230676651, 1.3523054122924805, 1.328037142753601, 1.3082956075668335, 1.2873629331588745, 1.269378900527954, 1.2540289163589478, 1.2379728555679321, 1.225126028060913, 1.2155874967575073, 1.1937861442565918, 1.1828585863113403, 1.1632850170135498, 1.1511825323104858, 1.1443287134170532, 1.1350646018981934, 1.1202871799468994, 1.1062332391738892, 1.0946571826934814, 1.0771344900131226, 1.065541386604309, 1.052722454071045, 1.0409716367721558, 1.0371952056884766, 1.0313981771469116, 1.0151472091674805, 0.999762773513794, 0.9976249933242798, 0.9853622913360596, 0.971111536026001, 0.969018280506134, 0.9647612571716309, 0.9534586668014526, 0.9403277635574341, 0.9257453083992004, 0.9231976270675659, 0.9114351272583008, 0.9043993353843689, 0.8946406245231628, 0.886759877204895], "landscape_losses": [3.7566418647766113, 2.831047773361206, 2.3098409175872803, 1.9443820714950562, 1.6800793409347534, 1.45798921585083, 1.267469048500061, 1.1248260736465454, 1.0025806427001953, 0.9169682860374451, 0.8928853273391724], "proxy_train_time": 7.2396164536476135, "proxy_train_epochs": 50, "dirty_bit": 1, "landscape_term": 7.733681016243615, "speed_term": 5.778406491512845, "mote": 6.184899856556672}