{"id": 5530, "adj_matrix": [[0, 1, 1, 1], [0, 0, 1, 1], [0, 0, 0, 1], [0, 0, 0, 0]], "operations": ["nor_conv_1x1", "zeros", "zeros", "skip_connect", "nor_conv_3x3", "skip_connect"], "init_channel": 16, "blck_len": 5, "params": 0.351496, "flops": 11.7838, "latency": 0.012584304809570313, "train_per_time": 44.07758211223271, "train_time_200": 8815.516422446542, "train_accuracy_200": 0.5090793232290175, "test_accuracy_200": 0.42577777699788405, "train_time_12": 528.930985346794, "train_accuracy_12": 0.3293803559838272, "test_accuracy_12": 0.31566666585286457, "valtest_accuracy_200": 0.6932333333333334, "valtest_accuracy_12": 0.5589999999999999, "proxy_losses": [2.351717948913574, 1.9218177795410156, 1.7694785594940186, 1.678290605545044, 1.619124174118042, 1.5701841115951538, 1.530833125114441, 1.4925826787948608, 1.460303544998169, 1.4265594482421875, 1.3955585956573486, 1.36465322971344, 1.33664870262146, 1.3102424144744873, 1.280998945236206, 1.259359359741211, 1.232033610343933, 1.2082351446151733, 1.1878453493118286, 1.16130793094635, 1.1425775289535522, 1.1231087446212769, 1.1071066856384277, 1.0865029096603394, 1.0698246955871582, 1.0540965795516968, 1.039133906364441, 1.0214041471481323, 1.0042937994003296, 0.9885131120681763, 0.9837232232093811, 0.9685697555541992, 0.9549540281295776, 0.9453127980232239, 0.9353910088539124, 0.9200578927993774, 0.9071213006973267, 0.9030071496963501, 0.8871976733207703, 0.8819448947906494, 0.8726378679275513, 0.8775689601898193, 0.861282229423523, 0.8435755968093872, 0.8346185684204102, 0.8286013603210449, 0.8246777057647705, 0.8085591793060303, 0.8088168501853943, 0.8017149567604065], "landscape_losses": [2.450500965118408, 2.086564779281616, 1.8598283529281616, 1.6700304746627808, 1.4879255294799805, 1.304690957069397, 1.159064531326294, 1.0251450538635254, 0.9237868189811707, 0.8332294821739197, 0.790209174156189], "proxy_train_time": 6.959582942537963, "proxy_train_epochs": 50, "dirty_bit": 1, "landscape_term": 8.848728180317735, "speed_term": 6.015855233803334, "mote": 6.974808347479061}