{"id": 5570, "adj_matrix": [[0, 1, 1, 1], [0, 0, 1, 1], [0, 0, 0, 1], [0, 0, 0, 0]], "operations": ["avg_pool_3x3", "avg_pool_3x3", "nor_conv_3x3", "nor_conv_1x1", "nor_conv_1x1", "nor_conv_3x3"], "init_channel": 16, "blck_len": 5, "params": 0.622536, "flops": 21.6142, "latency": 0.016776076952616376, "train_per_time": 84.14307286985745, "train_time_200": 16828.61457397149, "train_accuracy_200": 0.473430015382576, "test_accuracy_200": 0.39855555501302087, "train_time_12": 1009.716874438286, "train_accuracy_12": 0.1983783783904486, "test_accuracy_12": 0.20866666585286459, "valtest_accuracy_200": 0.6730333333333333, "valtest_accuracy_12": 0.3912, "proxy_losses": [2.4748167991638184, 1.9161921739578247, 1.7388228178024292, 1.637565016746521, 1.571955680847168, 1.5083705186843872, 1.4588751792907715, 1.4150047302246094, 1.3706514835357666, 1.3299899101257324, 1.290035367012024, 1.2557822465896606, 1.2191693782806396, 1.1885443925857544, 1.1574723720550537, 1.1339184045791626, 1.1080341339111328, 1.087681531906128, 1.060855507850647, 1.0462732315063477, 1.0224871635437012, 1.008220911026001, 0.9893279075622559, 0.9788489937782288, 0.9680870175361633, 0.9484281539916992, 0.9315156936645508, 0.9200820326805115, 0.9103789925575256, 0.8977864384651184, 0.872060239315033, 0.8651117086410522, 0.8541728258132935, 0.8468539118766785, 0.8330981731414795, 0.8240319490432739, 0.8216277360916138, 0.8183130621910095, 0.7946391701698303, 0.7873489260673523, 0.7821486592292786, 0.775000274181366, 0.7711231708526611, 0.7642687559127808, 0.7535445094108582, 0.7491075396537781, 0.7378676533699036, 0.7376210689544678, 0.7240425944328308, 0.7266502976417542], "landscape_losses": [2.606032133102417, 2.1263272762298584, 1.8204532861709595, 1.5776700973510742, 1.38169264793396, 1.2110594511032104, 1.071662187576294, 0.9579960107803345, 0.8412282466888428, 0.7524480223655701, 0.719922661781311], "proxy_train_time": 9.461359404027462, "proxy_train_epochs": 50, "dirty_bit": 1, "landscape_term": 9.47039979972841, "speed_term": 8.861638051634689, "mote": 7.869183863849936}