{"id": 5577, "adj_matrix": [[0, 1, 1, 1], [0, 0, 1, 1], [0, 0, 0, 1], [0, 0, 0, 0]], "operations": ["skip_connect", "nor_conv_3x3", "nor_conv_3x3", "nor_conv_1x1", "skip_connect", "avg_pool_3x3"], "init_channel": 16, "blck_len": 5, "params": 0.594536, "flops": 20.63116, "latency": 0.014325221379597982, "train_per_time": 63.66235738062837, "train_time_200": 12732.471476125675, "train_accuracy_200": 0.4379499011229799, "test_accuracy_200": 0.38222222130669486, "train_time_12": 763.948288567543, "train_accuracy_12": 0.29005273567355616, "test_accuracy_12": 0.2789999991861979, "valtest_accuracy_200": 0.6690999999999999, "valtest_accuracy_12": 0.5079, "proxy_losses": [2.622762680053711, 1.9664162397384644, 1.776672124862671, 1.6689597368240356, 1.5869777202606201, 1.522419810295105, 1.4717681407928467, 1.4273134469985962, 1.3857944011688232, 1.3517011404037476, 1.316558837890625, 1.2901837825775146, 1.2649176120758057, 1.2399626970291138, 1.2138049602508545, 1.19391930103302, 1.1756925582885742, 1.1554094552993774, 1.1369861364364624, 1.1205449104309082, 1.1022510528564453, 1.0878099203109741, 1.0747040510177612, 1.0563794374465942, 1.0414552688598633, 1.0247026681900024, 1.0084046125411987, 0.9986163973808289, 0.9889312386512756, 0.9742231369018555, 0.9643527269363403, 0.9527734518051147, 0.9436646699905396, 0.9235636591911316, 0.924477756023407, 0.9100629687309265, 0.905625581741333, 0.904466986656189, 0.9006670713424683, 0.8825609087944031, 0.8777589797973633, 0.8672429919242859, 0.8616694211959839, 0.86208575963974, 0.847510039806366, 0.8386490941047668, 0.8270806670188904, 0.811734139919281, 0.8084871768951416, 0.8030034899711609], "landscape_losses": [2.7390713691711426, 2.2140231132507324, 1.9334793090820312, 1.6895537376403809, 1.505707859992981, 1.3152050971984863, 1.1606467962265015, 1.0292434692382812, 0.9253541231155396, 0.8395962715148926, 0.8069528341293335], "proxy_train_time": 7.677123663946986, "proxy_train_epochs": 50, "dirty_bit": 1, "landscape_term": 8.694427221713008, "speed_term": 6.750463148410343, "mote": 7.004590143623657}