{"id": 5584, "adj_matrix": [[0, 1, 1, 1], [0, 0, 1, 1], [0, 0, 0, 1], [0, 0, 0, 0]], "operations": ["nor_conv_3x3", "nor_conv_1x1", "zeros", "nor_conv_1x1", "nor_conv_3x3", "nor_conv_3x3"], "init_channel": 16, "blck_len": 5, "params": 0.865576, "flops": 30.461560000000002, "latency": 0.019754207134246825, "train_per_time": 84.75774150490741, "train_time_200": 16951.54830098148, "train_accuracy_200": 0.5652230279290893, "test_accuracy_200": 0.45311111063639326, "train_time_12": 1017.0928980588911, "train_accuracy_12": 0.27599208965163213, "test_accuracy_12": 0.2833333334350586, "valtest_accuracy_200": 0.7044333333333335, "valtest_accuracy_12": 0.49979999999999997, "proxy_losses": [2.195380210876465, 1.7719427347183228, 1.6461141109466553, 1.5685912370681763, 1.5001964569091797, 1.4394598007202148, 1.3851419687271118, 1.3360960483551025, 1.289218544960022, 1.2484571933746338, 1.2077741622924805, 1.1696252822875977, 1.132926106452942, 1.101068139076233, 1.0653938055038452, 1.040906310081482, 1.0128281116485596, 0.9839828014373779, 0.9631595611572266, 0.9356428980827332, 0.9084503054618835, 0.8966158032417297, 0.8747800588607788, 0.8491437435150146, 0.832939624786377, 0.8134928345680237, 0.797326385974884, 0.7863128781318665, 0.7727198600769043, 0.7513062357902527, 0.7347300052642822, 0.7306554913520813, 0.7209572196006775, 0.7076249122619629, 0.6993473768234253, 0.6878625750541687, 0.6755683422088623, 0.6711252331733704, 0.6559091806411743, 0.6376807689666748, 0.6278423070907593, 0.6187120676040649, 0.6168915033340454, 0.6113741993904114, 0.607223629951477, 0.5985127687454224, 0.5867742896080017, 0.5812742114067078, 0.5704160332679749, 0.5734384059906006], "landscape_losses": [2.285304307937622, 1.8992074728012085, 1.6952660083770752, 1.47479248046875, 1.2730858325958252, 1.0867277383804321, 0.9216926693916321, 0.7762571573257446, 0.6683075428009033, 0.5892765522003174, 0.5585981607437134], "proxy_train_time": 11.099859915673733, "proxy_train_epochs": 50, "dirty_bit": 1, "landscape_term": 11.294442072796418, "speed_term": 11.76059016103897, "mote": 9.486319197128646}