{"id": 5587, "adj_matrix": [[0, 1, 1, 1], [0, 0, 1, 1], [0, 0, 0, 1], [0, 0, 0, 0]], "operations": ["skip_connect", "nor_conv_1x1", "nor_conv_1x1", "nor_conv_3x3", "avg_pool_3x3", "nor_conv_1x1"], "init_channel": 16, "blck_len": 5, "params": 0.407496, "flops": 13.74988, "latency": 0.01895231405893962, "train_per_time": 71.37894246856375, "train_time_200": 14275.788493712751, "train_accuracy_200": 0.47430454845156045, "test_accuracy_200": 0.3962222219509548, "train_time_12": 856.5473096227648, "train_accuracy_12": 0.2725181279000752, "test_accuracy_12": 0.26833333348592125, "valtest_accuracy_200": 0.6731666666666666, "valtest_accuracy_12": 0.456, "proxy_losses": [2.5760066509246826, 2.032376527786255, 1.8337347507476807, 1.7197195291519165, 1.6356544494628906, 1.5750147104263306, 1.5229151248931885, 1.4744477272033691, 1.4341013431549072, 1.400342583656311, 1.3692785501480103, 1.3394334316253662, 1.3113309144973755, 1.284665584564209, 1.2663319110870361, 1.2444394826889038, 1.2266509532928467, 1.2099854946136475, 1.1956787109375, 1.1737431287765503, 1.1608960628509521, 1.1429443359375, 1.1268893480300903, 1.114153504371643, 1.099392294883728, 1.0872068405151367, 1.0750809907913208, 1.06234610080719, 1.0491524934768677, 1.0370906591415405, 1.0236480236053467, 1.0092192888259888, 0.9945458173751831, 0.9793877005577087, 0.9799751043319702, 0.966133177280426, 0.954588770866394, 0.9421683549880981, 0.929057240486145, 0.9203383922576904, 0.9080656170845032, 0.9040894508361816, 0.890698254108429, 0.8917412161827087, 0.8896672129631042, 0.8795435428619385, 0.865773618221283, 0.8541174530982971, 0.8471518754959106, 0.838114857673645], "landscape_losses": [2.6806483268737793, 2.2319586277008057, 1.9658303260803223, 1.744038701057434, 1.550835132598877, 1.3955788612365723, 1.2388017177581787, 1.1186137199401855, 0.9900527596473694, 0.9097387790679932, 0.8484553694725037], "proxy_train_time": 8.629667893983424, "proxy_train_epochs": 50, "dirty_bit": 1, "landscape_term": 8.253587674279762, "speed_term": 7.282539491698199, "mote": 6.8029434821194865}