{"id": 5680, "adj_matrix": [[0, 1, 1, 1], [0, 0, 1, 1], [0, 0, 0, 1], [0, 0, 0, 0]], "operations": ["skip_connect", "zeros", "nor_conv_3x3", "zeros", "skip_connect", "zeros"], "init_channel": 16, "blck_len": 5, "params": 0.323496, "flops": 10.800760000000002, "latency": 0.011118404070536297, "train_per_time": 33.1571492227713, "train_time_200": 6631.42984455426, "train_accuracy_200": 0.28539661613234685, "test_accuracy_200": 0.2836666664971246, "train_time_12": 397.88579067325577, "train_accuracy_12": 0.22854976929354684, "test_accuracy_12": 0.24, "valtest_accuracy_200": 0.5817333333333334, "valtest_accuracy_12": 0.444, "proxy_losses": [2.3866708278656006, 2.293473958969116, 2.221666097640991, 2.167212724685669, 2.121394395828247, 2.0815072059631348, 2.049659013748169, 2.022642135620117, 2.0010814666748047, 1.9824347496032715, 1.9654107093811035, 1.9491207599639893, 1.9349040985107422, 1.9201117753982544, 1.9087814092636108, 1.8967822790145874, 1.8860722780227661, 1.8759368658065796, 1.8653579950332642, 1.8563984632492065, 1.8467775583267212, 1.837530493736267, 1.8281534910202026, 1.8179599046707153, 1.8107761144638062, 1.8031290769577026, 1.7959791421890259, 1.7903361320495605, 1.7844191789627075, 1.7786816358566284, 1.7725738286972046, 1.7678050994873047, 1.7624095678329468, 1.757104516029358, 1.753930687904358, 1.748641014099121, 1.7436115741729736, 1.7394624948501587, 1.7345842123031616, 1.7301838397979736, 1.7258636951446533, 1.7217097282409668, 1.7183517217636108, 1.7131472826004028, 1.710443377494812, 1.7061281204223633, 1.7028945684432983, 1.6975458860397339, 1.6945900917053223, 1.6906771659851074], "landscape_losses": [2.4051852226257324, 2.3007991313934326, 2.2061684131622314, 2.1097922325134277, 2.0142555236816406, 1.9186161756515503, 1.8406912088394165, 1.7804279327392578, 1.7361788749694824, 1.707148790359497, 1.6884781122207642], "proxy_train_time": 6.0899463864043355, "proxy_train_epochs": 50, "dirty_bit": 1, "landscape_term": 5.654260949279498, "speed_term": 3.2716311301072944, "mote": 4.232867641425832}