{"id": 5855, "adj_matrix": [[0, 1, 1, 1], [0, 0, 1, 1], [0, 0, 0, 1], [0, 0, 0, 0]], "operations": ["nor_conv_3x3", "skip_connect", "nor_conv_1x1", "skip_connect", "nor_conv_1x1", "avg_pool_3x3"], "init_channel": 16, "blck_len": 5, "params": 0.379496, "flops": 12.76684, "latency": 0.014330569903055826, "train_per_time": 58.837398260990675, "train_time_200": 11767.479652198135, "train_accuracy_200": 0.40091188750395906, "test_accuracy_200": 0.3757777765909831, "train_time_12": 706.0487791318893, "train_accuracy_12": 0.23553065261388187, "test_accuracy_12": 0.2413333326212565, "valtest_accuracy_200": 0.6483, "valtest_accuracy_12": 0.3765, "proxy_losses": [3.268397569656372, 2.2924089431762695, 1.9533138275146484, 1.7601159811019897, 1.6438566446304321, 1.5653111934661865, 1.5135389566421509, 1.4674805402755737, 1.4261952638626099, 1.3889930248260498, 1.357932448387146, 1.3275933265686035, 1.2989563941955566, 1.277801513671875, 1.2547675371170044, 1.232534646987915, 1.2134546041488647, 1.193326473236084, 1.1743443012237549, 1.1611353158950806, 1.1429038047790527, 1.1252435445785522, 1.1108509302139282, 1.1036208868026733, 1.089462399482727, 1.0707719326019287, 1.054787278175354, 1.0415303707122803, 1.0272352695465088, 1.0186445713043213, 1.001491904258728, 0.9881983399391174, 0.980456531047821, 0.9644730687141418, 0.959290623664856, 0.9633885025978088, 0.937416672706604, 0.9232462048530579, 0.9153053760528564, 0.9127672910690308, 0.9057923555374146, 0.8863002061843872, 0.8709355592727661, 0.8686275482177734, 0.8534837961196899, 0.8469662070274353, 0.8416770696640015, 0.8255084156990051, 0.8164229393005371, 0.8124697208404541], "landscape_losses": [3.391714334487915, 2.6055095195770264, 2.1589701175689697, 1.810835599899292, 1.5447651147842407, 1.3266302347183228, 1.155242919921875, 1.0078452825546265, 0.9101758003234863, 0.8435924649238586, 0.806520402431488], "proxy_train_time": 7.414659025147557, "proxy_train_epochs": 50, "dirty_bit": 1, "landscape_term": 8.477014636711377, "speed_term": 6.217146172180408, "mote": 6.764513268794893}