{"id": 5897, "adj_matrix": [[0, 1, 1, 1], [0, 0, 1, 1], [0, 0, 0, 1], [0, 0, 0, 0]], "operations": ["nor_conv_1x1", "nor_conv_1x1", "avg_pool_3x3", "zeros", "skip_connect", "skip_connect"], "init_channel": 16, "blck_len": 5, "params": 0.136456, "flops": 3.91948, "latency": 0.012063209215799968, "train_per_time": 46.44252015336335, "train_time_200": 9288.50403067267, "train_accuracy_200": 0.3733618984892143, "test_accuracy_200": 0.34566666581895616, "train_time_12": 557.3102418403627, "train_accuracy_12": 0.21661173368741907, "test_accuracy_12": 0.21633333323160808, "valtest_accuracy_200": 0.6375, "valtest_accuracy_12": 0.40369999999999995, "proxy_losses": [2.574899196624756, 2.2005836963653564, 2.00565505027771, 1.8897078037261963, 1.817197322845459, 1.760711908340454, 1.7139900922775269, 1.6775450706481934, 1.6472620964050293, 1.6197562217712402, 1.5985385179519653, 1.577738642692566, 1.5575445890426636, 1.5404194593429565, 1.523513674736023, 1.5070306062698364, 1.4952696561813354, 1.4775910377502441, 1.4670681953430176, 1.4519137144088745, 1.4376720190048218, 1.4272047281265259, 1.4140698909759521, 1.4030652046203613, 1.3914810419082642, 1.3806077241897583, 1.3691692352294922, 1.3620835542678833, 1.3516875505447388, 1.339834451675415, 1.3287811279296875, 1.3222053050994873, 1.3085771799087524, 1.2984236478805542, 1.2879281044006348, 1.2804243564605713, 1.26761794090271, 1.2631218433380127, 1.249542236328125, 1.241890788078308, 1.2330735921859741, 1.2255916595458984, 1.218624472618103, 1.2080223560333252, 1.1975938081741333, 1.1929517984390259, 1.18474280834198, 1.1798362731933594, 1.1730029582977295, 1.1657462120056152], "landscape_losses": [2.6517012119293213, 2.3345210552215576, 2.1196792125701904, 1.9205842018127441, 1.759170651435852, 1.6026982069015503, 1.4742320775985718, 1.3538215160369873, 1.2520222663879395, 1.1913001537322998, 1.1607944965362549], "proxy_train_time": 6.235543755814433, "proxy_train_epochs": 50, "dirty_bit": 1, "landscape_term": 6.906886498038716, "speed_term": 4.282153088706626, "mote": 5.326706976141942}