{"id": 5939, "adj_matrix": [[0, 1, 1, 1], [0, 0, 1, 1], [0, 0, 0, 1], [0, 0, 0, 0]], "operations": ["skip_connect", "zeros", "skip_connect", "zeros", "skip_connect", "zeros"], "init_channel": 16, "blck_len": 5, "params": 0.080456, "flops": 1.9534, "latency": 0.009051100413004555, "train_per_time": 19.022804517269044, "train_time_200": 3804.560903453809, "train_accuracy_200": 0.28750823995195834, "test_accuracy_200": 0.27644444388495554, "train_time_12": 228.27365420722955, "train_accuracy_12": 0.2254911008720423, "test_accuracy_12": 0.23266666651407877, "valtest_accuracy_200": 0.5807, "valtest_accuracy_12": 0.44179999999999997, "proxy_losses": [2.3685226440429688, 2.2708728313446045, 2.1918678283691406, 2.1303937435150146, 2.090548515319824, 2.056928873062134, 2.0285229682922363, 2.004138708114624, 1.9823236465454102, 1.9615404605865479, 1.9417152404785156, 1.924066185951233, 1.9081785678863525, 1.8933953046798706, 1.8792359828948975, 1.8661761283874512, 1.8544554710388184, 1.8438726663589478, 1.8346693515777588, 1.8244341611862183, 1.8157901763916016, 1.8079169988632202, 1.8003394603729248, 1.7936640977859497, 1.7861371040344238, 1.7800414562225342, 1.77360200881958, 1.7680675983428955, 1.7627874612808228, 1.7569292783737183, 1.7517738342285156, 1.747214674949646, 1.7424691915512085, 1.7376697063446045, 1.7332210540771484, 1.7288297414779663, 1.7253334522247314, 1.720365047454834, 1.717531681060791, 1.7138582468032837, 1.711007833480835, 1.7062147855758667, 1.7018818855285645, 1.698874831199646, 1.6948519945144653, 1.6916744709014893, 1.6885830163955688, 1.6864157915115356, 1.6821653842926025, 1.6799319982528687], "landscape_losses": [2.387195587158203, 2.272784471511841, 2.1663169860839844, 2.0598886013031006, 1.9671963453292847, 1.883044958114624, 1.8148972988128662, 1.758352518081665, 1.7212510108947754, 1.6938183307647705, 1.6772998571395874], "proxy_train_time": 4.316313743591309, "proxy_train_epochs": 50, "dirty_bit": 1, "landscape_term": 5.732619778421279, "speed_term": 2.3468174429080135, "mote": 4.059765898004456}