{"id": 5959, "adj_matrix": [[0, 1, 1, 1], [0, 0, 1, 1], [0, 0, 0, 1], [0, 0, 0, 0]], "operations": ["nor_conv_3x3", "skip_connect", "zeros", "nor_conv_3x3", "zeros", "nor_conv_1x1"], "init_channel": 16, "blck_len": 5, "params": 0.594536, "flops": 20.63116, "latency": 0.0163437287012736, "train_per_time": 59.18152047761265, "train_time_200": 11836.30409552253, "train_accuracy_200": 0.468958470663776, "test_accuracy_200": 0.4099999996270074, "train_time_12": 710.1782457313537, "train_accuracy_12": 0.2693012524785222, "test_accuracy_12": 0.2756666668701172, "valtest_accuracy_200": 0.6783333333333335, "valtest_accuracy_12": 0.5014, "proxy_losses": [2.3603532314300537, 1.970130443572998, 1.8258166313171387, 1.7484947443008423, 1.6878031492233276, 1.6399937868118286, 1.5955349206924438, 1.559989094734192, 1.5270578861236572, 1.4990780353546143, 1.4723448753356934, 1.4478060007095337, 1.4264925718307495, 1.4054734706878662, 1.3855830430984497, 1.3640388250350952, 1.3422960042953491, 1.320831060409546, 1.300498127937317, 1.2798066139221191, 1.2597289085388184, 1.2416890859603882, 1.2252978086471558, 1.209823727607727, 1.1983094215393066, 1.1803689002990723, 1.1648106575012207, 1.1479525566101074, 1.133225917816162, 1.1265183687210083, 1.1093759536743164, 1.0926693677902222, 1.0797630548477173, 1.0706276893615723, 1.057719111442566, 1.0512224435806274, 1.0401926040649414, 1.022426962852478, 1.0129958391189575, 1.0014698505401611, 0.9917812347412109, 0.9835743308067322, 0.9795554876327515, 0.9647169709205627, 0.9614824056625366, 0.9467484354972839, 0.9381871223449707, 0.9300028085708618, 0.9246519804000854, 0.9142630100250244], "landscape_losses": [2.4444222450256348, 2.1016759872436523, 1.8935281038284302, 1.7044821977615356, 1.5313619375228882, 1.3866941928863525, 1.2444088459014893, 1.1288155317306519, 1.0390241146087646, 0.9643710255622864, 0.9237388968467712], "proxy_train_time": 8.37364927958697, "proxy_train_epochs": 50, "dirty_bit": 1, "landscape_term": 8.145284116913636, "speed_term": 6.633058508588618, "mote": 6.617340714122741}