{"id": 5968, "adj_matrix": [[0, 1, 1, 1], [0, 0, 1, 1], [0, 0, 0, 1], [0, 0, 0, 0]], "operations": ["nor_conv_1x1", "skip_connect", "nor_conv_3x3", "avg_pool_3x3", "zeros", "skip_connect"], "init_channel": 16, "blck_len": 5, "params": 0.351496, "flops": 11.7838, "latency": 0.012109827995300295, "train_per_time": 49.07942939488092, "train_time_200": 9815.885878976183, "train_accuracy_200": 0.3765897604987376, "test_accuracy_200": 0.35911111077202695, "train_time_12": 588.9531527385712, "train_accuracy_12": 0.23933421226305324, "test_accuracy_12": 0.2343333326212565, "valtest_accuracy_200": 0.6474666666666667, "valtest_accuracy_12": 0.3661, "proxy_losses": [3.3625285625457764, 2.2133989334106445, 1.9459152221679688, 1.8002656698226929, 1.7011312246322632, 1.640636920928955, 1.5870352983474731, 1.5471950769424438, 1.51046621799469, 1.4813742637634277, 1.4516808986663818, 1.4274663925170898, 1.403648853302002, 1.3835783004760742, 1.3612738847732544, 1.3398369550704956, 1.321203351020813, 1.3061728477478027, 1.2859021425247192, 1.2707247734069824, 1.253548502922058, 1.2387105226516724, 1.222495675086975, 1.2113590240478516, 1.1926542520523071, 1.181868314743042, 1.1651060581207275, 1.1513582468032837, 1.138555645942688, 1.123741626739502, 1.1104997396469116, 1.1008063554763794, 1.086220622062683, 1.076366662979126, 1.0685920715332031, 1.0582988262176514, 1.0401523113250732, 1.031445026397705, 1.02290678024292, 1.0131646394729614, 1.0032802820205688, 0.9935480356216431, 0.9790846705436707, 0.973685622215271, 0.9639988541603088, 0.9574745893478394, 0.9521085023880005, 0.9494609236717224, 0.9402521252632141, 0.9201284050941467], "landscape_losses": [3.495197296142578, 2.5710747241973877, 2.1512436866760254, 1.8384875059127808, 1.6005488634109497, 1.4154449701309204, 1.2578154802322388, 1.1304517984390259, 1.0283541679382324, 0.9562298655509949, 0.9227600693702698], "proxy_train_time": 6.775152316316962, "proxy_train_epochs": 50, "dirty_bit": 1, "landscape_term": 7.796637177095359, "speed_term": 5.255126951268264, "mote": 6.127844162994728}