{"id": 5979, "adj_matrix": [[0, 1, 1, 1], [0, 0, 1, 1], [0, 0, 0, 1], [0, 0, 0, 0]], "operations": ["nor_conv_1x1", "nor_conv_3x3", "nor_conv_3x3", "skip_connect", "skip_connect", "nor_conv_1x1"], "init_channel": 16, "blck_len": 5, "params": 0.622536, "flops": 21.6142, "latency": 0.016332888603210447, "train_per_time": 68.25262219166733, "train_time_200": 13650.524438333467, "train_accuracy_200": 0.5788244342016875, "test_accuracy_200": 0.44844444393581817, "train_time_12": 819.0314663000107, "train_accuracy_12": 0.3570731707498127, "test_accuracy_12": 0.34099999928792313, "valtest_accuracy_200": 0.7109333333333333, "valtest_accuracy_12": 0.5769, "proxy_losses": [2.48677134513855, 2.0195131301879883, 1.8386601209640503, 1.7262734174728394, 1.6509370803833008, 1.5888161659240723, 1.537440538406372, 1.49100923538208, 1.451606273651123, 1.414506196975708, 1.381516456604004, 1.3453669548034668, 1.3095916509628296, 1.2805190086364746, 1.2442816495895386, 1.2170284986495972, 1.1874257326126099, 1.1697676181793213, 1.1442654132843018, 1.1169251203536987, 1.0918463468551636, 1.0605794191360474, 1.035419225692749, 1.015855312347412, 0.9965057373046875, 0.9800189733505249, 0.9608998894691467, 0.9430425763130188, 0.9233822226524353, 0.9179918169975281, 0.9073752760887146, 0.8884729743003845, 0.8747430443763733, 0.8589954376220703, 0.8406567573547363, 0.8315814733505249, 0.8173158168792725, 0.8060595989227295, 0.7920290231704712, 0.7826286554336548, 0.7760908007621765, 0.7681156992912292, 0.7560385465621948, 0.748820424079895, 0.7362675666809082, 0.7322766780853271, 0.7167830467224121, 0.712443470954895, 0.7119082808494568, 0.7011967897415161], "landscape_losses": [2.6183512210845947, 2.209806442260742, 1.9267289638519287, 1.6951062679290771, 1.4991506338119507, 1.3080109357833862, 1.13267183303833, 0.9650349617004395, 0.8386623859405518, 0.7436266541481018, 0.6996333003044128], "proxy_train_time": 8.764767756685615, "proxy_train_epochs": 50, "dirty_bit": 1, "landscape_term": 9.260515994980347, "speed_term": 7.926527560650433, "mote": 7.579684745179284}