{"id": 5994, "adj_matrix": [[0, 1, 1, 1], [0, 0, 1, 1], [0, 0, 0, 1], [0, 0, 0, 0]], "operations": ["avg_pool_3x3", "avg_pool_3x3", "nor_conv_1x1", "skip_connect", "nor_conv_3x3", "skip_connect"], "init_channel": 16, "blck_len": 5, "params": 0.351496, "flops": 11.7838, "latency": 0.011716612180074056, "train_per_time": 55.62084918777146, "train_time_200": 11124.169837554293, "train_accuracy_200": 0.27976708416453666, "test_accuracy_200": 0.26644444413926865, "train_time_12": 667.4501902532576, "train_accuracy_12": 0.15663810151765908, "test_accuracy_12": 0.16166666646321615, "valtest_accuracy_200": 0.5649000000000001, "valtest_accuracy_12": 0.2937, "proxy_losses": [4.509144306182861, 2.8387322425842285, 2.4030284881591797, 2.156863212585449, 1.9824191331863403, 1.8572441339492798, 1.7629213333129883, 1.697269320487976, 1.6423009634017944, 1.6023807525634766, 1.5685641765594482, 1.537946343421936, 1.5093796253204346, 1.482102870941162, 1.4571492671966553, 1.434957504272461, 1.413373589515686, 1.3953027725219727, 1.3764386177062988, 1.3578506708145142, 1.3406237363815308, 1.3303951025009155, 1.3160176277160645, 1.3039332628250122, 1.2868531942367554, 1.2752058506011963, 1.2664058208465576, 1.2513285875320435, 1.2385014295578003, 1.226210594177246, 1.220369577407837, 1.216129183769226, 1.2002904415130615, 1.1869596242904663, 1.17518150806427, 1.1714329719543457, 1.1696410179138184, 1.1514644622802734, 1.153578758239746, 1.1465500593185425, 1.136283040046692, 1.133862853050232, 1.1261590719223022, 1.1143068075180054, 1.1056181192398071, 1.1014484167099, 1.0979667901992798, 1.0884488821029663, 1.0883418321609497, 1.0809017419815063], "landscape_losses": [4.61540412902832, 3.296617269515991, 2.710662603378296, 2.250856637954712, 1.8854591846466064, 1.6273590326309204, 1.439623236656189, 1.2929024696350098, 1.1874359846115112, 1.1157456636428833, 1.073075532913208], "proxy_train_time": 6.185810345225036, "proxy_train_epochs": 50, "dirty_bit": 1, "landscape_term": 6.616455963891334, "speed_term": 4.2551723126200995, "mote": 5.121164737847293}