{"id": 6020, "adj_matrix": [[0, 1, 1, 1], [0, 0, 1, 1], [0, 0, 0, 1], [0, 0, 0, 0]], "operations": ["skip_connect", "zeros", "nor_conv_1x1", "nor_conv_3x3", "nor_conv_1x1", "skip_connect"], "init_channel": 16, "blck_len": 5, "params": 0.379496, "flops": 12.76684, "latency": 0.015080348650614422, "train_per_time": 54.399566914876466, "train_time_200": 10879.913382975294, "train_accuracy_200": 0.46787958691370046, "test_accuracy_200": 0.41077777750651046, "train_time_12": 652.7948029785157, "train_accuracy_12": 0.27595253791482177, "test_accuracy_12": 0.2696666661071777, "valtest_accuracy_200": 0.6788666666666667, "valtest_accuracy_12": 0.4997, "proxy_losses": [2.259443759918213, 1.9072370529174805, 1.7811845541000366, 1.6986854076385498, 1.6356562376022339, 1.5841429233551025, 1.533761978149414, 1.492321252822876, 1.4554415941238403, 1.4249825477600098, 1.3937610387802124, 1.3681691884994507, 1.3400753736495972, 1.317513108253479, 1.2984224557876587, 1.281801700592041, 1.2577619552612305, 1.2415876388549805, 1.221449851989746, 1.2085031270980835, 1.1890395879745483, 1.1795293092727661, 1.1648508310317993, 1.1467115879058838, 1.1305067539215088, 1.1165931224822998, 1.0993449687957764, 1.08876371383667, 1.077920913696289, 1.07112717628479, 1.0532892942428589, 1.037825107574463, 1.023018717765808, 1.0128154754638672, 0.9922367334365845, 0.9800731539726257, 0.9713249802589417, 0.9607100486755371, 0.9515339732170105, 0.9373828172683716, 0.9301257729530334, 0.9326297044754028, 0.9224255084991455, 0.9098833203315735, 0.8933472633361816, 0.8883295059204102, 0.8754738569259644, 0.8775840997695923, 0.8666982650756836, 0.8566091656684875], "landscape_losses": [2.346097946166992, 2.0373854637145996, 1.8571926355361938, 1.6968495845794678, 1.535960078239441, 1.3697881698608398, 1.227867603302002, 1.078391194343567, 0.9745619297027588, 0.888560950756073, 0.8480538129806519], "proxy_train_time": 7.453530499711633, "proxy_train_epochs": 50, "dirty_bit": 1, "landscape_term": 8.498352848915285, "speed_term": 6.2279239570154665, "mote": 6.780696101769441}