{"id": 6043, "adj_matrix": [[0, 1, 1, 1], [0, 0, 1, 1], [0, 0, 0, 1], [0, 0, 0, 0]], "operations": ["zeros", "avg_pool_3x3", "nor_conv_1x1", "avg_pool_3x3", "avg_pool_3x3", "nor_conv_1x1"], "init_channel": 16, "blck_len": 5, "params": 0.136456, "flops": 3.91948, "latency": 0.013810992240905762, "train_per_time": 58.47309159310676, "train_time_200": 11694.618318621351, "train_accuracy_200": 0.2276334871489513, "test_accuracy_200": 0.2016666664505005, "train_time_12": 701.677099117279, "train_accuracy_12": 0.14414634146291172, "test_accuracy_12": 0.14733333300272625, "valtest_accuracy_200": 0.53735, "valtest_accuracy_12": 0.3155, "proxy_losses": [2.391998052597046, 2.1472113132476807, 2.018540143966675, 1.9253770112991333, 1.8640093803405762, 1.8146165609359741, 1.775702953338623, 1.7415884733200073, 1.713633418083191, 1.6880812644958496, 1.6659706830978394, 1.646006464958191, 1.6279349327087402, 1.6096234321594238, 1.5934919118881226, 1.578522801399231, 1.5631663799285889, 1.548288106918335, 1.5350977182388306, 1.5197486877441406, 1.5059205293655396, 1.4951897859573364, 1.4819539785385132, 1.4671894311904907, 1.4564220905303955, 1.4451316595077515, 1.43638277053833, 1.4225257635116577, 1.4123765230178833, 1.404228925704956, 1.392480731010437, 1.382741093635559, 1.374611496925354, 1.3661787509918213, 1.3568679094314575, 1.349286675453186, 1.3404293060302734, 1.3300124406814575, 1.3241945505142212, 1.3134233951568604, 1.3084858655929565, 1.300046443939209, 1.289387583732605, 1.2841767072677612, 1.2772114276885986, 1.2703673839569092, 1.2628618478775024, 1.254760980606079, 1.249624490737915, 1.2484732866287231], "landscape_losses": [2.4508893489837646, 2.2317917346954346, 2.0798325538635254, 1.944292426109314, 1.812394380569458, 1.6850966215133667, 1.5784761905670166, 1.4571113586425781, 1.366831660270691, 1.291549563407898, 1.2494508028030396], "proxy_train_time": 7.0208082580938935, "proxy_train_epochs": 50, "dirty_bit": 1, "landscape_term": 6.622459676760066, "speed_term": 4.632878654504179, "mote": 5.203367144949107}