{"id": 6072, "adj_matrix": [[0, 1, 1, 1], [0, 0, 1, 1], [0, 0, 0, 1], [0, 0, 0, 0]], "operations": ["avg_pool_3x3", "skip_connect", "avg_pool_3x3", "nor_conv_1x1", "avg_pool_3x3", "nor_conv_3x3"], "init_channel": 16, "blck_len": 5, "params": 0.351496, "flops": 11.7838, "latency": 0.014849472045898437, "train_per_time": 63.10053286918026, "train_time_200": 12620.106573836052, "train_accuracy_200": 0.39350032960845205, "test_accuracy_200": 0.36083333246866867, "train_time_12": 757.2063944301605, "train_accuracy_12": 0.23521423863088448, "test_accuracy_12": 0.22399999974568685, "valtest_accuracy_200": 0.6367, "valtest_accuracy_12": 0.3851, "proxy_losses": [2.685137987136841, 2.1775341033935547, 1.987826943397522, 1.8853943347930908, 1.811724066734314, 1.7545294761657715, 1.7089773416519165, 1.667736530303955, 1.631864309310913, 1.5990376472473145, 1.5666085481643677, 1.5343974828720093, 1.5021592378616333, 1.4727615118026733, 1.447706699371338, 1.4159328937530518, 1.3941725492477417, 1.3647552728652954, 1.3420273065567017, 1.317353367805481, 1.2946288585662842, 1.2769615650177002, 1.2589844465255737, 1.2408353090286255, 1.228704810142517, 1.2157940864562988, 1.1994078159332275, 1.1825034618377686, 1.1700894832611084, 1.1552919149398804, 1.14509117603302, 1.1242691278457642, 1.1181102991104126, 1.105089783668518, 1.0966734886169434, 1.0809388160705566, 1.0744752883911133, 1.0649956464767456, 1.0648295879364014, 1.0560128688812256, 1.0445270538330078, 1.0297778844833374, 1.0250487327575684, 1.0138529539108276, 1.0029996633529663, 0.9993458986282349, 0.983153223991394, 0.980003297328949, 0.9870427846908569, 0.9767065644264221], "landscape_losses": [2.7952356338500977, 2.3961713314056396, 2.1398062705993652, 1.9005393981933594, 1.7028554677963257, 1.5059136152267456, 1.3261547088623047, 1.1780345439910889, 1.0772978067398071, 1.0035853385925293, 0.9746869206428528], "proxy_train_time": 6.8580511482432485, "proxy_train_epochs": 50, "dirty_bit": 1, "landscape_term": 7.573457825768926, "speed_term": 5.159239202788661, "mote": 5.958329749237331}