{"id": 6111, "adj_matrix": [[0, 1, 1, 1], [0, 0, 1, 1], [0, 0, 0, 1], [0, 0, 0, 0]], "operations": ["nor_conv_3x3", "nor_conv_3x3", "nor_conv_3x3", "skip_connect", "nor_conv_3x3", "nor_conv_1x1"], "init_channel": 16, "blck_len": 5, "params": 1.080616, "flops": 38.32588, "latency": 0.018257657686869305, "train_per_time": 87.37159478926685, "train_time_200": 17474.31895785337, "train_accuracy_200": 0.6901867721446974, "test_accuracy_200": 0.4671111101277669, "train_time_12": 1048.4591374711993, "train_accuracy_12": 0.3895847066518423, "test_accuracy_12": 0.37066666585286456, "valtest_accuracy_200": 0.7298333333333333, "valtest_accuracy_12": 0.6025, "proxy_losses": [2.2882683277130127, 1.7732220888137817, 1.603231430053711, 1.494200348854065, 1.4080227613449097, 1.3420994281768799, 1.2764370441436768, 1.225481390953064, 1.1789900064468384, 1.132756233215332, 1.0967570543289185, 1.0576578378677368, 1.0238181352615356, 0.9913188219070435, 0.9577851295471191, 0.9327852725982666, 0.9132097363471985, 0.8908929824829102, 0.870608389377594, 0.8448072075843811, 0.8179283738136292, 0.7970324754714966, 0.7811031937599182, 0.7808737754821777, 0.768074631690979, 0.7384374141693115, 0.7206487059593201, 0.7126180529594421, 0.6862697005271912, 0.6772211194038391, 0.6606588959693909, 0.6539356708526611, 0.6367629766464233, 0.6373614072799683, 0.6101217865943909, 0.6008618474006653, 0.605324923992157, 0.5873730182647705, 0.575383186340332, 0.5735231041908264, 0.5638468265533447, 0.5574706196784973, 0.5555785894393921, 0.5390437245368958, 0.5361171364784241, 0.5196770429611206, 0.5069504380226135, 0.49527084827423096, 0.496273398399353, 0.48617929220199585], "landscape_losses": [2.436170816421509, 1.967255711555481, 1.6800978183746338, 1.4376963376998901, 1.2379227876663208, 1.0592870712280273, 0.8909274339675903, 0.740548849105835, 0.6249302625656128, 0.5392171144485474, 0.49094873666763306], "proxy_train_time": 11.723256738856435, "proxy_train_epochs": 50, "dirty_bit": 1, "landscape_term": 11.925766480814989, "speed_term": 13.57478340106247, "mote": 10.140239239237165}