{"id": 6143, "adj_matrix": [[0, 1, 1, 1], [0, 0, 1, 1], [0, 0, 0, 1], [0, 0, 0, 0]], "operations": ["skip_connect", "nor_conv_1x1", "zeros", "skip_connect", "zeros", "skip_connect"], "init_channel": 16, "blck_len": 5, "params": 0.108456, "flops": 2.9364399999999997, "latency": 0.01009191672007243, "train_per_time": 29.729538679282008, "train_time_200": 5945.907735856402, "train_accuracy_200": 0.35550648209050684, "test_accuracy_200": 0.33477777696397565, "train_time_12": 356.75446415138236, "train_accuracy_12": 0.2510415293462825, "test_accuracy_12": 0.25133333272298175, "valtest_accuracy_200": 0.6384666666666667, "valtest_accuracy_12": 0.4792, "proxy_losses": [3.49703049659729, 2.9798460006713867, 2.650559425354004, 2.447658061981201, 2.2984049320220947, 2.1858162879943848, 2.1021475791931152, 2.031856060028076, 1.9778722524642944, 1.9322654008865356, 1.8942879438400269, 1.8619414567947388, 1.8344054222106934, 1.8070909976959229, 1.7859193086624146, 1.7661949396133423, 1.7445425987243652, 1.7279125452041626, 1.7112951278686523, 1.694736123085022, 1.6795895099639893, 1.6667308807373047, 1.6518579721450806, 1.640096664428711, 1.627256989479065, 1.6153433322906494, 1.6035743951797485, 1.5926191806793213, 1.5834102630615234, 1.5738681554794312, 1.5621405839920044, 1.5534189939498901, 1.5431640148162842, 1.533201813697815, 1.5255029201507568, 1.5158865451812744, 1.5096930265426636, 1.501838207244873, 1.4929262399673462, 1.4830033779144287, 1.4777313470840454, 1.4695255756378174, 1.462950348854065, 1.4552301168441772, 1.4481384754180908, 1.4403890371322632, 1.432694673538208, 1.427113652229309, 1.4243706464767456, 1.416503667831421], "landscape_losses": [3.5695738792419434, 3.038954973220825, 2.6627206802368164, 2.358293056488037, 2.1141762733459473, 1.9231337308883667, 1.757055640220642, 1.626975655555725, 1.5186235904693604, 1.4457902908325195, 1.4127103090286255], "proxy_train_time": 4.911867078393698, "proxy_train_epochs": 50, "dirty_bit": 1, "landscape_term": 5.643564061334185, "speed_term": 2.79586760413131, "mote": 4.111470894041141}