{"id": 615, "adj_matrix": [[0, 1, 1, 1], [0, 0, 1, 1], [0, 0, 0, 1], [0, 0, 0, 0]], "operations": ["skip_connect", "nor_conv_3x3", "zeros", "zeros", "nor_conv_1x1", "skip_connect"], "init_channel": 16, "blck_len": 5, "params": 0.351496, "flops": 11.7838, "latency": 0.01418406963348389, "train_per_time": 43.45220518827426, "train_time_200": 8690.441037654853, "train_accuracy_200": 0.46764886838728137, "test_accuracy_200": 0.4091111110772027, "train_time_12": 521.4264622592926, "train_accuracy_12": 0.2702570863576649, "test_accuracy_12": 0.2736666665140788, "valtest_accuracy_200": 0.6784333333333333, "valtest_accuracy_12": 0.5112, "proxy_losses": [2.392378330230713, 2.0189478397369385, 1.8629043102264404, 1.770720362663269, 1.704132080078125, 1.650316834449768, 1.607759714126587, 1.5687204599380493, 1.5316270589828491, 1.4986095428466797, 1.4683058261871338, 1.437303900718689, 1.4106429815292358, 1.3822648525238037, 1.3565616607666016, 1.3322113752365112, 1.3101388216018677, 1.287187933921814, 1.266815423965454, 1.246033787727356, 1.2248693704605103, 1.2041211128234863, 1.1939246654510498, 1.1767257452011108, 1.1560866832733154, 1.1482911109924316, 1.1277121305465698, 1.1130461692810059, 1.0990365743637085, 1.0842410326004028, 1.0704134702682495, 1.0555542707443237, 1.044793963432312, 1.030698537826538, 1.0253015756607056, 1.011012315750122, 0.9973693490028381, 0.9839391708374023, 0.9748978614807129, 0.9704008102416992, 0.9551690220832825, 0.943979799747467, 0.9339452981948853, 0.9227232336997986, 0.9125101566314697, 0.9117454886436462, 0.9065148234367371, 0.90716552734375, 0.9029006958007812, 0.8860852718353271], "landscape_losses": [2.4758453369140625, 2.1585988998413086, 1.9353975057601929, 1.7483177185058594, 1.5629949569702148, 1.3977354764938354, 1.2386434078216553, 1.0909819602966309, 0.987077534198761, 0.910032331943512, 0.8690868020057678], "proxy_train_time": 6.561670829541981, "proxy_train_epochs": 50, "dirty_bit": 1, "landscape_term": 8.297601387155556, "speed_term": 5.293483611000742, "mote": 6.471746165382639}