{"id": 6211, "adj_matrix": [[0, 1, 1, 1], [0, 0, 1, 1], [0, 0, 0, 1], [0, 0, 0, 0]], "operations": ["zeros", "nor_conv_3x3", "nor_conv_1x1", "avg_pool_3x3", "skip_connect", "zeros"], "init_channel": 16, "blck_len": 5, "params": 0.351496, "flops": 11.7838, "latency": 0.013175678253173829, "train_per_time": 49.3336228898368, "train_time_200": 9866.724577967361, "train_accuracy_200": 0.1683651944656473, "test_accuracy_200": 0.15816666642506919, "train_time_12": 592.0034746780397, "train_accuracy_12": 0.12934739617817326, "test_accuracy_12": 0.12066666666666666, "valtest_accuracy_200": 0.4704, "valtest_accuracy_12": 0.2873, "proxy_losses": [2.4041268825531006, 2.282945156097412, 2.1888320446014404, 2.120804786682129, 2.070277690887451, 2.031562328338623, 1.9982199668884277, 1.970438838005066, 1.9463622570037842, 1.9265543222427368, 1.9090946912765503, 1.8940004110336304, 1.879879117012024, 1.8658255338668823, 1.853473424911499, 1.8408962488174438, 1.8309191465377808, 1.82118558883667, 1.8120191097259521, 1.8041449785232544, 1.7967802286148071, 1.7910104990005493, 1.783853530883789, 1.7787575721740723, 1.7733240127563477, 1.7688472270965576, 1.7635468244552612, 1.7601743936538696, 1.7548723220825195, 1.751366376876831, 1.747648000717163, 1.7440054416656494, 1.739606499671936, 1.7369238138198853, 1.7328773736953735, 1.7297718524932861, 1.7273658514022827, 1.72416090965271, 1.7214564085006714, 1.7186827659606934, 1.7151674032211304, 1.7128562927246094, 1.710279941558838, 1.707253336906433, 1.7053390741348267, 1.7022619247436523, 1.6994355916976929, 1.6967743635177612, 1.6957488059997559, 1.6928389072418213], "landscape_losses": [2.4253604412078857, 2.2926108837127686, 2.1777896881103516, 2.0731794834136963, 1.9756128787994385, 1.8934863805770874, 1.8231689929962158, 1.7688795328140259, 1.7322125434875488, 1.7057169675827026, 1.6911554336547852], "proxy_train_time": 7.555085230618715, "proxy_train_epochs": 50, "dirty_bit": 1, "landscape_term": 5.6930211288921795, "speed_term": 4.126903570716251, "mote": 4.450018661743116}