{"id": 6229, "adj_matrix": [[0, 1, 1, 1], [0, 0, 1, 1], [0, 0, 0, 1], [0, 0, 0, 0]], "operations": ["zeros", "avg_pool_3x3", "skip_connect", "avg_pool_3x3", "nor_conv_1x1", "avg_pool_3x3"], "init_channel": 16, "blck_len": 5, "params": 0.108456, "flops": 2.93644, "latency": 0.011499977111816407, "train_per_time": 45.41426895085974, "train_time_200": 9082.853790171948, "train_accuracy_200": 0.1436816084412265, "test_accuracy_200": 0.13616666646321615, "train_time_12": 544.9712274103165, "train_accuracy_12": 0.10141067896763117, "test_accuracy_12": 0.10000000002543132, "valtest_accuracy_200": 0.40985, "valtest_accuracy_12": 0.2155, "proxy_losses": [3.6856749057769775, 3.1184794902801514, 2.744330883026123, 2.477445602416992, 2.2937395572662354, 2.1691715717315674, 2.0707008838653564, 1.9985694885253906, 1.9415702819824219, 1.8989781141281128, 1.864345669746399, 1.8376363515853882, 1.8148410320281982, 1.7954158782958984, 1.7800124883651733, 1.7679492235183716, 1.7563176155090332, 1.7474772930145264, 1.737349271774292, 1.7301300764083862, 1.721696138381958, 1.7156856060028076, 1.7104461193084717, 1.7050789594650269, 1.6992650032043457, 1.6933581829071045, 1.6899943351745605, 1.6826027631759644, 1.6782841682434082, 1.6722332239151, 1.6689239740371704, 1.6653435230255127, 1.6593512296676636, 1.655953288078308, 1.6530890464782715, 1.6491448879241943, 1.645782470703125, 1.6409839391708374, 1.637933373451233, 1.6346395015716553, 1.6309068202972412, 1.6281882524490356, 1.62528395652771, 1.6219452619552612, 1.6196831464767456, 1.6149003505706787, 1.6122918128967285, 1.6097030639648438, 1.6054009199142456, 1.604827642440796], "landscape_losses": [3.75525164604187, 3.192356824874878, 2.8306663036346436, 2.5455281734466553, 2.2868993282318115, 2.091104745864868, 1.9153863191604614, 1.7888314723968506, 1.6901904344558716, 1.6273845434188843, 1.6052297353744507], "proxy_train_time": 5.77755933906883, "proxy_train_epochs": 50, "dirty_bit": 1, "landscape_term": 5.1513588941515165, "speed_term": 3.1439742811703275, "mote": 3.845813416405327}