{"id": 6232, "adj_matrix": [[0, 1, 1, 1], [0, 0, 1, 1], [0, 0, 0, 1], [0, 0, 0, 0]], "operations": ["skip_connect", "skip_connect", "skip_connect", "zeros", "skip_connect", "avg_pool_3x3"], "init_channel": 16, "blck_len": 5, "params": 0.080456, "flops": 1.9534, "latency": 0.007690644264221192, "train_per_time": 22.353244882981006, "train_time_200": 4470.6489765962015, "train_accuracy_200": 0.13757415952588198, "test_accuracy_200": 0.13949999989827475, "train_time_12": 268.2389385957718, "train_accuracy_12": 0.1039353988119388, "test_accuracy_12": 0.09833333302815754, "valtest_accuracy_200": 0.33775000000000005, "valtest_accuracy_12": 0.1017, "proxy_losses": [5.061765193939209, 3.877474308013916, 3.1669487953186035, 2.728383779525757, 2.4265847206115723, 2.258608102798462, 2.1467678546905518, 2.043452262878418, 1.9525452852249146, 1.8890389204025269, 1.8404587507247925, 1.7999815940856934, 1.768370270729065, 1.7442840337753296, 1.7246267795562744, 1.7077572345733643, 1.694930076599121, 1.6828827857971191, 1.6707509756088257, 1.6593255996704102, 1.6494370698928833, 1.6406474113464355, 1.633547306060791, 1.6222018003463745, 1.6154425144195557, 1.6114189624786377, 1.6003689765930176, 1.595326542854309, 1.5876067876815796, 1.5811235904693604, 1.5746299028396606, 1.5696322917938232, 1.5650726556777954, 1.5623805522918701, 1.5588138103485107, 1.553034782409668, 1.5503113269805908, 1.5470300912857056, 1.540854811668396, 1.5351678133010864, 1.5341514348983765, 1.5269297361373901, 1.526339054107666, 1.5225811004638672, 1.523356318473816, 1.5140355825424194, 1.5142889022827148, 1.5114372968673706, 1.506128191947937, 1.5041877031326294], "landscape_losses": [5.200244426727295, 4.264383792877197, 3.6509628295898438, 3.1686739921569824, 2.736196756362915, 2.365623712539673, 2.051510810852051, 1.8010187149047852, 1.6379058361053467, 1.5450193881988525, 1.5149136781692505], "proxy_train_time": 3.6829539090394974, "proxy_train_epochs": 50, "dirty_bit": 1, "landscape_term": 4.765048539440269, "speed_term": 2.007662817303824, "mote": 3.2775278281668223}