{"id": 6238, "adj_matrix": [[0, 1, 1, 1], [0, 0, 1, 1], [0, 0, 0, 1], [0, 0, 0, 0]], "operations": ["avg_pool_3x3", "zeros", "nor_conv_3x3", "skip_connect", "skip_connect", "avg_pool_3x3"], "init_channel": 16, "blck_len": 5, "params": 0.323496, "flops": 10.80076, "latency": 0.010906267166137695, "train_per_time": 43.27893624631548, "train_time_200": 8655.787249263096, "train_accuracy_200": 0.26871127225766467, "test_accuracy_200": 0.2561666662343343, "train_time_12": 519.3472349557877, "train_accuracy_12": 0.15756756757460855, "test_accuracy_12": 0.1646666660054525, "valtest_accuracy_200": 0.5655, "valtest_accuracy_12": 0.3096, "proxy_losses": [4.326258659362793, 2.929732084274292, 2.355102062225342, 2.0559182167053223, 1.8979644775390625, 1.7895914316177368, 1.7181611061096191, 1.66829514503479, 1.6245324611663818, 1.589473009109497, 1.5614079236984253, 1.5323132276535034, 1.5104511976242065, 1.485125184059143, 1.4651907682418823, 1.446432113647461, 1.4247066974639893, 1.4067550897598267, 1.3899006843566895, 1.3744536638259888, 1.3573265075683594, 1.343230128288269, 1.3289679288864136, 1.3203985691070557, 1.3002824783325195, 1.2886841297149658, 1.2728023529052734, 1.2617578506469727, 1.2545486688613892, 1.2412306070327759, 1.2296637296676636, 1.2179744243621826, 1.2090156078338623, 1.1983752250671387, 1.1869949102401733, 1.1820967197418213, 1.1671611070632935, 1.1578187942504883, 1.1489330530166626, 1.146242618560791, 1.133094310760498, 1.1251660585403442, 1.1221970319747925, 1.1090301275253296, 1.1027497053146362, 1.092459797859192, 1.0849367380142212, 1.07938814163208, 1.0735127925872803, 1.060360074043274], "landscape_losses": [4.466578006744385, 3.308142900466919, 2.687621831893921, 2.2269821166992188, 1.9302246570587158, 1.6752433776855469, 1.4972599744796753, 1.342654824256897, 1.190826177597046, 1.1086589097976685, 1.055197834968567], "proxy_train_time": 5.99718354921788, "proxy_train_epochs": 50, "dirty_bit": 1, "landscape_term": 6.564399515184326, "speed_term": 4.144668711812587, "mote": 5.0618766419858}