{"id": 6258, "adj_matrix": [[0, 1, 1, 1], [0, 0, 1, 1], [0, 0, 0, 1], [0, 0, 0, 0]], "operations": ["nor_conv_3x3", "avg_pool_3x3", "nor_conv_3x3", "avg_pool_3x3", "nor_conv_3x3", "zeros"], "init_channel": 16, "blck_len": 5, "params": 0.809576, "flops": 28.49548, "latency": 0.01578088601430257, "train_per_time": 75.45283786980323, "train_time_200": 15090.567573960647, "train_accuracy_200": 0.5075126345935168, "test_accuracy_200": 0.4027777763536241, "train_time_12": 905.4340544376377, "train_accuracy_12": 0.2690243902599961, "test_accuracy_12": 0.26866666656494137, "valtest_accuracy_200": 0.6793333333333333, "valtest_accuracy_12": 0.49229999999999996, "proxy_losses": [2.4702181816101074, 1.9772857427597046, 1.7595257759094238, 1.6332277059555054, 1.5452907085418701, 1.473746418952942, 1.4201321601867676, 1.3701368570327759, 1.327735424041748, 1.287950873374939, 1.2484108209609985, 1.216524362564087, 1.1835414171218872, 1.1540318727493286, 1.1299962997436523, 1.1015433073043823, 1.0711954832077026, 1.0464032888412476, 1.026788592338562, 1.0067204236984253, 0.9859740138053894, 0.9610658288002014, 0.9483271241188049, 0.9273594617843628, 0.918799638748169, 0.8970341086387634, 0.8820647597312927, 0.8779941201210022, 0.8595445156097412, 0.8354493975639343, 0.8264004588127136, 0.8186085224151611, 0.8150940537452698, 0.8003765344619751, 0.7852630615234375, 0.7743668556213379, 0.770042896270752, 0.7538483142852783, 0.7465270757675171, 0.7311743497848511, 0.7208831310272217, 0.719781756401062, 0.7251569628715515, 0.7052046656608582, 0.7005481719970703, 0.6980615854263306, 0.684973418712616, 0.6793431639671326, 0.6680440902709961, 0.6597151160240173], "landscape_losses": [2.6170151233673096, 2.1694445610046387, 1.861756682395935, 1.6239566802978516, 1.4058294296264648, 1.2232187986373901, 1.029280185699463, 0.8983451128005981, 0.773155927658081, 0.6999380588531494, 0.657981276512146], "proxy_train_time": 10.029279761016369, "proxy_train_epochs": 50, "dirty_bit": 1, "landscape_term": 9.851417163175766, "speed_term": 9.769901980339755, "mote": 8.260009671052037}