{"id": 626, "adj_matrix": [[0, 1, 1, 1], [0, 0, 1, 1], [0, 0, 0, 1], [0, 0, 0, 0]], "operations": ["nor_conv_1x1", "zeros", "skip_connect", "nor_conv_1x1", "nor_conv_3x3", "nor_conv_3x3"], "init_channel": 16, "blck_len": 5, "params": 0.622536, "flops": 21.6142, "latency": 0.019386315345764158, "train_per_time": 68.05965248648319, "train_time_200": 13611.930497296637, "train_accuracy_200": 0.49671940233686995, "test_accuracy_200": 0.42788888841417105, "train_time_12": 816.7158298377993, "train_accuracy_12": 0.24444297956493077, "test_accuracy_12": 0.25833333272298176, "valtest_accuracy_200": 0.6852666666666666, "valtest_accuracy_12": 0.4532, "proxy_losses": [2.63488507270813, 1.938136339187622, 1.745665431022644, 1.653123378753662, 1.5848032236099243, 1.5309765338897705, 1.4857033491134644, 1.4407541751861572, 1.3988889455795288, 1.358602523803711, 1.3221648931503296, 1.286313533782959, 1.2483198642730713, 1.2177435159683228, 1.1843085289001465, 1.1577675342559814, 1.1391205787658691, 1.1156407594680786, 1.0874814987182617, 1.0645700693130493, 1.0406283140182495, 1.021712303161621, 0.9974226355552673, 0.9851210713386536, 0.9625359177589417, 0.9465619325637817, 0.94101482629776, 0.9194852709770203, 0.8997175693511963, 0.8836880922317505, 0.8715012669563293, 0.8578055500984192, 0.8618746995925903, 0.846572756767273, 0.8279988169670105, 0.8240557909011841, 0.8253684639930725, 0.8165798187255859, 0.8024773597717285, 0.7940912246704102, 0.7860978245735168, 0.7713223099708557, 0.7711150050163269, 0.7767154574394226, 0.7515823245048523, 0.7488247156143188, 0.7423465847969055, 0.7365568280220032, 0.7246767282485962, 0.722393274307251], "landscape_losses": [2.7708301544189453, 2.1645286083221436, 1.8580842018127441, 1.6244826316833496, 1.4280855655670166, 1.2526551485061646, 1.1052113771438599, 0.9974983334541321, 0.8688860535621643, 0.7664593458175659, 0.7182666659355164], "proxy_train_time": 9.188292185775936, "proxy_train_epochs": 50, "dirty_bit": 1, "landscape_term": 9.230361185740788, "speed_term": 8.499365179732214, "mote": 7.653387333423299}