{"id": 6292, "adj_matrix": [[0, 1, 1, 1], [0, 0, 1, 1], [0, 0, 0, 1], [0, 0, 0, 0]], "operations": ["zeros", "nor_conv_1x1", "zeros", "nor_conv_3x3", "zeros", "avg_pool_3x3"], "init_channel": 16, "blck_len": 5, "params": 0.351496, "flops": 11.7838, "latency": 0.014605148633321125, "train_per_time": 51.376535011291665, "train_time_200": 10275.307002258332, "train_accuracy_200": 0.4404943968566479, "test_accuracy_200": 0.38933333326551656, "train_time_12": 616.5184201354979, "train_accuracy_12": 0.205735003309055, "test_accuracy_12": 0.21133333323160808, "valtest_accuracy_200": 0.6714666666666667, "valtest_accuracy_12": 0.43439999999999995, "proxy_losses": [2.377758741378784, 2.009209394454956, 1.877745509147644, 1.792304515838623, 1.727508544921875, 1.676107406616211, 1.6281042098999023, 1.585370659828186, 1.5442160367965698, 1.5044914484024048, 1.4686155319213867, 1.4365626573562622, 1.4022451639175415, 1.375732421875, 1.3443652391433716, 1.3168119192123413, 1.2920113801956177, 1.2687808275222778, 1.2449800968170166, 1.2281867265701294, 1.2076207399368286, 1.1898224353790283, 1.1690813302993774, 1.1550010442733765, 1.143033742904663, 1.1238664388656616, 1.1084955930709839, 1.092365026473999, 1.0768274068832397, 1.0687949657440186, 1.0537787675857544, 1.036059856414795, 1.0225881338119507, 1.0142924785614014, 1.0094164609909058, 1.0006611347198486, 0.9849146604537964, 0.9665652513504028, 0.9558625221252441, 0.959427535533905, 0.9518140554428101, 0.9477660059928894, 0.9352588057518005, 0.9121929407119751, 0.9010242223739624, 0.8964623212814331, 0.8933513760566711, 0.8867601752281189, 0.8707380890846252, 0.8622151613235474], "landscape_losses": [2.475445508956909, 2.140101671218872, 1.9373972415924072, 1.7490804195404053, 1.5926291942596436, 1.4342496395111084, 1.3074387311935425, 1.1821422576904297, 1.0668082237243652, 0.9451486468315125, 0.8614266514778137], "proxy_train_time": 7.681408011354506, "proxy_train_epochs": 50, "dirty_bit": 1, "landscape_term": 8.051293104230181, "speed_term": 6.245334844090802, "mote": 6.484754554857053}