{"id": 6314, "adj_matrix": [[0, 1, 1, 1], [0, 0, 1, 1], [0, 0, 0, 1], [0, 0, 0, 0]], "operations": ["skip_connect", "avg_pool_3x3", "nor_conv_1x1", "skip_connect", "skip_connect", "nor_conv_1x1"], "init_channel": 16, "blck_len": 5, "params": 0.136456, "flops": 3.91948, "latency": 0.01372840404510498, "train_per_time": 45.76104674983009, "train_time_200": 9152.209349966019, "train_accuracy_200": 0.33079103495045253, "test_accuracy_200": 0.31422222157796226, "train_time_12": 549.132560997963, "train_accuracy_12": 0.1945484508914231, "test_accuracy_12": 0.20133333251953126, "valtest_accuracy_200": 0.5987, "valtest_accuracy_12": 0.3323, "proxy_losses": [5.025991439819336, 4.04764461517334, 3.399168014526367, 2.956474781036377, 2.6220335960388184, 2.360483169555664, 2.168269157409668, 2.023146390914917, 1.9149439334869385, 1.8437649011611938, 1.7924602031707764, 1.7547463178634644, 1.7245962619781494, 1.6966347694396973, 1.6742072105407715, 1.6544855833053589, 1.6335976123809814, 1.6161824464797974, 1.6022711992263794, 1.5857079029083252, 1.5735849142074585, 1.5562189817428589, 1.5437629222869873, 1.5296353101730347, 1.5199512243270874, 1.5077252388000488, 1.494700312614441, 1.4847272634506226, 1.4720654487609863, 1.4623804092407227, 1.4515950679779053, 1.4418362379074097, 1.4321290254592896, 1.4235165119171143, 1.412200927734375, 1.4043294191360474, 1.393676519393921, 1.3839070796966553, 1.37466561794281, 1.3674581050872803, 1.359755277633667, 1.351996898651123, 1.3435734510421753, 1.3355085849761963, 1.3253966569900513, 1.3204909563064575, 1.3115792274475098, 1.3037415742874146, 1.2995882034301758, 1.2945387363433838], "landscape_losses": [5.134312152862549, 4.199622631072998, 3.54191517829895, 3.000917434692383, 2.5416433811187744, 2.12985897064209, 1.8220300674438477, 1.5857590436935425, 1.4194822311401367, 1.3238632678985596, 1.2867612838745117], "proxy_train_time": 5.697250219993293, "proxy_train_epochs": 50, "dirty_bit": 1, "landscape_term": 5.327853489716859, "speed_term": 3.2528560473251624, "mote": 3.9972147050714293}