{"id": 6317, "adj_matrix": [[0, 1, 1, 1], [0, 0, 1, 1], [0, 0, 0, 1], [0, 0, 0, 0]], "operations": ["nor_conv_3x3", "skip_connect", "zeros", "avg_pool_3x3", "avg_pool_3x3", "nor_conv_1x1"], "init_channel": 16, "blck_len": 5, "params": 0.351496, "flops": 11.7838, "latency": 0.0137954314549764, "train_per_time": 54.91624086006476, "train_time_200": 10983.248172012953, "train_accuracy_200": 0.387697209414585, "test_accuracy_200": 0.35788888824462894, "train_time_12": 658.9948903207778, "train_accuracy_12": 0.23705998682563997, "test_accuracy_12": 0.2386666667175293, "valtest_accuracy_200": 0.6481333333333333, "valtest_accuracy_12": 0.41950000000000004, "proxy_losses": [2.8275182247161865, 2.169917345046997, 1.957444190979004, 1.8372101783752441, 1.740878939628601, 1.6724284887313843, 1.6168129444122314, 1.5734562873840332, 1.5388000011444092, 1.5075470209121704, 1.4802184104919434, 1.4573348760604858, 1.435139775276184, 1.4152612686157227, 1.3968963623046875, 1.3784828186035156, 1.3635932207107544, 1.3498997688293457, 1.333093523979187, 1.3214584589004517, 1.3031104803085327, 1.2883903980255127, 1.27376389503479, 1.26173734664917, 1.2535489797592163, 1.2321895360946655, 1.219132900238037, 1.2037465572357178, 1.1900848150253296, 1.176181435585022, 1.1580647230148315, 1.1480857133865356, 1.1346631050109863, 1.1226277351379395, 1.1102834939956665, 1.1001189947128296, 1.0893595218658447, 1.0790574550628662, 1.0650349855422974, 1.057267427444458, 1.047613501548767, 1.0381484031677246, 1.0250675678253174, 1.0170495510101318, 1.0013571977615356, 0.9910730719566345, 0.9892135858535767, 0.9823617339134216, 0.9706118106842041, 0.9587509036064148], "landscape_losses": [2.913513660430908, 2.4184792041778564, 2.151062250137329, 1.9214160442352295, 1.7118574380874634, 1.5239514112472534, 1.3666868209838867, 1.2349461317062378, 1.1100554466247559, 1.0139644145965576, 0.9651808738708496], "proxy_train_time": 7.233461384661496, "proxy_train_epochs": 50, "dirty_bit": 1, "landscape_term": 7.447004430081117, "speed_term": 5.491452921601509, "mote": 5.93662824084243}