{"id": 6327, "adj_matrix": [[0, 1, 1, 1], [0, 0, 1, 1], [0, 0, 0, 1], [0, 0, 0, 0]], "operations": ["nor_conv_1x1", "nor_conv_3x3", "nor_conv_1x1", "avg_pool_3x3", "nor_conv_1x1", "skip_connect"], "init_channel": 16, "blck_len": 5, "params": 0.407496, "flops": 13.74988, "latency": 0.016977977752685548, "train_per_time": 71.02472223941507, "train_time_200": 14204.944447883014, "train_accuracy_200": 0.47143484949100617, "test_accuracy_200": 0.38766666615804035, "train_time_12": 852.2966668729781, "train_accuracy_12": 0.2796572181988328, "test_accuracy_12": 0.27199999908447264, "valtest_accuracy_200": 0.6742, "valtest_accuracy_12": 0.4736, "proxy_losses": [2.639669179916382, 1.9985802173614502, 1.8025397062301636, 1.687333583831787, 1.609845519065857, 1.5432851314544678, 1.4856669902801514, 1.4414021968841553, 1.4044365882873535, 1.3722279071807861, 1.3378981351852417, 1.3112351894378662, 1.2870442867279053, 1.2660256624221802, 1.2424670457839966, 1.2251003980636597, 1.2044687271118164, 1.1880414485931396, 1.1706026792526245, 1.151690125465393, 1.1350886821746826, 1.1241518259048462, 1.1044278144836426, 1.0915541648864746, 1.0780096054077148, 1.0614404678344727, 1.046339511871338, 1.0359278917312622, 1.0238746404647827, 1.0173307657241821, 1.0039864778518677, 0.9928206205368042, 0.9828504920005798, 0.9771159291267395, 0.9678775668144226, 0.9512614011764526, 0.9400060772895813, 0.9279038906097412, 0.9249111413955688, 0.9217982292175293, 0.9138489961624146, 0.898572564125061, 0.8860693573951721, 0.8777374029159546, 0.8711432814598083, 0.8755581974983215, 0.8629095554351807, 0.852098822593689, 0.847314178943634, 0.8467406034469604], "landscape_losses": [2.749368190765381, 2.20660400390625, 1.9142380952835083, 1.68594491481781, 1.4735158681869507, 1.2968621253967285, 1.155580997467041, 1.0404052734375, 0.9451646208763123, 0.8658167719841003, 0.8463230729103088], "proxy_train_time": 8.591813874430954, "proxy_train_epochs": 50, "dirty_bit": 1, "landscape_term": 8.60329306474251, "speed_term": 7.354716584510256, "mote": 7.048627300864763}