{"id": 6347, "adj_matrix": [[0, 1, 1, 1], [0, 0, 1, 1], [0, 0, 0, 1], [0, 0, 0, 0]], "operations": ["avg_pool_3x3", "nor_conv_1x1", "zeros", "avg_pool_3x3", "zeros", "skip_connect"], "init_channel": 16, "blck_len": 5, "params": 0.108456, "flops": 2.9364399999999997, "latency": 0.011785618464152018, "train_per_time": 41.78163785346349, "train_time_200": 8356.327570692698, "train_accuracy_200": 0.3602351131652953, "test_accuracy_200": 0.33566666585286464, "train_time_12": 501.37965424156204, "train_accuracy_12": 0.22481212921444335, "test_accuracy_12": 0.23366666605631511, "valtest_accuracy_200": 0.6362333333333333, "valtest_accuracy_12": 0.4156, "proxy_losses": [2.7206506729125977, 2.456202268600464, 2.2889106273651123, 2.1715521812438965, 2.0786802768707275, 1.9988832473754883, 1.9307469129562378, 1.8762539625167847, 1.831298828125, 1.7930402755737305, 1.7592570781707764, 1.7316173315048218, 1.7049050331115723, 1.6816284656524658, 1.6598788499832153, 1.639120101928711, 1.6215147972106934, 1.6054680347442627, 1.5906826257705688, 1.5750393867492676, 1.562925934791565, 1.5511868000030518, 1.5381191968917847, 1.5253918170928955, 1.514036774635315, 1.5039293766021729, 1.4948853254318237, 1.4847400188446045, 1.475037693977356, 1.4669524431228638, 1.4567666053771973, 1.445681095123291, 1.4361070394515991, 1.4308326244354248, 1.422667145729065, 1.4155783653259277, 1.4092388153076172, 1.400863528251648, 1.3964773416519165, 1.3857256174087524, 1.3790695667266846, 1.3711063861846924, 1.3633363246917725, 1.3583027124404907, 1.353631854057312, 1.3458433151245117, 1.3365416526794434, 1.329071283340454, 1.328665852546692, 1.3224941492080688], "landscape_losses": [2.7713913917541504, 2.527294635772705, 2.3233139514923096, 2.1136653423309326, 1.9150636196136475, 1.7509468793869019, 1.601170301437378, 1.491532325744629, 1.4074451923370361, 1.3472676277160645, 1.3132354021072388], "proxy_train_time": 5.489976432174444, "proxy_train_epochs": 50, "dirty_bit": 1, "landscape_term": 6.262559471093975, "speed_term": 3.409053512804563, "mote": 4.690692154440541}