{"id": 6352, "adj_matrix": [[0, 1, 1, 1], [0, 0, 1, 1], [0, 0, 0, 1], [0, 0, 0, 0]], "operations": ["avg_pool_3x3", "skip_connect", "skip_connect", "nor_conv_1x1", "nor_conv_3x3", "nor_conv_3x3"], "init_channel": 16, "blck_len": 5, "params": 0.594536, "flops": 20.63116, "latency": 0.017237424850463867, "train_per_time": 64.76824135692914, "train_time_200": 12953.648271385828, "train_accuracy_200": 0.4591606240571135, "test_accuracy_200": 0.4069999993896484, "train_time_12": 777.2188962831497, "train_accuracy_12": 0.19653922214696654, "test_accuracy_12": 0.1953333330790202, "valtest_accuracy_200": 0.6804000000000001, "valtest_accuracy_12": 0.4307, "proxy_losses": [2.3453614711761475, 1.8756681680679321, 1.7539259195327759, 1.6757056713104248, 1.6178215742111206, 1.5685006380081177, 1.5139228105545044, 1.4691683053970337, 1.4292256832122803, 1.386876106262207, 1.3519871234893799, 1.3186345100402832, 1.2851024866104126, 1.251156210899353, 1.2196959257125854, 1.2020553350448608, 1.1696507930755615, 1.1407966613769531, 1.1151241064071655, 1.1035655736923218, 1.0813850164413452, 1.0625708103179932, 1.0420074462890625, 1.028064489364624, 1.0081720352172852, 0.9912495017051697, 0.9780652523040771, 0.9667704105377197, 0.9553622007369995, 0.9373626112937927, 0.9404214024543762, 0.9293553829193115, 0.9159533977508545, 0.9084956049919128, 0.8890737295150757, 0.8835440278053284, 0.8661365509033203, 0.8596621155738831, 0.8531093001365662, 0.8403693437576294, 0.8439275622367859, 0.8337826132774353, 0.8184024691581726, 0.8228663802146912, 0.8104217648506165, 0.8025557398796082, 0.7982364296913147, 0.7958062887191772, 0.7873144745826721, 0.7765448093414307], "landscape_losses": [2.4610989093780518, 2.0676939487457275, 1.8668540716171265, 1.6839872598648071, 1.525722861289978, 1.3580373525619507, 1.1984164714813232, 1.0616012811660767, 0.9151513576507568, 0.8188548684120178, 0.7803544998168945], "proxy_train_time": 7.90432268101722, "proxy_train_epochs": 50, "dirty_bit": 1, "landscape_term": 8.78303577133913, "speed_term": 7.080070218452684, "mote": 7.120920439861209}