{"id": 6405, "adj_matrix": [[0, 1, 1, 1], [0, 0, 1, 1], [0, 0, 0, 1], [0, 0, 0, 0]], "operations": ["skip_connect", "zeros", "nor_conv_3x3", "nor_conv_1x1", "nor_conv_1x1", "avg_pool_3x3"], "init_channel": 16, "blck_len": 5, "params": 0.379496, "flops": 12.76684, "latency": 0.01861418883005778, "train_per_time": 62.1920139865082, "train_time_200": 12438.40279730164, "train_accuracy_200": 0.43688639861249157, "test_accuracy_200": 0.3889999996270074, "train_time_12": 746.3041678380968, "train_accuracy_12": 0.2543902438994215, "test_accuracy_12": 0.2566666660563151, "valtest_accuracy_200": 0.6761333333333335, "valtest_accuracy_12": 0.47369999999999995, "proxy_losses": [2.242396116256714, 1.9026600122451782, 1.7892204523086548, 1.7073825597763062, 1.6448686122894287, 1.596388339996338, 1.554460883140564, 1.5137187242507935, 1.4763251543045044, 1.4428703784942627, 1.4102303981781006, 1.3832423686981201, 1.3556523323059082, 1.3327040672302246, 1.3098387718200684, 1.2850406169891357, 1.2661285400390625, 1.250351071357727, 1.2324163913726807, 1.2189538478851318, 1.204953670501709, 1.1984153985977173, 1.1883496046066284, 1.1699223518371582, 1.1541472673416138, 1.1437393426895142, 1.128996729850769, 1.1160633563995361, 1.1076805591583252, 1.094544768333435, 1.081836223602295, 1.078261375427246, 1.0717030763626099, 1.0569120645523071, 1.0578012466430664, 1.043565273284912, 1.028061866760254, 1.023929238319397, 1.015639305114746, 1.007936954498291, 1.0055439472198486, 0.9862204790115356, 0.985514760017395, 0.9738897681236267, 0.9763368964195251, 0.9644686579704285, 0.959524929523468, 0.9478153586387634, 0.9329440593719482, 0.9260218739509583], "landscape_losses": [2.320002555847168, 2.040842056274414, 1.8653916120529175, 1.7143763303756714, 1.5780699253082275, 1.452924370765686, 1.3334715366363525, 1.2098329067230225, 1.1071606874465942, 0.9902468919754028, 0.9190170168876648], "proxy_train_time": 8.601160557940602, "proxy_train_epochs": 50, "dirty_bit": 1, "landscape_term": 7.940025599842466, "speed_term": 6.987633518438725, "mote": 6.5416873663214075}