{"id": 6435, "adj_matrix": [[0, 1, 1, 1], [0, 0, 1, 1], [0, 0, 0, 1], [0, 0, 0, 0]], "operations": ["avg_pool_3x3", "nor_conv_1x1", "zeros", "skip_connect", "zeros", "skip_connect"], "init_channel": 16, "blck_len": 5, "params": 0.108456, "flops": 2.93644, "latency": 0.010393095016479493, "train_per_time": 36.23419444402049, "train_time_200": 7246.838888804097, "train_accuracy_200": 0.3549472643515902, "test_accuracy_200": 0.3399999999745687, "train_time_12": 434.81033332824717, "train_accuracy_12": 0.2510415293462825, "test_accuracy_12": 0.25133333272298175, "valtest_accuracy_200": 0.6428, "valtest_accuracy_12": 0.4792, "proxy_losses": [2.4931015968322754, 2.2339062690734863, 2.1015748977661133, 2.0190911293029785, 1.9567757844924927, 1.9036275148391724, 1.860743522644043, 1.8244825601577759, 1.793351411819458, 1.7643996477127075, 1.7400211095809937, 1.717390775680542, 1.6981488466262817, 1.6803412437438965, 1.6640015840530396, 1.6491782665252686, 1.6345595121383667, 1.6209838390350342, 1.6080151796340942, 1.5947587490081787, 1.583149790763855, 1.5703630447387695, 1.5578216314315796, 1.5471537113189697, 1.5356321334838867, 1.5251960754394531, 1.515787124633789, 1.5044142007827759, 1.4955512285232544, 1.4884849786758423, 1.4770601987838745, 1.467194676399231, 1.4613327980041504, 1.4478542804718018, 1.443036675453186, 1.4344918727874756, 1.425230860710144, 1.4160642623901367, 1.4096442461013794, 1.4017256498336792, 1.3958364725112915, 1.3864173889160156, 1.3797019720077515, 1.3705341815948486, 1.362365484237671, 1.3579400777816772, 1.3500304222106934, 1.345017910003662, 1.3354929685592651, 1.3315757513046265], "landscape_losses": [2.5424959659576416, 2.301384687423706, 2.129262924194336, 1.9789429903030396, 1.8338717222213745, 1.7076728343963623, 1.5899521112442017, 1.4937692880630493, 1.4086743593215942, 1.3543781042099, 1.3243685960769653], "proxy_train_time": 5.374129973351955, "proxy_train_epochs": 50, "dirty_bit": 1, "landscape_term": 6.435395839633241, "speed_term": 3.3638536556272056, "mote": 4.800330054390247}