{"id": 6472, "adj_matrix": [[0, 1, 1, 1], [0, 0, 1, 1], [0, 0, 0, 1], [0, 0, 0, 0]], "operations": ["nor_conv_3x3", "nor_conv_1x1", "skip_connect", "zeros", "skip_connect", "avg_pool_3x3"], "init_channel": 16, "blck_len": 5, "params": 0.351496, "flops": 11.7838, "latency": 0.013981604576110841, "train_per_time": 50.19559523820866, "train_time_200": 10039.119047641732, "train_accuracy_200": 0.38175016480623775, "test_accuracy_200": 0.3518333333333334, "train_time_12": 602.3471428585051, "train_accuracy_12": 0.167705998691667, "test_accuracy_12": 0.1793333331298828, "valtest_accuracy_200": 0.65935, "valtest_accuracy_12": 0.3736, "proxy_losses": [2.498608350753784, 1.965684175491333, 1.787947416305542, 1.6878350973129272, 1.6075183153152466, 1.5492092370986938, 1.5014888048171997, 1.4623236656188965, 1.4225469827651978, 1.3906642198562622, 1.3566642999649048, 1.329445242881775, 1.3000199794769287, 1.274584412574768, 1.2504440546035767, 1.230284333229065, 1.2077568769454956, 1.190247893333435, 1.1739047765731812, 1.1596424579620361, 1.1416279077529907, 1.1221979856491089, 1.1084014177322388, 1.0908079147338867, 1.076490879058838, 1.068636178970337, 1.0471413135528564, 1.034074068069458, 1.0207977294921875, 1.0052366256713867, 1.0012367963790894, 0.9945076107978821, 0.9809519648551941, 0.9679951071739197, 0.9492349624633789, 0.9392706751823425, 0.9295161962509155, 0.9155847430229187, 0.913087010383606, 0.9017972946166992, 0.8961164951324463, 0.8979713916778564, 0.8897111415863037, 0.870995283126831, 0.863879382610321, 0.8506475687026978, 0.8474613428115845, 0.8443888425827026, 0.8314555883407593, 0.8231328129768372], "landscape_losses": [2.622602701187134, 2.1607353687286377, 1.8976843357086182, 1.6838982105255127, 1.5021171569824219, 1.3500877618789673, 1.224496603012085, 1.1069791316986084, 0.9833613038063049, 0.8882719874382019, 0.8216714859008789], "proxy_train_time": 6.717491324990988, "proxy_train_epochs": 50, "dirty_bit": 1, "landscape_term": 8.451098244894947, "speed_term": 5.773900342641912, "mote": 6.665555430510158}