{"id": 6481, "adj_matrix": [[0, 1, 1, 1], [0, 0, 1, 1], [0, 0, 0, 1], [0, 0, 0, 0]], "operations": ["zeros", "zeros", "nor_conv_3x3", "nor_conv_1x1", "nor_conv_3x3", "zeros"], "init_channel": 16, "blck_len": 5, "params": 0.594536, "flops": 20.63116, "latency": 0.015784955024719237, "train_per_time": 60.01468915518125, "train_time_200": 12002.93783103625, "train_accuracy_200": 0.3409162821443441, "test_accuracy_200": 0.3351666662597656, "train_time_12": 720.176269862175, "train_accuracy_12": 0.20993408041987358, "test_accuracy_12": 0.21600000030517577, "valtest_accuracy_200": 0.62355, "valtest_accuracy_12": 0.40399999999999997, "proxy_losses": [2.393829822540283, 2.1823999881744385, 2.0700113773345947, 2.0025033950805664, 1.9521867036819458, 1.9119935035705566, 1.8783515691757202, 1.8478037118911743, 1.8229531049728394, 1.7992898225784302, 1.774488091468811, 1.7530958652496338, 1.734042763710022, 1.7128342390060425, 1.6944124698638916, 1.6777595281600952, 1.6629042625427246, 1.647515058517456, 1.6307963132858276, 1.6161845922470093, 1.6026737689971924, 1.5893772840499878, 1.5762203931808472, 1.5646650791168213, 1.5519814491271973, 1.538118839263916, 1.5253385305404663, 1.5120917558670044, 1.4995595216751099, 1.4881796836853027, 1.4740718603134155, 1.4628896713256836, 1.452928066253662, 1.4403316974639893, 1.429247260093689, 1.4175899028778076, 1.4075769186019897, 1.3935247659683228, 1.384849190711975, 1.3756920099258423, 1.366335391998291, 1.3562092781066895, 1.3464677333831787, 1.3399890661239624, 1.3276833295822144, 1.3196640014648438, 1.319208025932312, 1.3115642070770264, 1.2985410690307617, 1.2855470180511475], "landscape_losses": [2.4447906017303467, 2.2580552101135254, 2.0858397483825684, 1.9386178255081177, 1.8108054399490356, 1.6800689697265625, 1.5696755647659302, 1.464538812637329, 1.3877230882644653, 1.3239641189575195, 1.2778663635253906], "proxy_train_time": 9.196961048990488, "proxy_train_epochs": 50, "dirty_bit": 1, "landscape_term": 6.572950612374088, "speed_term": 5.768038388412023, "mote": 5.390265165508326}