{"id": 6482, "adj_matrix": [[0, 1, 1, 1], [0, 0, 1, 1], [0, 0, 0, 1], [0, 0, 0, 0]], "operations": ["avg_pool_3x3", "skip_connect", "skip_connect", "zeros", "skip_connect", "zeros"], "init_channel": 16, "blck_len": 5, "params": 0.080456, "flops": 1.9534, "latency": 0.007730174064636231, "train_per_time": 23.287299648761806, "train_time_200": 4657.459929752361, "train_accuracy_200": 0.1671193144392375, "test_accuracy_200": 0.1585555552842882, "train_time_12": 279.447595785141, "train_accuracy_12": 0.1297033619055248, "test_accuracy_12": 0.12833333287556967, "valtest_accuracy_200": 0.47273333333333334, "valtest_accuracy_12": 0.2956, "proxy_losses": [2.351200580596924, 2.2593798637390137, 2.191534996032715, 2.136756181716919, 2.0913166999816895, 2.0518016815185547, 2.0174155235290527, 1.9890366792678833, 1.9644285440444946, 1.943946123123169, 1.9263447523117065, 1.9096750020980835, 1.8935974836349487, 1.879684329032898, 1.8659836053848267, 1.8524763584136963, 1.8410359621047974, 1.8304181098937988, 1.8193659782409668, 1.8102329969406128, 1.8019334077835083, 1.7944910526275635, 1.787353277206421, 1.7811793088912964, 1.773842215538025, 1.769423246383667, 1.7635691165924072, 1.7586612701416016, 1.7540972232818604, 1.7499558925628662, 1.7447378635406494, 1.742065668106079, 1.7370904684066772, 1.7327526807785034, 1.7298663854599, 1.7260950803756714, 1.72245192527771, 1.7190755605697632, 1.7167506217956543, 1.7120441198349, 1.7094894647598267, 1.706667423248291, 1.7032203674316406, 1.6998097896575928, 1.6973307132720947, 1.6951919794082642, 1.691068410873413, 1.6895819902420044, 1.687275767326355, 1.6846439838409424], "landscape_losses": [2.368819236755371, 2.2559471130371094, 2.151869058609009, 2.0493414402008057, 1.9538885354995728, 1.8726396560668945, 1.8067800998687744, 1.7560168504714966, 1.721341848373413, 1.6966105699539185, 1.6819148063659668], "proxy_train_time": 4.608645414933562, "proxy_train_epochs": 50, "dirty_bit": 1, "landscape_term": 5.751757884716673, "speed_term": 2.5154343670536092, "mote": 4.117143060842998}