{"id": 6506, "adj_matrix": [[0, 1, 1, 1], [0, 0, 1, 1], [0, 0, 0, 1], [0, 0, 0, 0]], "operations": ["nor_conv_1x1", "skip_connect", "avg_pool_3x3", "nor_conv_3x3", "nor_conv_3x3", "zeros"], "init_channel": 16, "blck_len": 5, "params": 0.594536, "flops": 20.63116, "latency": 0.015458762645721436, "train_per_time": 65.6538713790577, "train_time_200": 13130.774275811542, "train_accuracy_200": 0.4971127224780732, "test_accuracy_200": 0.4123333326721192, "train_time_12": 787.846456548691, "train_accuracy_12": 0.21995385629230213, "test_accuracy_12": 0.22066666681925454, "valtest_accuracy_200": 0.6927000000000001, "valtest_accuracy_12": 0.4742, "proxy_losses": [2.1290335655212402, 1.805799961090088, 1.673691749572754, 1.5831904411315918, 1.5128841400146484, 1.4594324827194214, 1.4109058380126953, 1.3672086000442505, 1.3285373449325562, 1.2905900478363037, 1.2535865306854248, 1.2239155769348145, 1.199857473373413, 1.1707462072372437, 1.1480379104614258, 1.1196750402450562, 1.0958712100982666, 1.0809246301651, 1.0618445873260498, 1.0356004238128662, 1.02010178565979, 1.001527190208435, 0.9881770610809326, 0.966718852519989, 0.9582966566085815, 0.9455420970916748, 0.9286362528800964, 0.9138866066932678, 0.908528208732605, 0.8910539150238037, 0.8757628202438354, 0.8557524681091309, 0.8439099788665771, 0.8393962979316711, 0.8284724354743958, 0.8239589929580688, 0.8046033978462219, 0.7926098704338074, 0.7863945364952087, 0.7814962863922119, 0.7768946886062622, 0.7645256519317627, 0.7588523626327515, 0.7580708265304565, 0.7367957234382629, 0.7234330773353577, 0.7212755084037781, 0.7182221412658691, 0.7122593522071838, 0.7024058699607849], "landscape_losses": [2.2226204872131348, 1.9268505573272705, 1.7409451007843018, 1.5671982765197754, 1.399985432624817, 1.2525172233581543, 1.1029179096221924, 0.9698160290718079, 0.8419638872146606, 0.742713987827301, 0.6997988820075989], "proxy_train_time": 8.941975569352508, "proxy_train_epochs": 50, "dirty_bit": 1, "landscape_term": 9.594972232386446, "speed_term": 8.58502818194713, "mote": 7.906745698557629}