{"id": 6551, "adj_matrix": [[0, 1, 1, 1], [0, 0, 1, 1], [0, 0, 0, 1], [0, 0, 0, 0]], "operations": ["zeros", "skip_connect", "skip_connect", "skip_connect", "nor_conv_1x1", "avg_pool_3x3"], "init_channel": 16, "blck_len": 5, "params": 0.108456, "flops": 2.93644, "latency": 0.011414313316345214, "train_per_time": 34.03611696060491, "train_time_200": 6807.223392120981, "train_accuracy_200": 0.2115688859629018, "test_accuracy_200": 0.20799999987284346, "train_time_12": 408.43340352725994, "train_accuracy_12": 0.13591957812274688, "test_accuracy_12": 0.13933333318074545, "valtest_accuracy_200": 0.49810000000000004, "valtest_accuracy_12": 0.2686, "proxy_losses": [3.3022375106811523, 2.6980795860290527, 2.2496278285980225, 2.033557891845703, 1.9534523487091064, 1.908708930015564, 1.86567223072052, 1.8377019166946411, 1.8165944814682007, 1.797560214996338, 1.7837847471237183, 1.7694779634475708, 1.754966378211975, 1.7433654069900513, 1.7325819730758667, 1.7223377227783203, 1.7111470699310303, 1.7021921873092651, 1.6923929452896118, 1.6851273775100708, 1.6771986484527588, 1.6715846061706543, 1.6645293235778809, 1.6578187942504883, 1.6535402536392212, 1.6488137245178223, 1.6423110961914062, 1.6376111507415771, 1.6324527263641357, 1.6288995742797852, 1.623962163925171, 1.6195145845413208, 1.6156742572784424, 1.6112632751464844, 1.6072955131530762, 1.603145718574524, 1.5995354652404785, 1.5966293811798096, 1.5908799171447754, 1.5885686874389648, 1.5854074954986572, 1.5812017917633057, 1.5777299404144287, 1.5757614374160767, 1.5719599723815918, 1.5681954622268677, 1.565248966217041, 1.5612062215805054, 1.5585598945617676, 1.554650068283081], "landscape_losses": [3.377448320388794, 2.9136240482330322, 2.5561134815216064, 2.298161745071411, 2.0974249839782715, 1.9334009885787964, 1.8035047054290771, 1.6965432167053223, 1.6188431978225708, 1.5763174295425415, 1.5558054447174072], "proxy_train_time": 5.169518660753965, "proxy_train_epochs": 50, "dirty_bit": 1, "landscape_term": 5.498423127623228, "speed_term": 2.9699050239541434, "mote": 4.0512847825534095}