{"id": 6622, "adj_matrix": [[0, 1, 1, 1], [0, 0, 1, 1], [0, 0, 0, 1], [0, 0, 0, 0]], "operations": ["nor_conv_1x1", "nor_conv_3x3", "nor_conv_1x1", "nor_conv_1x1", "nor_conv_1x1", "skip_connect"], "init_channel": 16, "blck_len": 5, "params": 0.435496, "flops": 14.73292, "latency": 0.019449901580810548, "train_per_time": 77.7052781752741, "train_time_200": 15541.055635054821, "train_accuracy_200": 0.4967435728527011, "test_accuracy_200": 0.4279999989318848, "train_time_12": 932.4633381032944, "train_accuracy_12": 0.2668951878728093, "test_accuracy_12": 0.26966666697184244, "valtest_accuracy_200": 0.6927000000000001, "valtest_accuracy_12": 0.49219999999999997, "proxy_losses": [2.456395149230957, 1.9733996391296387, 1.7797677516937256, 1.6735647916793823, 1.6030049324035645, 1.5440393686294556, 1.5019354820251465, 1.4619865417480469, 1.428068995475769, 1.3955519199371338, 1.3618230819702148, 1.3343596458435059, 1.3090487718582153, 1.2835396528244019, 1.2575870752334595, 1.2354665994644165, 1.2166545391082764, 1.193543553352356, 1.1753385066986084, 1.1575883626937866, 1.1450809240341187, 1.1249589920043945, 1.1087522506713867, 1.0946388244628906, 1.0809317827224731, 1.065428614616394, 1.0491386651992798, 1.0380300283432007, 1.0274009704589844, 1.0083017349243164, 0.9965623021125793, 0.9920394420623779, 0.9870741963386536, 0.9674170017242432, 0.9516124129295349, 0.9456655383110046, 0.9411895275115967, 0.9206215739250183, 0.9107856154441833, 0.903373122215271, 0.8996524214744568, 0.8867664933204651, 0.8838199377059937, 0.8679343461990356, 0.8547011613845825, 0.8496549725532532, 0.8375858664512634, 0.8315123319625854, 0.8241100311279297, 0.8122861981391907], "landscape_losses": [2.564897298812866, 2.1559295654296875, 1.887425422668457, 1.676309585571289, 1.4940290451049805, 1.3406325578689575, 1.2187410593032837, 1.096787929534912, 0.9914465546607971, 0.8793779015541077, 0.8113750219345093], "proxy_train_time": 9.2444999050349, "proxy_train_epochs": 50, "dirty_bit": 1, "landscape_term": 8.505877153296261, "speed_term": 7.948881278730841, "mote": 7.083474733657761}