{"id": 6627, "adj_matrix": [[0, 1, 1, 1], [0, 0, 1, 1], [0, 0, 0, 1], [0, 0, 0, 0]], "operations": ["zeros", "nor_conv_3x3", "skip_connect", "nor_conv_1x1", "zeros", "zeros"], "init_channel": 16, "blck_len": 5, "params": 0.351496, "flops": 11.7838, "latency": 0.011488580703735351, "train_per_time": 44.982359646241036, "train_time_200": 8996.471929248208, "train_accuracy_200": 0.3375115359304449, "test_accuracy_200": 0.3246666659291585, "train_time_12": 539.7883157548904, "train_accuracy_12": 0.21241265657207412, "test_accuracy_12": 0.222, "valtest_accuracy_200": 0.61875, "valtest_accuracy_12": 0.405, "proxy_losses": [2.38102650642395, 2.2428128719329834, 2.153350830078125, 2.0811610221862793, 2.022554636001587, 1.9748620986938477, 1.9335236549377441, 1.8982234001159668, 1.8671609163284302, 1.8408925533294678, 1.8160549402236938, 1.7924025058746338, 1.7704685926437378, 1.7499159574508667, 1.7303799390792847, 1.7117836475372314, 1.6938345432281494, 1.6770888566970825, 1.6627453565597534, 1.6451029777526855, 1.630082607269287, 1.6148651838302612, 1.600356936454773, 1.5866577625274658, 1.5717624425888062, 1.556931972503662, 1.5424731969833374, 1.5278631448745728, 1.5153748989105225, 1.5009193420410156, 1.4881037473678589, 1.4755849838256836, 1.463288426399231, 1.4497689008712769, 1.4386333227157593, 1.4263837337493896, 1.4180924892425537, 1.4064115285873413, 1.395970344543457, 1.3816726207733154, 1.3729164600372314, 1.3648523092269897, 1.3591419458389282, 1.3498305082321167, 1.339834451675415, 1.329504370689392, 1.3183772563934326, 1.3096073865890503, 1.2994718551635742, 1.2919809818267822], "landscape_losses": [2.420675754547119, 2.2831852436065674, 2.157046318054199, 2.0163121223449707, 1.8693718910217285, 1.7320412397384644, 1.605747938156128, 1.4870645999908447, 1.3964800834655762, 1.3210608959197998, 1.283875823020935], "proxy_train_time": 7.753371024504304, "proxy_train_epochs": 50, "dirty_bit": 1, "landscape_term": 6.470110270006953, "speed_term": 4.78768289736304, "mote": 5.1293247628358065}