{"id": 6634, "adj_matrix": [[0, 1, 1, 1], [0, 0, 1, 1], [0, 0, 0, 1], [0, 0, 0, 0]], "operations": ["zeros", "zeros", "nor_conv_1x1", "skip_connect", "zeros", "nor_conv_3x3"], "init_channel": 16, "blck_len": 5, "params": 0.351496, "flops": 11.7838, "latency": 0.012792070706685385, "train_per_time": 44.67894812067346, "train_time_200": 8935.789624134692, "train_accuracy_200": 0.2861744671541003, "test_accuracy_200": 0.2825555550808377, "train_time_12": 536.147377448082, "train_accuracy_12": 0.22779828609298072, "test_accuracy_12": 0.2253333327738444, "valtest_accuracy_200": 0.5761, "valtest_accuracy_12": 0.45520000000000005, "proxy_losses": [2.4569692611694336, 2.3501152992248535, 2.267530918121338, 2.2060234546661377, 2.156255006790161, 2.1113991737365723, 2.072537422180176, 2.0376689434051514, 2.006944179534912, 1.9790562391281128, 1.9536793231964111, 1.9309327602386475, 1.9121366739273071, 1.8952476978302002, 1.8817859888076782, 1.8687012195587158, 1.8563899993896484, 1.8446598052978516, 1.8340452909469604, 1.8244248628616333, 1.8151614665985107, 1.8057724237442017, 1.797145128250122, 1.7891499996185303, 1.7824724912643433, 1.774371862411499, 1.7680883407592773, 1.7610514163970947, 1.7545361518859863, 1.7483738660812378, 1.7427926063537598, 1.7385812997817993, 1.7327187061309814, 1.7293670177459717, 1.7231075763702393, 1.7185245752334595, 1.7140355110168457, 1.709566593170166, 1.7059592008590698, 1.70192289352417, 1.697661280632019, 1.6934826374053955, 1.6896439790725708, 1.68588125705719, 1.6840107440948486, 1.6794613599777222, 1.6767550706863403, 1.673322319984436, 1.6703568696975708, 1.667175054550171], "landscape_losses": [2.4775164127349854, 2.355337381362915, 2.241379499435425, 2.123431921005249, 2.013296365737915, 1.9103293418884277, 1.8247315883636475, 1.7616459131240845, 1.713611125946045, 1.6811456680297852, 1.664945125579834], "proxy_train_time": 7.417595465667546, "proxy_train_epochs": 50, "dirty_bit": 1, "landscape_term": 5.660147600391038, "speed_term": 4.019202632294068, "mote": 4.403823583156285}