{"id": 6636, "adj_matrix": [[0, 1, 1, 1], [0, 0, 1, 1], [0, 0, 0, 1], [0, 0, 0, 0]], "operations": ["skip_connect", "nor_conv_3x3", "zeros", "nor_conv_3x3", "skip_connect", "zeros"], "init_channel": 16, "blck_len": 5, "params": 0.566536, "flops": 19.64812, "latency": 0.014424284299214682, "train_per_time": 47.82103346888226, "train_time_200": 9564.206693776452, "train_accuracy_200": 0.46211382114927574, "test_accuracy_200": 0.405444443596734, "train_time_12": 573.8524016265869, "train_accuracy_12": 0.29939353989442086, "test_accuracy_12": 0.2969999996439616, "valtest_accuracy_200": 0.6729999999999999, "valtest_accuracy_12": 0.5436, "proxy_losses": [2.736790418624878, 2.15523099899292, 1.9598159790039062, 1.861087441444397, 1.79741370677948, 1.745074987411499, 1.695148229598999, 1.6523603200912476, 1.6144468784332275, 1.5797258615493774, 1.5506060123443604, 1.524872064590454, 1.5010794401168823, 1.4771682024002075, 1.4534831047058105, 1.432559609413147, 1.4128079414367676, 1.3968443870544434, 1.37350332736969, 1.3534525632858276, 1.3375931978225708, 1.3224445581436157, 1.3033145666122437, 1.2886804342269897, 1.2692599296569824, 1.2544111013412476, 1.2389976978302002, 1.2241411209106445, 1.2158209085464478, 1.2033612728118896, 1.1902457475662231, 1.1779544353485107, 1.1635116338729858, 1.1513794660568237, 1.1388345956802368, 1.1215041875839233, 1.113603949546814, 1.0965197086334229, 1.0844392776489258, 1.0731030702590942, 1.0658044815063477, 1.0530188083648682, 1.043869137763977, 1.0403804779052734, 1.032302737236023, 1.0182676315307617, 1.0089539289474487, 0.9951037168502808, 0.9878655076026917, 0.9793211221694946], "landscape_losses": [2.8494155406951904, 2.3641488552093506, 2.081055164337158, 1.8449633121490479, 1.6478359699249268, 1.4691619873046875, 1.3303943872451782, 1.2165992259979248, 1.1133354902267456, 1.0309492349624634, 0.9700903296470642], "proxy_train_time": 7.283357172273099, "proxy_train_epochs": 50, "dirty_bit": 1, "landscape_term": 7.556626429905544, "speed_term": 5.397679878311967, "mote": 5.993055732366768}