{"id": 6673, "adj_matrix": [[0, 1, 1, 1], [0, 0, 1, 1], [0, 0, 0, 1], [0, 0, 0, 0]], "operations": ["skip_connect", "zeros", "skip_connect", "nor_conv_1x1", "nor_conv_1x1", "avg_pool_3x3"], "init_channel": 16, "blck_len": 5, "params": 0.136456, "flops": 3.91948, "latency": 0.014760573705037435, "train_per_time": 45.15979262137427, "train_time_200": 9031.958524274854, "train_accuracy_200": 0.36154032082738946, "test_accuracy_200": 0.3385555552164714, "train_time_12": 541.9175114564897, "train_accuracy_12": 0.2306789716525697, "test_accuracy_12": 0.238666666208903, "valtest_accuracy_200": 0.6336666666666667, "valtest_accuracy_12": 0.43079999999999996, "proxy_losses": [2.6975927352905273, 2.27824330329895, 2.047168731689453, 1.926255464553833, 1.8542265892028809, 1.7974140644073486, 1.7512677907943726, 1.7124063968658447, 1.6780681610107422, 1.6463029384613037, 1.6220663785934448, 1.5965313911437988, 1.5741183757781982, 1.5570131540298462, 1.5361382961273193, 1.5194501876831055, 1.5049694776535034, 1.4891129732131958, 1.475101113319397, 1.4610310792922974, 1.4513527154922485, 1.4384546279907227, 1.4250742197036743, 1.4157449007034302, 1.4022014141082764, 1.3930878639221191, 1.3817232847213745, 1.370721697807312, 1.3611772060394287, 1.3478952646255493, 1.339188575744629, 1.3279707431793213, 1.3197789192199707, 1.308851718902588, 1.30186128616333, 1.2969403266906738, 1.28878653049469, 1.2765862941741943, 1.269295573234558, 1.2586932182312012, 1.2533539533615112, 1.243442416191101, 1.235353946685791, 1.2304646968841553, 1.2247871160507202, 1.222495198249817, 1.2129920721054077, 1.2083003520965576, 1.2011151313781738, 1.1921522617340088], "landscape_losses": [2.7723770141601562, 2.4154272079467773, 2.1941871643066406, 1.9844211339950562, 1.815517783164978, 1.6465590000152588, 1.487852692604065, 1.3706588745117188, 1.280151128768921, 1.21690034866333, 1.187381386756897], "proxy_train_time": 6.290696409530938, "proxy_train_epochs": 50, "dirty_bit": 1, "landscape_term": 6.739308689599594, "speed_term": 4.254821842406221, "mote": 5.205787869579307}