{"id": 674, "adj_matrix": [[0, 1, 1, 1], [0, 0, 1, 1], [0, 0, 0, 1], [0, 0, 0, 0]], "operations": ["zeros", "zeros", "nor_conv_1x1", "avg_pool_3x3", "zeros", "nor_conv_1x1"], "init_channel": 16, "blck_len": 5, "params": 0.136456, "flops": 3.91948, "latency": 0.01424224376678467, "train_per_time": 46.06179377158498, "train_time_200": 9212.358754316996, "train_accuracy_200": 0.16865084597169108, "test_accuracy_200": 0.1591111107296414, "train_time_12": 552.7415252590177, "train_accuracy_12": 0.12566249176608785, "test_accuracy_12": 0.1286666663869222, "valtest_accuracy_200": 0.46759999999999996, "valtest_accuracy_12": 0.30219999999999997, "proxy_losses": [2.393867254257202, 2.2990362644195557, 2.220949649810791, 2.1589086055755615, 2.1085779666900635, 2.0698165893554688, 2.0385797023773193, 2.0114517211914062, 1.988875389099121, 1.9681429862976074, 1.949829339981079, 1.9316651821136475, 1.9157322645187378, 1.9012500047683716, 1.8872932195663452, 1.8724875450134277, 1.8595279455184937, 1.8481765985488892, 1.8379132747650146, 1.828036904335022, 1.8202074766159058, 1.8124440908432007, 1.8047627210617065, 1.7981898784637451, 1.7924214601516724, 1.7864271402359009, 1.780721664428711, 1.7764732837677002, 1.7705308198928833, 1.767728567123413, 1.762289047241211, 1.7567135095596313, 1.7531459331512451, 1.7500413656234741, 1.7449406385421753, 1.7420648336410522, 1.737926959991455, 1.7355263233184814, 1.7323349714279175, 1.728211522102356, 1.725283145904541, 1.723584771156311, 1.7199652194976807, 1.7170034646987915, 1.7151978015899658, 1.7111603021621704, 1.7088344097137451, 1.7060757875442505, 1.7039449214935303, 1.700966238975525], "landscape_losses": [2.4130821228027344, 2.3098831176757812, 2.2024147510528564, 2.0937070846557617, 1.9916605949401855, 1.901645302772522, 1.8293778896331787, 1.7741825580596924, 1.738264799118042, 1.7123637199401855, 1.6985756158828735], "proxy_train_time": 7.5079839220270514, "proxy_train_epochs": 50, "dirty_bit": 1, "landscape_term": 5.665229701969064, "speed_term": 4.0550714161993975, "mote": 4.415098358390389}