{"id": 6840, "adj_matrix": [[0, 1, 1, 1], [0, 0, 1, 1], [0, 0, 0, 1], [0, 0, 0, 0]], "operations": ["nor_conv_3x3", "skip_connect", "nor_conv_1x1", "avg_pool_3x3", "nor_conv_1x1", "nor_conv_3x3"], "init_channel": 16, "blck_len": 5, "params": 0.622536, "flops": 21.6142, "latency": 0.01649777889251709, "train_per_time": 74.70156775212304, "train_time_200": 14940.31355042461, "train_accuracy_200": 0.5254119973647257, "test_accuracy_200": 0.4183333333333333, "train_time_12": 896.4188130254744, "train_accuracy_12": 0.28835201055015003, "test_accuracy_12": 0.2889999991861979, "valtest_accuracy_200": 0.68345, "valtest_accuracy_12": 0.5034000000000001, "proxy_losses": [2.5909039974212646, 1.8899074792861938, 1.6869990825653076, 1.5720735788345337, 1.4959795475006104, 1.4348386526107788, 1.3884401321411133, 1.3429300785064697, 1.3059186935424805, 1.2648916244506836, 1.230854868888855, 1.1936196088790894, 1.1674015522003174, 1.137804627418518, 1.1102254390716553, 1.0714658498764038, 1.0501377582550049, 1.0373603105545044, 1.008790373802185, 0.9894522428512573, 0.9636005163192749, 0.9445693492889404, 0.9229444265365601, 0.9082542061805725, 0.8907498121261597, 0.8748681545257568, 0.8657774329185486, 0.847578227519989, 0.8319206833839417, 0.8312159180641174, 0.8104562759399414, 0.7914636731147766, 0.7850404977798462, 0.7791968584060669, 0.7870133519172668, 0.7665955424308777, 0.7469893097877502, 0.7395402193069458, 0.7259036898612976, 0.7183542251586914, 0.7164671421051025, 0.7050478458404541, 0.6995309591293335, 0.6919363737106323, 0.6687307357788086, 0.66526198387146, 0.6559081673622131, 0.6495897173881531, 0.6423855423927307, 0.6308201551437378], "landscape_losses": [2.7905633449554443, 2.1611318588256836, 1.793567180633545, 1.5314844846725464, 1.3099368810653687, 1.13628089427948, 0.9756481647491455, 0.8506279587745667, 0.7443743348121643, 0.675803542137146, 0.6394836902618408], "proxy_train_time": 9.14582190848887, "proxy_train_epochs": 50, "dirty_bit": 1, "landscape_term": 10.262493411807766, "speed_term": 9.104359473346832, "mote": 8.424550819159755}