{"id": 6862, "adj_matrix": [[0, 1, 1, 1], [0, 0, 1, 1], [0, 0, 0, 1], [0, 0, 0, 0]], "operations": ["avg_pool_3x3", "nor_conv_1x1", "zeros", "nor_conv_3x3", "nor_conv_3x3", "skip_connect"], "init_channel": 16, "blck_len": 5, "params": 0.594536, "flops": 20.63116, "latency": 0.014545726776123046, "train_per_time": 66.17512070926024, "train_time_200": 13235.024141852047, "train_accuracy_200": 0.48700725117119503, "test_accuracy_200": 0.42316666646321616, "train_time_12": 794.1014485111237, "train_accuracy_12": 0.23412656558897438, "test_accuracy_12": 0.24066666676839193, "valtest_accuracy_200": 0.6895500000000001, "valtest_accuracy_12": 0.46590000000000004, "proxy_losses": [2.3783059120178223, 1.8901031017303467, 1.737187147140503, 1.6506776809692383, 1.584472417831421, 1.5270317792892456, 1.4805529117584229, 1.4397777318954468, 1.4023386240005493, 1.3677780628204346, 1.339531421661377, 1.3095195293426514, 1.2846046686172485, 1.2602651119232178, 1.2381240129470825, 1.214174509048462, 1.1916035413742065, 1.1750571727752686, 1.162651538848877, 1.143441081047058, 1.131485104560852, 1.1116950511932373, 1.0902918577194214, 1.0784404277801514, 1.062695860862732, 1.0442404747009277, 1.0334707498550415, 1.0249944925308228, 1.0100828409194946, 0.994439959526062, 0.9841363430023193, 0.9718859195709229, 0.9585389494895935, 0.951046884059906, 0.9332213997840881, 0.9202027320861816, 0.9162567257881165, 0.909171998500824, 0.901635468006134, 0.8857582807540894, 0.8802551627159119, 0.8648680448532104, 0.8598358631134033, 0.8468575477600098, 0.8514456152915955, 0.847551167011261, 0.832588255405426, 0.8119457364082336, 0.8006790280342102, 0.7989638447761536], "landscape_losses": [2.507415533065796, 2.0991060733795166, 1.8565887212753296, 1.6597594022750854, 1.4844228029251099, 1.3326119184494019, 1.2270619869232178, 1.0632480382919312, 0.9601449370384216, 0.8563926815986633, 0.7949564456939697], "proxy_train_time": 8.385037558153272, "proxy_train_epochs": 50, "dirty_bit": 1, "landscape_term": 8.662995715747424, "speed_term": 7.344230828961598, "mote": 7.08654673584747}