{"id": 693, "adj_matrix": [[0, 1, 1, 1], [0, 0, 1, 1], [0, 0, 0, 1], [0, 0, 0, 0]], "operations": ["avg_pool_3x3", "zeros", "skip_connect", "zeros", "avg_pool_3x3", "skip_connect"], "init_channel": 16, "blck_len": 5, "params": 0.080456, "flops": 1.9534, "latency": 0.008841109275817872, "train_per_time": 28.485065180540023, "train_time_200": 5697.013036108005, "train_accuracy_200": 0.14388925511304218, "test_accuracy_200": 0.1384444442070855, "train_time_12": 341.82078216648097, "train_accuracy_12": 0.10258404746159332, "test_accuracy_12": 0.0999999998474121, "valtest_accuracy_200": 0.40659999999999996, "valtest_accuracy_12": 0.21350000000000002, "proxy_losses": [3.609011650085449, 2.865525484085083, 2.4300129413604736, 2.230257511138916, 2.1354150772094727, 2.0600080490112305, 2.003009080886841, 1.9562617540359497, 1.9143277406692505, 1.8805755376815796, 1.850818395614624, 1.8253366947174072, 1.8064879179000854, 1.788710117340088, 1.7763280868530273, 1.7638236284255981, 1.7533637285232544, 1.7424973249435425, 1.7330509424209595, 1.7247421741485596, 1.7163515090942383, 1.710077166557312, 1.70076584815979, 1.6955920457839966, 1.687964677810669, 1.6826212406158447, 1.6766974925994873, 1.672108769416809, 1.6651275157928467, 1.6619291305541992, 1.6577417850494385, 1.6521672010421753, 1.647608995437622, 1.6430578231811523, 1.641037106513977, 1.6370512247085571, 1.6314493417739868, 1.6288418769836426, 1.6246793270111084, 1.62022066116333, 1.6167981624603271, 1.6130499839782715, 1.610379934310913, 1.6060497760772705, 1.602090835571289, 1.5984697341918945, 1.594468116760254, 1.5927605628967285, 1.5880705118179321, 1.584760308265686], "landscape_losses": [3.6865859031677246, 3.081407308578491, 2.705580949783325, 2.3910648822784424, 2.1512579917907715, 1.9466681480407715, 1.8112208843231201, 1.7034351825714111, 1.6410783529281616, 1.6073309183120728, 1.583235740661621], "proxy_train_time": 4.484313401393592, "proxy_train_epochs": 50, "dirty_bit": 1, "landscape_term": 5.3644388907330365, "speed_term": 2.4882563928294967, "mote": 3.836161983962853}