{"id": 700, "adj_matrix": [[0, 1, 1, 1], [0, 0, 1, 1], [0, 0, 0, 1], [0, 0, 0, 0]], "operations": ["skip_connect", "zeros", "skip_connect", "skip_connect", "nor_conv_3x3", "zeros"], "init_channel": 16, "blck_len": 5, "params": 0.323496, "flops": 10.800760000000002, "latency": 0.00931992530822754, "train_per_time": 31.978620656252062, "train_time_200": 6395.724131250412, "train_accuracy_200": 0.46248736543028834, "test_accuracy_200": 0.39422222167968746, "train_time_12": 383.74344787502287, "train_accuracy_12": 0.300863546477326, "test_accuracy_12": 0.2956666660054525, "valtest_accuracy_200": 0.6633333333333333, "valtest_accuracy_12": 0.536, "proxy_losses": [2.6096322536468506, 2.0147786140441895, 1.8433645963668823, 1.7539644241333008, 1.6982678174972534, 1.6529173851013184, 1.6129266023635864, 1.5776423215866089, 1.545505166053772, 1.5176750421524048, 1.4884759187698364, 1.4639893770217896, 1.4416329860687256, 1.421128749847412, 1.397763967514038, 1.3757542371749878, 1.3553136587142944, 1.3363734483718872, 1.3184380531311035, 1.3030017614364624, 1.282889485359192, 1.2687052488327026, 1.250215768814087, 1.2393721342086792, 1.2235876321792603, 1.20628023147583, 1.1909308433532715, 1.1761335134506226, 1.1670658588409424, 1.1540535688400269, 1.1478735208511353, 1.1300359964370728, 1.1164655685424805, 1.1051453351974487, 1.0980175733566284, 1.082780361175537, 1.0746675729751587, 1.0598983764648438, 1.0485873222351074, 1.0409200191497803, 1.0320547819137573, 1.0256825685501099, 1.0177640914916992, 1.015723705291748, 1.0101875066757202, 1.0098528861999512, 0.9995121359825134, 0.990332841873169, 0.9786601662635803, 0.9707931876182556], "landscape_losses": [2.72143816947937, 2.239842414855957, 1.9661705493927002, 1.7639514207839966, 1.5956097841262817, 1.4490151405334473, 1.305076003074646, 1.171665906906128, 1.0676034688949585, 0.9892974495887756, 0.9589620232582092], "proxy_train_time": 5.688119992613792, "proxy_train_epochs": 50, "dirty_bit": 1, "landscape_term": 7.816282601680756, "speed_term": 4.38608881064227, "mote": 5.966907655396071}