{"id": 7014, "adj_matrix": [[0, 1, 1, 1], [0, 0, 1, 1], [0, 0, 0, 1], [0, 0, 0, 0]], "operations": ["nor_conv_1x1", "zeros", "skip_connect", "zeros", "skip_connect", "nor_conv_1x1"], "init_channel": 16, "blck_len": 5, "params": 0.136456, "flops": 3.91948, "latency": 0.013447213172912597, "train_per_time": 41.106169680436366, "train_time_200": 8221.233936087274, "train_accuracy_200": 0.3473994726418663, "test_accuracy_200": 0.32349999941507973, "train_time_12": 493.2740361652374, "train_accuracy_12": 0.19596572182290084, "test_accuracy_12": 0.2046666665649414, "valtest_accuracy_200": 0.6228, "valtest_accuracy_12": 0.3166, "proxy_losses": [2.5146474838256836, 2.2546443939208984, 2.1220545768737793, 2.0245249271392822, 1.9485925436019897, 1.888745903968811, 1.8391358852386475, 1.7999558448791504, 1.7635247707366943, 1.730406641960144, 1.7007741928100586, 1.6712902784347534, 1.6442720890045166, 1.619694709777832, 1.5932435989379883, 1.571486234664917, 1.5502748489379883, 1.5304700136184692, 1.5089634656906128, 1.4874274730682373, 1.4680277109146118, 1.4497122764587402, 1.4330646991729736, 1.4156506061553955, 1.398241639137268, 1.3821475505828857, 1.3643074035644531, 1.347536325454712, 1.331936001777649, 1.3227459192276, 1.3037949800491333, 1.2886546850204468, 1.2799023389816284, 1.2638720273971558, 1.2506991624832153, 1.2393203973770142, 1.2293235063552856, 1.21607506275177, 1.209000825881958, 1.200993299484253, 1.1916495561599731, 1.1846016645431519, 1.1678415536880493, 1.1576939821243286, 1.1513129472732544, 1.1378954648971558, 1.1340080499649048, 1.1206096410751343, 1.1139832735061646, 1.1046563386917114], "landscape_losses": [2.5870273113250732, 2.3232758045196533, 2.1248257160186768, 1.9361138343811035, 1.7618950605392456, 1.6079195737838745, 1.4548656940460205, 1.3276523351669312, 1.221724510192871, 1.1439741849899292, 1.0973531007766724], "proxy_train_time": 6.462244995869696, "proxy_train_epochs": 50, "dirty_bit": 1, "landscape_term": 7.038090851478273, "speed_term": 4.388717433463868, "mote": 5.4388458570758065}