{"id": 7080, "adj_matrix": [[0, 1, 1, 1], [0, 0, 1, 1], [0, 0, 0, 1], [0, 0, 0, 0]], "operations": ["zeros", "avg_pool_3x3", "avg_pool_3x3", "zeros", "skip_connect", "zeros"], "init_channel": 16, "blck_len": 5, "params": 0.080456, "flops": 1.9534, "latency": 0.009631999333699544, "train_per_time": 31.842554823160082, "train_time_200": 6368.510964632016, "train_accuracy_200": 0.008569545155052457, "test_accuracy_200": 0.008333333329094783, "train_time_12": 382.11065787792216, "train_accuracy_12": 0.008569545155052457, "test_accuracy_12": 0.008333333320617677, "valtest_accuracy_200": 0.01, "valtest_accuracy_12": 0.01, "proxy_losses": [2.302616834640503, 2.3026039600372314, 2.302593946456909, 2.3025975227355957, 2.302593469619751, 2.30259370803833, 2.30259108543396, 2.302593469619751, 2.3025901317596436, 2.3025965690612793, 2.3025898933410645, 2.302593231201172, 2.3025922775268555, 2.3025896549224854, 2.3025906085968018, 2.302595615386963, 2.3025918006896973, 2.30259370803833, 2.3025906085968018, 2.3025894165039062, 2.30259108543396, 2.30259108543396, 2.3025901317596436, 2.3025882244110107, 2.302593469619751, 2.30259370803833, 2.3025918006896973, 2.3025968074798584, 2.30259108543396, 2.3025901317596436, 2.302593469619751, 2.3025965690612793, 2.3025944232940674, 2.302593469619751, 2.3025941848754883, 2.3025901317596436, 2.302591562271118, 2.3025929927825928, 2.3025944232940674, 2.3025898933410645, 2.302598476409912, 2.3025941848754883, 2.3025906085968018, 2.3025944232940674, 2.3025918006896973, 2.302593231201172, 2.3025929927825928, 2.302593469619751, 2.302598237991333, 2.302593469619751], "landscape_losses": [2.3025922775268555, 2.3025918006896973, 2.30259108543396, 2.3025922775268555, 2.3025901317596436, 2.3025906085968018, 2.3025941848754883, 2.3025925159454346, 2.3025925159454346, 2.3025918006896973, 2.302595376968384], "proxy_train_time": 5.341034559533, "proxy_train_epochs": 50, "dirty_bit": 1, "landscape_term": 4.7772244849644565, "speed_term": 2.3195733263788862, "mote": 3.3712738941983176}