{"id": 7102, "adj_matrix": [[0, 1, 1, 1], [0, 0, 1, 1], [0, 0, 0, 1], [0, 0, 0, 0]], "operations": ["nor_conv_3x3", "nor_conv_1x1", "zeros", "avg_pool_3x3", "nor_conv_3x3", "nor_conv_1x1"], "init_channel": 16, "blck_len": 5, "params": 0.622536, "flops": 21.6142, "latency": 0.016976014773050944, "train_per_time": 75.04149241979935, "train_time_200": 15008.298483959872, "train_accuracy_200": 0.5623291584397955, "test_accuracy_200": 0.4177777780490451, "train_time_12": 900.49790903759, "train_accuracy_12": 0.30988793672122844, "test_accuracy_12": 0.3046666660054525, "valtest_accuracy_200": 0.6936666666666667, "valtest_accuracy_12": 0.5155, "proxy_losses": [2.515202045440674, 1.9229754209518433, 1.7651617527008057, 1.6688109636306763, 1.5837992429733276, 1.5126296281814575, 1.4491055011749268, 1.3950278759002686, 1.351405382156372, 1.3053921461105347, 1.2692068815231323, 1.234349250793457, 1.2057394981384277, 1.1833380460739136, 1.151444911956787, 1.1232101917266846, 1.0994676351547241, 1.0737524032592773, 1.0591896772384644, 1.0312362909317017, 1.0156378746032715, 0.9947572350502014, 0.9756763577461243, 0.9562190175056458, 0.9379027485847473, 0.9276254773139954, 0.9072672724723816, 0.8919211030006409, 0.8816707730293274, 0.8679362535476685, 0.8536549806594849, 0.8356552720069885, 0.8231478333473206, 0.8127896189689636, 0.8150747418403625, 0.8011762499809265, 0.7867119312286377, 0.7765893340110779, 0.763186514377594, 0.7509093880653381, 0.7280690670013428, 0.7227176427841187, 0.7242026925086975, 0.728413999080658, 0.7279908061027527, 0.7130847573280334, 0.6975163221359253, 0.6787601709365845, 0.6657682061195374, 0.6644554138183594], "landscape_losses": [2.7015202045440674, 2.1572887897491455, 1.859932780265808, 1.6382577419281006, 1.401368260383606, 1.216456413269043, 1.048842430114746, 0.9099191427230835, 0.7977010607719421, 0.7180895209312439, 0.6522655487060547], "proxy_train_time": 9.80520174279809, "proxy_train_epochs": 50, "dirty_bit": 1, "landscape_term": 9.749148534143163, "speed_term": 9.36917284323859, "mote": 8.131462977202888}