{"id": 7151, "adj_matrix": [[0, 1, 1, 1], [0, 0, 1, 1], [0, 0, 0, 1], [0, 0, 0, 0]], "operations": ["nor_conv_3x3", "avg_pool_3x3", "nor_conv_1x1", "avg_pool_3x3", "zeros", "avg_pool_3x3"], "init_channel": 16, "blck_len": 5, "params": 0.351496, "flops": 11.7838, "latency": 0.015977442264556885, "train_per_time": 60.75223215333612, "train_time_200": 12150.446430667223, "train_accuracy_200": 0.31068556361817656, "test_accuracy_200": 0.2949999994913737, "train_time_12": 729.0267858400344, "train_accuracy_12": 0.19599868160944356, "test_accuracy_12": 0.18933333251953127, "valtest_accuracy_200": 0.60125, "valtest_accuracy_12": 0.3778, "proxy_losses": [3.318903923034668, 2.4066591262817383, 2.0568318367004395, 1.8452069759368896, 1.7198131084442139, 1.6443504095077515, 1.5867207050323486, 1.5476906299591064, 1.5099378824234009, 1.4775443077087402, 1.4475319385528564, 1.4204480648040771, 1.3946138620376587, 1.372388243675232, 1.3512187004089355, 1.3270537853240967, 1.3051501512527466, 1.2873246669769287, 1.2685692310333252, 1.2499580383300781, 1.2288329601287842, 1.2116355895996094, 1.1943848133087158, 1.1766387224197388, 1.1585476398468018, 1.14516019821167, 1.129416584968567, 1.1148813962936401, 1.1103345155715942, 1.0977801084518433, 1.080601453781128, 1.0652841329574585, 1.0518698692321777, 1.0448206663131714, 1.0254123210906982, 1.0107314586639404, 1.0004020929336548, 0.9882326126098633, 0.9777102470397949, 0.9661715030670166, 0.9584133625030518, 0.9452650547027588, 0.9362432360649109, 0.9320186376571655, 0.9189760684967041, 0.9076098799705505, 0.896268367767334, 0.8870561718940735, 0.8820814490318298, 0.884194016456604], "landscape_losses": [3.4613518714904785, 2.745305299758911, 2.3478004932403564, 2.01690673828125, 1.7366453409194946, 1.4877616167068481, 1.294182300567627, 1.1390695571899414, 1.0090701580047607, 0.9156754016876221, 0.8726530075073242], "proxy_train_time": 7.5585261238738894, "proxy_train_epochs": 50, "dirty_bit": 1, "landscape_term": 7.702505945241457, "speed_term": 5.954887842952934, "mote": 6.196625954785651}