{"id": 7171, "adj_matrix": [[0, 1, 1, 1], [0, 0, 1, 1], [0, 0, 0, 1], [0, 0, 0, 0]], "operations": ["zeros", "nor_conv_1x1", "zeros", "avg_pool_3x3", "nor_conv_3x3", "avg_pool_3x3"], "init_channel": 16, "blck_len": 5, "params": 0.351496, "flops": 11.7838, "latency": 0.014687275886535645, "train_per_time": 54.3204666807651, "train_time_200": 10864.09333615302, "train_accuracy_200": 0.30258404746360507, "test_accuracy_200": 0.26916666598002115, "train_time_12": 651.845600169182, "train_accuracy_12": 0.18996044825212532, "test_accuracy_12": 0.19833333267211914, "valtest_accuracy_200": 0.60445, "valtest_accuracy_12": 0.37829999999999997, "proxy_losses": [2.9043238162994385, 2.536432981491089, 2.2910361289978027, 2.1280405521392822, 2.013705015182495, 1.9269673824310303, 1.8620611429214478, 1.8133655786514282, 1.7760685682296753, 1.7470742464065552, 1.7205694913864136, 1.6984823942184448, 1.6767574548721313, 1.6610783338546753, 1.6451390981674194, 1.6297727823257446, 1.6156960725784302, 1.6019035577774048, 1.5886423587799072, 1.5771335363388062, 1.5656046867370605, 1.5561506748199463, 1.5453627109527588, 1.535696268081665, 1.5244028568267822, 1.5116504430770874, 1.503400444984436, 1.4931212663650513, 1.4830124378204346, 1.4742250442504883, 1.4627065658569336, 1.4522931575775146, 1.4441585540771484, 1.4336764812469482, 1.4230117797851562, 1.4150569438934326, 1.4047313928604126, 1.396202802658081, 1.3847665786743164, 1.3747837543487549, 1.3669081926345825, 1.360703945159912, 1.3507590293884277, 1.3365693092346191, 1.3322027921676636, 1.320927619934082, 1.3128032684326172, 1.3015185594558716, 1.2937425374984741, 1.2843149900436401], "landscape_losses": [2.968648910522461, 2.6207146644592285, 2.3487789630889893, 2.0955846309661865, 1.8827406167984009, 1.7146234512329102, 1.5776618719100952, 1.4691033363342285, 1.3730467557907104, 1.3118064403533936, 1.2809982299804688], "proxy_train_time": 8.729229834862053, "proxy_train_epochs": 50, "dirty_bit": 1, "landscape_term": 6.321527656977491, "speed_term": 5.451767350634499, "mote": 5.156296516152428}