{"id": 7221, "adj_matrix": [[0, 1, 1, 1], [0, 0, 1, 1], [0, 0, 0, 1], [0, 0, 0, 0]], "operations": ["zeros", "nor_conv_3x3", "nor_conv_3x3", "avg_pool_3x3", "avg_pool_3x3", "avg_pool_3x3"], "init_channel": 16, "blck_len": 5, "params": 0.566536, "flops": 19.64812, "latency": 0.01445145606994629, "train_per_time": 63.418830219586965, "train_time_200": 12683.766043917392, "train_accuracy_200": 0.33129202372953936, "test_accuracy_200": 0.30499999954223633, "train_time_12": 761.0259626350402, "train_accuracy_12": 0.2041463414699527, "test_accuracy_12": 0.2119999993387858, "valtest_accuracy_200": 0.61795, "valtest_accuracy_12": 0.40590000000000004, "proxy_losses": [2.335829496383667, 1.9075438976287842, 1.7737009525299072, 1.7003273963928223, 1.6502195596694946, 1.603821873664856, 1.5628068447113037, 1.5261558294296265, 1.4951003789901733, 1.464219331741333, 1.4306858777999878, 1.4035669565200806, 1.3792855739593506, 1.3522584438323975, 1.3271833658218384, 1.3052704334259033, 1.2822997570037842, 1.2624441385269165, 1.241986870765686, 1.2253472805023193, 1.215834379196167, 1.195678949356079, 1.1810483932495117, 1.1688388586044312, 1.1498944759368896, 1.1373164653778076, 1.1215823888778687, 1.1065388917922974, 1.0961997509002686, 1.0844470262527466, 1.0770386457443237, 1.064612627029419, 1.0554224252700806, 1.0377540588378906, 1.029288649559021, 1.0081422328948975, 1.0042917728424072, 1.0079525709152222, 0.9875436425209045, 0.9792154431343079, 0.9635576009750366, 0.9583486318588257, 0.9515607357025146, 0.9447729587554932, 0.9424609541893005, 0.930006742477417, 0.9235844612121582, 0.9187986254692078, 0.9062463641166687, 0.8987005949020386], "landscape_losses": [2.453310012817383, 2.091911792755127, 1.8866320848464966, 1.7219246625900269, 1.5518102645874023, 1.395864725112915, 1.2544054985046387, 1.1179362535476685, 1.0041911602020264, 0.930182933807373, 0.8921401500701904], "proxy_train_time": 8.12183197028935, "proxy_train_epochs": 50, "dirty_bit": 1, "landscape_term": 8.240724796351264, "speed_term": 6.627174374471328, "mote": 6.68023902557774}