{"id": 7228, "adj_matrix": [[0, 1, 1, 1], [0, 0, 1, 1], [0, 0, 0, 1], [0, 0, 0, 0]], "operations": ["zeros", "nor_conv_3x3", "avg_pool_3x3", "nor_conv_3x3", "skip_connect", "skip_connect"], "init_channel": 16, "blck_len": 5, "params": 0.566536, "flops": 19.64812, "latency": 0.010913491249084473, "train_per_time": 53.56232450381919, "train_time_200": 10712.464900763838, "train_accuracy_200": 0.45156558999078555, "test_accuracy_200": 0.3926666667175293, "train_time_12": 642.7478940458296, "train_accuracy_12": 0.22418589322134785, "test_accuracy_12": 0.23333333282470703, "valtest_accuracy_200": 0.67265, "valtest_accuracy_12": 0.49340000000000006, "proxy_losses": [2.269615411758423, 1.8536086082458496, 1.7052968740463257, 1.6177544593811035, 1.5502437353134155, 1.4945601224899292, 1.4461400508880615, 1.401708960533142, 1.3623391389846802, 1.331944465637207, 1.2968255281448364, 1.2674837112426758, 1.2420191764831543, 1.2195528745651245, 1.1931285858154297, 1.1703413724899292, 1.1516345739364624, 1.132177472114563, 1.1097408533096313, 1.0937470197677612, 1.0725716352462769, 1.058769941329956, 1.0449081659317017, 1.023010015487671, 1.0096957683563232, 0.992134153842926, 0.9855655431747437, 0.9607824087142944, 0.9531205892562866, 0.9504368305206299, 0.9299966096878052, 0.9100816249847412, 0.9065371155738831, 0.8870505094528198, 0.8747102618217468, 0.8681963682174683, 0.8656501770019531, 0.8541561365127563, 0.8381165862083435, 0.8306026458740234, 0.8260398507118225, 0.8147727847099304, 0.8179984092712402, 0.8025814294815063, 0.7912520170211792, 0.7812729477882385, 0.7751458883285522, 0.7664763927459717, 0.7713448405265808, 0.7588369846343994], "landscape_losses": [2.36614727973938, 1.990178108215332, 1.7761601209640503, 1.5917378664016724, 1.4404252767562866, 1.2908068895339966, 1.1528689861297607, 1.0224300622940063, 0.9162620902061462, 0.812816321849823, 0.7694629430770874], "proxy_train_time": 7.184089250862598, "proxy_train_epochs": 50, "dirty_bit": 1, "landscape_term": 9.052052679391638, "speed_term": 6.575021638396465, "mote": 7.210482997140856}