{"id": 7247, "adj_matrix": [[0, 1, 1, 1], [0, 0, 1, 1], [0, 0, 0, 1], [0, 0, 0, 0]], "operations": ["avg_pool_3x3", "avg_pool_3x3", "nor_conv_3x3", "zeros", "skip_connect", "zeros"], "init_channel": 16, "blck_len": 5, "params": 0.323496, "flops": 10.80076, "latency": 0.011658239364624023, "train_per_time": 45.19469941767057, "train_time_200": 9038.939883534114, "train_accuracy_200": 0.16937705999008512, "test_accuracy_200": 0.15916666655222575, "train_time_12": 542.3363930120469, "train_accuracy_12": 0.12906394199404028, "test_accuracy_12": 0.132666666208903, "valtest_accuracy_200": 0.46845, "valtest_accuracy_12": 0.2952, "proxy_losses": [2.406214714050293, 2.2943317890167236, 2.207414150238037, 2.1403539180755615, 2.085590124130249, 2.042628526687622, 2.0051815509796143, 1.9714568853378296, 1.9408178329467773, 1.9183481931686401, 1.8968671560287476, 1.878875732421875, 1.8643195629119873, 1.8490045070648193, 1.8368099927902222, 1.8259589672088623, 1.8164105415344238, 1.8074498176574707, 1.7989228963851929, 1.7929574251174927, 1.7873589992523193, 1.7813771963119507, 1.776079535484314, 1.770814061164856, 1.7664951086044312, 1.761763334274292, 1.7593443393707275, 1.7533717155456543, 1.7496120929718018, 1.74625825881958, 1.743009328842163, 1.7388019561767578, 1.7348788976669312, 1.733296275138855, 1.729344367980957, 1.726706862449646, 1.724351167678833, 1.7210816144943237, 1.7176235914230347, 1.7156122922897339, 1.7119030952453613, 1.7093759775161743, 1.7069753408432007, 1.7046231031417847, 1.7024879455566406, 1.7023398876190186, 1.6978572607040405, 1.6952099800109863, 1.6933954954147339, 1.6914814710617065], "landscape_losses": [2.4253199100494385, 2.2970502376556396, 2.1784515380859375, 2.067321300506592, 1.9586567878723145, 1.8710023164749146, 1.807923436164856, 1.7559244632720947, 1.7238588333129883, 1.7018024921417236, 1.68900465965271], "proxy_train_time": 7.518480223603547, "proxy_train_epochs": 50, "dirty_bit": 1, "landscape_term": 5.717836114926652, "speed_term": 4.115982847683773, "mote": 4.46518499405204}