{"id": 726, "adj_matrix": [[0, 1, 1, 1], [0, 0, 1, 1], [0, 0, 0, 1], [0, 0, 0, 0]], "operations": ["zeros", "zeros", "nor_conv_1x1", "nor_conv_3x3", "nor_conv_1x1", "nor_conv_1x1"], "init_channel": 16, "blck_len": 5, "params": 0.407496, "flops": 13.74988, "latency": 0.016845858097076415, "train_per_time": 65.95912036458674, "train_time_200": 13191.824072917347, "train_accuracy_200": 0.4473302570898751, "test_accuracy_200": 0.38983333236694334, "train_time_12": 791.5094443750382, "train_accuracy_12": 0.22054054055261077, "test_accuracy_12": 0.22333333338419595, "valtest_accuracy_200": 0.6757, "valtest_accuracy_12": 0.4754, "proxy_losses": [2.230473756790161, 1.9970755577087402, 1.8774781227111816, 1.7901980876922607, 1.7253576517105103, 1.6733918190002441, 1.6276888847351074, 1.5875990390777588, 1.5513253211975098, 1.5153851509094238, 1.4835883378982544, 1.451167345046997, 1.4238595962524414, 1.3928931951522827, 1.366267442703247, 1.3446966409683228, 1.3201035261154175, 1.297019362449646, 1.2753207683563232, 1.2497340440750122, 1.2308995723724365, 1.2125951051712036, 1.1935752630233765, 1.1745679378509521, 1.155983328819275, 1.1404972076416016, 1.1237590312957764, 1.1091076135635376, 1.0925641059875488, 1.0783708095550537, 1.0555545091629028, 1.0434017181396484, 1.0331801176071167, 1.0155304670333862, 1.0010343790054321, 0.9980683326721191, 0.9748236536979675, 0.9652583003044128, 0.9506528377532959, 0.9399735331535339, 0.9240864515304565, 0.9164119362831116, 0.9231570363044739, 0.9171618223190308, 0.9047210216522217, 0.9027436375617981, 0.8875784873962402, 0.8734103441238403, 0.8612971901893616, 0.8576319217681885], "landscape_losses": [2.3078365325927734, 2.0861213207244873, 1.9066779613494873, 1.7351195812225342, 1.571116328239441, 1.4399166107177734, 1.2916768789291382, 1.1720222234725952, 1.0424351692199707, 0.9415388703346252, 0.8499042987823486], "proxy_train_time": 9.262193056754768, "proxy_train_epochs": 50, "dirty_bit": 1, "landscape_term": 8.169841042273474, "speed_term": 7.5133519899486245, "mote": 6.7860912511811495}