{"id": 7272, "adj_matrix": [[0, 1, 1, 1], [0, 0, 1, 1], [0, 0, 0, 1], [0, 0, 0, 0]], "operations": ["skip_connect", "avg_pool_3x3", "nor_conv_1x1", "skip_connect", "zeros", "nor_conv_1x1"], "init_channel": 16, "blck_len": 5, "params": 0.136456, "flops": 3.91948, "latency": 0.012311196327209473, "train_per_time": 46.6509868036907, "train_time_200": 9330.19736073814, "train_accuracy_200": 0.41161722699146275, "test_accuracy_200": 0.36711111046685113, "train_time_12": 559.8118416442871, "train_accuracy_12": 0.2693539881445345, "test_accuracy_12": 0.2686666663614909, "valtest_accuracy_200": 0.6520999999999999, "valtest_accuracy_12": 0.4963, "proxy_losses": [2.616159677505493, 2.3053956031799316, 2.125128746032715, 1.9992856979370117, 1.9124510288238525, 1.8462183475494385, 1.7928717136383057, 1.7467119693756104, 1.7086355686187744, 1.672177791595459, 1.641343355178833, 1.6123102903366089, 1.5894826650619507, 1.5677863359451294, 1.549883246421814, 1.5295871496200562, 1.5111433267593384, 1.4972649812698364, 1.4868667125701904, 1.4666929244995117, 1.4521827697753906, 1.4355698823928833, 1.4233695268630981, 1.4114197492599487, 1.3977446556091309, 1.3915040493011475, 1.3786522150039673, 1.3668975830078125, 1.356317162513733, 1.3479859828948975, 1.3376963138580322, 1.3253310918807983, 1.3180352449417114, 1.306227207183838, 1.2956669330596924, 1.2869590520858765, 1.2774590253829956, 1.271452784538269, 1.2618448734283447, 1.2512454986572266, 1.243839144706726, 1.2350934743881226, 1.2315846681594849, 1.22119140625, 1.210404396057129, 1.2018262147903442, 1.1999138593673706, 1.1928768157958984, 1.1846319437026978, 1.1790205240249634], "landscape_losses": [2.6935551166534424, 2.4293789863586426, 2.2070858478546143, 2.00392484664917, 1.8208619356155396, 1.6471506357192993, 1.4967138767242432, 1.378157615661621, 1.2807170152664185, 1.2090495824813843, 1.1682254076004028], "proxy_train_time": 7.343667817302048, "proxy_train_epochs": 50, "dirty_bit": 1, "landscape_term": 6.74893523001348, "speed_term": 4.9504752781812265, "mote": 5.354312670140887}