{"id": 7304, "adj_matrix": [[0, 1, 1, 1], [0, 0, 1, 1], [0, 0, 0, 1], [0, 0, 0, 0]], "operations": ["nor_conv_1x1", "nor_conv_3x3", "nor_conv_3x3", "nor_conv_1x1", "zeros", "skip_connect"], "init_channel": 16, "blck_len": 5, "params": 0.622536, "flops": 21.6142, "latency": 0.014411377906799316, "train_per_time": 68.84809002717337, "train_time_200": 13769.618005434675, "train_accuracy_200": 0.5402010547212968, "test_accuracy_200": 0.43466666702270507, "train_time_12": 826.1770803260805, "train_accuracy_12": 0.2728477257831048, "test_accuracy_12": 0.2673333331807454, "valtest_accuracy_200": 0.6990500000000001, "valtest_accuracy_12": 0.5123, "proxy_losses": [2.4752748012542725, 1.8660885095596313, 1.7113220691680908, 1.6181089878082275, 1.5484859943389893, 1.4914777278900146, 1.4466158151626587, 1.4016602039337158, 1.3669979572296143, 1.3332775831222534, 1.302565574645996, 1.2745740413665771, 1.2504947185516357, 1.2269703149795532, 1.21608567237854, 1.20381760597229, 1.1696418523788452, 1.1559593677520752, 1.136533260345459, 1.1196138858795166, 1.1015034914016724, 1.0836282968521118, 1.0709127187728882, 1.0571465492248535, 1.0431703329086304, 1.0256778001785278, 1.0137571096420288, 1.002514123916626, 0.9839898347854614, 0.9785986542701721, 0.9631505608558655, 0.9487566351890564, 0.938678503036499, 0.9174448251724243, 0.911051869392395, 0.895028293132782, 0.8886646628379822, 0.8809224367141724, 0.8719214797019958, 0.8585284352302551, 0.8541404008865356, 0.8387351632118225, 0.8288221955299377, 0.8170233964920044, 0.8128679990768433, 0.8041993975639343, 0.8097513914108276, 0.809474527835846, 0.8069626688957214, 0.7919615507125854], "landscape_losses": [2.6112585067749023, 2.085824966430664, 1.8100258111953735, 1.6060051918029785, 1.3989908695220947, 1.241730809211731, 1.1070033311843872, 0.9827800989151001, 0.8783584237098694, 0.8098557591438293, 0.7732053399085999], "proxy_train_time": 9.0669895876199, "proxy_train_epochs": 50, "dirty_bit": 1, "landscape_term": 9.14510745770582, "speed_term": 8.106448228187544, "mote": 7.53327239977611}