{"id": 7331, "adj_matrix": [[0, 1, 1, 1], [0, 0, 1, 1], [0, 0, 0, 1], [0, 0, 0, 0]], "operations": ["zeros", "zeros", "nor_conv_1x1", "skip_connect", "avg_pool_3x3", "skip_connect"], "init_channel": 16, "blck_len": 5, "params": 0.108456, "flops": 2.93644, "latency": 0.010428619384765626, "train_per_time": 34.97017944224691, "train_time_200": 6994.035888449382, "train_accuracy_200": 0.28753790376345106, "test_accuracy_200": 0.2794999992879232, "train_time_12": 419.6421533069611, "train_accuracy_12": 0.22711931443538177, "test_accuracy_12": 0.23266666600545247, "valtest_accuracy_200": 0.5814, "valtest_accuracy_12": 0.4506, "proxy_losses": [2.4057109355926514, 2.3003756999969482, 2.2194433212280273, 2.15826416015625, 2.1110503673553467, 2.0713911056518555, 2.037494659423828, 2.00768780708313, 1.981647253036499, 1.958544373512268, 1.9380289316177368, 1.9221032857894897, 1.9072479009628296, 1.8934519290924072, 1.8812525272369385, 1.8690097332000732, 1.8585245609283447, 1.847940444946289, 1.8383116722106934, 1.8298392295837402, 1.8207283020019531, 1.8132132291793823, 1.8045308589935303, 1.7970142364501953, 1.790480613708496, 1.7835310697555542, 1.7769081592559814, 1.7705751657485962, 1.7650525569915771, 1.759497880935669, 1.753344178199768, 1.7483344078063965, 1.742845892906189, 1.7386749982833862, 1.7349780797958374, 1.730082392692566, 1.725469708442688, 1.722505807876587, 1.7170835733413696, 1.7151668071746826, 1.7099273204803467, 1.70584237575531, 1.7020070552825928, 1.6992634534835815, 1.6963692903518677, 1.6913851499557495, 1.6878527402877808, 1.6844748258590698, 1.6809054613113403, 1.6788195371627808], "landscape_losses": [2.4260635375976562, 2.3002607822418213, 2.185652732849121, 2.078326940536499, 1.979416012763977, 1.89116370677948, 1.8215328454971313, 1.7659499645233154, 1.7235749959945679, 1.6928659677505493, 1.6753937005996704], "proxy_train_time": 5.508410260081291, "proxy_train_epochs": 50, "dirty_bit": 1, "landscape_term": 5.702617539757479, "speed_term": 2.987719779918658, "mote": 4.199862022307512}