{"id": 740, "adj_matrix": [[0, 1, 1, 1], [0, 0, 1, 1], [0, 0, 0, 1], [0, 0, 0, 0]], "operations": ["zeros", "skip_connect", "zeros", "nor_conv_3x3", "nor_conv_3x3", "avg_pool_3x3"], "init_channel": 16, "blck_len": 5, "params": 0.566536, "flops": 19.64812, "latency": 0.013202178478240966, "train_per_time": 51.579578978618166, "train_time_200": 10315.915795723633, "train_accuracy_200": 0.4091232696050394, "test_accuracy_200": 0.368833331858317, "train_time_12": 618.9549477434158, "train_accuracy_12": 0.24648648649855673, "test_accuracy_12": 0.25099999944051105, "valtest_accuracy_200": 0.6524500000000001, "valtest_accuracy_12": 0.4322, "proxy_losses": [2.7962002754211426, 2.1486458778381348, 1.928464412689209, 1.8217198848724365, 1.7563130855560303, 1.7030181884765625, 1.6630597114562988, 1.6268622875213623, 1.5930380821228027, 1.5655661821365356, 1.537634015083313, 1.5135091543197632, 1.4901987314224243, 1.4646189212799072, 1.4425841569900513, 1.4205353260040283, 1.396952509880066, 1.3750756978988647, 1.360092043876648, 1.3401724100112915, 1.3215506076812744, 1.305562138557434, 1.2859365940093994, 1.2685514688491821, 1.258129596710205, 1.247267246246338, 1.232182502746582, 1.2108293771743774, 1.1985642910003662, 1.181884765625, 1.1725165843963623, 1.159757137298584, 1.1443620920181274, 1.130881905555725, 1.124306559562683, 1.1100331544876099, 1.0991679430007935, 1.0929006338119507, 1.073835015296936, 1.070621132850647, 1.0621039867401123, 1.061615228652954, 1.0449186563491821, 1.0385841131210327, 1.0283966064453125, 1.0208066701889038, 1.0214486122131348, 1.0103121995925903, 0.9941238164901733, 0.9889580011367798], "landscape_losses": [2.9156618118286133, 2.368664264678955, 2.0800836086273193, 1.8428230285644531, 1.6517890691757202, 1.48170804977417, 1.3321017026901245, 1.2056057453155518, 1.0955361127853394, 1.0241872072219849, 0.9874070286750793], "proxy_train_time": 7.957724296487868, "proxy_train_epochs": 50, "dirty_bit": 1, "landscape_term": 7.550935412971166, "speed_term": 5.947088616884683, "mote": 6.092615206975116}