{"id": 7440, "adj_matrix": [[0, 1, 1, 1], [0, 0, 1, 1], [0, 0, 0, 1], [0, 0, 0, 0]], "operations": ["avg_pool_3x3", "skip_connect", "nor_conv_1x1", "skip_connect", "nor_conv_3x3", "avg_pool_3x3"], "init_channel": 16, "blck_len": 5, "params": 0.351496, "flops": 11.7838, "latency": 0.01366453170776367, "train_per_time": 54.97967078328115, "train_time_200": 10995.93415665623, "train_accuracy_200": 0.279158426723761, "test_accuracy_200": 0.26455555540296766, "train_time_12": 659.7560493993759, "train_accuracy_12": 0.1599077125961716, "test_accuracy_12": 0.16666666631062824, "valtest_accuracy_200": 0.5628333333333333, "valtest_accuracy_12": 0.273, "proxy_losses": [3.997004270553589, 2.3726961612701416, 1.9906176328659058, 1.8477929830551147, 1.7430232763290405, 1.680570363998413, 1.6303670406341553, 1.5895349979400635, 1.5538369417190552, 1.5214670896530151, 1.4965623617172241, 1.4711694717407227, 1.4490559101104736, 1.428656816482544, 1.4094878435134888, 1.3929188251495361, 1.3731935024261475, 1.3574289083480835, 1.3422601222991943, 1.3267855644226074, 1.3109197616577148, 1.2943339347839355, 1.2820947170257568, 1.2681552171707153, 1.2531882524490356, 1.2369194030761719, 1.2241164445877075, 1.214180827140808, 1.2037317752838135, 1.1863311529159546, 1.1779721975326538, 1.169778823852539, 1.1560447216033936, 1.1485214233398438, 1.1387091875076294, 1.1310828924179077, 1.1168137788772583, 1.1083414554595947, 1.0994313955307007, 1.084840178489685, 1.0834829807281494, 1.0739248991012573, 1.0725575685501099, 1.067792534828186, 1.0618807077407837, 1.0506283044815063, 1.038009524345398, 1.0458959341049194, 1.0415363311767578, 1.0304502248764038], "landscape_losses": [4.166845321655273, 2.9153146743774414, 2.402796983718872, 2.024871826171875, 1.7316560745239258, 1.5390180349349976, 1.3547024726867676, 1.2504533529281616, 1.1376880407333374, 1.057050347328186, 1.0178964138031006], "proxy_train_time": 6.576711535453796, "proxy_train_epochs": 50, "dirty_bit": 1, "landscape_term": 7.065594729591217, "speed_term": 4.811329292577972, "mote": 5.543857806535857}