{"id": 7442, "adj_matrix": [[0, 1, 1, 1], [0, 0, 1, 1], [0, 0, 0, 1], [0, 0, 0, 0]], "operations": ["nor_conv_1x1", "nor_conv_3x3", "nor_conv_3x3", "nor_conv_3x3", "nor_conv_1x1", "nor_conv_1x1"], "init_channel": 16, "blck_len": 5, "params": 0.893576, "flops": 31.444599999999998, "latency": 0.021798944473266604, "train_per_time": 96.48811652191463, "train_time_200": 19297.623304382927, "train_accuracy_200": 0.5698901340555868, "test_accuracy_200": 0.452444444003635, "train_time_12": 1157.8573982629775, "train_accuracy_12": 0.25379037574058944, "test_accuracy_12": 0.25133333333333335, "valtest_accuracy_200": 0.7036, "valtest_accuracy_12": 0.4804, "proxy_losses": [2.338094711303711, 1.8989038467407227, 1.7425355911254883, 1.6381714344024658, 1.562325358390808, 1.4997997283935547, 1.4441481828689575, 1.392842411994934, 1.3434969186782837, 1.2978345155715942, 1.2578110694885254, 1.220645785331726, 1.1860382556915283, 1.158247947692871, 1.1262723207473755, 1.0993671417236328, 1.0845739841461182, 1.0536949634552002, 1.0381337404251099, 1.007804274559021, 0.9880019426345825, 0.9646912813186646, 0.9441705942153931, 0.9249243140220642, 0.9082395434379578, 0.8915968537330627, 0.8674787878990173, 0.857903242111206, 0.8445223569869995, 0.829521656036377, 0.8108927607536316, 0.7921075224876404, 0.7786072492599487, 0.7764251232147217, 0.7748863697052002, 0.7586454749107361, 0.7382389307022095, 0.7411624789237976, 0.7364742159843445, 0.7127763032913208, 0.704888105392456, 0.6955976486206055, 0.6908436417579651, 0.6790987253189087, 0.6739059090614319, 0.6693358421325684, 0.661928653717041, 0.6597139239311218, 0.6580410003662109, 0.641850471496582], "landscape_losses": [2.441828727722168, 2.037290573120117, 1.783782958984375, 1.5407415628433228, 1.356490969657898, 1.1690778732299805, 1.0137861967086792, 0.8648600578308105, 0.7427683472633362, 0.6666913032531738, 0.6265887022018433], "proxy_train_time": 12.437704401090741, "proxy_train_epochs": 50, "dirty_bit": 1, "landscape_term": 10.287453069805329, "speed_term": 12.249741161764403, "mote": 8.90623913603538}