{"id": 7449, "adj_matrix": [[0, 1, 1, 1], [0, 0, 1, 1], [0, 0, 0, 1], [0, 0, 0, 0]], "operations": ["avg_pool_3x3", "nor_conv_1x1", "avg_pool_3x3", "avg_pool_3x3", "nor_conv_1x1", "nor_conv_1x1"], "init_channel": 16, "blck_len": 5, "params": 0.164456, "flops": 4.90252, "latency": 0.01570167541503906, "train_per_time": 69.5682830679416, "train_time_200": 13913.65661358832, "train_accuracy_200": 0.3974818721203771, "test_accuracy_200": 0.33977777735392256, "train_time_12": 834.8193968153001, "train_accuracy_12": 0.2119050758165675, "test_accuracy_12": 0.2173333327738444, "valtest_accuracy_200": 0.6363666666666666, "valtest_accuracy_12": 0.4035, "proxy_losses": [3.266803503036499, 2.5681848526000977, 2.2454824447631836, 2.0573906898498535, 1.9404031038284302, 1.8638640642166138, 1.7944923639297485, 1.738259196281433, 1.6907169818878174, 1.6472550630569458, 1.611754059791565, 1.5827401876449585, 1.5557432174682617, 1.5312421321868896, 1.5076595544815063, 1.4901819229125977, 1.4725866317749023, 1.454653263092041, 1.4382787942886353, 1.4212855100631714, 1.4081140756607056, 1.3970613479614258, 1.3797999620437622, 1.3663504123687744, 1.353074073791504, 1.3422709703445435, 1.3261260986328125, 1.316515326499939, 1.3050928115844727, 1.2936290502548218, 1.2835344076156616, 1.2677170038223267, 1.2588263750076294, 1.2525086402893066, 1.2383090257644653, 1.2298698425292969, 1.219818115234375, 1.2094961404800415, 1.2016792297363281, 1.1928726434707642, 1.1841206550598145, 1.1763131618499756, 1.1719110012054443, 1.162405252456665, 1.1551048755645752, 1.150788426399231, 1.142392635345459, 1.1320929527282715, 1.1268781423568726, 1.1170026063919067], "landscape_losses": [3.366590738296509, 2.781733274459839, 2.3771750926971436, 2.0859742164611816, 1.8368394374847412, 1.627821922302246, 1.4698470830917358, 1.327366590499878, 1.2230101823806763, 1.1555469036102295, 1.1161739826202393], "proxy_train_time": 7.628729038871825, "proxy_train_epochs": 50, "dirty_bit": 1, "landscape_term": 6.727993103426732, "speed_term": 5.207988150887174, "mote": 5.390451873799112}