{"id": 7511, "adj_matrix": [[0, 1, 1, 1], [0, 0, 1, 1], [0, 0, 0, 1], [0, 0, 0, 0]], "operations": ["zeros", "skip_connect", "skip_connect", "skip_connect", "zeros", "skip_connect"], "init_channel": 16, "blck_len": 5, "params": 0.080456, "flops": 1.9534, "latency": 0.007720271746317546, "train_per_time": 17.72068485649425, "train_time_200": 3544.1369712988494, "train_accuracy_200": 0.2646780927305613, "test_accuracy_200": 0.2651111107889811, "train_time_12": 212.64821827793125, "train_accuracy_12": 0.18163480553523287, "test_accuracy_12": 0.1880000001525879, "valtest_accuracy_200": 0.5464666666666667, "valtest_accuracy_12": 0.2832, "proxy_losses": [3.2834153175354004, 2.8274543285369873, 2.5260653495788574, 2.3113574981689453, 2.1616880893707275, 2.076453924179077, 2.010277032852173, 1.9563779830932617, 1.9109629392623901, 1.874190092086792, 1.84414803981781, 1.8176202774047852, 1.795657753944397, 1.7749292850494385, 1.7597203254699707, 1.7427167892456055, 1.7311457395553589, 1.7191013097763062, 1.70720374584198, 1.6968591213226318, 1.6882820129394531, 1.6798423528671265, 1.6698540449142456, 1.6632792949676514, 1.656818151473999, 1.6510590314865112, 1.6423941850662231, 1.6368558406829834, 1.6312165260314941, 1.625784158706665, 1.6207131147384644, 1.615249752998352, 1.6114256381988525, 1.6073650121688843, 1.6021791696548462, 1.5995464324951172, 1.5948792695999146, 1.592089056968689, 1.5871622562408447, 1.5841197967529297, 1.5808440446853638, 1.5766096115112305, 1.574265480041504, 1.5720223188400269, 1.5677006244659424, 1.563783049583435, 1.5616350173950195, 1.5574122667312622, 1.5545791387557983, 1.5525633096694946], "landscape_losses": [3.3275866508483887, 2.9287524223327637, 2.664079189300537, 2.422353744506836, 2.20337176322937, 2.010296106338501, 1.8497700691223145, 1.7192082405090332, 1.6264758110046387, 1.5809873342514038, 1.5542746782302856], "proxy_train_time": 3.924743562936783, "proxy_train_epochs": 50, "dirty_bit": 1, "landscape_term": 5.394435404917264, "speed_term": 2.211151165149174, "mote": 3.78436810300348}