{"id": 7545, "adj_matrix": [[0, 1, 1, 1], [0, 0, 1, 1], [0, 0, 0, 1], [0, 0, 0, 0]], "operations": ["avg_pool_3x3", "skip_connect", "nor_conv_1x1", "avg_pool_3x3", "nor_conv_3x3", "avg_pool_3x3"], "init_channel": 16, "blck_len": 5, "params": 0.351496, "flops": 11.7838, "latency": 0.014609670639038086, "train_per_time": 61.12765436291723, "train_time_200": 12225.530872583446, "train_accuracy_200": 0.21490441661517035, "test_accuracy_200": 0.20811111087375214, "train_time_12": 733.5318523550033, "train_accuracy_12": 0.14678312459227752, "test_accuracy_12": 0.14599999994913737, "valtest_accuracy_200": 0.4996, "valtest_accuracy_12": 0.264, "proxy_losses": [3.721161365509033, 2.4092650413513184, 2.0180187225341797, 1.8694664239883423, 1.7725664377212524, 1.7022356986999512, 1.650145173072815, 1.6121324300765991, 1.5745627880096436, 1.5447832345962524, 1.5181925296783447, 1.4935227632522583, 1.4688197374343872, 1.4494268894195557, 1.4313713312149048, 1.4115617275238037, 1.393816351890564, 1.3776267766952515, 1.3611117601394653, 1.3460652828216553, 1.3370267152786255, 1.3182343244552612, 1.3015064001083374, 1.2912733554840088, 1.2762869596481323, 1.270447015762329, 1.2593375444412231, 1.2500321865081787, 1.2410129308700562, 1.2266054153442383, 1.2147154808044434, 1.2045749425888062, 1.1974070072174072, 1.1900404691696167, 1.177520990371704, 1.1738431453704834, 1.1557334661483765, 1.1619864702224731, 1.1537277698516846, 1.1426470279693604, 1.1330986022949219, 1.121727705001831, 1.1103101968765259, 1.0989391803741455, 1.08878493309021, 1.080188512802124, 1.075836181640625, 1.0736393928527832, 1.0704482793807983, 1.0672944784164429], "landscape_losses": [3.8323800563812256, 2.8704378604888916, 2.4167537689208984, 2.089216709136963, 1.8297710418701172, 1.635233759880066, 1.5100553035736084, 1.402590274810791, 1.2797187566757202, 1.18113374710083, 1.07883620262146], "proxy_train_time": 6.73017393052578, "proxy_train_epochs": 50, "dirty_bit": 1, "landscape_term": 6.589974287281964, "speed_term": 4.835584306294323, "mote": 5.221821656494648}