{"id": 7556, "adj_matrix": [[0, 1, 1, 1], [0, 0, 1, 1], [0, 0, 0, 1], [0, 0, 0, 0]], "operations": ["nor_conv_3x3", "nor_conv_3x3", "nor_conv_1x1", "skip_connect", "zeros", "nor_conv_1x1"], "init_channel": 16, "blck_len": 5, "params": 0.622536, "flops": 21.6142, "latency": 0.01491971015930176, "train_per_time": 68.79331525047606, "train_time_200": 13758.66305009521, "train_accuracy_200": 0.5884662711689796, "test_accuracy_200": 0.44622222147623697, "train_time_12": 825.5197830057144, "train_accuracy_12": 0.3541463414805141, "test_accuracy_12": 0.3406666662597656, "valtest_accuracy_200": 0.7137666666666668, "valtest_accuracy_12": 0.5893, "proxy_losses": [2.3381388187408447, 1.9604253768920898, 1.800376534461975, 1.7064396142959595, 1.634307622909546, 1.5761537551879883, 1.5266914367675781, 1.4838738441467285, 1.4401110410690308, 1.4010417461395264, 1.3633160591125488, 1.3268275260925293, 1.2906005382537842, 1.2573397159576416, 1.2272953987121582, 1.194394588470459, 1.1625711917877197, 1.132163166999817, 1.1078535318374634, 1.087265968322754, 1.0640994310379028, 1.0415992736816406, 1.021512746810913, 1.0047284364700317, 0.9865326881408691, 0.9718508720397949, 0.9542629718780518, 0.9403533339500427, 0.9239685535430908, 0.9068505764007568, 0.893730103969574, 0.8812369108200073, 0.873950183391571, 0.8595585823059082, 0.8485003709793091, 0.8324098587036133, 0.824532687664032, 0.8105529546737671, 0.7985981702804565, 0.7840317487716675, 0.7865362763404846, 0.7745870351791382, 0.7652173638343811, 0.7581588625907898, 0.7453571557998657, 0.7361067533493042, 0.7351140379905701, 0.7254147529602051, 0.7231602072715759, 0.7057308554649353], "landscape_losses": [2.4457032680511475, 2.1170902252197266, 1.8699045181274414, 1.642118215560913, 1.4255486726760864, 1.2287222146987915, 1.0662871599197388, 0.9185255765914917, 0.8273054957389832, 0.7467446327209473, 0.7108864188194275], "proxy_train_time": 9.256282254122198, "proxy_train_epochs": 50, "dirty_bit": 1, "landscape_term": 9.521439556653887, "speed_term": 8.461659452673056, "mote": 7.838668866760689}