{"id": 7585, "adj_matrix": [[0, 1, 1, 1], [0, 0, 1, 1], [0, 0, 0, 1], [0, 0, 0, 0]], "operations": ["nor_conv_1x1", "avg_pool_3x3", "avg_pool_3x3", "zeros", "skip_connect", "zeros"], "init_channel": 16, "blck_len": 5, "params": 0.108456, "flops": 2.93644, "latency": 0.01194843053817749, "train_per_time": 42.24406073602041, "train_time_200": 8448.812147204082, "train_accuracy_200": 0.3373170731853166, "test_accuracy_200": 0.3205000000508626, "train_time_12": 506.9287288322449, "train_accuracy_12": 0.21086354647984062, "test_accuracy_12": 0.21733333333333335, "valtest_accuracy_200": 0.6228, "valtest_accuracy_12": 0.3996, "proxy_losses": [2.404910087585449, 2.220635175704956, 2.1130714416503906, 2.0441348552703857, 1.9935851097106934, 1.9496170282363892, 1.907992959022522, 1.86966073513031, 1.836868166923523, 1.8077269792556763, 1.7831636667251587, 1.7587908506393433, 1.7370742559432983, 1.717242956161499, 1.6987224817276, 1.6801058053970337, 1.6643810272216797, 1.647832989692688, 1.6337294578552246, 1.6180466413497925, 1.603291392326355, 1.5901834964752197, 1.5762965679168701, 1.5619308948516846, 1.5501714944839478, 1.536129355430603, 1.5237360000610352, 1.5122132301330566, 1.5005189180374146, 1.4893147945404053, 1.4769219160079956, 1.466874599456787, 1.4548439979553223, 1.4434572458267212, 1.4343690872192383, 1.4234274625778198, 1.4141725301742554, 1.4049402475357056, 1.394843339920044, 1.3831729888916016, 1.3760606050491333, 1.3652384281158447, 1.3590636253356934, 1.3510388135910034, 1.3416543006896973, 1.332585334777832, 1.3285671472549438, 1.3189747333526611, 1.3102775812149048, 1.3008900880813599], "landscape_losses": [2.4499804973602295, 2.2743587493896484, 2.125906467437744, 1.9924228191375732, 1.8577015399932861, 1.7256712913513184, 1.6053509712219238, 1.493503451347351, 1.4036520719528198, 1.3343849182128906, 1.2961934804916382], "proxy_train_time": 6.21394451148808, "proxy_train_epochs": 50, "dirty_bit": 1, "landscape_term": 6.463733502534186, "speed_term": 3.873428805454121, "mote": 4.933926321297816}