{"id": 772, "adj_matrix": [[0, 1, 1, 1], [0, 0, 1, 1], [0, 0, 0, 1], [0, 0, 0, 0]], "operations": ["zeros", "avg_pool_3x3", "zeros", "skip_connect", "avg_pool_3x3", "avg_pool_3x3"], "init_channel": 16, "blck_len": 5, "params": 0.080456, "flops": 1.9534, "latency": 0.008569049835205077, "train_per_time": 34.43100930150356, "train_time_200": 6886.201860300712, "train_accuracy_200": 0.2013744232057032, "test_accuracy_200": 0.1958333331298828, "train_time_12": 413.1721116180419, "train_accuracy_12": 0.12506921556305556, "test_accuracy_12": 0.12399999954223632, "valtest_accuracy_200": 0.44595, "valtest_accuracy_12": 0.22870000000000001, "proxy_losses": [3.3505136966705322, 2.7371113300323486, 2.381190538406372, 2.168146848678589, 2.030512571334839, 1.95106840133667, 1.899123191833496, 1.8615612983703613, 1.8377734422683716, 1.8161033391952515, 1.7996906042099, 1.7871595621109009, 1.7762845754623413, 1.7658765316009521, 1.7567968368530273, 1.7486321926116943, 1.7417478561401367, 1.7338906526565552, 1.7271310091018677, 1.7216118574142456, 1.7148061990737915, 1.709823489189148, 1.7050281763076782, 1.6991769075393677, 1.6931809186935425, 1.6879069805145264, 1.6822617053985596, 1.6771876811981201, 1.6738752126693726, 1.6664913892745972, 1.6623287200927734, 1.6555156707763672, 1.6522128582000732, 1.646978735923767, 1.6431676149368286, 1.6385663747787476, 1.6352217197418213, 1.6319160461425781, 1.6277809143066406, 1.6238908767700195, 1.620093584060669, 1.6163513660430908, 1.6167843341827393, 1.608391523361206, 1.6078159809112549, 1.6024882793426514, 1.5999888181686401, 1.596493124961853, 1.592717170715332, 1.589959740638733], "landscape_losses": [3.403602361679077, 2.8855628967285156, 2.58204984664917, 2.3427906036376953, 2.134536027908325, 1.9489595890045166, 1.8150184154510498, 1.7172019481658936, 1.6440523862838745, 1.6093990802764893, 1.589320182800293], "proxy_train_time": 5.391152035444975, "proxy_train_epochs": 50, "dirty_bit": 1, "landscape_term": 5.428174101199792, "speed_term": 3.0297471805234624, "mote": 4.015847495046655}