{"id": 7787, "adj_matrix": [[0, 1, 1, 1], [0, 0, 1, 1], [0, 0, 0, 1], [0, 0, 0, 0]], "operations": ["avg_pool_3x3", "skip_connect", "nor_conv_3x3", "nor_conv_1x1", "nor_conv_1x1", "avg_pool_3x3"], "init_channel": 16, "blck_len": 5, "params": 0.379496, "flops": 12.76684, "latency": 0.012746572494506836, "train_per_time": 66.17934815716758, "train_time_200": 13235.869631433517, "train_accuracy_200": 0.39105141727947923, "test_accuracy_200": 0.3549999998474121, "train_time_12": 794.1521778860089, "train_accuracy_12": 0.22808833224372638, "test_accuracy_12": 0.2263333327738444, "valtest_accuracy_200": 0.6452500000000001, "valtest_accuracy_12": 0.3908, "proxy_losses": [2.962068796157837, 2.2253918647766113, 1.9528294801712036, 1.7968181371688843, 1.7118183374404907, 1.6518105268478394, 1.6039704084396362, 1.5626131296157837, 1.5285882949829102, 1.4933112859725952, 1.4640824794769287, 1.4350378513336182, 1.4089635610580444, 1.3846522569656372, 1.3645806312561035, 1.3391797542572021, 1.318697214126587, 1.3011835813522339, 1.2832584381103516, 1.2709217071533203, 1.2494423389434814, 1.2291910648345947, 1.2145674228668213, 1.1939398050308228, 1.1831552982330322, 1.1665761470794678, 1.1569758653640747, 1.142325758934021, 1.1294645071029663, 1.1230677366256714, 1.1157571077346802, 1.106541395187378, 1.0887622833251953, 1.079862356185913, 1.0683931112289429, 1.0600626468658447, 1.0504792928695679, 1.0395843982696533, 1.031650185585022, 1.0238277912139893, 1.0144784450531006, 1.0046937465667725, 0.996828019618988, 0.9877201318740845, 0.9847167730331421, 0.9735773205757141, 0.9769583940505981, 0.9709047675132751, 0.9621934294700623, 0.9607112407684326], "landscape_losses": [3.074687957763672, 2.4580745697021484, 2.141768455505371, 1.8764663934707642, 1.660534381866455, 1.468002200126648, 1.3375917673110962, 1.191164493560791, 1.070556640625, 0.9865402579307556, 0.9454809427261353], "proxy_train_time": 7.784027872607112, "proxy_train_epochs": 50, "dirty_bit": 1, "landscape_term": 7.6078193618354835, "speed_term": 6.0485541519610395, "mote": 6.1498342539959205}