{"id": 7809, "adj_matrix": [[0, 1, 1, 1], [0, 0, 1, 1], [0, 0, 0, 1], [0, 0, 0, 0]], "operations": ["skip_connect", "zeros", "zeros", "skip_connect", "skip_connect", "nor_conv_3x3"], "init_channel": 16, "blck_len": 5, "params": 0.323496, "flops": 10.800760000000002, "latency": 0.011397933959960938, "train_per_time": 31.955870681206484, "train_time_200": 6391.174136241297, "train_accuracy_200": 0.2633926609605099, "test_accuracy_200": 0.260666666293674, "train_time_12": 383.4704481744766, "train_accuracy_12": 0.17879367172502733, "test_accuracy_12": 0.18533333353678386, "valtest_accuracy_200": 0.5474666666666667, "valtest_accuracy_12": 0.29059999999999997, "proxy_losses": [3.4722118377685547, 2.912263870239258, 2.5245420932769775, 2.248591899871826, 2.0747151374816895, 1.956408977508545, 1.8898916244506836, 1.8454957008361816, 1.812646508216858, 1.7867428064346313, 1.7686712741851807, 1.7528746128082275, 1.7387847900390625, 1.726284146308899, 1.7118008136749268, 1.7016130685806274, 1.6918476819992065, 1.6848257780075073, 1.676903486251831, 1.6733453273773193, 1.6661823987960815, 1.65790855884552, 1.6517070531845093, 1.6473040580749512, 1.6401207447052002, 1.6349929571151733, 1.629650354385376, 1.6245551109313965, 1.6208233833312988, 1.614396095275879, 1.6107535362243652, 1.6068390607833862, 1.6026111841201782, 1.5994435548782349, 1.594462275505066, 1.5878924131393433, 1.5845463275909424, 1.5809744596481323, 1.576965570449829, 1.5732392072677612, 1.57121741771698, 1.56570565700531, 1.5616474151611328, 1.5589107275009155, 1.5541437864303589, 1.551976203918457, 1.546488881111145, 1.5442384481430054, 1.5401031970977783, 1.5379259586334229], "landscape_losses": [3.531459331512451, 3.0003628730773926, 2.6208181381225586, 2.324756622314453, 2.10332989692688, 1.9328114986419678, 1.7922559976577759, 1.6814157962799072, 1.6034040451049805, 1.5556831359863281, 1.5389378070831299], "proxy_train_time": 4.855251573957503, "proxy_train_epochs": 50, "dirty_bit": 1, "landscape_term": 5.489961765261256, "speed_term": 2.7748040715297657, "mote": 3.9976366394527343}