{"id": 7834, "adj_matrix": [[0, 1, 1, 1], [0, 0, 1, 1], [0, 0, 0, 1], [0, 0, 0, 0]], "operations": ["nor_conv_1x1", "nor_conv_3x3", "avg_pool_3x3", "skip_connect", "avg_pool_3x3", "avg_pool_3x3"], "init_channel": 16, "blck_len": 5, "params": 0.351496, "flops": 11.7838, "latency": 0.014080325762430826, "train_per_time": 59.00064429950722, "train_time_200": 11800.128859901444, "train_accuracy_200": 0.3976115139611918, "test_accuracy_200": 0.35833333236694337, "train_time_12": 708.0077315940856, "train_accuracy_12": 0.26532630190362094, "test_accuracy_12": 0.25633333272298175, "valtest_accuracy_200": 0.6521666666666666, "valtest_accuracy_12": 0.4664, "proxy_losses": [3.0878047943115234, 2.271131992340088, 1.9767203330993652, 1.8374191522598267, 1.7523349523544312, 1.6804710626602173, 1.6217904090881348, 1.5729414224624634, 1.528472661972046, 1.4919556379318237, 1.4577208757400513, 1.4269492626190186, 1.400303602218628, 1.3768683671951294, 1.3565119504928589, 1.335997223854065, 1.3173555135726929, 1.3041248321533203, 1.281571388244629, 1.2660471200942993, 1.2514433860778809, 1.2348541021347046, 1.2252066135406494, 1.210448980331421, 1.1976149082183838, 1.1941065788269043, 1.1769760847091675, 1.166458249092102, 1.156126856803894, 1.1414141654968262, 1.1328949928283691, 1.1235018968582153, 1.1121951341629028, 1.112274408340454, 1.1005069017410278, 1.0889222621917725, 1.0770272016525269, 1.071347713470459, 1.0635275840759277, 1.0574824810028076, 1.0483531951904297, 1.0407044887542725, 1.0272228717803955, 1.022094964981079, 1.018644094467163, 1.0058250427246094, 1.0024226903915405, 0.9965156316757202, 0.994030773639679, 0.9865661263465881], "landscape_losses": [3.2039921283721924, 2.5764808654785156, 2.245915174484253, 1.9735976457595825, 1.7557398080825806, 1.5556857585906982, 1.3913743495941162, 1.2511470317840576, 1.1305137872695923, 1.0474780797958374, 0.9767208099365234], "proxy_train_time": 6.757516941986978, "proxy_train_epochs": 50, "dirty_bit": 1, "landscape_term": 7.245584348835193, "speed_term": 5.167782664219189, "mote": 5.737218752795904}