{"id": 7884, "adj_matrix": [[0, 1, 1, 1], [0, 0, 1, 1], [0, 0, 0, 1], [0, 0, 0, 0]], "operations": ["zeros", "nor_conv_3x3", "nor_conv_3x3", "skip_connect", "skip_connect", "skip_connect"], "init_channel": 16, "blck_len": 5, "params": 0.566536, "flops": 19.64812, "latency": 0.012728679180145263, "train_per_time": 45.95187855871519, "train_time_200": 9190.375711743038, "train_accuracy_200": 0.4642946605181962, "test_accuracy_200": 0.3954999992879232, "train_time_12": 551.4225427045823, "train_accuracy_12": 0.3012524719972554, "test_accuracy_12": 0.29966666676839193, "valtest_accuracy_200": 0.67435, "valtest_accuracy_12": 0.5385, "proxy_losses": [2.71460223197937, 2.111795425415039, 1.915771484375, 1.8115870952606201, 1.7388973236083984, 1.6839146614074707, 1.6383947134017944, 1.5979622602462769, 1.5603735446929932, 1.524731993675232, 1.492351770401001, 1.462687611579895, 1.4343341588974, 1.407549262046814, 1.381629467010498, 1.3568593263626099, 1.3329405784606934, 1.313355803489685, 1.2916017770767212, 1.2731355428695679, 1.2538481950759888, 1.2414692640304565, 1.2243638038635254, 1.207146167755127, 1.1895709037780762, 1.1729977130889893, 1.16469144821167, 1.1503826379776, 1.1324455738067627, 1.1300759315490723, 1.1090378761291504, 1.0961382389068604, 1.0879515409469604, 1.0747710466384888, 1.0620007514953613, 1.0544029474258423, 1.043633222579956, 1.0311245918273926, 1.0176070928573608, 1.01192045211792, 0.9996914267539978, 0.9907786250114441, 0.9863700270652771, 0.9807780981063843, 0.9778178930282593, 0.9681899547576904, 0.9497277140617371, 0.9384438395500183, 0.9299594759941101, 0.928464949131012], "landscape_losses": [2.8257248401641846, 2.296173334121704, 1.9936342239379883, 1.7712064981460571, 1.5967906713485718, 1.4361342191696167, 1.2908519506454468, 1.1646111011505127, 1.0600976943969727, 0.9766480326652527, 0.9172114133834839], "proxy_train_time": 7.613116427324712, "proxy_train_epochs": 50, "dirty_bit": 1, "landscape_term": 7.868970736367298, "speed_term": 5.933814109335812, "mote": 6.305054454115484}