{"id": 7892, "adj_matrix": [[0, 1, 1, 1], [0, 0, 1, 1], [0, 0, 0, 1], [0, 0, 0, 0]], "operations": ["avg_pool_3x3", "skip_connect", "zeros", "nor_conv_1x1", "nor_conv_1x1", "zeros"], "init_channel": 16, "blck_len": 5, "params": 0.136456, "flops": 3.91948, "latency": 0.013011896610260011, "train_per_time": 47.57600858688356, "train_time_200": 9515.201717376713, "train_accuracy_200": 0.3882399472653434, "test_accuracy_200": 0.36233333211263014, "train_time_12": 570.9121030426024, "train_accuracy_12": 0.22249176006380003, "test_accuracy_12": 0.23333333262125652, "valtest_accuracy_200": 0.64295, "valtest_accuracy_12": 0.3994, "proxy_losses": [2.7234718799591064, 2.3523199558258057, 2.186741352081299, 2.0731523036956787, 1.9884819984436035, 1.9220151901245117, 1.8665015697479248, 1.8212355375289917, 1.7834833860397339, 1.7503488063812256, 1.7219734191894531, 1.6950414180755615, 1.6714365482330322, 1.6480480432510376, 1.6273490190505981, 1.6046099662780762, 1.5854237079620361, 1.5647450685501099, 1.5456949472427368, 1.5300334692001343, 1.5128743648529053, 1.4972773790359497, 1.481422781944275, 1.4658453464508057, 1.4529460668563843, 1.437623143196106, 1.4226001501083374, 1.409321904182434, 1.3971409797668457, 1.383894681930542, 1.3728100061416626, 1.3578519821166992, 1.343785047531128, 1.3347409963607788, 1.3249777555465698, 1.3142249584197998, 1.3062595129013062, 1.293137788772583, 1.2824515104293823, 1.2719193696975708, 1.2631224393844604, 1.2514550685882568, 1.2421637773513794, 1.2327070236206055, 1.2263569831848145, 1.2200450897216797, 1.2094998359680176, 1.202599287033081, 1.195136547088623, 1.183117151260376], "landscape_losses": [2.774925708770752, 2.4307730197906494, 2.2020745277404785, 1.992043375968933, 1.8096694946289062, 1.6450694799423218, 1.5006053447723389, 1.3829230070114136, 1.280484914779663, 1.2094181776046753, 1.1759507656097412], "proxy_train_time": 7.179916592314839, "proxy_train_epochs": 50, "dirty_bit": 1, "landscape_term": 6.736017794782939, "speed_term": 4.689604006730334, "mote": 5.293162761376215}