{"id": 7934, "adj_matrix": [[0, 1, 1, 1], [0, 0, 1, 1], [0, 0, 0, 1], [0, 0, 0, 0]], "operations": ["nor_conv_1x1", "avg_pool_3x3", "nor_conv_1x1", "nor_conv_3x3", "skip_connect", "avg_pool_3x3"], "init_channel": 16, "blck_len": 5, "params": 0.379496, "flops": 12.76684, "latency": 0.015720033645629884, "train_per_time": 65.08443553241112, "train_time_200": 13016.887106482225, "train_accuracy_200": 0.4415161503137376, "test_accuracy_200": 0.3736666664886475, "train_time_12": 781.013226388931, "train_accuracy_12": 0.2418787079732514, "test_accuracy_12": 0.23899999944051106, "valtest_accuracy_200": 0.6404, "valtest_accuracy_12": 0.4214, "proxy_losses": [2.635150671005249, 2.024381637573242, 1.8202813863754272, 1.705924391746521, 1.6259729862213135, 1.566392183303833, 1.521420955657959, 1.4796104431152344, 1.4478793144226074, 1.4199563264846802, 1.3906179666519165, 1.363419771194458, 1.3417249917984009, 1.3182026147842407, 1.2970304489135742, 1.2762713432312012, 1.2594664096832275, 1.244637131690979, 1.2272422313690186, 1.2141774892807007, 1.1982898712158203, 1.1870040893554688, 1.173590064048767, 1.1582131385803223, 1.1438754796981812, 1.1333396434783936, 1.1255377531051636, 1.112215280532837, 1.105686068534851, 1.0936154127120972, 1.084604024887085, 1.0651202201843262, 1.0583850145339966, 1.0420681238174438, 1.0324352979660034, 1.0250493288040161, 1.0157674551010132, 1.0082601308822632, 1.0006451606750488, 0.9901127815246582, 0.9881054759025574, 0.9769124984741211, 0.9695044755935669, 0.9577304720878601, 0.9494497776031494, 0.9479572176933289, 0.9435614347457886, 0.9363182783126831, 0.9239006042480469, 0.9164067506790161], "landscape_losses": [2.721362352371216, 2.2314889430999756, 1.9445488452911377, 1.7465709447860718, 1.5665080547332764, 1.437880039215088, 1.2865192890167236, 1.154444694519043, 1.0536279678344727, 0.9561700224876404, 0.9063678979873657], "proxy_train_time": 7.785311833024025, "proxy_train_epochs": 50, "dirty_bit": 1, "landscape_term": 7.977987556208684, "speed_term": 6.3353501295513475, "mote": 6.451773668598188}