{"id": 7954, "adj_matrix": [[0, 1, 1, 1], [0, 0, 1, 1], [0, 0, 0, 1], [0, 0, 0, 0]], "operations": ["skip_connect", "nor_conv_1x1", "nor_conv_1x1", "zeros", "nor_conv_1x1", "nor_conv_1x1"], "init_channel": 16, "blck_len": 5, "params": 0.192456, "flops": 5.885560000000001, "latency": 0.017240476608276364, "train_per_time": 63.26884991621959, "train_time_200": 12653.769983243918, "train_accuracy_200": 0.3703647549995719, "test_accuracy_200": 0.345222221476237, "train_time_12": 759.2261989946364, "train_accuracy_12": 0.20415952537501414, "test_accuracy_12": 0.21299999944051107, "valtest_accuracy_200": 0.6446999999999999, "valtest_accuracy_12": 0.3568, "proxy_losses": [2.3961758613586426, 2.109575033187866, 1.9657270908355713, 1.8766790628433228, 1.812774419784546, 1.7651370763778687, 1.722562313079834, 1.6865359544754028, 1.6538190841674805, 1.6198370456695557, 1.5933170318603516, 1.5633423328399658, 1.5380369424819946, 1.5135202407836914, 1.4899595975875854, 1.466900110244751, 1.447359323501587, 1.4244105815887451, 1.4064112901687622, 1.3841617107391357, 1.3693491220474243, 1.3527244329452515, 1.335312843322754, 1.3191931247711182, 1.3045408725738525, 1.2891099452972412, 1.2757668495178223, 1.2630935907363892, 1.25186288356781, 1.2406349182128906, 1.2258706092834473, 1.2170990705490112, 1.2079203128814697, 1.1926387548446655, 1.1857956647872925, 1.1792713403701782, 1.1613664627075195, 1.1539386510849, 1.1455285549163818, 1.132236123085022, 1.1267075538635254, 1.123286247253418, 1.1157575845718384, 1.1023437976837158, 1.0923513174057007, 1.081447720527649, 1.0782999992370605, 1.074666142463684, 1.0607811212539673, 1.0537307262420654], "landscape_losses": [2.4745874404907227, 2.2230122089385986, 2.0244879722595215, 1.8469581604003906, 1.6752716302871704, 1.5220292806625366, 1.3736515045166016, 1.249051809310913, 1.1583348512649536, 1.0873793363571167, 1.051918625831604], "proxy_train_time": 8.230692778714001, "proxy_train_epochs": 50, "dirty_bit": 1, "landscape_term": 7.405454747433913, "speed_term": 5.951429838412646, "mote": 5.994697379228126}