{"id": 7979, "adj_matrix": [[0, 1, 1, 1], [0, 0, 1, 1], [0, 0, 0, 1], [0, 0, 0, 0]], "operations": ["skip_connect", "skip_connect", "nor_conv_3x3", "zeros", "avg_pool_3x3", "skip_connect"], "init_channel": 16, "blck_len": 5, "params": 0.323496, "flops": 10.800760000000002, "latency": 0.01148121356964111, "train_per_time": 37.498262371778566, "train_time_200": 7499.652474355714, "train_accuracy_200": 0.3383300373576128, "test_accuracy_200": 0.31822222164577907, "train_time_12": 449.9791484613418, "train_accuracy_12": 0.21609756098667415, "test_accuracy_12": 0.22133333292643229, "valtest_accuracy_200": 0.5850333333333333, "valtest_accuracy_12": 0.35719999999999996, "proxy_losses": [3.0018301010131836, 2.247751474380493, 1.9591675996780396, 1.8378982543945312, 1.7582885026931763, 1.698518991470337, 1.6514207124710083, 1.611822485923767, 1.5795094966888428, 1.5471687316894531, 1.517764687538147, 1.4904918670654297, 1.4653265476226807, 1.4436618089675903, 1.4240968227386475, 1.4024845361709595, 1.3862879276275635, 1.3708001375198364, 1.3518410921096802, 1.3399183750152588, 1.3241851329803467, 1.313146710395813, 1.2965775728225708, 1.283955693244934, 1.2709439992904663, 1.2634440660476685, 1.2509548664093018, 1.2375187873840332, 1.226300597190857, 1.2168176174163818, 1.2092297077178955, 1.1919175386428833, 1.1870508193969727, 1.176953673362732, 1.1658700704574585, 1.1577584743499756, 1.1507951021194458, 1.1385817527770996, 1.132388710975647, 1.1247080564498901, 1.1156504154205322, 1.1079891920089722, 1.0928887128829956, 1.0869321823120117, 1.0753934383392334, 1.0692273378372192, 1.07060968875885, 1.0603644847869873, 1.046450138092041, 1.0342803001403809], "landscape_losses": [3.1131229400634766, 2.5133774280548096, 2.1849770545959473, 1.9142335653305054, 1.6931647062301636, 1.5307787656784058, 1.366852045059204, 1.2545924186706543, 1.1283137798309326, 1.0614022016525269, 1.0283372402191162], "proxy_train_time": 5.352043181657791, "proxy_train_epochs": 50, "dirty_bit": 1, "landscape_term": 7.2725886398796975, "speed_term": 3.9258037744948147, "mote": 5.5008035941970945}