{"id": 8, "adj_matrix": [[0, 1, 1, 1], [0, 0, 1, 1], [0, 0, 0, 1], [0, 0, 0, 0]], "operations": ["nor_conv_1x1", "avg_pool_3x3", "skip_connect", "skip_connect", "zeros", "nor_conv_3x3"], "init_channel": 16, "blck_len": 5, "params": 0.351496, "flops": 11.7838, "latency": 0.013633855183919269, "train_per_time": 49.78909402275093, "train_time_200": 9957.818804550187, "train_accuracy_200": 0.48737640080545214, "test_accuracy_200": 0.41455555575900604, "train_time_12": 597.4691282730104, "train_accuracy_12": 0.2979564930975555, "test_accuracy_12": 0.29666666631062827, "valtest_accuracy_200": 0.6806333333333333, "valtest_accuracy_12": 0.5191, "proxy_losses": [2.275949716567993, 1.9119999408721924, 1.7812784910202026, 1.701019525527954, 1.6390647888183594, 1.5880942344665527, 1.5444896221160889, 1.5074180364608765, 1.4723705053329468, 1.444457769393921, 1.418707013130188, 1.3961220979690552, 1.3742388486862183, 1.3535354137420654, 1.331978440284729, 1.311848759651184, 1.2961734533309937, 1.2769975662231445, 1.26045560836792, 1.248193621635437, 1.2275853157043457, 1.2094820737838745, 1.1975938081741333, 1.1797304153442383, 1.156874656677246, 1.1494370698928833, 1.1388428211212158, 1.1226307153701782, 1.1090244054794312, 1.094672441482544, 1.0787609815597534, 1.064587116241455, 1.0614597797393799, 1.0472224950790405, 1.0386576652526855, 1.0209070444107056, 1.0058703422546387, 1.0016615390777588, 0.9952812790870667, 0.9790835976600647, 0.9777426719665527, 0.9555436372756958, 0.9429122805595398, 0.9369699358940125, 0.9242306351661682, 0.9092336893081665, 0.9086621999740601, 0.8944651484489441, 0.8907903432846069, 0.8830564618110657], "landscape_losses": [2.3543012142181396, 2.0343680381774902, 1.8451470136642456, 1.6855725049972534, 1.520456314086914, 1.372848629951477, 1.232134222984314, 1.1148877143859863, 1.014229416847229, 0.9232543110847473, 0.8778916001319885], "proxy_train_time": 6.699983535334468, "proxy_train_epochs": 50, "dirty_bit": 1, "landscape_term": 8.354389226418153, "speed_term": 5.470502709956471, "mote": 6.5436977589595156}