{"id": 8040, "adj_matrix": [[0, 1, 1, 1], [0, 0, 1, 1], [0, 0, 0, 1], [0, 0, 0, 0]], "operations": ["skip_connect", "avg_pool_3x3", "avg_pool_3x3", "zeros", "avg_pool_3x3", "nor_conv_1x1"], "init_channel": 16, "blck_len": 5, "params": 0.108456, "flops": 2.9364399999999997, "latency": 0.01199218432108561, "train_per_time": 48.11744019826255, "train_time_200": 9623.48803965251, "train_accuracy_200": 0.22803339926012003, "test_accuracy_200": 0.20433333336724174, "train_time_12": 577.4092823791506, "train_accuracy_12": 0.14818061964554305, "test_accuracy_12": 0.1533333331553141, "valtest_accuracy_200": 0.538, "valtest_accuracy_12": 0.3164, "proxy_losses": [2.7714288234710693, 2.410831928253174, 2.196208953857422, 2.066112756729126, 1.9753316640853882, 1.9086015224456787, 1.8563764095306396, 1.8142410516738892, 1.7771883010864258, 1.7473227977752686, 1.7198807001113892, 1.6935007572174072, 1.670958161354065, 1.6507452726364136, 1.6305711269378662, 1.6139960289001465, 1.5982365608215332, 1.5806145668029785, 1.567622423171997, 1.5532596111297607, 1.5398305654525757, 1.5269447565078735, 1.5156818628311157, 1.5054931640625, 1.4964087009429932, 1.484285593032837, 1.4729622602462769, 1.4609202146530151, 1.4491980075836182, 1.4382565021514893, 1.4313173294067383, 1.4197906255722046, 1.4090912342071533, 1.3984843492507935, 1.3907268047332764, 1.3849084377288818, 1.377868890762329, 1.3672398328781128, 1.3569587469100952, 1.3499401807785034, 1.343233346939087, 1.335816740989685, 1.3299980163574219, 1.3233890533447266, 1.3180716037750244, 1.3066813945770264, 1.3035401105880737, 1.2895517349243164, 1.2799772024154663, 1.2769092321395874], "landscape_losses": [2.841754674911499, 2.5324814319610596, 2.3149678707122803, 2.1243629455566406, 1.9444750547409058, 1.776536464691162, 1.6257175207138062, 1.491843581199646, 1.3915095329284668, 1.313965916633606, 1.2735486030578613], "proxy_train_time": 5.199941051192582, "proxy_train_epochs": 50, "dirty_bit": 1, "landscape_term": 6.276967237567906, "speed_term": 3.3042139759601086, "mote": 4.6765915295806}