{"id": 8056, "adj_matrix": [[0, 1, 1, 1], [0, 0, 1, 1], [0, 0, 0, 1], [0, 0, 0, 0]], "operations": ["avg_pool_3x3", "nor_conv_3x3", "skip_connect", "zeros", "avg_pool_3x3", "skip_connect"], "init_channel": 16, "blck_len": 5, "params": 0.323496, "flops": 10.80076, "latency": 0.011819672584533692, "train_per_time": 43.43779183936119, "train_time_200": 8687.558367872238, "train_accuracy_200": 0.32024390245411216, "test_accuracy_200": 0.30466666633605954, "train_time_12": 521.2535020723343, "train_accuracy_12": 0.19883322347189616, "test_accuracy_12": 0.19933333297729494, "valtest_accuracy_200": 0.5709000000000001, "valtest_accuracy_12": 0.3256, "proxy_losses": [3.354877233505249, 2.236100435256958, 1.9661788940429688, 1.8332754373550415, 1.7382307052612305, 1.6773455142974854, 1.6342116594314575, 1.604348063468933, 1.5765918493270874, 1.5499156713485718, 1.5252034664154053, 1.5031059980392456, 1.4849765300750732, 1.4668506383895874, 1.4484652280807495, 1.4298174381256104, 1.4147605895996094, 1.3998664617538452, 1.3846150636672974, 1.3682892322540283, 1.3549995422363281, 1.3405413627624512, 1.326675534248352, 1.3157422542572021, 1.3022953271865845, 1.2947789430618286, 1.2832379341125488, 1.267820119857788, 1.2584359645843506, 1.2450672388076782, 1.2377893924713135, 1.226477861404419, 1.2132967710494995, 1.200518012046814, 1.194040060043335, 1.1834174394607544, 1.1742082834243774, 1.163557767868042, 1.155575156211853, 1.1428120136260986, 1.139288306236267, 1.130128264427185, 1.1176143884658813, 1.1081640720367432, 1.0995140075683594, 1.0912103652954102, 1.0794458389282227, 1.0728883743286133, 1.0632569789886475, 1.060101866722107], "landscape_losses": [3.4657394886016846, 2.658008575439453, 2.305938720703125, 2.042245388031006, 1.8053245544433594, 1.5988986492156982, 1.4555600881576538, 1.3116029500961304, 1.1854119300842285, 1.1016125679016113, 1.0523993968963623], "proxy_train_time": 5.849492330104113, "proxy_train_epochs": 50, "dirty_bit": 1, "landscape_term": 6.918432717109875, "speed_term": 4.21190855523963, "mote": 5.319859668380937}