{"id": 8078, "adj_matrix": [[0, 1, 1, 1], [0, 0, 1, 1], [0, 0, 0, 1], [0, 0, 0, 0]], "operations": ["avg_pool_3x3", "nor_conv_1x1", "nor_conv_1x1", "skip_connect", "zeros", "nor_conv_3x3"], "init_channel": 16, "blck_len": 5, "params": 0.379496, "flops": 12.76684, "latency": 0.013775944709777832, "train_per_time": 61.50874411352501, "train_time_200": 12301.748822705002, "train_accuracy_200": 0.5322874093806971, "test_accuracy_200": 0.4323333327738444, "train_time_12": 738.1049293622968, "train_accuracy_12": 0.3276598549854779, "test_accuracy_12": 0.3109999994913737, "valtest_accuracy_200": 0.6905500000000001, "valtest_accuracy_12": 0.5579999999999999, "proxy_losses": [2.604067325592041, 2.028761148452759, 1.8252726793289185, 1.7101237773895264, 1.6309175491333008, 1.5618259906768799, 1.5041049718856812, 1.45783269405365, 1.4162540435791016, 1.3784620761871338, 1.3465548753738403, 1.3191031217575073, 1.2927868366241455, 1.2686175107955933, 1.2448607683181763, 1.2217938899993896, 1.2038575410842896, 1.180117130279541, 1.1654859781265259, 1.1489927768707275, 1.1287903785705566, 1.10990571975708, 1.092387080192566, 1.0746346712112427, 1.05860435962677, 1.044268250465393, 1.030626654624939, 1.0199925899505615, 1.0068743228912354, 0.9872976541519165, 0.9772126078605652, 0.9729043841362, 0.9576939344406128, 0.9388179779052734, 0.9280218482017517, 0.9179699420928955, 0.9138355255126953, 0.9031411409378052, 0.8929038047790527, 0.8759788870811462, 0.8726324439048767, 0.8642709851264954, 0.850904107093811, 0.8453989028930664, 0.8427397608757019, 0.8380720615386963, 0.8220479488372803, 0.818336009979248, 0.8097057342529297, 0.8202806711196899], "landscape_losses": [2.7422988414764404, 2.254718780517578, 1.973615288734436, 1.7372617721557617, 1.5598739385604858, 1.3861054182052612, 1.2493606805801392, 1.104110598564148, 0.9876096844673157, 0.8688033223152161, 0.8091159462928772], "proxy_train_time": 8.168034428730607, "proxy_train_epochs": 50, "dirty_bit": 1, "landscape_term": 8.358584798633496, "speed_term": 7.074826194382989, "mote": 6.83743335917537}