{"id": 8096, "adj_matrix": [[0, 1, 1, 1], [0, 0, 1, 1], [0, 0, 0, 1], [0, 0, 0, 0]], "operations": ["skip_connect", "nor_conv_3x3", "nor_conv_1x1", "avg_pool_3x3", "skip_connect", "zeros"], "init_channel": 16, "blck_len": 5, "params": 0.351496, "flops": 11.7838, "latency": 0.014169597625732423, "train_per_time": 48.141918526172795, "train_time_200": 9628.383705234559, "train_accuracy_200": 0.21246319490288987, "test_accuracy_200": 0.21011111070421007, "train_time_12": 577.7030223140715, "train_accuracy_12": 0.13466710613202953, "test_accuracy_12": 0.1409999998219808, "valtest_accuracy_200": 0.5032666666666668, "valtest_accuracy_12": 0.2577, "proxy_losses": [4.07759952545166, 3.346715211868286, 2.7959659099578857, 2.4941632747650146, 2.319697380065918, 2.1988542079925537, 2.108182191848755, 2.0341808795928955, 1.9705106019973755, 1.925633430480957, 1.8879550695419312, 1.858999252319336, 1.832337498664856, 1.8106071949005127, 1.7917954921722412, 1.7768961191177368, 1.763094186782837, 1.7504160404205322, 1.7394882440567017, 1.7301334142684937, 1.7212754487991333, 1.7146096229553223, 1.7064814567565918, 1.7000699043273926, 1.6936604976654053, 1.6881088018417358, 1.6825306415557861, 1.676433801651001, 1.672792911529541, 1.666696310043335, 1.6614491939544678, 1.6572293043136597, 1.6531177759170532, 1.6495976448059082, 1.643310308456421, 1.6398820877075195, 1.6367377042770386, 1.6312005519866943, 1.628054141998291, 1.6247615814208984, 1.6228564977645874, 1.617659330368042, 1.6133341789245605, 1.6107685565948486, 1.6062884330749512, 1.6034468412399292, 1.5988857746124268, 1.596808910369873, 1.5921088457107544, 1.5901665687561035], "landscape_losses": [4.162675380706787, 3.479060173034668, 3.008336305618286, 2.6646289825439453, 2.3615736961364746, 2.111048936843872, 1.9150195121765137, 1.7656128406524658, 1.6684435606002808, 1.6083028316497803, 1.591426134109497], "proxy_train_time": 6.669644124805927, "proxy_train_epochs": 50, "dirty_bit": 1, "landscape_term": 5.070570222932048, "speed_term": 3.600792872327627, "mote": 3.8929492389416325}