{"id": 8130, "adj_matrix": [[0, 1, 1, 1], [0, 0, 1, 1], [0, 0, 0, 1], [0, 0, 0, 0]], "operations": ["nor_conv_1x1", "zeros", "zeros", "nor_conv_1x1", "zeros", "nor_conv_3x3"], "init_channel": 16, "blck_len": 5, "params": 0.379496, "flops": 12.76684, "latency": 0.013571763038635254, "train_per_time": 53.512250253756726, "train_time_200": 10702.450050751346, "train_accuracy_200": 0.34039222149481174, "test_accuracy_200": 0.32599999969482424, "train_time_12": 642.1470030450822, "train_accuracy_12": 0.20881344759821027, "test_accuracy_12": 0.22399999918619792, "valtest_accuracy_200": 0.62105, "valtest_accuracy_12": 0.4028, "proxy_losses": [2.3594958782196045, 2.208139181137085, 2.1137452125549316, 2.04055118560791, 1.9932900667190552, 1.9515414237976074, 1.9144648313522339, 1.8804681301116943, 1.8505321741104126, 1.8220337629318237, 1.795984148979187, 1.7719476222991943, 1.7502894401550293, 1.7281289100646973, 1.7078334093093872, 1.6892173290252686, 1.670448660850525, 1.653484582901001, 1.6377933025360107, 1.623587965965271, 1.6091198921203613, 1.5954387187957764, 1.582289695739746, 1.5697765350341797, 1.558538794517517, 1.546383261680603, 1.5334389209747314, 1.5238633155822754, 1.5120707750320435, 1.500572681427002, 1.4886844158172607, 1.4780522584915161, 1.4672267436981201, 1.456154465675354, 1.4428075551986694, 1.432010293006897, 1.4223754405975342, 1.414202094078064, 1.4010844230651855, 1.3902688026428223, 1.3812081813812256, 1.3709150552749634, 1.3628586530685425, 1.3526605367660522, 1.3421615362167358, 1.336804747581482, 1.3246445655822754, 1.3164399862289429, 1.3070707321166992, 1.3001315593719482], "landscape_losses": [2.3918471336364746, 2.2466752529144287, 2.1243093013763428, 1.998453140258789, 1.8662314414978027, 1.7343759536743164, 1.610513687133789, 1.4967042207717896, 1.4053972959518433, 1.3329020738601685, 1.2928576469421387], "proxy_train_time": 8.60632408503443, "proxy_train_epochs": 50, "dirty_bit": 1, "landscape_term": 6.471052987384696, "speed_term": 5.346723050932509, "mote": 5.239859738833804}