{"id": 8232, "adj_matrix": [[0, 1, 1, 1], [0, 0, 1, 1], [0, 0, 0, 1], [0, 0, 0, 0]], "operations": ["zeros", "zeros", "skip_connect", "zeros", "zeros", "skip_connect"], "init_channel": 16, "blck_len": 5, "params": 0.080456, "flops": 1.9534, "latency": 0.007729617754618327, "train_per_time": 18.443187712589868, "train_time_200": 3688.6375425179735, "train_accuracy_200": 0.008569545155052457, "test_accuracy_200": 0.008333333320617677, "train_time_12": 221.31825255107876, "train_accuracy_12": 0.008569545155052457, "test_accuracy_12": 0.008333333320617677, "valtest_accuracy_200": 0.01, "valtest_accuracy_12": 0.01, "proxy_losses": [2.3026297092437744, 2.302596092224121, 2.3026020526885986, 2.302597761154175, 2.3025944232940674, 2.302593469619751, 2.302593231201172, 2.302598714828491, 2.302590847015381, 2.3025898933410645, 2.3025901317596436, 2.3025941848754883, 2.302595615386963, 2.302593469619751, 2.3025963306427, 2.3025922775268555, 2.302595376968384, 2.3025920391082764, 2.302590847015381, 2.302593469619751, 2.302595853805542, 2.3025875091552734, 2.3025941848754883, 2.302595376968384, 2.3025922775268555, 2.302593231201172, 2.3025941848754883, 2.302595615386963, 2.3025870323181152, 2.302590847015381, 2.3025925159454346, 2.3025918006896973, 2.3025929927825928, 2.302593231201172, 2.3025901317596436, 2.3025894165039062, 2.3025896549224854, 2.3025922775268555, 2.30259370803833, 2.302593469619751, 2.302591562271118, 2.3025946617126465, 2.3025901317596436, 2.302589178085327, 2.302593231201172, 2.302591323852539, 2.3025906085968018, 2.302595853805542, 2.302597761154175, 2.3025925159454346], "landscape_losses": [2.3025918006896973, 2.302591323852539, 2.30259108543396, 2.302596092224121, 2.3025949001312256, 2.302595853805542, 2.302591323852539, 2.3025918006896973, 2.302595853805542, 2.3025970458984375, 2.302595615386963], "proxy_train_time": 4.178082710132003, "proxy_train_epochs": 50, "dirty_bit": 1, "landscape_term": 4.777221067382365, "speed_term": 1.8145113717990962, "mote": 3.23117246877973}