{"id": 8236, "adj_matrix": [[0, 1, 1, 1], [0, 0, 1, 1], [0, 0, 0, 1], [0, 0, 0, 0]], "operations": ["zeros", "nor_conv_3x3", "nor_conv_1x1", "nor_conv_3x3", "zeros", "zeros"], "init_channel": 16, "blck_len": 5, "params": 0.594536, "flops": 20.63116, "latency": 0.015677372614542644, "train_per_time": 57.2159053694408, "train_time_200": 11443.18107388816, "train_accuracy_200": 0.4444012305115323, "test_accuracy_200": 0.3923333325534397, "train_time_12": 686.5908644332886, "train_accuracy_12": 0.21794990111862111, "test_accuracy_12": 0.2193333334859212, "valtest_accuracy_200": 0.6706, "valtest_accuracy_12": 0.4487, "proxy_losses": [2.2189624309539795, 1.9479929208755493, 1.8369871377944946, 1.7600804567337036, 1.7096879482269287, 1.6662952899932861, 1.6294749975204468, 1.5960527658462524, 1.5630829334259033, 1.5327125787734985, 1.5042206048965454, 1.476224422454834, 1.4515445232391357, 1.424116849899292, 1.3983502388000488, 1.3723357915878296, 1.3513380289077759, 1.3240420818328857, 1.3038814067840576, 1.27804434299469, 1.2542777061462402, 1.2339285612106323, 1.2154150009155273, 1.1928980350494385, 1.1778334379196167, 1.158666729927063, 1.1400314569473267, 1.1215174198150635, 1.1043028831481934, 1.09025239944458, 1.0723947286605835, 1.0677181482315063, 1.0457583665847778, 1.0317341089248657, 1.0264122486114502, 1.0152437686920166, 0.9946425557136536, 0.985729992389679, 0.975473940372467, 0.9681049585342407, 0.9586458802223206, 0.9499175548553467, 0.9407438635826111, 0.9321951270103455, 0.9201681613922119, 0.9126271605491638, 0.9070032238960266, 0.8936562538146973, 0.8840310573577881, 0.8709455132484436], "landscape_losses": [2.293093681335449, 2.0459468364715576, 1.8780574798583984, 1.7026013135910034, 1.551849365234375, 1.403809905052185, 1.271098256111145, 1.1496429443359375, 1.0289291143417358, 0.9321721792221069, 0.8785649538040161], "proxy_train_time": 9.364544319920242, "proxy_train_epochs": 50, "dirty_bit": 1, "landscape_term": 8.240828303532732, "speed_term": 7.505120897964877, "mote": 6.832248613061767}