{"id": 8353, "adj_matrix": [[0, 1, 1, 1], [0, 0, 1, 1], [0, 0, 0, 1], [0, 0, 0, 0]], "operations": ["nor_conv_1x1", "nor_conv_1x1", "zeros", "avg_pool_3x3", "skip_connect", "zeros"], "init_channel": 16, "blck_len": 5, "params": 0.136456, "flops": 3.91948, "latency": 0.013343739509582519, "train_per_time": 43.73530241910618, "train_time_200": 8747.060483821237, "train_accuracy_200": 0.36164798946091437, "test_accuracy_200": 0.33799999923706053, "train_time_12": 524.823629029274, "train_accuracy_12": 0.23337508240198726, "test_accuracy_12": 0.23499999923706055, "valtest_accuracy_200": 0.6313500000000001, "valtest_accuracy_12": 0.41700000000000004, "proxy_losses": [2.739410161972046, 2.410795211791992, 2.2046637535095215, 2.075660467147827, 1.9978320598602295, 1.9403878450393677, 1.8881206512451172, 1.8464579582214355, 1.815809726715088, 1.7863966226577759, 1.7594523429870605, 1.7341595888137817, 1.7112936973571777, 1.6891576051712036, 1.6664378643035889, 1.6452158689498901, 1.6271764039993286, 1.6087017059326172, 1.5928651094436646, 1.5789263248443604, 1.5638991594314575, 1.5520092248916626, 1.5389471054077148, 1.5270161628723145, 1.51321542263031, 1.501528263092041, 1.4902994632720947, 1.4791254997253418, 1.466720700263977, 1.4561867713928223, 1.4471219778060913, 1.4370825290679932, 1.4272664785385132, 1.4197654724121094, 1.4081882238388062, 1.4020861387252808, 1.3976505994796753, 1.3858312368392944, 1.377951979637146, 1.3705042600631714, 1.3629493713378906, 1.3557294607162476, 1.3494561910629272, 1.343143343925476, 1.337310552597046, 1.3300626277923584, 1.3226526975631714, 1.3166859149932861, 1.3107292652130127, 1.3024228811264038], "landscape_losses": [2.776005744934082, 2.492006778717041, 2.2695136070251465, 2.065255880355835, 1.882576584815979, 1.7216659784317017, 1.5849456787109375, 1.4766552448272705, 1.390104055404663, 1.3378905057907104, 1.299972653388977], "proxy_train_time": 7.015806806273758, "proxy_train_epochs": 50, "dirty_bit": 1, "landscape_term": 6.342562489271562, "speed_term": 4.395182663865265, "mote": 4.960770258461169}