{"id": 8423, "adj_matrix": [[0, 1, 1, 1], [0, 0, 1, 1], [0, 0, 0, 1], [0, 0, 0, 0]], "operations": ["skip_connect", "nor_conv_3x3", "zeros", "avg_pool_3x3", "nor_conv_3x3", "nor_conv_3x3"], "init_channel": 16, "blck_len": 5, "params": 0.809576, "flops": 28.49548, "latency": 0.01762705643971761, "train_per_time": 65.73561308995885, "train_time_200": 13147.12261799177, "train_accuracy_200": 0.5088683805830739, "test_accuracy_200": 0.39866666666666667, "train_time_12": 788.8273570795062, "train_accuracy_12": 0.2915359261891837, "test_accuracy_12": 0.28799999918619795, "valtest_accuracy_200": 0.6822333333333335, "valtest_accuracy_12": 0.5186999999999999, "proxy_losses": [2.186984062194824, 1.7266892194747925, 1.6006640195846558, 1.5110927820205688, 1.4423298835754395, 1.3781695365905762, 1.3223421573638916, 1.2701019048690796, 1.227919340133667, 1.1816385984420776, 1.1450705528259277, 1.1074862480163574, 1.0723152160644531, 1.0409328937530518, 1.0129095315933228, 0.987083375453949, 0.9628820419311523, 0.9374412298202515, 0.9254511594772339, 0.9131757020950317, 0.8884616494178772, 0.8638908267021179, 0.8526568412780762, 0.844062864780426, 0.8253354430198669, 0.805550754070282, 0.7891393899917603, 0.7853617072105408, 0.7749661207199097, 0.7657649517059326, 0.7717767357826233, 0.7566391825675964, 0.7368860244750977, 0.7399795055389404, 0.7329006195068359, 0.7107701897621155, 0.6935602426528931, 0.6857671141624451, 0.6746894121170044, 0.6697512865066528, 0.6701257824897766, 0.660438597202301, 0.6514472365379333, 0.6429341435432434, 0.6420315504074097, 0.6281782984733582, 0.6181908249855042, 0.6156522631645203, 0.6047102808952332, 0.6109668016433716], "landscape_losses": [2.287212610244751, 1.8701374530792236, 1.6332054138183594, 1.4404866695404053, 1.2676042318344116, 1.114763617515564, 0.9770773649215698, 0.8654586672782898, 0.7483096718788147, 0.6446197032928467, 0.6022592782974243], "proxy_train_time": 8.960074258968234, "proxy_train_epochs": 50, "dirty_bit": 1, "landscape_term": 10.691355988051145, "speed_term": 9.600367691488, "mote": 8.779232511565352}