{"id": 8486, "adj_matrix": [[0, 1, 1, 1], [0, 0, 1, 1], [0, 0, 0, 1], [0, 0, 0, 0]], "operations": ["nor_conv_1x1", "nor_conv_3x3", "skip_connect", "avg_pool_3x3", "nor_conv_1x1", "skip_connect"], "init_channel": 16, "blck_len": 5, "params": 0.379496, "flops": 12.76684, "latency": 0.013897740840911865, "train_per_time": 56.186627836863366, "train_time_200": 11237.325567372673, "train_accuracy_200": 0.4649373764093408, "test_accuracy_200": 0.394833332824707, "train_time_12": 674.2395340423583, "train_accuracy_12": 0.2697626895233134, "test_accuracy_12": 0.2626666659037272, "valtest_accuracy_200": 0.66805, "valtest_accuracy_12": 0.4454, "proxy_losses": [3.391200304031372, 2.375971555709839, 2.0086770057678223, 1.8075743913650513, 1.7088310718536377, 1.6456902027130127, 1.6011931896209717, 1.5585206747055054, 1.5227259397506714, 1.4887138605117798, 1.4592758417129517, 1.432357668876648, 1.4070686101913452, 1.3810263872146606, 1.3599556684494019, 1.3376359939575195, 1.3169775009155273, 1.2982492446899414, 1.2784878015518188, 1.2591160535812378, 1.2451649904251099, 1.2256072759628296, 1.2121632099151611, 1.1908761262893677, 1.1803268194198608, 1.1649013757705688, 1.152696132659912, 1.1350877285003662, 1.1201727390289307, 1.103590488433838, 1.0937882661819458, 1.0750774145126343, 1.0632760524749756, 1.0590499639511108, 1.0466666221618652, 1.0319628715515137, 1.0121670961380005, 1.0085371732711792, 0.9948093891143799, 0.9859201908111572, 0.9731318354606628, 0.9662963151931763, 0.9509884715080261, 0.9468492269515991, 0.9398058652877808, 0.9311345815658569, 0.9288080334663391, 0.9130577445030212, 0.910922646522522, 0.9023033976554871], "landscape_losses": [3.5349605083465576, 2.6761703491210938, 2.226820230484009, 1.8889707326889038, 1.651755690574646, 1.4461826086044312, 1.2885648012161255, 1.1301380395889282, 1.0140525102615356, 0.9316654205322266, 0.9057866930961609], "proxy_train_time": 7.505874578841031, "proxy_train_epochs": 50, "dirty_bit": 1, "landscape_term": 7.756315027792899, "speed_term": 5.854415504570502, "mote": 6.214351216953165}