{"id": 8621, "adj_matrix": [[0, 1, 1, 1], [0, 0, 1, 1], [0, 0, 0, 1], [0, 0, 0, 0]], "operations": ["nor_conv_3x3", "nor_conv_3x3", "skip_connect", "skip_connect", "nor_conv_1x1", "nor_conv_3x3"], "init_channel": 16, "blck_len": 5, "params": 0.837576, "flops": 29.47852, "latency": 0.02027571201324463, "train_per_time": 69.157653264046, "train_time_200": 13831.5306528092, "train_accuracy_200": 0.652874093605298, "test_accuracy_200": 0.4624999999491374, "train_time_12": 829.8918391685487, "train_accuracy_12": 0.38073170731003225, "test_accuracy_12": 0.35366666697184246, "valtest_accuracy_200": 0.72225, "valtest_accuracy_12": 0.6083, "proxy_losses": [2.6350715160369873, 1.9431734085083008, 1.7293707132339478, 1.5940722227096558, 1.5036691427230835, 1.4289554357528687, 1.3729281425476074, 1.3192634582519531, 1.2748454809188843, 1.2340880632400513, 1.1966207027435303, 1.165191650390625, 1.133865237236023, 1.0955191850662231, 1.0618462562561035, 1.0380134582519531, 1.0150176286697388, 0.9883294105529785, 0.966934084892273, 0.9507011771202087, 0.9243469834327698, 0.9065828323364258, 0.8801667094230652, 0.8716791272163391, 0.8511761426925659, 0.8315455913543701, 0.8200728297233582, 0.8031298518180847, 0.8019887804985046, 0.7853590846061707, 0.7712544798851013, 0.7611580491065979, 0.77034991979599, 0.7493835687637329, 0.7331430912017822, 0.7218678593635559, 0.7093464136123657, 0.7019626498222351, 0.6947569251060486, 0.6829593181610107, 0.6726399064064026, 0.6626966595649719, 0.6571776270866394, 0.6563360095024109, 0.642349898815155, 0.6298211216926575, 0.6268353462219238, 0.6190693378448486, 0.6130147576332092, 0.6048511266708374], "landscape_losses": [2.8072762489318848, 2.1884219646453857, 1.831084132194519, 1.5535138845443726, 1.3154884576797485, 1.1301302909851074, 0.9623281359672546, 0.8288660049438477, 0.7277538776397705, 0.6520695090293884, 0.6029030084609985], "proxy_train_time": 9.098736476153135, "proxy_train_epochs": 50, "dirty_bit": 1, "landscape_term": 10.459947185174498, "speed_term": 9.321616632898557, "mote": 8.586514818171091}