{"id": 8681, "adj_matrix": [[0, 1, 1, 1], [0, 0, 1, 1], [0, 0, 0, 1], [0, 0, 0, 0]], "operations": ["avg_pool_3x3", "skip_connect", "avg_pool_3x3", "avg_pool_3x3", "nor_conv_3x3", "nor_conv_3x3"], "init_channel": 16, "blck_len": 5, "params": 0.566536, "flops": 19.64812, "latency": 0.0162689208984375, "train_per_time": 63.40625927360829, "train_time_200": 12681.251854721659, "train_accuracy_200": 0.37463414634976167, "test_accuracy_200": 0.3413333323415121, "train_time_12": 760.8751112833021, "train_accuracy_12": 0.20796308504732014, "test_accuracy_12": 0.21333333338419597, "valtest_accuracy_200": 0.6414, "valtest_accuracy_12": 0.3747, "proxy_losses": [2.2922630310058594, 1.8307567834854126, 1.6929019689559937, 1.6221354007720947, 1.5618337392807007, 1.51503586769104, 1.4739779233932495, 1.4316139221191406, 1.3947356939315796, 1.3597126007080078, 1.3265928030014038, 1.2954881191253662, 1.2654167413711548, 1.2345331907272339, 1.2140467166900635, 1.181926965713501, 1.168539047241211, 1.1520024538040161, 1.1372504234313965, 1.1199495792388916, 1.097143292427063, 1.0773922204971313, 1.065882682800293, 1.0571728944778442, 1.0589635372161865, 1.0377506017684937, 1.0271196365356445, 1.017987847328186, 1.0124331712722778, 0.9980472922325134, 0.9859477281570435, 0.9779343605041504, 0.9561415314674377, 0.9505425095558167, 0.9391496181488037, 0.9254592657089233, 0.9131893515586853, 0.9057985544204712, 0.8973890542984009, 0.9039275646209717, 0.8904955983161926, 0.8852081298828125, 0.8719791173934937, 0.8645994067192078, 0.864845335483551, 0.8625761866569519, 0.8580005764961243, 0.8477867245674133, 0.8589574098587036, 0.8429354429244995], "landscape_losses": [2.4077703952789307, 2.01249098777771, 1.8012306690216064, 1.633882761001587, 1.4807099103927612, 1.3251514434814453, 1.1903388500213623, 1.0649256706237793, 0.9408358335494995, 0.8685035109519958, 0.8347867131233215], "proxy_train_time": 7.281846327707171, "proxy_train_epochs": 50, "dirty_bit": 1, "landscape_term": 8.700746963482251, "speed_term": 6.418724363242925, "mote": 6.949820658671184}