{"id": 8700, "adj_matrix": [[0, 1, 1, 1], [0, 0, 1, 1], [0, 0, 0, 1], [0, 0, 0, 0]], "operations": ["nor_conv_3x3", "nor_conv_1x1", "avg_pool_3x3", "zeros", "avg_pool_3x3", "avg_pool_3x3"], "init_channel": 16, "blck_len": 5, "params": 0.351496, "flops": 11.7838, "latency": 0.014006614685058594, "train_per_time": 62.00161824433037, "train_time_200": 12400.323648866075, "train_accuracy_200": 0.2423566249253959, "test_accuracy_200": 0.23366666631062827, "train_time_12": 744.019418931961, "train_accuracy_12": 0.1274027686202691, "test_accuracy_12": 0.12766666615804037, "valtest_accuracy_200": 0.6049, "valtest_accuracy_12": 0.2593, "proxy_losses": [2.4132943153381348, 1.8713598251342773, 1.713504433631897, 1.6193196773529053, 1.5599818229675293, 1.5062435865402222, 1.4598119258880615, 1.421658992767334, 1.384617805480957, 1.350801944732666, 1.3212018013000488, 1.292616367340088, 1.2651602029800415, 1.2388453483581543, 1.2195016145706177, 1.1960835456848145, 1.1766986846923828, 1.1589869260787964, 1.1435960531234741, 1.127692699432373, 1.1103124618530273, 1.0920758247375488, 1.0859228372573853, 1.0637460947036743, 1.0501891374588013, 1.0311014652252197, 1.0243090391159058, 1.0091372728347778, 1.0072340965270996, 0.9909915924072266, 0.9781104326248169, 0.9588425755500793, 0.953014075756073, 0.9394187331199646, 0.9331443309783936, 0.9296281337738037, 0.9111166000366211, 0.9071508049964905, 0.9048789143562317, 0.8863371014595032, 0.8824028372764587, 0.8791256546974182, 0.8685649633407593, 0.8598750233650208, 0.8540204167366028, 0.852598249912262, 0.8398159146308899, 0.8385049104690552, 0.8278897404670715, 0.8323137760162354], "landscape_losses": [2.5041677951812744, 2.050548553466797, 1.8120949268341064, 1.6116997003555298, 1.4387054443359375, 1.302412748336792, 1.193452000617981, 1.0989997386932373, 1.0020700693130493, 0.9042317271232605, 0.8270381093025208], "proxy_train_time": 7.389358639717102, "proxy_train_epochs": 50, "dirty_bit": 1, "landscape_term": 8.582997522565245, "speed_term": 6.511279911111829, "mote": 6.888087362964589}