{"id": 8823, "adj_matrix": [[0, 1, 1, 1], [0, 0, 1, 1], [0, 0, 0, 1], [0, 0, 0, 0]], "operations": ["skip_connect", "skip_connect", "avg_pool_3x3", "avg_pool_3x3", "nor_conv_3x3", "nor_conv_1x1"], "init_channel": 16, "blck_len": 5, "params": 0.351496, "flops": 11.7838, "latency": 0.013436834017435709, "train_per_time": 52.48123785805715, "train_time_200": 10496.24757161143, "train_accuracy_200": 0.4118391562384528, "test_accuracy_200": 0.3744444436645508, "train_time_12": 629.7748542966842, "train_accuracy_12": 0.24626235992391407, "test_accuracy_12": 0.2393333326212565, "valtest_accuracy_200": 0.6509333333333331, "valtest_accuracy_12": 0.425, "proxy_losses": [2.395814895629883, 1.905853271484375, 1.7645570039749146, 1.6914163827896118, 1.6314878463745117, 1.5831230878829956, 1.541934847831726, 1.5033928155899048, 1.467294454574585, 1.437126636505127, 1.405350923538208, 1.378237247467041, 1.3548295497894287, 1.328353762626648, 1.303771734237671, 1.2864092588424683, 1.2633694410324097, 1.2449196577072144, 1.2287794351577759, 1.2116657495498657, 1.195649266242981, 1.178938627243042, 1.1632050275802612, 1.1470447778701782, 1.1351591348648071, 1.1248648166656494, 1.1060696840286255, 1.0955137014389038, 1.0867608785629272, 1.078209400177002, 1.0625224113464355, 1.0540239810943604, 1.0420470237731934, 1.0295864343643188, 1.019586205482483, 1.0073368549346924, 0.9984129071235657, 1.0105398893356323, 0.9934363961219788, 0.9760565161705017, 0.9686837196350098, 0.9601487517356873, 0.9531941413879395, 0.9426046013832092, 0.9297463893890381, 0.9299717545509338, 0.9325796961784363, 0.9109781980514526, 0.9085428714752197, 0.9020429849624634], "landscape_losses": [2.504274845123291, 2.095275640487671, 1.8510016202926636, 1.6637128591537476, 1.482722520828247, 1.324479579925537, 1.208078145980835, 1.0990813970565796, 1.0168437957763672, 0.9401959776878357, 0.8894428014755249], "proxy_train_time": 6.2957583190873265, "proxy_train_epochs": 50, "dirty_bit": 1, "landscape_term": 8.356297608670763, "speed_term": 5.179891142701829, "mote": 6.488939180191106}