{"id": 8857, "adj_matrix": [[0, 1, 1, 1], [0, 0, 1, 1], [0, 0, 0, 1], [0, 0, 0, 0]], "operations": ["skip_connect", "nor_conv_3x3", "skip_connect", "nor_conv_1x1", "skip_connect", "nor_conv_3x3"], "init_channel": 16, "blck_len": 5, "params": 0.594536, "flops": 20.63116, "latency": 0.013658603032430014, "train_per_time": 54.83295561528211, "train_time_200": 10966.591123056422, "train_accuracy_200": 0.5747615908785983, "test_accuracy_200": 0.4325555550130209, "train_time_12": 657.9954673833845, "train_accuracy_12": 0.34965721820335915, "test_accuracy_12": 0.3323333330281576, "valtest_accuracy_200": 0.6956333333333333, "valtest_accuracy_12": 0.5725, "proxy_losses": [2.8101723194122314, 2.020627737045288, 1.8277342319488525, 1.7265379428863525, 1.64485764503479, 1.5814870595932007, 1.5196218490600586, 1.4660025835037231, 1.416360855102539, 1.3723199367523193, 1.3317549228668213, 1.2958694696426392, 1.2654142379760742, 1.2323211431503296, 1.202338695526123, 1.1713707447052002, 1.149314284324646, 1.130783200263977, 1.1080855131149292, 1.0872507095336914, 1.0660704374313354, 1.0535460710525513, 1.0309644937515259, 1.0130807161331177, 1.0026273727416992, 0.9809253215789795, 0.9668141603469849, 0.9442886710166931, 0.9376641511917114, 0.9204216599464417, 0.9077726602554321, 0.8917800784111023, 0.8847810626029968, 0.8779406547546387, 0.8672549724578857, 0.8572388887405396, 0.8424074053764343, 0.8246757984161377, 0.8117082715034485, 0.8058540225028992, 0.8031514286994934, 0.8006318211555481, 0.7825742363929749, 0.7824781537055969, 0.7716002464294434, 0.7573758959770203, 0.7452234625816345, 0.7385379076004028, 0.7321442365646362, 0.7200979590415955], "landscape_losses": [2.9743714332580566, 2.309476613998413, 1.975141167640686, 1.7079246044158936, 1.4781519174575806, 1.2682180404663086, 1.0845085382461548, 0.9545605182647705, 0.8502830862998962, 0.7492850422859192, 0.7185029983520508], "proxy_train_time": 7.331905506551266, "proxy_train_epochs": 50, "dirty_bit": 1, "landscape_term": 9.198177577813938, "speed_term": 6.607480231719889, "mote": 7.312682315872239}