{"id": 886, "adj_matrix": [[0, 1, 1, 1], [0, 0, 1, 1], [0, 0, 0, 1], [0, 0, 0, 0]], "operations": ["zeros", "skip_connect", "nor_conv_1x1", "nor_conv_1x1", "zeros", "nor_conv_1x1"], "init_channel": 16, "blck_len": 5, "params": 0.164456, "flops": 4.90252, "latency": 0.015396896998087564, "train_per_time": 52.7449189685978, "train_time_200": 10548.98379371956, "train_accuracy_200": 0.3565875631786289, "test_accuracy_200": 0.339888888498942, "train_time_12": 632.9390276231766, "train_accuracy_12": 0.2146077785061941, "test_accuracy_12": 0.2303333327738444, "valtest_accuracy_200": 0.6328, "valtest_accuracy_12": 0.4128, "proxy_losses": [2.4303324222564697, 2.161320209503174, 2.01572847366333, 1.9269123077392578, 1.8650875091552734, 1.8171921968460083, 1.7760125398635864, 1.7392284870147705, 1.7026927471160889, 1.6722466945648193, 1.6449387073516846, 1.6167188882827759, 1.5926518440246582, 1.568790078163147, 1.5481864213943481, 1.5276933908462524, 1.5090290307998657, 1.4886970520019531, 1.4715125560760498, 1.4558868408203125, 1.440372109413147, 1.4233157634735107, 1.4102699756622314, 1.394020676612854, 1.3813616037368774, 1.3669548034667969, 1.3519786596298218, 1.340470552444458, 1.3290091753005981, 1.3196035623550415, 1.3039628267288208, 1.2947945594787598, 1.2859487533569336, 1.2781871557235718, 1.2685858011245728, 1.2609076499938965, 1.2575310468673706, 1.2426997423171997, 1.2354539632797241, 1.224300742149353, 1.2163288593292236, 1.2109763622283936, 1.2034777402877808, 1.197702407836914, 1.188554286956787, 1.1825200319290161, 1.175268530845642, 1.167714238166809, 1.1634413003921509, 1.1597405672073364], "landscape_losses": [2.488678216934204, 2.238802433013916, 2.047804832458496, 1.8795955181121826, 1.7150652408599854, 1.5672258138656616, 1.4449927806854248, 1.3292361497879028, 1.2474619150161743, 1.1882089376449585, 1.1564306020736694], "proxy_train_time": 7.975545708090067, "proxy_train_epochs": 50, "dirty_bit": 1, "landscape_term": 7.042299638485403, "speed_term": 5.477235081612234, "mote": 5.6580662612056605}