{"id": 8950, "adj_matrix": [[0, 1, 1, 1], [0, 0, 1, 1], [0, 0, 0, 1], [0, 0, 0, 0]], "operations": ["nor_conv_1x1", "zeros", "skip_connect", "nor_conv_1x1", "nor_conv_1x1", "zeros"], "init_channel": 16, "blck_len": 5, "params": 0.164456, "flops": 4.90252, "latency": 0.015279936790466308, "train_per_time": 49.78610955182725, "train_time_200": 9957.22191036545, "train_accuracy_200": 0.3690771259134351, "test_accuracy_200": 0.3443333326212565, "train_time_12": 597.4333146219254, "train_accuracy_12": 0.2155702043476746, "test_accuracy_12": 0.22400000030517578, "valtest_accuracy_200": 0.64905, "valtest_accuracy_12": 0.37270000000000003, "proxy_losses": [2.3644580841064453, 2.091686248779297, 1.9489651918411255, 1.863572597503662, 1.811231255531311, 1.7635176181793213, 1.7243187427520752, 1.6915913820266724, 1.6588401794433594, 1.6279029846191406, 1.6004451513290405, 1.5757925510406494, 1.5517204999923706, 1.5269832611083984, 1.5038738250732422, 1.4834767580032349, 1.4642125368118286, 1.4458154439926147, 1.4245299100875854, 1.4103736877441406, 1.3938722610473633, 1.3795973062515259, 1.3634626865386963, 1.350344181060791, 1.3357551097869873, 1.3228956460952759, 1.3121533393859863, 1.2980996370315552, 1.2850353717803955, 1.273297905921936, 1.2595655918121338, 1.2542532682418823, 1.2399505376815796, 1.2314423322677612, 1.2221250534057617, 1.2100766897201538, 1.2003588676452637, 1.1918272972106934, 1.180432915687561, 1.1720460653305054, 1.1643658876419067, 1.1537866592407227, 1.1457931995391846, 1.13914954662323, 1.131966233253479, 1.1194747686386108, 1.1097925901412964, 1.1011420488357544, 1.0951179265975952, 1.0813374519348145], "landscape_losses": [2.425100326538086, 2.1814537048339844, 2.001323938369751, 1.823715090751648, 1.6869394779205322, 1.5486420392990112, 1.419943928718567, 1.3157126903533936, 1.2033343315124512, 1.1349281072616577, 1.0840891599655151], "proxy_train_time": 8.01187844760716, "proxy_train_epochs": 50, "dirty_bit": 1, "landscape_term": 7.256149180952502, "speed_term": 5.7022563477241315, "mote": 5.8466847395633135}