{"id": 8977, "adj_matrix": [[0, 1, 1, 1], [0, 0, 1, 1], [0, 0, 0, 1], [0, 0, 0, 0]], "operations": ["skip_connect", "avg_pool_3x3", "nor_conv_1x1", "avg_pool_3x3", "nor_conv_3x3", "avg_pool_3x3"], "init_channel": 16, "blck_len": 5, "params": 0.351496, "flops": 11.7838, "latency": 0.013707653681437176, "train_per_time": 57.964037663459756, "train_time_200": 11592.807532691952, "train_accuracy_200": 0.31753021314097507, "test_accuracy_200": 0.30544444393581816, "train_time_12": 695.5684519615173, "train_accuracy_12": 0.19324983520105474, "test_accuracy_12": 0.19166666687011719, "valtest_accuracy_200": 0.5601333333333334, "valtest_accuracy_12": 0.3281, "proxy_losses": [3.3211007118225098, 2.377901077270508, 2.0074825286865234, 1.861054539680481, 1.7553337812423706, 1.6842583417892456, 1.625087857246399, 1.5740834474563599, 1.5331729650497437, 1.4969919919967651, 1.4659695625305176, 1.4389344453811646, 1.4159281253814697, 1.3941353559494019, 1.3738880157470703, 1.3618290424346924, 1.3425664901733398, 1.329149842262268, 1.3141798973083496, 1.3020585775375366, 1.2902779579162598, 1.2751067876815796, 1.2645622491836548, 1.2531161308288574, 1.2474831342697144, 1.2349892854690552, 1.2228541374206543, 1.2072945833206177, 1.1954196691513062, 1.181942343711853, 1.1696043014526367, 1.1620351076126099, 1.1554433107376099, 1.1415908336639404, 1.1335961818695068, 1.1344457864761353, 1.1229230165481567, 1.1055430173873901, 1.0932332277297974, 1.0878404378890991, 1.0778324604034424, 1.0675913095474243, 1.0652949810028076, 1.0495574474334717, 1.035623550415039, 1.030343770980835, 1.0287282466888428, 1.0229263305664062, 1.011215090751648, 1.0065556764602661], "landscape_losses": [3.4471797943115234, 2.6763148307800293, 2.2766711711883545, 1.9685181379318237, 1.7089619636535645, 1.5164546966552734, 1.3542653322219849, 1.2100634574890137, 1.1161253452301025, 1.0356894731521606, 0.9989027380943298], "proxy_train_time": 6.6403922056779265, "proxy_train_epochs": 50, "dirty_bit": 1, "landscape_term": 7.282964034047379, "speed_term": 4.951815498652677, "mote": 5.72022350548717}