{"id": 9080, "adj_matrix": [[0, 1, 1, 1], [0, 0, 1, 1], [0, 0, 0, 1], [0, 0, 0, 0]], "operations": ["nor_conv_3x3", "skip_connect", "nor_conv_1x1", "nor_conv_1x1", "nor_conv_1x1", "nor_conv_3x3"], "init_channel": 16, "blck_len": 5, "params": 0.650536, "flops": 22.59724, "latency": 0.023131608963012695, "train_per_time": 79.40460119787883, "train_time_200": 15880.920239575766, "train_accuracy_200": 0.563309162841475, "test_accuracy_200": 0.45533333190917974, "train_time_12": 952.855214374542, "train_accuracy_12": 0.29315095583690026, "test_accuracy_12": 0.2863333332316081, "valtest_accuracy_200": 0.7027000000000001, "valtest_accuracy_12": 0.5233, "proxy_losses": [2.1968777179718018, 1.7941316366195679, 1.6693148612976074, 1.5746445655822754, 1.50766122341156, 1.4454292058944702, 1.3907877206802368, 1.3372043371200562, 1.288403034210205, 1.2469539642333984, 1.2005407810211182, 1.1689136028289795, 1.1313449144363403, 1.0996887683868408, 1.0601884126663208, 1.0250306129455566, 0.9960712194442749, 0.9719170928001404, 0.9426238536834717, 0.9184265732765198, 0.898612380027771, 0.8747497797012329, 0.8581558465957642, 0.8391476273536682, 0.8126729726791382, 0.7949134707450867, 0.7716158032417297, 0.7619759440422058, 0.7429881691932678, 0.7281911373138428, 0.7260441184043884, 0.7158136367797852, 0.6971909403800964, 0.7015795707702637, 0.6879162788391113, 0.6743159294128418, 0.6756315231323242, 0.6544175148010254, 0.6413945555686951, 0.6312491297721863, 0.6165605187416077, 0.6026937961578369, 0.5985318422317505, 0.5883286595344543, 0.5926345586776733, 0.5886310935020447, 0.5716591477394104, 0.5620772242546082, 0.5560437440872192, 0.5456085205078125], "landscape_losses": [2.3321733474731445, 1.948530912399292, 1.7204986810684204, 1.505979299545288, 1.3063006401062012, 1.1140674352645874, 0.9448918700218201, 0.8133368492126465, 0.6703909635543823, 0.5914531350135803, 0.5479789972305298], "proxy_train_time": 9.908507252112031, "proxy_train_epochs": 50, "dirty_bit": 1, "landscape_term": 11.145501038621003, "speed_term": 10.613793959947124, "mote": 9.224405921592359}