{"id": 9084, "adj_matrix": [[0, 1, 1, 1], [0, 0, 1, 1], [0, 0, 0, 1], [0, 0, 0, 0]], "operations": ["avg_pool_3x3", "skip_connect", "avg_pool_3x3", "nor_conv_1x1", "skip_connect", "nor_conv_1x1"], "init_channel": 16, "blck_len": 5, "params": 0.136456, "flops": 3.91948, "latency": 0.016016221046447753, "train_per_time": 50.45783107153571, "train_time_200": 10091.566214307142, "train_accuracy_200": 0.3639353988260207, "test_accuracy_200": 0.33833333340962723, "train_time_12": 605.493972858429, "train_accuracy_12": 0.22470006592661906, "test_accuracy_12": 0.21899999938964843, "valtest_accuracy_200": 0.62835, "valtest_accuracy_12": 0.4052, "proxy_losses": [2.770875930786133, 2.3619556427001953, 2.165414571762085, 2.036165475845337, 1.9413622617721558, 1.8731814622879028, 1.814811110496521, 1.7702144384384155, 1.7305289506912231, 1.6972601413726807, 1.6645339727401733, 1.6357651948928833, 1.609392762184143, 1.5859439373016357, 1.566873550415039, 1.5464445352554321, 1.5284502506256104, 1.5143171548843384, 1.4960395097732544, 1.4831308126449585, 1.4699615240097046, 1.45502769947052, 1.4436861276626587, 1.4312758445739746, 1.4195797443389893, 1.4083549976348877, 1.3986656665802002, 1.3880585432052612, 1.3758212327957153, 1.3685373067855835, 1.3558961153030396, 1.345454454421997, 1.337327003479004, 1.3270180225372314, 1.3146963119506836, 1.3060426712036133, 1.2988296747207642, 1.289668321609497, 1.2807466983795166, 1.272108554840088, 1.2640464305877686, 1.2549408674240112, 1.2475863695144653, 1.238656997680664, 1.229947566986084, 1.2265745401382446, 1.2184957265853882, 1.2093682289123535, 1.2017267942428589, 1.1961933374404907], "landscape_losses": [2.822518825531006, 2.461639404296875, 2.215395927429199, 2.0032873153686523, 1.818650245666504, 1.651901125907898, 1.5037446022033691, 1.3860477209091187, 1.2944457530975342, 1.2271673679351807, 1.1937718391418457], "proxy_train_time": 6.247626696713269, "proxy_train_epochs": 50, "dirty_bit": 1, "landscape_term": 6.677893977487884, "speed_term": 4.144805036398999, "mote": 5.1402440905544955}