{"id": 9114, "adj_matrix": [[0, 1, 1, 1], [0, 0, 1, 1], [0, 0, 0, 1], [0, 0, 0, 0]], "operations": ["nor_conv_3x3", "skip_connect", "avg_pool_3x3", "nor_conv_3x3", "avg_pool_3x3", "avg_pool_3x3"], "init_channel": 16, "blck_len": 5, "params": 0.566536, "flops": 19.64812, "latency": 0.012253904342651367, "train_per_time": 62.743946281909786, "train_time_200": 12548.789256381957, "train_accuracy_200": 0.4064073829882225, "test_accuracy_200": 0.36749999964396163, "train_time_12": 752.9273553829195, "train_accuracy_12": 0.22560975610862535, "test_accuracy_12": 0.23466666610717773, "valtest_accuracy_200": 0.6461500000000001, "valtest_accuracy_12": 0.3907, "proxy_losses": [2.621029853820801, 1.8908908367156982, 1.6924617290496826, 1.5837016105651855, 1.5140029191970825, 1.4604597091674805, 1.4143882989883423, 1.3818421363830566, 1.3475470542907715, 1.3190213441848755, 1.2906005382537842, 1.2695807218551636, 1.2413462400436401, 1.2211451530456543, 1.203839898109436, 1.1797946691513062, 1.1679726839065552, 1.1508842706680298, 1.137511968612671, 1.1227147579193115, 1.107777714729309, 1.0950192213058472, 1.083740472793579, 1.0673257112503052, 1.052430272102356, 1.0366156101226807, 1.0285340547561646, 1.0242388248443604, 1.0180720090866089, 1.0092626810073853, 0.9897191524505615, 0.9804976582527161, 0.9670209884643555, 0.966688871383667, 0.9564484357833862, 0.9465645551681519, 0.93746018409729, 0.9239842891693115, 0.9177691340446472, 0.907652735710144, 0.9066295623779297, 0.9029930830001831, 0.8975256681442261, 0.8818058371543884, 0.878520131111145, 0.8734745383262634, 0.8696609139442444, 0.8749345541000366, 0.8544931411743164, 0.8414751887321472], "landscape_losses": [2.759272575378418, 2.181018590927124, 1.8800296783447266, 1.6411832571029663, 1.4610819816589355, 1.3115233182907104, 1.1858652830123901, 1.0733791589736938, 0.9839861392974854, 0.884666383266449, 0.8350276350975037], "proxy_train_time": 7.153812483884394, "proxy_train_epochs": 50, "dirty_bit": 1, "landscape_term": 8.528147733635114, "speed_term": 6.27427555347651, "mote": 6.808955015385844}