{"id": 9135, "adj_matrix": [[0, 1, 1, 1], [0, 0, 1, 1], [0, 0, 0, 1], [0, 0, 0, 0]], "operations": ["nor_conv_1x1", "skip_connect", "skip_connect", "zeros", "zeros", "nor_conv_1x1"], "init_channel": 16, "blck_len": 5, "params": 0.136456, "flops": 3.91948, "latency": 0.01354367733001709, "train_per_time": 40.87820046806336, "train_time_200": 8175.640093612673, "train_accuracy_200": 0.3498384970270809, "test_accuracy_200": 0.3223333330790201, "train_time_12": 490.5384056167604, "train_accuracy_12": 0.190843770607915, "test_accuracy_12": 0.20233333251953123, "valtest_accuracy_200": 0.62035, "valtest_accuracy_12": 0.34049999999999997, "proxy_losses": [2.282836437225342, 2.102769613265991, 1.9967918395996094, 1.9233731031417847, 1.868226170539856, 1.821243405342102, 1.7813928127288818, 1.7472314834594727, 1.7165982723236084, 1.6879937648773193, 1.6605710983276367, 1.6369620561599731, 1.6144049167633057, 1.59006929397583, 1.5689457654953003, 1.5480543375015259, 1.5290392637252808, 1.5092644691467285, 1.4931130409240723, 1.4755650758743286, 1.4592952728271484, 1.44285249710083, 1.4280294179916382, 1.4121037721633911, 1.399351716041565, 1.3887971639633179, 1.3722189664840698, 1.359903335571289, 1.3491898775100708, 1.3367546796798706, 1.3245766162872314, 1.3099260330200195, 1.3035070896148682, 1.2900980710983276, 1.2819467782974243, 1.269403100013733, 1.2561160326004028, 1.2453007698059082, 1.2378469705581665, 1.2285232543945312, 1.2141362428665161, 1.2065242528915405, 1.197457194328308, 1.187960147857666, 1.1749974489212036, 1.168000340461731, 1.160085916519165, 1.1520140171051025, 1.1458594799041748, 1.1353801488876343], "landscape_losses": [2.3398263454437256, 2.184525489807129, 2.0420310497283936, 1.89864182472229, 1.7528712749481201, 1.602346658706665, 1.4682350158691406, 1.3416692018508911, 1.2412018775939941, 1.1733882427215576, 1.1327629089355469], "proxy_train_time": 6.622416921891272, "proxy_train_epochs": 50, "dirty_bit": 1, "landscape_term": 7.06325639160562, "speed_term": 4.536361676095854, "mote": 5.486523990125604}