{"id": 9302, "adj_matrix": [[0, 1, 1, 1], [0, 0, 1, 1], [0, 0, 0, 1], [0, 0, 0, 0]], "operations": ["nor_conv_3x3", "avg_pool_3x3", "avg_pool_3x3", "skip_connect", "nor_conv_3x3", "nor_conv_1x1"], "init_channel": 16, "blck_len": 5, "params": 0.594536, "flops": 20.63116, "latency": 0.016184687614440918, "train_per_time": 70.11239582045887, "train_time_200": 14022.479164091776, "train_accuracy_200": 0.5976862228096828, "test_accuracy_200": 0.4386666660563151, "train_time_12": 841.3487498455046, "train_accuracy_12": 0.3552933421376982, "test_accuracy_12": 0.33066666575113934, "valtest_accuracy_200": 0.7094999999999999, "valtest_accuracy_12": 0.5753, "proxy_losses": [2.277528762817383, 1.809648871421814, 1.6217395067214966, 1.517940878868103, 1.4501137733459473, 1.3963853120803833, 1.3499510288238525, 1.3059875965118408, 1.2684288024902344, 1.2294554710388184, 1.1964391469955444, 1.1617374420166016, 1.131939172744751, 1.1001867055892944, 1.070359706878662, 1.045409917831421, 1.0164920091629028, 0.9968621134757996, 0.9791128635406494, 0.9519649147987366, 0.9378036260604858, 0.9113605618476868, 0.8991767764091492, 0.8868871331214905, 0.8667351603507996, 0.8438695073127747, 0.8374912142753601, 0.818152666091919, 0.8067848682403564, 0.797500729560852, 0.7842719554901123, 0.7788876295089722, 0.762509822845459, 0.7551143765449524, 0.7440473437309265, 0.7324697971343994, 0.7224815487861633, 0.7171332836151123, 0.7074064612388611, 0.6999958753585815, 0.6875357031822205, 0.6814447045326233, 0.6775087118148804, 0.6656824946403503, 0.6547611355781555, 0.6445430517196655, 0.6510151624679565, 0.6364613175392151, 0.6379505395889282, 0.6215008497238159], "landscape_losses": [2.3817172050476074, 1.9907077550888062, 1.7353827953338623, 1.5193206071853638, 1.329473614692688, 1.141899824142456, 0.9976300001144409, 0.8472527265548706, 0.7384348511695862, 0.6593675017356873, 0.6159220933914185], "proxy_train_time": 8.380436795763671, "proxy_train_epochs": 50, "dirty_bit": 1, "landscape_term": 10.46160414986636, "speed_term": 8.649225667154994, "mote": 8.481475690119542}