{"id": 9480, "adj_matrix": [[0, 1, 1, 1], [0, 0, 1, 1], [0, 0, 0, 1], [0, 0, 0, 0]], "operations": ["nor_conv_3x3", "zeros", "zeros", "skip_connect", "avg_pool_3x3", "nor_conv_1x1"], "init_channel": 16, "blck_len": 5, "params": 0.351496, "flops": 11.7838, "latency": 0.012021756172180176, "train_per_time": 48.74463336356472, "train_time_200": 9748.926672712945, "train_accuracy_200": 0.4015820698812908, "test_accuracy_200": 0.357833333791097, "train_time_12": 584.9356003627777, "train_accuracy_12": 0.26956493079399857, "test_accuracy_12": 0.25666666666666665, "valtest_accuracy_200": 0.6597, "valtest_accuracy_12": 0.5168, "proxy_losses": [2.5334560871124268, 2.0573697090148926, 1.9076995849609375, 1.8182246685028076, 1.747370719909668, 1.6912894248962402, 1.642635703086853, 1.5995087623596191, 1.5619758367538452, 1.5290545225143433, 1.4988220930099487, 1.471005916595459, 1.4416112899780273, 1.4106532335281372, 1.3853195905685425, 1.3595054149627686, 1.3346474170684814, 1.3211456537246704, 1.2944971323013306, 1.2708039283752441, 1.2518160343170166, 1.2307332754135132, 1.2093156576156616, 1.1921913623809814, 1.1799029111862183, 1.1609845161437988, 1.1427745819091797, 1.1228282451629639, 1.112205982208252, 1.0976030826568604, 1.0821036100387573, 1.0661661624908447, 1.0615166425704956, 1.0458149909973145, 1.0364091396331787, 1.0340431928634644, 1.0227265357971191, 1.0063459873199463, 0.9948854446411133, 0.9898678660392761, 0.9737806916236877, 0.9651931524276733, 0.9643807411193848, 0.9569857716560364, 0.9522477388381958, 0.9437867403030396, 0.9457385540008545, 0.9354368448257446, 0.9179086685180664, 0.9128705263137817], "landscape_losses": [2.6754677295684814, 2.2811427116394043, 2.0346760749816895, 1.81819486618042, 1.626014232635498, 1.4466499090194702, 1.2849185466766357, 1.149724006652832, 1.0251240730285645, 0.9488890767097473, 0.9124468564987183], "proxy_train_time": 7.4798783380538225, "proxy_train_epochs": 50, "dirty_bit": 1, "landscape_term": 7.933214275120709, "speed_term": 5.90033864385356, "mote": 6.342115453390324}