{"id": 952, "adj_matrix": [[0, 1, 1, 1], [0, 0, 1, 1], [0, 0, 0, 1], [0, 0, 0, 0]], "operations": ["nor_conv_1x1", "avg_pool_3x3", "zeros", "zeros", "avg_pool_3x3", "nor_conv_1x1"], "init_channel": 16, "blck_len": 5, "params": 0.136456, "flops": 3.91948, "latency": 0.012291932106018066, "train_per_time": 53.778662899652936, "train_time_200": 10755.732579930587, "train_accuracy_200": 0.26255328500639125, "test_accuracy_200": 0.2412222219000922, "train_time_12": 645.3439547958374, "train_accuracy_12": 0.14291364535593876, "test_accuracy_12": 0.13999999954223633, "valtest_accuracy_200": 0.5747333333333333, "valtest_accuracy_12": 0.30879999999999996, "proxy_losses": [2.2548232078552246, 2.044482946395874, 1.9276765584945679, 1.8496599197387695, 1.7938402891159058, 1.749686360359192, 1.7135379314422607, 1.6825058460235596, 1.6537379026412964, 1.6273049116134644, 1.6037349700927734, 1.5813417434692383, 1.5596991777420044, 1.539775013923645, 1.5216270685195923, 1.5017919540405273, 1.4838052988052368, 1.4678564071655273, 1.4533060789108276, 1.4392176866531372, 1.4209873676300049, 1.4104640483856201, 1.4000195264816284, 1.384660005569458, 1.3714755773544312, 1.3578698635101318, 1.3459417819976807, 1.3330236673355103, 1.3229972124099731, 1.305885910987854, 1.295290231704712, 1.2818986177444458, 1.2752076387405396, 1.2690767049789429, 1.2511259317398071, 1.241723656654358, 1.229330062866211, 1.2191691398620605, 1.2058392763137817, 1.1985589265823364, 1.188614845275879, 1.1813358068466187, 1.1756665706634521, 1.1711190938949585, 1.1659862995147705, 1.149644374847412, 1.140760064125061, 1.1303818225860596, 1.124751329421997, 1.118896484375], "landscape_losses": [2.3160815238952637, 2.135657548904419, 1.9902937412261963, 1.847676157951355, 1.711050033569336, 1.601476788520813, 1.483525276184082, 1.3747457265853882, 1.2611385583877563, 1.1699843406677246, 1.1145107746124268], "proxy_train_time": 7.40016395971179, "proxy_train_epochs": 50, "dirty_bit": 1, "landscape_term": 7.098901058270463, "speed_term": 5.2028011513287185, "mote": 5.6439195706349246}