{"id": 9582, "adj_matrix": [[0, 1, 1, 1], [0, 0, 1, 1], [0, 0, 0, 1], [0, 0, 0, 0]], "operations": ["nor_conv_3x3", "nor_conv_3x3", "zeros", "avg_pool_3x3", "zeros", "nor_conv_1x1"], "init_channel": 16, "blck_len": 5, "params": 0.594536, "flops": 20.63116, "latency": 0.015497159957885743, "train_per_time": 62.994275938908544, "train_time_200": 12598.855187781708, "train_accuracy_200": 0.47866842452560354, "test_accuracy_200": 0.3888333330281576, "train_time_12": 755.9313112668989, "train_accuracy_12": 0.27738299275337275, "test_accuracy_12": 0.2609999997965495, "valtest_accuracy_200": 0.6746500000000001, "valtest_accuracy_12": 0.4939, "proxy_losses": [2.4172465801239014, 2.0359060764312744, 1.887175440788269, 1.7930947542190552, 1.7274240255355835, 1.6692103147506714, 1.6190959215164185, 1.574919581413269, 1.535107970237732, 1.4985729455947876, 1.4651356935501099, 1.4363685846328735, 1.4049512147903442, 1.378520131111145, 1.3563061952590942, 1.3276323080062866, 1.3025208711624146, 1.2784204483032227, 1.2528228759765625, 1.2327264547348022, 1.2131625413894653, 1.1945258378982544, 1.1759960651397705, 1.151185154914856, 1.134502649307251, 1.1178719997406006, 1.1012494564056396, 1.084906816482544, 1.0720479488372803, 1.0579123497009277, 1.0372587442398071, 1.028734803199768, 1.014615774154663, 0.9986053705215454, 0.9925079345703125, 0.9797078967094421, 0.9710155129432678, 0.9594005942344666, 0.9475253224372864, 0.9341132640838623, 0.9260468482971191, 0.9185256958007812, 0.9039751887321472, 0.897645890712738, 0.8817490339279175, 0.8801494240760803, 0.8656296730041504, 0.8594415783882141, 0.8444795608520508, 0.8364274501800537], "landscape_losses": [2.5160298347473145, 2.177398681640625, 1.9333163499832153, 1.7271109819412231, 1.5282306671142578, 1.3524034023284912, 1.2011386156082153, 1.0625375509262085, 0.953985333442688, 0.869577944278717, 0.8283261656761169], "proxy_train_time": 8.681535633280873, "proxy_train_epochs": 50, "dirty_bit": 1, "landscape_term": 8.52589632977624, "speed_term": 7.095763741470919, "mote": 6.952674818363034}