{"id": 9676, "adj_matrix": [[0, 1, 1, 1], [0, 0, 1, 1], [0, 0, 0, 1], [0, 0, 0, 0]], "operations": ["avg_pool_3x3", "zeros", "nor_conv_1x1", "zeros", "nor_conv_1x1", "skip_connect"], "init_channel": 16, "blck_len": 5, "params": 0.136456, "flops": 3.91948, "latency": 0.01348285675048828, "train_per_time": 46.99274338555353, "train_time_200": 9398.548677110706, "train_accuracy_200": 0.17899143046301766, "test_accuracy_200": 0.17099999946594238, "train_time_12": 563.9129206266404, "train_accuracy_12": 0.10705339486154193, "test_accuracy_12": 0.11799999972025553, "valtest_accuracy_200": 0.5045999999999999, "valtest_accuracy_12": 0.2451, "proxy_losses": [2.4500317573547363, 2.1612913608551025, 2.0291645526885986, 1.9500845670700073, 1.890682578086853, 1.8410454988479614, 1.7981834411621094, 1.7619097232818604, 1.7294560670852661, 1.6975884437561035, 1.669459581375122, 1.6433420181274414, 1.6217396259307861, 1.598642110824585, 1.5779420137405396, 1.560135841369629, 1.5389844179153442, 1.5198109149932861, 1.5013545751571655, 1.4820057153701782, 1.4643338918685913, 1.4520461559295654, 1.4319119453430176, 1.413939118385315, 1.3995120525360107, 1.3872727155685425, 1.366896629333496, 1.353663682937622, 1.3420604467391968, 1.324531078338623, 1.3103276491165161, 1.2959266901016235, 1.2834712266921997, 1.273956537246704, 1.2715998888015747, 1.2570908069610596, 1.247414469718933, 1.235390543937683, 1.2255889177322388, 1.2147972583770752, 1.2106316089630127, 1.2068389654159546, 1.1956298351287842, 1.182976245880127, 1.1789650917053223, 1.168370246887207, 1.1627660989761353, 1.157058835029602, 1.1458747386932373, 1.136572241783142], "landscape_losses": [2.523585319519043, 2.274554967880249, 2.094552755355835, 1.9222562313079834, 1.763311743736267, 1.6121878623962402, 1.4781429767608643, 1.3581362962722778, 1.2569748163223267, 1.1741269826889038, 1.1395949125289917], "proxy_train_time": 6.647870686836541, "proxy_train_epochs": 50, "dirty_bit": 1, "landscape_term": 6.958538747018497, "speed_term": 4.533446650452396, "mote": 5.414222423844428}