{"id": 969, "adj_matrix": [[0, 1, 1, 1], [0, 0, 1, 1], [0, 0, 0, 1], [0, 0, 0, 0]], "operations": ["nor_conv_3x3", "zeros", "zeros", "avg_pool_3x3", "avg_pool_3x3", "skip_connect"], "init_channel": 16, "blck_len": 5, "params": 0.323496, "flops": 10.800760000000002, "latency": 0.012015215555826823, "train_per_time": 44.40844739460952, "train_time_200": 8881.689478921904, "train_accuracy_200": 0.332395078019419, "test_accuracy_200": 0.2971111104329427, "train_time_12": 532.9013687353133, "train_accuracy_12": 0.20866183256879794, "test_accuracy_12": 0.21366666620890298, "valtest_accuracy_200": 0.6235333333333333, "valtest_accuracy_12": 0.39890000000000003, "proxy_losses": [2.2859342098236084, 1.9368224143981934, 1.8235976696014404, 1.7509056329727173, 1.6957226991653442, 1.6506412029266357, 1.6125128269195557, 1.5783199071884155, 1.544802188873291, 1.5162118673324585, 1.488691806793213, 1.462155818939209, 1.4339908361434937, 1.4122333526611328, 1.390465259552002, 1.3679677248001099, 1.3450168371200562, 1.3223021030426025, 1.2992347478866577, 1.2810553312301636, 1.262587070465088, 1.243268609046936, 1.223663330078125, 1.2061176300048828, 1.1887342929840088, 1.1734539270401, 1.163023591041565, 1.1418265104293823, 1.1235530376434326, 1.1064941883087158, 1.094627022743225, 1.0803810358047485, 1.0714398622512817, 1.058685302734375, 1.0483059883117676, 1.0400689840316772, 1.0166327953338623, 1.0083775520324707, 0.9949281215667725, 0.9810482263565063, 0.9714989066123962, 0.9500458240509033, 0.9426897168159485, 0.9336599707603455, 0.9250959157943726, 0.9322171807289124, 0.9297177791595459, 0.9221979379653931, 0.9196732640266418, 0.9083447456359863], "landscape_losses": [2.390688180923462, 2.107534885406494, 1.9313169717788696, 1.7772257328033447, 1.629724383354187, 1.479270339012146, 1.3194315433502197, 1.1728839874267578, 1.0459649562835693, 0.9457647204399109, 0.8887714743614197], "proxy_train_time": 6.32334172539413, "proxy_train_epochs": 50, "dirty_bit": 1, "landscape_term": 8.011893771047946, "speed_term": 5.03764080621287, "mote": 6.230299090097699}