{"id": 9691, "adj_matrix": [[0, 1, 1, 1], [0, 0, 1, 1], [0, 0, 0, 1], [0, 0, 0, 0]], "operations": ["nor_conv_1x1", "nor_conv_3x3", "nor_conv_1x1", "skip_connect", "avg_pool_3x3", "avg_pool_3x3"], "init_channel": 16, "blck_len": 5, "params": 0.379496, "flops": 12.76684, "latency": 0.013102245330810548, "train_per_time": 63.08708689633987, "train_time_200": 12617.417379267974, "train_accuracy_200": 0.47207976271466506, "test_accuracy_200": 0.3984999987792969, "train_time_12": 757.0450427560804, "train_accuracy_12": 0.29706657877389586, "test_accuracy_12": 0.2933333325703939, "valtest_accuracy_200": 0.6791499999999999, "valtest_accuracy_12": 0.49689999999999995, "proxy_losses": [2.671154022216797, 2.0326757431030273, 1.8311716318130493, 1.7241066694259644, 1.6492555141448975, 1.5945522785186768, 1.5465162992477417, 1.5024982690811157, 1.4629647731781006, 1.4255503416061401, 1.3938363790512085, 1.3629255294799805, 1.3334459066390991, 1.3052518367767334, 1.2842068672180176, 1.2610076665878296, 1.2426923513412476, 1.2217096090316772, 1.2078157663345337, 1.1894736289978027, 1.1745457649230957, 1.158827304840088, 1.143872857093811, 1.1323058605194092, 1.1187400817871094, 1.105767011642456, 1.0914479494094849, 1.0812480449676514, 1.0704485177993774, 1.0547009706497192, 1.041864037513733, 1.028351902961731, 1.0236589908599854, 1.0174530744552612, 1.006983757019043, 0.9955514669418335, 0.985314130783081, 0.9710257053375244, 0.963111400604248, 0.9527167677879333, 0.9420017600059509, 0.9326465725898743, 0.9263656139373779, 0.9164875149726868, 0.9113296866416931, 0.9046540856361389, 0.9037259817123413, 0.9028171896934509, 0.8867887854576111, 0.8772407174110413], "landscape_losses": [2.7697532176971436, 2.2614247798919678, 1.9856343269348145, 1.7508898973464966, 1.5545554161071777, 1.3862934112548828, 1.2338693141937256, 1.107479453086853, 0.9970793724060059, 0.9110730290412903, 0.8715100288391113], "proxy_train_time": 8.782389315776527, "proxy_train_epochs": 50, "dirty_bit": 1, "landscape_term": 8.20399603675365, "speed_term": 7.262397832395835, "mote": 6.766292968012976}