{"id": 9733, "adj_matrix": [[0, 1, 1, 1], [0, 0, 1, 1], [0, 0, 0, 1], [0, 0, 0, 0]], "operations": ["avg_pool_3x3", "avg_pool_3x3", "avg_pool_3x3", "skip_connect", "nor_conv_1x1", "zeros"], "init_channel": 16, "blck_len": 5, "params": 0.108456, "flops": 2.93644, "latency": 0.012877941131591797, "train_per_time": 47.84681264273318, "train_time_200": 9569.362528546635, "train_accuracy_200": 0.33137112723735895, "test_accuracy_200": 0.3139999996693929, "train_time_12": 574.1617517127991, "train_accuracy_12": 0.23336849043964947, "test_accuracy_12": 0.2373333327229818, "valtest_accuracy_200": 0.61965, "valtest_accuracy_12": 0.4693, "proxy_losses": [2.6545469760894775, 2.336745023727417, 2.1808154582977295, 2.076770067214966, 2.0001513957977295, 1.9357855319976807, 1.8844045400619507, 1.8445638418197632, 1.8083281517028809, 1.7784918546676636, 1.7486975193023682, 1.7211495637893677, 1.69356369972229, 1.6675282716751099, 1.6449460983276367, 1.6250418424606323, 1.6079076528549194, 1.5910388231277466, 1.5755642652511597, 1.5605876445770264, 1.5470728874206543, 1.5342376232147217, 1.520234227180481, 1.5083134174346924, 1.496744990348816, 1.4859611988067627, 1.4751031398773193, 1.4642471075057983, 1.4546301364898682, 1.4444997310638428, 1.4327465295791626, 1.4214634895324707, 1.4142097234725952, 1.4072301387786865, 1.3946080207824707, 1.3861557245254517, 1.373180866241455, 1.362065076828003, 1.352853536605835, 1.3435755968093872, 1.3372868299484253, 1.326616883277893, 1.320145606994629, 1.3051252365112305, 1.296776533126831, 1.2914866209030151, 1.2814732789993286, 1.2715120315551758, 1.261776328086853, 1.2589032649993896], "landscape_losses": [2.7095632553100586, 2.423987865447998, 2.2353193759918213, 2.0577540397644043, 1.9010523557662964, 1.7470002174377441, 1.6114263534545898, 1.491207480430603, 1.384905219078064, 1.3061069250106812, 1.2531421184539795], "proxy_train_time": 5.830333200283349, "proxy_train_epochs": 50, "dirty_bit": 1, "landscape_term": 6.390235782149819, "speed_term": 3.7038276612890186, "mote": 4.845728541898941}