{"id": 9825, "adj_matrix": [[0, 1, 1, 1], [0, 0, 1, 1], [0, 0, 0, 1], [0, 0, 0, 0]], "operations": ["avg_pool_3x3", "avg_pool_3x3", "skip_connect", "nor_conv_1x1", "zeros", "avg_pool_3x3"], "init_channel": 16, "blck_len": 5, "params": 0.108456, "flops": 2.93644, "latency": 0.011593818664550781, "train_per_time": 44.113192619164714, "train_time_200": 8822.638523832942, "train_accuracy_200": 0.26649307845611675, "test_accuracy_200": 0.26233333279927573, "train_time_12": 529.3583114299776, "train_accuracy_12": 0.16670402109124743, "test_accuracy_12": 0.16199999918619792, "valtest_accuracy_200": 0.5052, "valtest_accuracy_12": 0.3013, "proxy_losses": [3.083487033843994, 2.4114437103271484, 2.1130011081695557, 1.981810212135315, 1.8950198888778687, 1.8545551300048828, 1.8155839443206787, 1.790801763534546, 1.7672560214996338, 1.7453588247299194, 1.7271937131881714, 1.709706425666809, 1.6939826011657715, 1.6788947582244873, 1.6654318571090698, 1.6536191701889038, 1.6410144567489624, 1.6297742128372192, 1.6206222772598267, 1.607206106185913, 1.5960800647735596, 1.585984230041504, 1.5768637657165527, 1.565985918045044, 1.5570435523986816, 1.5468703508377075, 1.5389162302017212, 1.5321602821350098, 1.5238783359527588, 1.5126852989196777, 1.5067603588104248, 1.498626947402954, 1.4909751415252686, 1.4844590425491333, 1.476205587387085, 1.468956470489502, 1.463968276977539, 1.4549269676208496, 1.4487905502319336, 1.4430384635925293, 1.4353396892547607, 1.4290016889572144, 1.4205056428909302, 1.4190646409988403, 1.4136435985565186, 1.4094336032867432, 1.4056811332702637, 1.396238088607788, 1.3927421569824219, 1.3875877857208252], "landscape_losses": [3.161414861679077, 2.6275832653045654, 2.339139938354492, 2.118648052215576, 1.9289003610610962, 1.7968257665634155, 1.6548652648925781, 1.5449934005737305, 1.460440993309021, 1.4088859558105469, 1.383118748664856], "proxy_train_time": 5.731349855661392, "proxy_train_epochs": 50, "dirty_bit": 1, "landscape_term": 6.040405497224657, "speed_term": 3.517539032463232, "mote": 4.560426963338487}