{"id": 9860, "adj_matrix": [[0, 1, 1, 1], [0, 0, 1, 1], [0, 0, 0, 1], [0, 0, 0, 0]], "operations": ["avg_pool_3x3", "zeros", "nor_conv_1x1", "avg_pool_3x3", "avg_pool_3x3", "zeros"], "init_channel": 16, "blck_len": 5, "params": 0.108456, "flops": 2.93644, "latency": 0.010993719100952148, "train_per_time": 45.138804876645565, "train_time_200": 9027.760975329113, "train_accuracy_200": 0.1423533289427182, "test_accuracy_200": 0.1353333330154419, "train_time_12": 541.6656585197449, "train_accuracy_12": 0.10210283454889992, "test_accuracy_12": 0.09899999974568685, "valtest_accuracy_200": 0.41519999999999996, "valtest_accuracy_12": 0.2145, "proxy_losses": [3.750392198562622, 3.0811336040496826, 2.71627140045166, 2.48095440864563, 2.2939915657043457, 2.1618847846984863, 2.0715293884277344, 2.0002601146698, 1.9409468173980713, 1.8946197032928467, 1.8589586019515991, 1.831978678703308, 1.8148390054702759, 1.7975398302078247, 1.7826015949249268, 1.7720063924789429, 1.762333631515503, 1.753894329071045, 1.7462890148162842, 1.7401201725006104, 1.7334775924682617, 1.7271296977996826, 1.7219789028167725, 1.7166115045547485, 1.7108044624328613, 1.703843116760254, 1.699509620666504, 1.6916638612747192, 1.687911868095398, 1.6841031312942505, 1.6774024963378906, 1.672743558883667, 1.667670488357544, 1.6634622812271118, 1.6565238237380981, 1.6531544923782349, 1.6500835418701172, 1.6470528841018677, 1.6417120695114136, 1.6396335363388062, 1.634743571281433, 1.6326044797897339, 1.6295902729034424, 1.6267167329788208, 1.6218916177749634, 1.6200312376022339, 1.6157265901565552, 1.612789511680603, 1.6105338335037231, 1.6078976392745972], "landscape_losses": [3.829019546508789, 3.275283098220825, 2.9348132610321045, 2.6228702068328857, 2.353806495666504, 2.110602378845215, 1.9122732877731323, 1.7734607458114624, 1.6794945001602173, 1.6261857748031616, 1.6085690259933472], "proxy_train_time": 6.5435537518933415, "proxy_train_epochs": 50, "dirty_bit": 1, "landscape_term": 5.105952393022414, "speed_term": 3.551972691052631, "mote": 3.907325673103137}