{"id": 9881, "adj_matrix": [[0, 1, 1, 1], [0, 0, 1, 1], [0, 0, 0, 1], [0, 0, 0, 0]], "operations": ["nor_conv_3x3", "avg_pool_3x3", "skip_connect", "zeros", "nor_conv_1x1", "avg_pool_3x3"], "init_channel": 16, "blck_len": 5, "params": 0.351496, "flops": 11.7838, "latency": 0.012213754653930663, "train_per_time": 53.19862558054942, "train_time_200": 10639.725116109883, "train_accuracy_200": 0.4362887277526453, "test_accuracy_200": 0.359999999923706, "train_time_12": 638.3835069665907, "train_accuracy_12": 0.23278180619543448, "test_accuracy_12": 0.22133333292643229, "valtest_accuracy_200": 0.6408, "valtest_accuracy_12": 0.4165, "proxy_losses": [2.3021328449249268, 1.9185175895690918, 1.7545961141586304, 1.649035930633545, 1.5817241668701172, 1.5284494161605835, 1.4801212549209595, 1.4394034147262573, 1.401424527168274, 1.3656357526779175, 1.332679033279419, 1.3021700382232666, 1.275007963180542, 1.2436120510101318, 1.2147718667984009, 1.1908929347991943, 1.1653895378112793, 1.1412367820739746, 1.1216799020767212, 1.1036720275878906, 1.0834906101226807, 1.0613346099853516, 1.0562212467193604, 1.0357011556625366, 1.0225101709365845, 1.005130410194397, 0.9938535094261169, 0.9814445376396179, 0.9659581780433655, 0.9528591632843018, 0.9453089833259583, 0.9341526627540588, 0.9267549514770508, 0.9123601317405701, 0.8992234468460083, 0.8818039298057556, 0.8789033889770508, 0.8735790848731995, 0.8608471751213074, 0.8466867208480835, 0.8387041091918945, 0.8330894708633423, 0.8254406452178955, 0.8170433044433594, 0.7968966364860535, 0.7954723834991455, 0.7988110184669495, 0.7890441417694092, 0.7829993963241577, 0.7743663191795349], "landscape_losses": [2.4279844760894775, 2.087002754211426, 1.8535645008087158, 1.6609452962875366, 1.4626067876815796, 1.3022189140319824, 1.1648887395858765, 1.027984619140625, 0.9316692352294922, 0.8318715691566467, 0.7766600847244263], "proxy_train_time": 7.293898611329496, "proxy_train_epochs": 50, "dirty_bit": 1, "landscape_term": 8.878462724257375, "speed_term": 6.549584842897788, "mote": 7.091114754615171}