{"id": 9910, "adj_matrix": [[0, 1, 1, 1], [0, 0, 1, 1], [0, 0, 0, 1], [0, 0, 0, 0]], "operations": ["nor_conv_3x3", "avg_pool_3x3", "nor_conv_3x3", "nor_conv_1x1", "avg_pool_3x3", "zeros"], "init_channel": 16, "blck_len": 5, "params": 0.594536, "flops": 20.63116, "latency": 0.015617585182189942, "train_per_time": 70.06952613504704, "train_time_200": 14013.905227009409, "train_accuracy_200": 0.4356130520890399, "test_accuracy_200": 0.395833332417806, "train_time_12": 840.8343136205671, "train_accuracy_12": 0.2392485168074807, "test_accuracy_12": 0.23966666575113935, "valtest_accuracy_200": 0.6705500000000001, "valtest_accuracy_12": 0.4457, "proxy_losses": [2.3304171562194824, 1.9518629312515259, 1.844071865081787, 1.7784696817398071, 1.7268146276474, 1.6882175207138062, 1.6494554281234741, 1.615098476409912, 1.5800222158432007, 1.5466465950012207, 1.5154060125350952, 1.4822378158569336, 1.453237533569336, 1.423349380493164, 1.398423194885254, 1.368064045906067, 1.3425971269607544, 1.3153584003448486, 1.2950963973999023, 1.2778326272964478, 1.2518072128295898, 1.234860897064209, 1.2173713445663452, 1.1930989027023315, 1.1760365962982178, 1.156511902809143, 1.1360186338424683, 1.1192116737365723, 1.1081390380859375, 1.094640851020813, 1.088608980178833, 1.0705366134643555, 1.0593093633651733, 1.0420341491699219, 1.0300801992416382, 1.0223298072814941, 1.0089203119277954, 0.9967283010482788, 0.9851138591766357, 0.9733825922012329, 0.9659072160720825, 0.9557199478149414, 0.9507562518119812, 0.942838191986084, 0.9415403604507446, 0.9353163838386536, 0.9335389733314514, 0.9231494069099426, 0.9090965986251831, 0.9071118235588074], "landscape_losses": [2.4478759765625, 2.106703996658325, 1.9143925905227661, 1.737526774406433, 1.5664798021316528, 1.400408148765564, 1.2340892553329468, 1.1148834228515625, 1.0098607540130615, 0.9315564632415771, 0.8919212818145752], "proxy_train_time": 9.03981808014214, "proxy_train_epochs": 50, "dirty_bit": 1, "landscape_term": 8.225685578831039, "speed_term": 7.184449121770558, "mote": 6.7674463946323495}