{"id": 9976, "adj_matrix": [[0, 1, 1, 1], [0, 0, 1, 1], [0, 0, 0, 1], [0, 0, 0, 0]], "operations": ["avg_pool_3x3", "zeros", "zeros", "avg_pool_3x3", "zeros", "zeros"], "init_channel": 16, "blck_len": 5, "params": 0.080456, "flops": 1.9534, "latency": 0.009380388259887695, "train_per_time": 31.588815599520856, "train_time_200": 6317.763119904172, "train_accuracy_200": 0.16785761371328395, "test_accuracy_200": 0.15216666667938233, "train_time_12": 379.0657871942521, "train_accuracy_12": 0.1297033619055248, "test_accuracy_12": 0.12833333287556967, "valtest_accuracy_200": 0.4689, "valtest_accuracy_12": 0.2956, "proxy_losses": [2.378368854522705, 2.2856926918029785, 2.211430072784424, 2.1498115062713623, 2.100165605545044, 2.0598671436309814, 2.0256431102752686, 1.9951140880584717, 1.969559907913208, 1.948091745376587, 1.9280738830566406, 1.9097294807434082, 1.8928414583206177, 1.8791013956069946, 1.8668437004089355, 1.855149269104004, 1.8452340364456177, 1.834284782409668, 1.8252226114273071, 1.8170095682144165, 1.809600830078125, 1.8013637065887451, 1.7942074537277222, 1.7863837480545044, 1.7794575691223145, 1.7728219032287598, 1.767189860343933, 1.7607027292251587, 1.7559980154037476, 1.752266764640808, 1.7472673654556274, 1.743409514427185, 1.73844313621521, 1.7344930171966553, 1.7303013801574707, 1.7276681661605835, 1.7242710590362549, 1.7199921607971191, 1.7170169353485107, 1.7131543159484863, 1.710673451423645, 1.7070001363754272, 1.7046775817871094, 1.7016353607177734, 1.6984471082687378, 1.6945316791534424, 1.69111168384552, 1.6908650398254395, 1.6867609024047852, 1.6842670440673828], "landscape_losses": [2.397571563720703, 2.285295009613037, 2.1778149604797363, 2.070453643798828, 1.966604471206665, 1.8773250579833984, 1.8095414638519287, 1.7548253536224365, 1.7202091217041016, 1.6979604959487915, 1.6819126605987549], "proxy_train_time": 5.679902576841414, "proxy_train_epochs": 50, "dirty_bit": 1, "landscape_term": 5.725305380129352, "speed_term": 3.092846730456851, "mote": 4.2409710057930665}